Date,Open,High,Low,Close,Volume,Company
03-07-2006,250,251.6,243.6,248,3117189,Tata communication
04-07-2006,248.4,254.3,246.5,251.2,4109579,Tata communication
05-07-2006,251.9,261.8,250.1,261,4424927,Tata communication
06-07-2006,260.6,263.7,251.3,255.3,2754333,Tata communication
07-07-2006,257.5,260.4,239.6,242,2247667,Tata communication
10-07-2006,235.8,247.9,235.8,246.6,2229750,Tata communication
11-07-2006,247.1,250.7,241.4,244,2121963,Tata communication
12-07-2006,242,248.1,237.8,246.6,1960518,Tata communication
13-07-2006,248.2,248.5,240.2,243.5,1777929,Tata communication
14-07-2006,240.7,242.8,233,238.6,1335581,Tata communication
17-07-2006,237,238.2,226.5,227.6,1603345,Tata communication
18-07-2006,228.3,230.8,217.8,219.7,1483702,Tata communication
19-07-2006,221.9,225,209.3,213,1849603,Tata communication
20-07-2006,220.3,228.1,217.9,221.7,1986926,Tata communication
21-07-2006,219.6,220.2,213.1,217.5,1397720,Tata communication
24-07-2006,215.3,225.6,210.1,221.5,1864416,Tata communication
25-07-2006,223.4,227.8,221.5,225.6,1248825,Tata communication
26-07-2006,229.2,231.9,225.2,229.3,1238034,Tata communication
27-07-2006,233.2,233.3,221.8,227.2,1819047,Tata communication
28-07-2006,232,232.5,225.2,226.6,1106577,Tata communication
31-07-2006,229.6,235.1,217.8,219.9,1781597,Tata communication
01-08-2006,217.8,227.7,215.9,226.1,1933906,Tata communication
02-08-2006,224.3,229.6,224.1,227.2,1204948,Tata communication
03-08-2006,229.5,232,225.7,229.2,1538194,Tata communication
04-08-2006,231.4,236.6,229.6,231.6,2067806,Tata communication
07-08-2006,231.4,233.9,226.8,232.8,1333066,Tata communication
08-08-2006,232.7,234.5,229.3,230.8,1132155,Tata communication
09-08-2006,230.2,235.6,228.4,234.4,1378086,Tata communication
10-08-2006,234.4,242.6,233.4,240.2,2689556,Tata communication
11-08-2006,240,244.1,236.7,238.8,1865977,Tata communication
14-08-2006,240.1,243.1,238.3,242,1144888,Tata communication
16-08-2006,245,246.6,241.1,242.4,941989,Tata communication
17-08-2006,245.1,247.6,240.7,245,1505781,Tata communication
18-08-2006,246.6,252.9,243.3,249.9,1253239,Tata communication
21-08-2006,251.3,257.5,249.1,256.6,1485205,Tata communication
22-08-2006,256.6,259.3,249.5,252.6,900668,Tata communication
23-08-2006,253.1,258.1,251.3,257.1,1141058,Tata communication
24-08-2006,255.6,260.2,253.3,258.2,1880457,Tata communication
25-08-2006,260,261.2,256.7,257.8,1263653,Tata communication
28-08-2006,257.8,258.7,256.2,257.7,612952,Tata communication
29-08-2006,258.7,260.5,256.9,258.1,891780,Tata communication
30-08-2006,259.3,263.7,255.6,261.6,1000166,Tata communication
31-08-2006,263.7,265.2,258.1,259.1,1244940,Tata communication
01-09-2006,259,261.1,257.6,258.5,586370,Tata communication
04-09-2006,261.8,264.5,259.4,262.9,615389,Tata communication
05-09-2006,263.1,266.7,261.9,263.1,746608,Tata communication
06-09-2006,263.4,268,254.4,263.1,2026467,Tata communication
07-09-2006,261.3,263.3,258.2,261.3,950727,Tata communication
08-09-2006,261.2,265.2,260.1,262.7,962479,Tata communication
11-09-2006,262.4,262.8,240.2,244.6,1008891,Tata communication
12-09-2006,245.1,247.2,238.4,246,1590042,Tata communication
13-09-2006,248.1,252.8,248.1,250.1,931116,Tata communication
14-09-2006,253.8,255.9,250.3,252.6,1005368,Tata communication
15-09-2006,253.1,255.3,250.2,253.9,748958,Tata communication
18-09-2006,254.4,258.1,252,256.3,603875,Tata communication
19-09-2006,257.5,258.6,243.3,247.1,1093714,Tata communication
20-09-2006,242.3,253.1,240.5,251.3,563509,Tata communication
21-09-2006,255.6,260.5,252.6,253.4,666605,Tata communication
22-09-2006,253.8,254.9,248.2,249.6,427928,Tata communication
25-09-2006,248.2,252.3,245.1,249.4,661401,Tata communication
26-09-2006,249.4,251.5,246.7,249.3,420707,Tata communication
27-09-2006,251.7,254.4,245.3,246.8,446507,Tata communication
28-09-2006,246.9,247.8,241.5,242.8,542504,Tata communication
29-09-2006,245.1,249.9,242.8,246.8,477287,Tata communication
03-10-2006,248.2,251.8,246.9,247.7,415400,Tata communication
04-10-2006,248.2,250.3,244.5,245.9,1209832,Tata communication
05-10-2006,251.1,256.2,244.2,245.5,1064350,Tata communication
06-10-2006,251.3,280.7,251.3,268.5,9661564,Tata communication
09-10-2006,268,274.2,263.7,266.8,2321648,Tata communication
10-10-2006,266.2,268.8,260.4,261.5,1128288,Tata communication
11-10-2006,262.4,264.7,254.6,256.1,999111,Tata communication
12-10-2006,254.4,266.2,253.8,264.9,2132551,Tata communication
13-10-2006,269.9,269.9,263.2,267.3,1358643,Tata communication
16-10-2006,267.4,269.9,265.3,267.8,848266,Tata communication
17-10-2006,268,268.7,263.1,264,668844,Tata communication
18-10-2006,261.8,266.7,261.8,264.2,533340,Tata communication
19-10-2006,264.3,265.3,255.3,258,562246,Tata communication
20-10-2006,260.5,266.4,258.8,262.9,467219,Tata communication
23-10-2006,263.7,263.7,259.7,261.5,332476,Tata communication
26-10-2006,264.9,264.9,259.7,261.8,1299066,Tata communication
27-10-2006,264.3,274.3,262.8,271.8,960409,Tata communication
30-10-2006,274.2,279.2,268.7,277.4,2512892,Tata communication
31-10-2006,279.2,279.2,263.8,270,1117461,Tata communication
01-11-2006,271.4,283.5,271.4,275.9,1716208,Tata communication
02-11-2006,269.9,273,267.6,269.5,792913,Tata communication
03-11-2006,270.2,275.7,265.8,274.6,1027638,Tata communication
06-11-2006,276.1,279.2,269.9,276.3,946109,Tata communication
07-11-2006,278.6,287.9,278.1,281.2,2123912,Tata communication
08-11-2006,282.1,289.9,276.1,282.9,3907428,Tata communication
09-11-2006,284.3,293.4,282.9,290.7,1286329,Tata communication
10-11-2006,290.4,293.2,284.2,287,1170239,Tata communication
13-11-2006,286.6,290.1,281.7,282.8,766906,Tata communication
14-11-2006,282.9,283.4,273.1,274.5,745451,Tata communication
15-11-2006,276.1,280.9,271.3,277.2,1547421,Tata communication
16-11-2006,278.3,284.8,271.9,281.8,1703902,Tata communication
17-11-2006,282.9,286.5,271.3,272.7,1318370,Tata communication
20-11-2006,269.9,276.7,264.5,271.7,495946,Tata communication
21-11-2006,273,279.4,272.3,274.9,480184,Tata communication
22-11-2006,275.6,284.7,269.9,271.8,842601,Tata communication
23-11-2006,275.4,277.6,271.1,272.4,692846,Tata communication
24-11-2006,273.2,275.4,268.2,270.5,456830,Tata communication
27-11-2006,269.9,275.4,269.8,274.4,580278,Tata communication
28-11-2006,243.2,277,243.2,269.4,525944,Tata communication
29-11-2006,267.4,274.2,265.9,267.5,403783,Tata communication
30-11-2006,268.3,268.3,263.1,265.1,699076,Tata communication
01-12-2006,266,274.9,265.5,273.4,621502,Tata communication
04-12-2006,273,274.2,270.3,272.6,492627,Tata communication
05-12-2006,275.5,277.3,273.1,274.5,831353,Tata communication
06-12-2006,274.9,278,268.2,269.9,453845,Tata communication
07-12-2006,270.5,275.4,268.1,269.9,507453,Tata communication
08-12-2006,270.5,271.5,262.1,264.2,288321,Tata communication
11-12-2006,265.5,265.5,238.9,249.4,828985,Tata communication
12-12-2006,245.7,259.9,229.6,236.9,774727,Tata communication
13-12-2006,238.9,243.8,232.7,238.2,848940,Tata communication
14-12-2006,237.9,246.3,237.9,243.4,899127,Tata communication
15-12-2006,248.8,257.6,248.2,251.1,1101232,Tata communication
18-12-2006,255.6,255.6,245.1,251.2,612856,Tata communication
19-12-2006,251.9,255.4,245.8,248.8,495425,Tata communication
20-12-2006,250.7,252.5,239.5,242.7,518271,Tata communication
21-12-2006,242,249.9,239.2,247.7,560663,Tata communication
22-12-2006,250.3,254,249.4,252.1,384124,Tata communication
26-12-2006,253.1,256.7,248.3,254.8,523007,Tata communication
27-12-2006,257.2,260,255.3,257,248444,Tata communication
28-12-2006,258.8,259.3,248.9,251.3,881861,Tata communication
29-12-2006,252,264.9,252,263.8,1048583,Tata communication
02-01-2007,266.8,277.8,265.5,275.9,1216496,Tata communication
03-01-2007,277,278.8,269.6,272.4,607887,Tata communication
04-01-2007,274,277.3,270,271.4,742876,Tata communication
05-01-2007,270.5,272.9,266.9,267.7,285534,Tata communication
08-01-2007,267.4,272.9,260,270.5,631017,Tata communication
09-01-2007,271.6,276.1,263.8,269.4,731148,Tata communication
10-01-2007,267.6,268.7,257.6,261.7,728757,Tata communication
11-01-2007,259.9,263.1,253.8,261,837186,Tata communication
12-01-2007,266.6,272.1,261.5,270.5,701363,Tata communication
15-01-2007,272.4,292.2,272.4,288.5,2069932,Tata communication
16-01-2007,289.1,297.2,279.8,293.8,2034547,Tata communication
17-01-2007,293,294.7,284.3,286.7,640482,Tata communication
18-01-2007,287.8,300.9,286,296.7,1431037,Tata communication
19-01-2007,298.7,299.5,291.3,296,1237253,Tata communication
22-01-2007,299.9,307.1,294.1,303.6,1655814,Tata communication
23-01-2007,298.5,305.3,296.1,300.8,600942,Tata communication
24-01-2007,297.9,302,295.4,298.5,336241,Tata communication
25-01-2007,299.7,307.7,294.1,304.4,858281,Tata communication
29-01-2007,304.7,307.4,298.5,299.8,365064,Tata communication
31-01-2007,300,300,284.4,286.8,635905,Tata communication
01-02-2007,292.6,297.1,287,295,438023,Tata communication
02-02-2007,297.4,315.3,296.1,313.5,1362015,Tata communication
05-02-2007,315.2,319.5,310.2,314.5,794922,Tata communication
06-02-2007,315,315.9,299.8,302.9,1106620,Tata communication
07-02-2007,297.2,314.5,297.2,311.8,806603,Tata communication
08-02-2007,315.2,315.4,303.7,310.6,662115,Tata communication
09-02-2007,308.4,310.2,299.1,304,591592,Tata communication
12-02-2007,303.5,303.5,269.4,273.3,896328,Tata communication
13-02-2007,273,274.5,251.4,255.8,1262441,Tata communication
14-02-2007,253.7,260.6,250.7,258.7,677476,Tata communication
15-02-2007,262.4,269.9,262.4,265.7,915982,Tata communication
19-02-2007,272.4,273.6,266.3,267.4,407867,Tata communication
20-02-2007,268.6,268.6,262.8,265.7,486810,Tata communication
21-02-2007,266.2,267.4,260.3,265.7,675414,Tata communication
22-02-2007,269.9,269.9,250.1,254.8,1162389,Tata communication
23-02-2007,258.1,258.1,240.1,244.3,867656,Tata communication
26-02-2007,245.7,249.4,238.3,244.1,664270,Tata communication
27-02-2007,245.2,247.2,240.7,243.9,323014,Tata communication
28-02-2007,229.6,238.6,218.6,227,888467,Tata communication
01-03-2007,234.5,236.9,224.7,235.7,524731,Tata communication
02-03-2007,235.6,238.5,219.2,223.2,608790,Tata communication
05-03-2007,208.8,222.2,208.8,220.3,901546,Tata communication
06-03-2007,220.3,227.3,216,225.6,645866,Tata communication
07-03-2007,230.4,230.4,218.4,223.1,620011,Tata communication
08-03-2007,223.4,234.2,218.7,232.5,386107,Tata communication
09-03-2007,232.9,235.8,224.7,230.2,279178,Tata communication
12-03-2007,232,233.9,229.3,231.4,222305,Tata communication
13-03-2007,232.5,235.1,229.3,233.6,326620,Tata communication
14-03-2007,226.5,228.6,221.4,226.6,443303,Tata communication
15-03-2007,232,235.1,224.7,227,333966,Tata communication
16-03-2007,229,231.4,224.7,229.2,267755,Tata communication
19-03-2007,230.8,235.1,230.8,234.1,244919,Tata communication
20-03-2007,236.6,238.8,230.9,234.3,363051,Tata communication
21-03-2007,237.6,242,234.6,238.6,533038,Tata communication
22-03-2007,241.6,264.9,241.6,263,2102941,Tata communication
23-03-2007,266.8,268.7,250.4,252.6,1289281,Tata communication
26-03-2007,254.2,257.8,248.9,250.3,644565,Tata communication
28-03-2007,248.2,250.2,243.3,245.6,315676,Tata communication
29-03-2007,246.9,254.4,242.7,249.6,898683,Tata communication
30-03-2007,253.1,254,248.3,249.6,317430,Tata communication
02-04-2007,250.7,259.3,238.9,245.9,1888866,Tata communication
03-04-2007,247.6,250.7,243.5,245.3,1075675,Tata communication
04-04-2007,248.8,251.3,246.8,249.3,624171,Tata communication
05-04-2007,249.3,253.3,247.6,249.1,408550,Tata communication
09-04-2007,250.7,256.8,250.7,254.1,548483,Tata communication
10-04-2007,256.5,263,254.9,258.8,1103843,Tata communication
11-04-2007,260.6,265.8,258.1,260.7,584102,Tata communication
12-04-2007,249.5,262.4,249.5,257.8,296417,Tata communication
13-04-2007,260.6,262.9,258.8,261.3,230760,Tata communication
16-04-2007,264.9,269.9,262.9,269.3,468418,Tata communication
17-04-2007,271.2,275.4,264.9,268,407003,Tata communication
18-04-2007,266.8,274.2,266.8,271.1,356397,Tata communication
19-04-2007,266.7,274,262.4,272,326124,Tata communication
20-04-2007,276.7,276.7,268,271.3,362479,Tata communication
23-04-2007,273,279.2,269.4,278.5,682798,Tata communication
24-04-2007,277.4,282,273,274.7,367084,Tata communication
25-04-2007,273,278.6,270.5,274.3,497421,Tata communication
26-04-2007,275.2,280.9,270.1,272.6,744453,Tata communication
27-04-2007,272.7,276,268.1,270.7,527038,Tata communication
30-04-2007,272.1,273.6,267,272,332086,Tata communication
03-05-2007,277.3,281.4,276.1,278.1,258157,Tata communication
04-05-2007,278.8,281,275.5,278.7,674789,Tata communication
07-05-2007,281.3,285.2,276.4,279.6,899524,Tata communication
08-05-2007,276.3,281.7,276.1,278.6,664563,Tata communication
09-05-2007,279.2,281.9,275.5,280,383384,Tata communication
10-05-2007,280.8,285.3,279.2,281.8,424223,Tata communication
11-05-2007,279.8,282.3,273.8,280.2,497432,Tata communication
14-05-2007,279.8,285.4,277.4,281.4,391861,Tata communication
15-05-2007,282,284.7,279.2,280.2,197575,Tata communication
16-05-2007,282.3,284.6,276.7,279.3,176261,Tata communication
17-05-2007,281.1,290.8,279.2,283.6,508392,Tata communication
18-05-2007,280.4,286.8,278.8,279.9,163095,Tata communication
21-05-2007,282.1,287.5,281.4,285.4,213929,Tata communication
22-05-2007,285.4,298.4,280.1,293.6,672085,Tata communication
23-05-2007,297.8,308.9,293.5,296.6,1050564,Tata communication
24-05-2007,296,301.5,290.4,293.9,331196,Tata communication
25-05-2007,291.1,291.6,285.4,289.2,247539,Tata communication
28-05-2007,300.7,300.7,283.9,285.8,754692,Tata communication
29-05-2007,291.5,291.5,276.8,278.3,1055543,Tata communication
30-05-2007,278.3,280.4,272.4,276.9,379196,Tata communication
31-05-2007,280.8,292.8,278.5,288.8,490239,Tata communication
01-06-2007,290.8,290.8,282.3,284.5,352712,Tata communication
04-06-2007,286.6,291.5,284.2,287.9,450029,Tata communication
05-06-2007,287.9,298.6,286.8,297.3,451000,Tata communication
06-06-2007,298.7,302.1,293.6,297.8,557739,Tata communication
07-06-2007,293.5,300.3,289.8,293.3,292146,Tata communication
08-06-2007,288.5,288.5,280.4,282.1,402521,Tata communication
11-06-2007,286.5,291.6,278.6,288.7,413101,Tata communication
12-06-2007,290,290.8,283,285.4,185524,Tata communication
13-06-2007,282.3,283.9,278.9,279.4,188462,Tata communication
14-06-2007,286,286,279.3,279.9,199530,Tata communication
15-06-2007,281.4,285.9,279.8,280.3,99072,Tata communication
18-06-2007,280.5,286,279.2,280.3,224002,Tata communication
19-06-2007,279.5,283.2,276.7,282.3,204182,Tata communication
20-06-2007,285.8,289.7,284.8,288.1,242433,Tata communication
21-06-2007,290.4,301.6,289.8,298.9,636747,Tata communication
22-06-2007,299.7,302,294.1,298.1,248455,Tata communication
25-06-2007,298.4,298.4,292.2,295.3,225290,Tata communication
26-06-2007,300.1,300.1,290.4,291.6,96186,Tata communication
27-06-2007,291.6,295.2,286.3,290.1,407422,Tata communication
28-06-2007,290.1,293.5,284.8,288.8,569100,Tata communication
29-06-2007,291,292.9,287.9,291.2,307832,Tata communication
02-07-2007,294.1,296.6,290.4,294.3,200379,Tata communication
03-07-2007,296.6,310.8,295.3,308.4,747920,Tata communication
04-07-2007,313.1,314.1,302.2,304.3,508631,Tata communication
05-07-2007,307.1,307.1,290.4,298.7,464535,Tata communication
06-07-2007,299.9,300.5,294.1,296.5,294624,Tata communication
09-07-2007,298.4,305.3,297.8,298.8,301161,Tata communication
10-07-2007,300,301.8,296,298.8,302737,Tata communication
11-07-2007,295.4,297.8,292.8,296.7,169692,Tata communication
12-07-2007,299.1,303.4,295.3,297.7,314575,Tata communication
13-07-2007,300.9,303.9,296.1,298.3,219486,Tata communication
16-07-2007,299.1,302.8,295.3,300,382899,Tata communication
17-07-2007,300.9,305.2,296.6,297.8,263540,Tata communication
18-07-2007,298.4,306.1,277.4,304,499552,Tata communication
19-07-2007,304.3,305.9,299.7,302.4,143767,Tata communication
20-07-2007,301.5,307.6,299.8,303.7,232930,Tata communication
23-07-2007,300.3,303.3,293.5,300.5,230801,Tata communication
24-07-2007,301.5,303.3,296,297.5,185088,Tata communication
25-07-2007,285.6,301.3,285.6,293.5,186094,Tata communication
26-07-2007,297.7,297.7,287.3,289.2,176128,Tata communication
27-07-2007,284.8,288.5,277.3,282.2,318907,Tata communication
30-07-2007,281,285.3,276.1,283.2,72220,Tata communication
31-07-2007,285.4,287.3,279.6,283.7,81985,Tata communication
01-08-2007,280.4,282.3,276.4,279.2,288065,Tata communication
02-08-2007,281.1,282,273,274.5,111797,Tata communication
03-08-2007,275.5,282.9,275.5,280.9,144586,Tata communication
06-08-2007,273.1,275.2,262.3,266.2,133117,Tata communication
07-08-2007,269.9,271.1,264.9,267.8,372818,Tata communication
08-08-2007,270.5,275.7,269.9,272.8,223691,Tata communication
09-08-2007,277.8,280.4,262.4,264,292071,Tata communication
10-08-2007,254.4,259.8,251.6,256.8,206840,Tata communication
13-08-2007,257,264.9,257,258.9,261444,Tata communication
14-08-2007,266.1,266.1,254.5,258.6,122612,Tata communication
16-08-2007,254.4,254.4,235.8,236.6,530913,Tata communication
17-08-2007,234.5,239.5,225.8,229.7,689701,Tata communication
20-08-2007,234.5,242.9,232.4,236.6,702684,Tata communication
21-08-2007,239.2,240.7,222.9,227.8,282663,Tata communication
22-08-2007,229.6,233.9,226,232.5,285977,Tata communication
23-08-2007,233.8,245.3,226,234.7,394221,Tata communication
24-08-2007,232.7,234.5,229.6,232.7,181436,Tata communication
27-08-2007,233.9,240.1,233.9,235.6,167527,Tata communication
28-08-2007,235.8,238.1,232.1,233.5,127945,Tata communication
29-08-2007,227.1,238.9,222.7,236.9,368575,Tata communication
30-08-2007,242,254.4,237.7,252.7,864013,Tata communication
31-08-2007,251.2,258.6,246.6,249.6,487348,Tata communication
03-09-2007,249.7,256.9,249.7,255.3,205587,Tata communication
04-09-2007,258.5,258.5,254.4,256.9,128430,Tata communication
05-09-2007,258.2,258.4,248.2,249.5,267996,Tata communication
06-09-2007,237,257.5,237,255.9,334587,Tata communication
07-09-2007,257.5,260.1,252.5,253.1,226337,Tata communication
10-09-2007,246.8,251.2,245.9,249.7,214776,Tata communication
11-09-2007,252.6,260,250,255.1,356487,Tata communication
12-09-2007,258.7,259.3,251.3,253,195755,Tata communication
13-09-2007,253.8,258.1,253.1,253.7,199608,Tata communication
14-09-2007,255.6,256.9,249.4,250.1,279196,Tata communication
17-09-2007,248.8,253,248.2,249.3,182737,Tata communication
18-09-2007,245.7,253,245.7,252.3,115343,Tata communication
19-09-2007,256.3,263.3,255.6,257.4,252050,Tata communication
20-09-2007,259.3,264.9,257.3,261.9,412658,Tata communication
21-09-2007,261.2,265.5,258.7,262.3,210607,Tata communication
24-09-2007,266.5,268,261.2,266.7,243042,Tata communication
25-09-2007,269,269,251.9,263.6,215411,Tata communication
26-09-2007,259.3,274,259.3,271.1,278243,Tata communication
27-09-2007,273,285.9,273,276.4,1046830,Tata communication
28-09-2007,278.8,281,269.3,271.7,290241,Tata communication
01-10-2007,271.8,283.9,268.8,276.3,264615,Tata communication
03-10-2007,283.4,288.5,269,285.8,584250,Tata communication
04-10-2007,279.2,286.5,277.4,279.7,411966,Tata communication
05-10-2007,281.9,287.9,276.7,279.4,498475,Tata communication
08-10-2007,282.3,290.4,277.3,285.4,468548,Tata communication
09-10-2007,274.9,296,274.9,292.7,429170,Tata communication
10-10-2007,290.4,316.4,290.4,311.6,723271,Tata communication
11-10-2007,313.3,346,313.3,337.5,1319600,Tata communication
12-10-2007,338.1,345.2,322.6,325.5,702223,Tata communication
15-10-2007,335,338.1,327.9,330.5,1088610,Tata communication
16-10-2007,333.7,336.5,317.7,327.3,414245,Tata communication
17-10-2007,310.5,317.9,285.4,312.5,732945,Tata communication
18-10-2007,317.9,345.2,293.2,303.5,1488305,Tata communication
19-10-2007,310.2,341.5,294.8,321.5,1023832,Tata communication
22-10-2007,315.2,323.9,301,315.9,760427,Tata communication
23-10-2007,325.1,334.1,323.9,325,1021912,Tata communication
24-10-2007,334.9,334.9,319,325.8,887016,Tata communication
25-10-2007,325.7,350.2,325.4,344,2107023,Tata communication
26-10-2007,346.2,356.8,345,352.4,978627,Tata communication
29-10-2007,362.1,372.3,359.9,365.8,773030,Tata communication
30-10-2007,369.2,369.2,346.2,352,691792,Tata communication
31-10-2007,352.4,364.8,338.9,345.8,1012835,Tata communication
01-11-2007,347.5,348.1,314.6,322.2,1116342,Tata communication
02-11-2007,319.5,322.6,304.8,316.6,338297,Tata communication
05-11-2007,323.2,330.6,310.2,314.2,658348,Tata communication
06-11-2007,313.3,324.5,310.8,316.2,321415,Tata communication
07-11-2007,321.4,322.5,310.4,313.3,198198,Tata communication
08-11-2007,294.2,309.6,294.2,303.7,172719,Tata communication
09-11-2007,309.6,309.6,294.5,299,39876,Tata communication
12-11-2007,291.5,298.4,287,296.4,274235,Tata communication
13-11-2007,293.5,307.1,282.7,299.2,497425,Tata communication
14-11-2007,304.1,330.7,299.7,325.5,970883,Tata communication
15-11-2007,327.6,340,319.6,336.5,905009,Tata communication
16-11-2007,329.5,359.8,323.9,354.9,664654,Tata communication
19-11-2007,309.6,360.4,309.6,351,373488,Tata communication
20-11-2007,344.7,361.7,340.3,349,830162,Tata communication
21-11-2007,341.2,346.8,323.2,329.1,266942,Tata communication
22-11-2007,326.9,327.6,306.6,319.8,587291,Tata communication
23-11-2007,323.2,327,314.6,326.1,477079,Tata communication
26-11-2007,328.8,336.9,324.5,325.9,501339,Tata communication
27-11-2007,325.7,335.7,319.7,332,571260,Tata communication
28-11-2007,344.3,344.3,327.8,331.1,649667,Tata communication
29-11-2007,336.9,352.4,336.9,345.7,1856969,Tata communication
30-11-2007,352.4,398.6,350.9,389.6,3502698,Tata communication
03-12-2007,347.4,412,347.4,405.6,1597636,Tata communication
04-12-2007,403.9,409.4,393.4,396.4,479522,Tata communication
05-12-2007,395.8,400.2,378.6,389.7,525738,Tata communication
06-12-2007,397.1,403.3,386.5,388.8,476340,Tata communication
07-12-2007,395.2,419,390.9,402.1,1283883,Tata communication
10-12-2007,413.2,413.2,385.3,389.9,374049,Tata communication
11-12-2007,394,410.7,391.5,407.8,647492,Tata communication
12-12-2007,403.3,414.5,392.8,406,745928,Tata communication
13-12-2007,412.6,422.4,404,409.1,840262,Tata communication
14-12-2007,405.1,413.3,400.2,403.4,378256,Tata communication
17-12-2007,400.2,402.7,380.3,384.7,298355,Tata communication
19-12-2007,382.7,457.9,379.7,444.4,2608173,Tata communication
20-12-2007,451.7,457.9,413.3,423.7,2035471,Tata communication
24-12-2007,428,472.8,425.6,462.8,1614081,Tata communication
26-12-2007,465.3,479.9,460.4,464.6,1365883,Tata communication
27-12-2007,471.5,477.7,447.8,456.3,1678532,Tata communication
28-12-2007,452.9,468.1,452.9,463.1,687411,Tata communication
31-12-2007,462.2,480.8,462.2,474.3,886725,Tata communication
01-01-2008,480.8,485.8,465.9,474.7,685590,Tata communication
02-01-2008,476.2,477.1,459.1,465.8,395734,Tata communication
03-01-2008,459.1,463.5,441.8,445.4,522623,Tata communication
04-01-2008,440.5,457.3,440.5,447,410558,Tata communication
07-01-2008,446.7,446.7,428.1,428.8,538413,Tata communication
08-01-2008,429.3,436.8,418.2,424,701517,Tata communication
09-01-2008,421.9,435.5,411.2,424.4,884027,Tata communication
10-01-2008,431.2,439.6,412.8,418.1,921053,Tata communication
11-01-2008,434.1,434.1,403.3,418.9,551069,Tata communication
14-01-2008,418.5,427.3,403.3,418.9,430173,Tata communication
15-01-2008,422,433.6,419.4,423.4,533481,Tata communication
16-01-2008,418.8,418.8,402,411.1,291721,Tata communication
17-01-2008,407.2,418.7,388.5,408.4,804362,Tata communication
18-01-2008,394,414.7,387.2,399.5,772326,Tata communication
21-01-2008,387.8,392.1,325.7,341.9,525483,Tata communication
22-01-2008,317.7,328.8,260.6,326.2,582554,Tata communication
23-01-2008,365.4,365.4,302.2,343.3,253073,Tata communication
24-01-2008,349.9,349.9,313.5,322.3,1040292,Tata communication
25-01-2008,331.9,345.6,331.9,344,145723,Tata communication
28-01-2008,341.2,344.3,307.1,326.9,262364,Tata communication
29-01-2008,331.6,333.2,314.6,326.2,188144,Tata communication
31-01-2008,310.2,359.9,298.4,322.5,1502292,Tata communication
01-02-2008,325.7,328.8,313.3,327.9,197578,Tata communication
04-02-2008,321.4,338.1,301.6,332.2,337234,Tata communication
05-02-2008,333.6,343.1,324.5,328.5,178439,Tata communication
06-02-2008,338,338,309,313.5,224882,Tata communication
07-02-2008,314.6,314.6,288.5,294.4,438788,Tata communication
08-02-2008,305.9,305.9,271.8,274.9,639426,Tata communication
11-02-2008,279.4,308.9,279.2,298.8,1556731,Tata communication
12-02-2008,307.1,308.9,273,278.1,610312,Tata communication
13-02-2008,283,294.7,281.1,291.4,330610,Tata communication
14-02-2008,310.1,316.4,300.9,312.1,423613,Tata communication
15-02-2008,302.8,316.4,302.3,315.5,206435,Tata communication
18-02-2008,313.3,313.3,303.7,308.3,200978,Tata communication
19-02-2008,310.2,315.5,304.1,310.1,386658,Tata communication
20-02-2008,300.9,308.4,297.8,301.8,116456,Tata communication
21-02-2008,304,351.2,303.4,306.2,185396,Tata communication
22-02-2008,300.9,304,292.8,300.7,199563,Tata communication
25-02-2008,282.5,309.6,282.5,303.7,136943,Tata communication
26-02-2008,308.4,315.8,296,312.3,263602,Tata communication
27-02-2008,316.6,325.6,298.4,302.2,356274,Tata communication
28-02-2008,304,340.6,304,325.9,934216,Tata communication
29-02-2008,319.5,322.6,307.2,317.8,183525,Tata communication
03-03-2008,310.2,317.6,302.8,305.2,261954,Tata communication
04-03-2008,299.1,310.2,288.5,294.8,226891,Tata communication
05-03-2008,299.7,307.1,285.4,304.6,293533,Tata communication
07-03-2008,302.8,302.8,279.2,284.3,291247,Tata communication
10-03-2008,280.4,294.7,277.3,291.8,254200,Tata communication
11-03-2008,287.1,305.4,281.1,301.7,351913,Tata communication
12-03-2008,310,320.7,302.2,318.1,401854,Tata communication
13-03-2008,311.5,316.4,298.6,311.2,421324,Tata communication
14-03-2008,313.3,322,304.1,312.5,276551,Tata communication
17-03-2008,300.7,307.7,293.5,302.8,216591,Tata communication
18-03-2008,293.8,325.1,292.8,318,454018,Tata communication
19-03-2008,328.8,346.7,311,317.9,375476,Tata communication
24-03-2008,318.3,327.6,312.1,323.4,226282,Tata communication
25-03-2008,331.9,346.8,331.4,344.1,254176,Tata communication
26-03-2008,343.7,355.7,339.4,349.2,304858,Tata communication
27-03-2008,345.6,359.9,324,333.8,812162,Tata communication
28-03-2008,333.9,347.4,329.5,345.2,196438,Tata communication
31-03-2008,345.2,347.4,313.3,318.3,508318,Tata communication
01-04-2008,318.3,342.5,310.2,331.8,331170,Tata communication
02-04-2008,339.3,345,325.7,330.4,310491,Tata communication
03-04-2008,328.2,340.7,325.8,332.7,166203,Tata communication
04-04-2008,334.4,338.1,316.6,322.6,154057,Tata communication
07-04-2008,328,340.6,327.6,336.1,187636,Tata communication
08-04-2008,331.9,331.9,294.7,297.5,1091632,Tata communication
09-04-2008,301,307.1,288.5,291.8,1171132,Tata communication
10-04-2008,297.6,303.2,288.5,290.9,850747,Tata communication
11-04-2008,300,300,286.6,292.4,328397,Tata communication
15-04-2008,288.1,299.1,286.6,296.4,238197,Tata communication
16-04-2008,300.9,302.7,294.7,296.7,147342,Tata communication
17-04-2008,300.3,302.4,297.1,299,205805,Tata communication
21-04-2008,300.9,308.4,296.6,300.8,390461,Tata communication
22-04-2008,299.1,303.2,297.2,298.1,127646,Tata communication
23-04-2008,297.2,304.9,295.4,298.4,390893,Tata communication
24-04-2008,300.9,302.8,274.4,299.4,706198,Tata communication
25-04-2008,299.7,308.4,299.7,303.7,267515,Tata communication
28-04-2008,308.4,317.7,304.7,315.1,392416,Tata communication
29-04-2008,313.3,325.4,310.2,313.6,578547,Tata communication
30-04-2008,314.6,317,305.3,309.3,294685,Tata communication
02-05-2008,315.6,315.6,305.3,306.5,109354,Tata communication
05-05-2008,313.3,313.3,299.8,302.6,632165,Tata communication
06-05-2008,304.1,309.6,296.6,303.8,236351,Tata communication
07-05-2008,304.1,307,300.4,303.1,132105,Tata communication
08-05-2008,301.5,316.2,301.5,312.4,724355,Tata communication
09-05-2008,307.1,311.9,301.7,304.2,124886,Tata communication
12-05-2008,313.3,313.3,297.8,301.5,122330,Tata communication
13-05-2008,302.8,308,301,305.2,318235,Tata communication
14-05-2008,302.8,311.4,299.7,307,113053,Tata communication
15-05-2008,307.2,315.2,307.1,310.9,190719,Tata communication
16-05-2008,310.8,318.8,309.7,316.9,265381,Tata communication
20-05-2008,310.4,321.4,310.4,314.7,243012,Tata communication
21-05-2008,297.8,322.8,297.8,320.8,186180,Tata communication
22-05-2008,313.9,319.3,305.6,310.4,405983,Tata communication
23-05-2008,312.7,315.1,309,312.8,166127,Tata communication
26-05-2008,310.2,312.7,302.2,310.4,103700,Tata communication
27-05-2008,310.4,313.3,307.8,311.4,159137,Tata communication
28-05-2008,319.5,321.4,310.3,320.2,132027,Tata communication
29-05-2008,322.6,324.1,300.9,308.3,561915,Tata communication
30-05-2008,313.3,325.7,310.3,315.9,148042,Tata communication
02-06-2008,316.4,320.7,305.3,310.3,177335,Tata communication
03-06-2008,305.8,312.7,301.2,304.8,93255,Tata communication
04-06-2008,309,309,288.5,296.1,240422,Tata communication
05-06-2008,297.7,305.3,289.1,303.9,81159,Tata communication
06-06-2008,307.1,316.4,295.4,297.5,89647,Tata communication
09-06-2008,294.6,299.3,282.4,293.9,253955,Tata communication
10-06-2008,291.6,292.2,279.2,282.7,272112,Tata communication
11-06-2008,286,287.9,278,281.6,96581,Tata communication
12-06-2008,278.6,278.6,269.3,276.2,70076,Tata communication
13-06-2008,276.1,276.1,255,261.8,217179,Tata communication
16-06-2008,262.8,273,262.8,271.4,82390,Tata communication
17-06-2008,271.1,273,265.7,269.2,157463,Tata communication
18-06-2008,265.5,280.4,258.2,261.1,360525,Tata communication
19-06-2008,261.1,261.8,249.1,253.2,279841,Tata communication
20-06-2008,253.2,257.5,235.8,238,212180,Tata communication
23-06-2008,238,243.2,218.8,221.8,282237,Tata communication
24-06-2008,225.8,234.8,211.9,214.9,408611,Tata communication
25-06-2008,210.9,227.1,210.9,223.8,507913,Tata communication
26-06-2008,227.1,257.1,223.6,244.5,655768,Tata communication
27-06-2008,235.6,235.7,225.3,232.9,190057,Tata communication
30-06-2008,240.9,240.9,225.3,231.2,161877,Tata communication
01-07-2008,232.7,239.5,230,235.9,171842,Tata communication
02-07-2008,233.9,250.5,218.8,238.3,257990,Tata communication
03-07-2008,238.9,239.6,214.1,218.7,300732,Tata communication
04-07-2008,214.1,238.6,211,226.6,462522,Tata communication
07-07-2008,247.4,247.4,228.3,231.6,323077,Tata communication
08-07-2008,231.5,239.8,227,231.7,457091,Tata communication
09-07-2008,236.4,243,234.5,235.9,320453,Tata communication
10-07-2008,235.1,249.7,235.1,245.6,302737,Tata communication
11-07-2008,255.6,255.6,230.2,236.8,212551,Tata communication
14-07-2008,232.7,245,232,234.1,228995,Tata communication
15-07-2008,232.5,232.5,224,229.3,144823,Tata communication
16-07-2008,233.9,238.3,228.7,232.2,120118,Tata communication
17-07-2008,237.6,245.1,235.8,239,152510,Tata communication
18-07-2008,245,247.1,239.6,245.1,187113,Tata communication
21-07-2008,245.1,254.7,238.9,250.5,307952,Tata communication
22-07-2008,250,263.6,248.9,259.6,281366,Tata communication
23-07-2008,268,297.7,265,289.3,526286,Tata communication
24-07-2008,292.8,294.7,278,286,368032,Tata communication
25-07-2008,279.3,282.3,266.8,269.9,232559,Tata communication
28-07-2008,272.4,278.6,256.4,263.5,325034,Tata communication
29-07-2008,254.4,255.1,245.9,251.1,134054,Tata communication
30-07-2008,253.5,286.6,253.5,274.8,693945,Tata communication
31-07-2008,273.6,286,263,279.6,724389,Tata communication
01-08-2008,279.2,289.9,272.4,278.7,354578,Tata communication
04-08-2008,278.6,278.6,269.3,270.5,272174,Tata communication
05-08-2008,271.1,282.8,264.9,276.2,473109,Tata communication
06-08-2008,279.2,293.5,277.1,285.7,319247,Tata communication
07-08-2008,284.8,292.2,274.2,283.9,531229,Tata communication
08-08-2008,282.4,287.5,275.6,279.2,238187,Tata communication
11-08-2008,281.6,283.5,276.1,279.8,202441,Tata communication
12-08-2008,281.7,281.7,274.9,277.6,628846,Tata communication
13-08-2008,274.9,280.4,269.3,278.8,163254,Tata communication
14-08-2008,260.6,280.4,260.6,265.1,168153,Tata communication
18-08-2008,264.3,270.3,260.7,265,54174,Tata communication
19-08-2008,261.2,269.9,260.6,267.5,58801,Tata communication
20-08-2008,267.5,272.7,261.8,269.2,94553,Tata communication
21-08-2008,269.3,269.8,255,256.9,356851,Tata communication
22-08-2008,254.4,263.6,253.8,260.9,93886,Tata communication
25-08-2008,266.2,266.8,254.4,256.4,116229,Tata communication
26-08-2008,253.6,258.1,251.9,256.5,148440,Tata communication
27-08-2008,255.6,258,254.8,256.6,47811,Tata communication
28-08-2008,259,260.6,242.2,245,675022,Tata communication
29-08-2008,249.4,259.4,248.2,257.2,199579,Tata communication
01-09-2008,257.2,257.2,246.9,252.4,217892,Tata communication
02-09-2008,253.1,272.4,252.1,265.6,127270,Tata communication
04-09-2008,266.8,273,260.8,269.2,145394,Tata communication
05-09-2008,264.9,264.9,256,264,98221,Tata communication
08-09-2008,268.7,283.9,268.7,279.1,295673,Tata communication
09-09-2008,279.2,282,258.3,277,191323,Tata communication
10-09-2008,273,279,271.1,276.5,146484,Tata communication
11-09-2008,273.6,281.7,265.6,272.4,101755,Tata communication
12-09-2008,273,284,261.3,264.8,622246,Tata communication
15-09-2008,255.4,256.9,236.5,245,204796,Tata communication
16-09-2008,240.7,266.8,235.8,264.1,216885,Tata communication
17-09-2008,269.9,272.4,261.9,267,221880,Tata communication
18-09-2008,256.9,276.1,256.9,269.1,218910,Tata communication
19-09-2008,274.8,286.6,274.3,282.6,341994,Tata communication
22-09-2008,284.8,293.5,279.9,284.9,187378,Tata communication
23-09-2008,281.1,292.2,279.8,285.3,310321,Tata communication
24-09-2008,288.8,296,285.2,288.5,451977,Tata communication
25-09-2008,290.4,290.4,271.9,275.9,615160,Tata communication
26-09-2008,285.4,300.2,285.4,292.1,1463812,Tata communication
29-09-2008,292.3,297.2,283.5,292.4,373850,Tata communication
30-09-2008,282.3,297.7,274.3,293.1,294880,Tata communication
01-10-2008,300.9,303.4,284.6,288,289029,Tata communication
03-10-2008,288.6,290.2,274.3,279.8,637945,Tata communication
06-10-2008,278.5,290.1,259.5,286.3,591167,Tata communication
07-10-2008,286.3,300.9,285.5,296.5,234625,Tata communication
08-10-2008,289.2,293.9,278.5,287.3,289671,Tata communication
10-10-2008,279.2,282.3,252.7,259.2,329845,Tata communication
13-10-2008,269.9,277.6,243.2,274.8,253749,Tata communication
14-10-2008,287.9,310.2,287.9,307.6,303520,Tata communication
15-10-2008,301.5,325,280.9,301.9,894619,Tata communication
16-10-2008,294.7,300.4,274.5,292.7,256187,Tata communication
17-10-2008,293.6,293.6,266.8,271,124980,Tata communication
20-10-2008,261.8,300.3,261.8,288.6,200450,Tata communication
21-10-2008,290.4,294.7,280.4,289.9,229703,Tata communication
22-10-2008,287.3,288.5,265.1,268.9,107386,Tata communication
23-10-2008,257.5,278.5,255,267.3,229484,Tata communication
24-10-2008,267.5,268,217.8,226.6,175727,Tata communication
27-10-2008,214.1,229.3,200.4,219.9,326569,Tata communication
29-10-2008,242,270.5,242,255.1,723431,Tata communication
31-10-2008,276.1,309.8,276.1,300.9,1164807,Tata communication
03-11-2008,294.8,347.4,294.8,337.1,1196042,Tata communication
04-11-2008,328.8,328.8,309,323.1,678499,Tata communication
05-11-2008,331.3,333.8,304.1,311,406755,Tata communication
06-11-2008,298.4,331.9,294.2,315.9,466785,Tata communication
07-11-2008,319.5,319.5,300.9,303.3,215098,Tata communication
10-11-2008,305.3,310.2,297.9,300.9,239961,Tata communication
11-11-2008,296,309.9,284.8,290.2,339331,Tata communication
12-11-2008,287.8,309.6,284.8,297.1,312051,Tata communication
14-11-2008,307.1,316.4,297.1,304.1,376375,Tata communication
17-11-2008,299.1,308,293.9,306.2,195510,Tata communication
18-11-2008,299.1,303.8,294,296.3,119391,Tata communication
19-11-2008,296,296,268.5,275.6,262693,Tata communication
21-11-2008,254.4,260,236.2,255.9,780222,Tata communication
24-11-2008,247.6,247.6,240.8,246.4,522037,Tata communication
25-11-2008,266.8,277.3,243.2,246.6,1640174,Tata communication
26-11-2008,249,252.8,242,249.1,553895,Tata communication
28-11-2008,242,255.6,238.9,244.7,406349,Tata communication
01-12-2008,246.9,251.3,242.1,245.2,516022,Tata communication
02-12-2008,204.7,243,204.7,235.6,260517,Tata communication
03-12-2008,237.3,240,230.2,234.9,278478,Tata communication
04-12-2008,238.2,269.2,238.2,265.4,259025,Tata communication
05-12-2008,263.7,263.7,253.5,255.6,208446,Tata communication
08-12-2008,260.6,280.1,260.6,270.9,264334,Tata communication
10-12-2008,279.2,311.3,279.2,308.3,745666,Tata communication
11-12-2008,307.7,311.6,298.5,306.1,405320,Tata communication
12-12-2008,306.9,310.3,294.8,307.1,389533,Tata communication
15-12-2008,309,321.4,306.5,314,263843,Tata communication
16-12-2008,304.6,322,304.6,311.3,235201,Tata communication
17-12-2008,313.2,323.9,307.8,310.2,405132,Tata communication
18-12-2008,308.4,322,308.4,316.5,653065,Tata communication
19-12-2008,317.1,321.4,313.3,318.7,419036,Tata communication
22-12-2008,313.3,320.7,304.1,316.5,280716,Tata communication
23-12-2008,312.7,315.6,309.4,312.9,105855,Tata communication
24-12-2008,310.3,321,309.2,317,413672,Tata communication
26-12-2008,310.2,318.8,305.3,310.1,224062,Tata communication
29-12-2008,310.8,313.2,298.5,309.8,116376,Tata communication
30-12-2008,312.8,318.3,308.7,313.5,342233,Tata communication
31-12-2008,312.7,315.5,307.9,311.3,74867,Tata communication
01-01-2009,310.8,314.5,301.5,309.6,193050,Tata communication
02-01-2009,315.7,315.7,303.5,307.3,357413,Tata communication
05-01-2009,315.2,325.1,313.4,323.1,320558,Tata communication
06-01-2009,323.2,334.2,323.2,329.5,579458,Tata communication
07-01-2009,332.6,335,305.3,313.2,201203,Tata communication
09-01-2009,311.5,316.4,291.6,303.2,134741,Tata communication
12-01-2009,299.7,308.8,292.9,303.9,120239,Tata communication
13-01-2009,303.4,303.4,286.1,294.6,167486,Tata communication
14-01-2009,294.7,322.5,289.2,312,137365,Tata communication
15-01-2009,306.7,306.7,285.3,287.5,191149,Tata communication
16-01-2009,296.7,296.7,275.5,288,164880,Tata communication
19-01-2009,285.4,294.5,282.3,288.4,173159,Tata communication
20-01-2009,285.2,288.4,276.7,278.9,103104,Tata communication
21-01-2009,273,279.1,263.7,270,98704,Tata communication
22-01-2009,260.6,272.9,254.9,264.3,207003,Tata communication
23-01-2009,259.1,268,255.1,264.7,96308,Tata communication
27-01-2009,277.3,281.7,268,275.3,120058,Tata communication
28-01-2009,278,288.5,275.5,286.3,137951,Tata communication
30-01-2009,279.2,284.8,272.1,281.1,117706,Tata communication
02-02-2009,279.1,281.1,263.7,265.8,76289,Tata communication
03-02-2009,270.2,278.4,263.8,267.5,85568,Tata communication
04-02-2009,269.3,271,260.8,267.1,164958,Tata communication
05-02-2009,261.9,266.7,259.4,262.3,70924,Tata communication
06-02-2009,265.2,270.4,265,267.8,155718,Tata communication
09-02-2009,264.3,277.6,264.3,275.1,64135,Tata communication
10-02-2009,274.4,286,273,280.3,97082,Tata communication
11-02-2009,303.7,303.7,269,273.4,102453,Tata communication
12-02-2009,270.5,273,266.1,270,144352,Tata communication
13-02-2009,273,284.2,271.9,280.9,76720,Tata communication
16-02-2009,280.4,280.4,266.9,270,63779,Tata communication
17-02-2009,265.1,266.8,257.2,259.1,61947,Tata communication
18-02-2009,257.5,259.8,245.7,249,242669,Tata communication
19-02-2009,250.7,253.1,243.2,251.2,145238,Tata communication
20-02-2009,249.2,249.9,239,242,285614,Tata communication
24-02-2009,238.9,245.8,235.9,242.3,86296,Tata communication
25-02-2009,246.3,251.2,243,248.8,178485,Tata communication
26-02-2009,247.2,256.2,245.7,252,150642,Tata communication
27-02-2009,250,253.1,242.1,250.9,106147,Tata communication
02-03-2009,250.9,255,245.1,250.7,100028,Tata communication
03-03-2009,244.1,250.6,242.1,247.1,157743,Tata communication
04-03-2009,245.1,257.7,245.1,253.2,132359,Tata communication
05-03-2009,256.5,256.5,248.8,251.3,113007,Tata communication
06-03-2009,248.8,259,247.6,254.6,95602,Tata communication
09-03-2009,253.4,255,249.5,252.2,34350,Tata communication
12-03-2009,256.9,265.5,253.3,256.9,103127,Tata communication
13-03-2009,263.1,285.2,260.9,280.4,300507,Tata communication
16-03-2009,284.9,291.5,283.1,286.4,247471,Tata communication
17-03-2009,285.4,289.2,274.9,276.7,187880,Tata communication
18-03-2009,276.7,285.2,271.1,273.8,239635,Tata communication
19-03-2009,274.9,283.2,274.3,278,212205,Tata communication
20-03-2009,281.1,288.4,281.1,286.5,222543,Tata communication
23-03-2009,291,314.6,291,311.4,207198,Tata communication
24-03-2009,320.1,325,316.5,318.6,385426,Tata communication
25-03-2009,321.4,329.8,319.6,325.1,843970,Tata communication
26-03-2009,331.3,335.7,326.3,330.4,715797,Tata communication
27-03-2009,331.3,338.1,328.9,334,174616,Tata communication
30-03-2009,331.9,331.9,321.4,322.5,154043,Tata communication
31-03-2009,323.2,327.6,317.7,321.6,290262,Tata communication
01-04-2009,325,328.8,316.4,322.7,382400,Tata communication
02-04-2009,325.7,335,322.6,327.1,473563,Tata communication
06-04-2009,333.2,343.7,331.9,338.2,432020,Tata communication
08-04-2009,334.9,354.9,334.4,350.1,515368,Tata communication
09-04-2009,354.3,363.5,354.3,358.3,189836,Tata communication
13-04-2009,360.5,366.1,342.5,354.3,222831,Tata communication
15-04-2009,356.7,368.4,356.7,361.7,660324,Tata communication
16-04-2009,354.9,359.9,338.4,344.1,275791,Tata communication
17-04-2009,350.4,364.8,333.3,340.1,231900,Tata communication
20-04-2009,345,358,345,354.6,480673,Tata communication
21-04-2009,351.2,359.2,346.2,353.3,180676,Tata communication
22-04-2009,328.9,353.5,328.9,343.8,114620,Tata communication
23-04-2009,347.4,350.2,339.4,345.6,82400,Tata communication
24-04-2009,349.3,349.9,334.4,341.8,288702,Tata communication
27-04-2009,336.9,343,331.5,338.4,158648,Tata communication
28-04-2009,333.8,344.3,324.3,331.7,69746,Tata communication
29-04-2009,340,347.1,333.2,340.3,319041,Tata communication
04-05-2009,356.7,356.7,336.5,344.5,306909,Tata communication
05-05-2009,353.7,359.2,345,350.1,277357,Tata communication
06-05-2009,355.5,355.5,345.6,348.7,294072,Tata communication
07-05-2009,351.9,353.7,342.5,348.5,340540,Tata communication
08-05-2009,345.6,352.4,341.2,344.7,229171,Tata communication
11-05-2009,344.3,350.5,329.5,334.4,131780,Tata communication
12-05-2009,340.5,347.4,336.3,343.7,325136,Tata communication
13-05-2009,344.3,359.2,336.3,352.1,118565,Tata communication
14-05-2009,346.2,346.2,328.8,330.9,280922,Tata communication
15-05-2009,334.4,334.4,321.5,325,218809,Tata communication
18-05-2009,354.1,385.9,354.1,372.8,449,Tata communication
19-05-2009,369.2,409.5,344.7,377.1,820664,Tata communication
20-05-2009,379.1,395.1,367.9,379.7,427442,Tata communication
21-05-2009,375.4,384.1,356.8,363.5,230311,Tata communication
22-05-2009,372.3,379.7,345.3,362,272196,Tata communication
25-05-2009,366.1,373.9,353.7,363.1,185210,Tata communication
26-05-2009,366.1,366.1,329,336.5,342214,Tata communication
27-05-2009,344,344.3,317.7,323.8,686477,Tata communication
28-05-2009,323.9,325.7,304.7,308.9,1118856,Tata communication
29-05-2009,309.8,313.3,283.8,290.2,2536669,Tata communication
01-06-2009,327.6,327.6,286,292.4,1697285,Tata communication
02-06-2009,303.9,303.9,286.7,288,894768,Tata communication
03-06-2009,290.4,300.5,289.6,296.4,1181850,Tata communication
04-06-2009,294.1,330.1,293,321.6,3876130,Tata communication
05-06-2009,321.6,330.7,313.4,317.8,1731567,Tata communication
08-06-2009,310.2,320.4,291.9,299.4,677090,Tata communication
09-06-2009,294.7,312.1,286.7,300.7,765949,Tata communication
10-06-2009,309,312.7,302.8,304.5,551360,Tata communication
11-06-2009,304,338.1,295.1,333.6,3075443,Tata communication
12-06-2009,341.2,348.7,317,321.2,2343395,Tata communication
15-06-2009,315.9,319.1,305.4,307.9,415643,Tata communication
16-06-2009,299.7,314.4,295.4,305.8,758637,Tata communication
17-06-2009,303.8,307.7,289.1,293.7,943221,Tata communication
18-06-2009,292.3,298.9,287.3,290.6,939983,Tata communication
19-06-2009,292.9,299.1,286.7,292.5,880389,Tata communication
22-06-2009,293.1,295,282,284.4,587117,Tata communication
23-06-2009,282.9,282.9,273,278.3,556687,Tata communication
24-06-2009,279.6,287.4,278.6,283.4,1017338,Tata communication
25-06-2009,290.4,291.5,280.1,284.2,1706968,Tata communication
26-06-2009,285.7,302,285.7,293.5,1725154,Tata communication
29-06-2009,294.9,299,288.6,295.1,739186,Tata communication
30-06-2009,295.4,297.5,289,294.7,745702,Tata communication
01-07-2009,296.6,305.3,292,302.1,707629,Tata communication
02-07-2009,306,310.6,293.5,297.7,923746,Tata communication
03-07-2009,294.2,301.5,290.4,299.6,507266,Tata communication
06-07-2009,295.3,301.4,283.2,290.4,693143,Tata communication
07-07-2009,292.8,294.4,286.7,290,368655,Tata communication
08-07-2009,287.5,289.1,279.2,285.9,257415,Tata communication
09-07-2009,285.7,288.3,280.5,286.5,209283,Tata communication
10-07-2009,287.3,292.7,284.2,287.1,303839,Tata communication
13-07-2009,285.4,292.2,283,286.8,331628,Tata communication
14-07-2009,288.5,294.6,285.6,288.7,331303,Tata communication
15-07-2009,291.6,294,288.5,292,269448,Tata communication
16-07-2009,295.3,304,291.7,294.1,505655,Tata communication
17-07-2009,293.7,307.1,293.6,304.9,471691,Tata communication
20-07-2009,307.1,312.7,305.3,310.3,445595,Tata communication
21-07-2009,316.4,316.4,300.4,305,322479,Tata communication
22-07-2009,304,306.7,294.7,296.3,447076,Tata communication
23-07-2009,300.7,310,299.1,307.2,214353,Tata communication
24-07-2009,310.2,310.2,299.8,303.8,241939,Tata communication
27-07-2009,303.8,309,297.6,298.7,239110,Tata communication
28-07-2009,300.7,305.6,299.4,302.9,168092,Tata communication
29-07-2009,303.2,309,300.4,304.5,183568,Tata communication
30-07-2009,304,316.4,303.9,314.4,903386,Tata communication
31-07-2009,318.7,322.6,310.9,313.5,489517,Tata communication
03-08-2009,307.7,315.1,304,311.8,240402,Tata communication
04-08-2009,312.6,313.3,304.4,306.4,198688,Tata communication
05-08-2009,307.7,309.5,301.8,303.6,130373,Tata communication
06-08-2009,304,315.8,300.9,305.9,427950,Tata communication
07-08-2009,305.9,306.4,299.2,301.5,186098,Tata communication
10-08-2009,305.9,307.1,293.5,297.2,102937,Tata communication
11-08-2009,298.4,301.4,291.6,294.2,121333,Tata communication
12-08-2009,289.8,289.8,285.5,287.1,213226,Tata communication
13-08-2009,303.4,308.4,291.6,305.8,479725,Tata communication
14-08-2009,302.8,317,302.8,311.7,462392,Tata communication
17-08-2009,310.2,317,296.6,299.7,475645,Tata communication
18-08-2009,297.8,304,294.9,297.9,293808,Tata communication
19-08-2009,297.8,302.7,291.8,300.3,400755,Tata communication
20-08-2009,304.6,310.7,301,306.4,283869,Tata communication
21-08-2009,306.5,311.5,301.2,309,243499,Tata communication
24-08-2009,313.4,319.4,310.9,314.5,568083,Tata communication
25-08-2009,315.8,320.7,312.8,315.2,401047,Tata communication
26-08-2009,316.5,327,314.1,322.4,430211,Tata communication
27-08-2009,323.9,332.6,319,321.9,925091,Tata communication
28-08-2009,324.6,324.6,311.8,318.3,281218,Tata communication
31-08-2009,316.4,316.7,308.4,311.8,202328,Tata communication
01-09-2009,311.4,321.3,304.7,307.3,270623,Tata communication
02-09-2009,304.6,311.5,299.7,306.2,176178,Tata communication
03-09-2009,307.8,309.6,301.2,302.8,203431,Tata communication
04-09-2009,308.4,318.3,302.8,307.5,225113,Tata communication
07-09-2009,307.7,313.2,304.4,306.2,565469,Tata communication
08-09-2009,308.4,309.5,300.6,302.1,247312,Tata communication
09-09-2009,302.2,305.8,299.3,300.9,180301,Tata communication
10-09-2009,306.5,306.5,296.7,297.7,161669,Tata communication
11-09-2009,299.7,302.2,295,296.6,315160,Tata communication
14-09-2009,297.8,300.3,291.6,292.3,342480,Tata communication
15-09-2009,293.2,300.3,293.2,299.1,516630,Tata communication
16-09-2009,301,301.8,297.2,300.9,284648,Tata communication
17-09-2009,303.4,304,299.1,300.9,195917,Tata communication
18-09-2009,304,307.7,299.2,305.4,200255,Tata communication
22-09-2009,307.7,307.7,301.2,304.7,339583,Tata communication
23-09-2009,309.2,309.6,301.8,304,205458,Tata communication
24-09-2009,302.2,304.6,293.5,296.3,313648,Tata communication
25-09-2009,294.7,300.8,291.7,297.3,192127,Tata communication
29-09-2009,298.5,300.9,295.6,296.5,112999,Tata communication
30-09-2009,294.7,301.8,294.7,300.8,130718,Tata communication
01-10-2009,299.7,304.9,298.6,302.1,267536,Tata communication
05-10-2009,296.8,299.4,291.6,292.5,122157,Tata communication
06-10-2009,293.2,295,282.4,291.9,215747,Tata communication
07-10-2009,292.8,295.8,286.9,292.3,134185,Tata communication
08-10-2009,300.2,300.2,288.8,294.5,127031,Tata communication
09-10-2009,296.6,296.6,291.6,294.7,136620,Tata communication
12-10-2009,295.3,306.8,292.4,304.9,449236,Tata communication
14-10-2009,305.3,308.9,293.7,294.6,279122,Tata communication
15-10-2009,297.8,297.8,291,293,305896,Tata communication
16-10-2009,294.1,300,292,297.2,189135,Tata communication
20-10-2009,294.7,297.2,288.5,291.9,229388,Tata communication
21-10-2009,291,295.8,280.8,283.9,620250,Tata communication
22-10-2009,283.5,288.4,280.5,282,290927,Tata communication
23-10-2009,285.5,294.1,285.5,291.7,262780,Tata communication
26-10-2009,294.7,300,288,292.8,417222,Tata communication
27-10-2009,287.3,291,279.2,279.9,124171,Tata communication
28-10-2009,274.2,278.8,267.6,271.3,126473,Tata communication
29-10-2009,266.8,266.8,238.3,244,627732,Tata communication
30-10-2009,252.9,253.8,239.3,242.9,304327,Tata communication
03-11-2009,242,242,217.4,219.1,338560,Tata communication
04-11-2009,222.1,226.4,207.8,221.3,369625,Tata communication
05-11-2009,217.2,231.1,212.2,226.5,326137,Tata communication
06-11-2009,230.8,233.5,224.6,227.2,199918,Tata communication
09-11-2009,230.1,230.1,219.8,223.1,128753,Tata communication
10-11-2009,223.4,226.8,219,222.5,156982,Tata communication
11-11-2009,225.8,233.3,220.9,229.8,347039,Tata communication
12-11-2009,232.7,240.1,230,232.6,533672,Tata communication
13-11-2009,233.8,236,228.6,230.5,153008,Tata communication
16-11-2009,231.4,233.9,228.1,229.2,160007,Tata communication
17-11-2009,229.9,230.7,224.5,225.6,148420,Tata communication
18-11-2009,223.4,227.5,222.2,225.9,126603,Tata communication
19-11-2009,225.2,227.4,221.9,222.6,74485,Tata communication
20-11-2009,220.3,225.1,220.3,223.8,65652,Tata communication
23-11-2009,224.6,226.3,221,223.3,56714,Tata communication
24-11-2009,223.4,234.7,223.4,233.1,306162,Tata communication
25-11-2009,233.3,236.4,228,229.2,119047,Tata communication
26-11-2009,232,232.6,218.4,223.5,261918,Tata communication
27-11-2009,223.4,238.8,217.2,236.9,407139,Tata communication
30-11-2009,239,247.2,234.7,236.5,344793,Tata communication
01-12-2009,237.3,244.9,235.1,242.8,322637,Tata communication
02-12-2009,244.7,245.7,236.4,237.5,129328,Tata communication
03-12-2009,237,242.5,237,238.4,130922,Tata communication
04-12-2009,239.5,239.5,231.5,236,80146,Tata communication
07-12-2009,237.6,238.8,221.2,221.8,618366,Tata communication
08-12-2009,223.4,224.4,217.5,221.7,581069,Tata communication
09-12-2009,220.3,225.8,219.6,220.6,414506,Tata communication
10-12-2009,219.3,226.5,219.3,223.1,431698,Tata communication
11-12-2009,226.3,226.5,217.8,218.6,341853,Tata communication
14-12-2009,219.2,219.2,210.3,211.1,527862,Tata communication
15-12-2009,213.9,213.9,207.9,209,223112,Tata communication
16-12-2009,207.8,213.9,207.8,211,301125,Tata communication
17-12-2009,212.6,215.2,211,212.6,242406,Tata communication
18-12-2009,212.6,212.8,209,209.5,147075,Tata communication
21-12-2009,214.1,214.1,209.7,210.4,134799,Tata communication
22-12-2009,217.2,217.2,209.2,211,126411,Tata communication
23-12-2009,211.5,213.6,211,212.7,164389,Tata communication
24-12-2009,214.1,216.5,212.9,214.4,145133,Tata communication
29-12-2009,212.6,215.9,211,212.8,181501,Tata communication
30-12-2009,213.4,214.6,211.3,211.9,122490,Tata communication
31-12-2009,213.4,213.4,207.3,208.6,986065,Tata communication
04-01-2010,209.7,212.5,209.4,210.4,333919,Tata communication
05-01-2010,212.8,224.5,212.6,223.3,982870,Tata communication
06-01-2010,226.2,226.5,220.3,221,384519,Tata communication
07-01-2010,221.5,223.6,218.5,219.3,163217,Tata communication
08-01-2010,221.8,226.5,219.2,224.8,492059,Tata communication
11-01-2010,229.5,229.5,223.7,224.4,297063,Tata communication
12-01-2010,224.7,231.4,221.2,230.3,997362,Tata communication
13-01-2010,226.5,234.3,226.5,228.9,965824,Tata communication
14-01-2010,231.9,231.9,226.2,227.4,394181,Tata communication
15-01-2010,228.3,231.8,226.2,226.6,355166,Tata communication
18-01-2010,229.6,230.2,225.4,226.3,315353,Tata communication
19-01-2010,227.4,227.6,221.2,222.1,247764,Tata communication
20-01-2010,218.5,225.3,212.3,219,183691,Tata communication
21-01-2010,217.8,220.3,213.5,214.4,221537,Tata communication
22-01-2010,207.9,212.8,206,211.2,233085,Tata communication
25-01-2010,207.2,216.5,193.3,210.2,110255,Tata communication
27-01-2010,211,211,197,199.4,390155,Tata communication
28-01-2010,201.5,202.8,190,192.7,544337,Tata communication
29-01-2010,193.5,208.4,190,198.8,703253,Tata communication
01-02-2010,199.5,203.4,195.5,201.9,288135,Tata communication
02-02-2010,204.2,206.5,193,194.7,411990,Tata communication
03-02-2010,198.2,201.6,195.5,198,282171,Tata communication
04-02-2010,198.5,200.8,195.5,196.5,173946,Tata communication
05-02-2010,193.5,193.5,188.1,189.6,247119,Tata communication
08-02-2010,192.3,194.4,190,190.9,167612,Tata communication
09-02-2010,193.6,195.4,186.2,186.8,264956,Tata communication
10-02-2010,188.5,191,187.1,187.7,213764,Tata communication
11-02-2010,188.9,189.9,187.6,188.2,115314,Tata communication
15-02-2010,189.2,189.9,182.4,183.9,154561,Tata communication
16-02-2010,184.4,186.4,181.5,184.6,141662,Tata communication
17-02-2010,186.8,190.9,185,188.6,219493,Tata communication
18-02-2010,192.3,194.7,186.2,186.8,117483,Tata communication
19-02-2010,187.1,188.5,183.7,184.6,104724,Tata communication
22-02-2010,187.9,187.9,183.7,184.2,96251,Tata communication
23-02-2010,186.1,188.6,184,185.6,147602,Tata communication
24-02-2010,184.9,184.9,179.4,180,170397,Tata communication
25-02-2010,182.4,182.4,172,173.6,504607,Tata communication
26-02-2010,173,179.3,173,175.3,242971,Tata communication
02-03-2010,176.6,179.8,175.7,179,102289,Tata communication
03-03-2010,179.9,181.5,178.8,179.2,117975,Tata communication
04-03-2010,179.2,183.8,176.8,180.3,222323,Tata communication
05-03-2010,183,186.1,181.8,183.4,322800,Tata communication
08-03-2010,186.4,187.1,182.3,183.4,233296,Tata communication
09-03-2010,185.5,186.1,181.6,182,112664,Tata communication
10-03-2010,183,183.2,180.2,181.3,80656,Tata communication
11-03-2010,178.1,182.1,168.6,179.3,93341,Tata communication
12-03-2010,174.4,180.7,171.2,177.5,122396,Tata communication
15-03-2010,177.5,178.1,175,175.3,89543,Tata communication
16-03-2010,175.6,178.1,175,176.9,113754,Tata communication
17-03-2010,178.6,178.8,176,176.6,96571,Tata communication
18-03-2010,178.1,183.9,176.8,183.1,257753,Tata communication
19-03-2010,183,185.6,181.3,182.3,310358,Tata communication
22-03-2010,180.6,182.8,176.8,180,179835,Tata communication
23-03-2010,181.2,183,175.9,176.5,197702,Tata communication
25-03-2010,175.9,177.1,173.4,174.3,350502,Tata communication
26-03-2010,177.9,178.7,172.8,174.5,249369,Tata communication
29-03-2010,171.5,175.6,170.3,173.2,214092,Tata communication
30-03-2010,174.3,175.6,172.5,173,389318,Tata communication
31-03-2010,175,177.1,173.5,174.2,279690,Tata communication
01-04-2010,175,176.7,174.2,174.6,80972,Tata communication
05-04-2010,175.6,178.4,174.7,176.9,202352,Tata communication
06-04-2010,177.9,179.3,176.5,177.9,186479,Tata communication
07-04-2010,179.9,182.1,178.3,180,304549,Tata communication
08-04-2010,179.9,181.8,176.9,178.6,178791,Tata communication
09-04-2010,178.7,181.1,178.4,179.2,154781,Tata communication
12-04-2010,179.6,181.1,178.3,178.7,70477,Tata communication
13-04-2010,181.1,181.1,176.8,177.1,98102,Tata communication
15-04-2010,177.8,179.2,176.2,176.5,113027,Tata communication
16-04-2010,176.6,177.1,173.6,174,160618,Tata communication
19-04-2010,172.9,173.2,170.4,172.7,66154,Tata communication
20-04-2010,173.7,174.6,170.3,170.9,127361,Tata communication
21-04-2010,172,173.7,171.1,171.8,84808,Tata communication
22-04-2010,171.8,173.6,170.1,172.2,78234,Tata communication
23-04-2010,173.7,173.7,171.3,172.3,53625,Tata communication
26-04-2010,172.5,173.4,170.8,171,106163,Tata communication
27-04-2010,170.8,172.5,170.4,170.8,142221,Tata communication
28-04-2010,170,172.8,167.8,168.4,217567,Tata communication
29-04-2010,170.6,170.6,166.3,167.2,177453,Tata communication
30-04-2010,168.1,170,167,167.7,106230,Tata communication
03-05-2010,166.9,170.6,166.9,169,100112,Tata communication
04-05-2010,168.8,169.4,165.5,166.1,76164,Tata communication
05-05-2010,164.4,165,162,164.7,72580,Tata communication
06-05-2010,162.7,166.7,162.7,163.9,97113,Tata communication
07-05-2010,161.3,163.7,160.7,161.1,79269,Tata communication
10-05-2010,162.1,163.5,158,160.4,202357,Tata communication
11-05-2010,162.6,167.3,159.2,159.8,119567,Tata communication
12-05-2010,159.5,161.3,157.3,158.2,143206,Tata communication
13-05-2010,158.2,160,155.5,156.2,117674,Tata communication
14-05-2010,157.5,157.6,155.2,155.9,92576,Tata communication
17-05-2010,155.2,156.4,151.4,154,64510,Tata communication
18-05-2010,154,157.3,152.1,153.7,104774,Tata communication
19-05-2010,151.5,154.2,150.8,151.2,105395,Tata communication
20-05-2010,154.5,154.8,150.1,150.7,55547,Tata communication
21-05-2010,148.9,151.3,147.4,149.5,75999,Tata communication
24-05-2010,153.8,153.8,149.7,150.2,66631,Tata communication
25-05-2010,150.1,150.1,146.2,147.3,71031,Tata communication
26-05-2010,147.9,148.9,145.7,146.4,157264,Tata communication
27-05-2010,147.7,151.8,143.4,148.6,1486862,Tata communication
28-05-2010,152,159,149.6,153.5,541238,Tata communication
31-05-2010,153.3,156.2,151.3,152.2,143980,Tata communication
01-06-2010,146.4,148.1,143.6,146.1,358843,Tata communication
02-06-2010,146.1,150.7,139.6,149.3,307265,Tata communication
03-06-2010,153.8,156.8,150.2,151.9,448116,Tata communication
04-06-2010,154.4,155.5,150.8,153.5,152204,Tata communication
07-06-2010,145.9,152.5,145.9,151,120175,Tata communication
08-06-2010,148.9,152.9,145.2,148.5,68115,Tata communication
09-06-2010,149.4,151.3,147.9,149.5,99643,Tata communication
10-06-2010,149.5,156.3,149.5,155.4,343469,Tata communication
11-06-2010,158.1,158.1,152.1,152.8,149975,Tata communication
14-06-2010,155.1,155.1,152.4,153.2,75476,Tata communication
15-06-2010,155.1,157.6,152.1,156,146007,Tata communication
16-06-2010,156.2,162.4,152.4,159.6,734013,Tata communication
17-06-2010,161.3,164.9,160.1,161.3,512885,Tata communication
18-06-2010,162.6,163.1,157.1,158,145417,Tata communication
21-06-2010,158.2,161.1,157.6,158.5,207861,Tata communication
22-06-2010,159,160.5,152,158.2,120036,Tata communication
23-06-2010,158.7,159.3,156.4,158.2,112428,Tata communication
24-06-2010,160,161.9,155.4,159.5,589028,Tata communication
25-06-2010,159.5,164.5,158.3,159.5,458800,Tata communication
28-06-2010,160.1,162.9,159.5,162.1,163975,Tata communication
29-06-2010,160.9,162.9,160.1,161.3,154915,Tata communication
30-06-2010,159.5,163.6,159.5,162.7,145108,Tata communication
01-07-2010,163.1,164.2,161,161.6,127481,Tata communication
02-07-2010,161.7,162.9,160.2,160.5,105033,Tata communication
05-07-2010,160.5,164,154.3,161.5,126575,Tata communication
06-07-2010,162.5,167.4,162.5,165.8,506351,Tata communication
07-07-2010,166.2,168.8,163.4,163.9,221757,Tata communication
08-07-2010,166.2,167.1,164,165,98491,Tata communication
09-07-2010,165.1,174.6,165.1,171.3,1012426,Tata communication
12-07-2010,177.4,177.4,170.9,171.8,264212,Tata communication
13-07-2010,172.5,175.2,170.1,174.4,424784,Tata communication
14-07-2010,177.1,182.3,175.6,179.4,952013,Tata communication
15-07-2010,180.9,182.6,177.6,179,827057,Tata communication
16-07-2010,179.3,181.8,177.9,180,348196,Tata communication
19-07-2010,178.7,180.6,178,178.3,272015,Tata communication
20-07-2010,177.6,179.3,173.7,174.4,119746,Tata communication
21-07-2010,176.2,178.2,175.6,176.6,172691,Tata communication
22-07-2010,175.8,178,174.4,176.6,135524,Tata communication
23-07-2010,177.9,179.6,173.1,177,254184,Tata communication
26-07-2010,177,178.7,175.2,176.2,100967,Tata communication
27-07-2010,179,179,174.3,177.5,112213,Tata communication
28-07-2010,178.7,180.9,176.2,176.6,124335,Tata communication
29-07-2010,173.7,173.7,167,167.8,424610,Tata communication
30-07-2010,167.1,169.9,165.8,168,159820,Tata communication
02-08-2010,171.5,173.6,168.5,170.6,116171,Tata communication
03-08-2010,168.8,172.4,168.8,171.5,72630,Tata communication
04-08-2010,172.4,174.7,171.1,171.8,182551,Tata communication
05-08-2010,172.2,173.1,168.8,169.7,116510,Tata communication
06-08-2010,169.4,173.1,169.4,171.1,96354,Tata communication
09-08-2010,170.6,183.3,169.6,182.2,682313,Tata communication
10-08-2010,183,184.5,179.9,181.3,422113,Tata communication
11-08-2010,181.2,204.7,180.1,201.6,4323975,Tata communication
12-08-2010,201,202.9,189.9,198.9,1103366,Tata communication
13-08-2010,199.2,206.9,196.2,204.5,706087,Tata communication
16-08-2010,206,207.5,198.8,200.3,562896,Tata communication
17-08-2010,201.6,212,200.5,209.8,980331,Tata communication
18-08-2010,211.1,211.8,205.8,208.8,372506,Tata communication
19-08-2010,209.1,210.6,204.7,207.5,287463,Tata communication
20-08-2010,205.9,215.9,204.8,214,599403,Tata communication
23-08-2010,214.6,215.9,209.2,210.7,257533,Tata communication
24-08-2010,210.3,212.9,203.1,205.2,244534,Tata communication
25-08-2010,205.4,208.5,200.8,203.7,273268,Tata communication
26-08-2010,204.7,209.4,202.3,206.9,438848,Tata communication
27-08-2010,206.9,212.2,203.8,208.6,375416,Tata communication
30-08-2010,210.2,214.1,205.4,206.5,173681,Tata communication
31-08-2010,204.7,209.3,201.8,206.6,243531,Tata communication
01-09-2010,207.8,219.6,207.3,216.9,472006,Tata communication
02-09-2010,218.4,219.9,213,215.2,248556,Tata communication
03-09-2010,213.5,216.5,209.6,210.4,255823,Tata communication
06-09-2010,213.4,216.2,209.1,211.7,162919,Tata communication
07-09-2010,211,214.6,209.7,210,114380,Tata communication
08-09-2010,208.6,213.4,206.7,211.1,178574,Tata communication
09-09-2010,208.8,213.4,208.8,209.7,110585,Tata communication
13-09-2010,211,212.8,207.9,209.4,99605,Tata communication
14-09-2010,211,214.7,209,209.6,177803,Tata communication
15-09-2010,211,212,206.6,208.4,107900,Tata communication
16-09-2010,207.9,209.6,203.6,204.4,93862,Tata communication
17-09-2010,201.8,208.4,201.8,207.3,135845,Tata communication
20-09-2010,207.2,211.4,203.8,207.5,191634,Tata communication
21-09-2010,209.1,209.6,202.6,203.4,204473,Tata communication
22-09-2010,204.7,205.3,201.1,202.3,90569,Tata communication
23-09-2010,204.5,204.5,197.9,200,105751,Tata communication
24-09-2010,199.2,203,197.8,199.9,99198,Tata communication
27-09-2010,202.2,203.4,199.3,199.6,136003,Tata communication
28-09-2010,199.5,200.7,197.4,197.8,90091,Tata communication
29-09-2010,198.9,199.7,193,194.2,98862,Tata communication
30-09-2010,198.2,198.2,188.8,190.2,510555,Tata communication
01-10-2010,192.2,193.9,190.5,191.2,256889,Tata communication
04-10-2010,195.4,203.2,192.5,202.1,542513,Tata communication
05-10-2010,202.1,204.7,199.2,200,246170,Tata communication
06-10-2010,201.7,202.6,199.2,199.8,92301,Tata communication
07-10-2010,201.5,211.4,200.4,205.7,1082219,Tata communication
08-10-2010,206.6,210.9,204.7,206.7,445021,Tata communication
11-10-2010,209.1,209.5,205.1,206.5,150004,Tata communication
12-10-2010,205.4,208.5,203.7,204.5,171994,Tata communication
13-10-2010,205.4,206.9,204.9,206,141088,Tata communication
14-10-2010,210.3,211.6,205.4,206.2,206464,Tata communication
15-10-2010,208.4,212.5,202.9,204.2,412463,Tata communication
18-10-2010,204.2,207.8,201.8,203.5,111819,Tata communication
19-10-2010,206.5,206.5,197.3,197.7,141296,Tata communication
20-10-2010,199.1,199.1,193.6,194.4,145933,Tata communication
21-10-2010,200.3,200.3,195.3,197.5,163052,Tata communication
22-10-2010,198.5,200.8,195.5,196.8,86131,Tata communication
25-10-2010,197.3,200.3,196.3,198,122427,Tata communication
26-10-2010,200.2,200.2,194.2,194.9,88207,Tata communication
27-10-2010,193.6,196.7,189.9,193.1,111310,Tata communication
28-10-2010,193.6,201.1,191.5,194.6,476887,Tata communication
29-10-2010,189.3,193.6,188.7,190,149398,Tata communication
01-11-2010,193.4,193.6,188.1,188.9,177367,Tata communication
02-11-2010,193,193,187.1,190.4,194699,Tata communication
03-11-2010,190.5,193.6,189.2,189.9,450591,Tata communication
04-11-2010,191.7,196,190.5,193.9,220556,Tata communication
05-11-2010,194.9,195.4,192.4,194.3,29895,Tata communication
08-11-2010,193.6,196.1,192.4,193.9,127344,Tata communication
09-11-2010,193.6,198.5,193.2,197.6,193230,Tata communication
10-11-2010,199.1,200.9,196.2,197.7,246305,Tata communication
11-11-2010,198.4,199.5,188.2,191.3,113757,Tata communication
12-11-2010,191.1,191.1,186.5,187.3,110952,Tata communication
15-11-2010,188,188,181.1,185.2,59719,Tata communication
16-11-2010,187.9,190.5,180.1,182.1,160871,Tata communication
18-11-2010,186.1,187.9,169.7,182.3,321020,Tata communication
19-11-2010,185.2,188,174.2,177.6,206410,Tata communication
22-11-2010,179.4,182.4,177.4,181.1,77719,Tata communication
23-11-2010,181.2,181.2,173.1,175.5,123720,Tata communication
24-11-2010,178,178,172.2,173,98302,Tata communication
25-11-2010,175.5,175.5,162.1,165,333156,Tata communication
26-11-2010,165,170.4,155.7,159.4,199063,Tata communication
29-11-2010,157.7,165.7,157.7,164.2,103495,Tata communication
30-11-2010,167.5,170,159.1,168.9,103714,Tata communication
01-12-2010,170,172.9,165.7,171.5,76307,Tata communication
02-12-2010,174.1,174.1,168.8,169.4,196828,Tata communication
03-12-2010,171,171.1,163.6,164.4,94382,Tata communication
06-12-2010,167.6,167.6,163.2,164,52376,Tata communication
07-12-2010,164.4,166.2,158.8,164.7,138685,Tata communication
08-12-2010,164.2,164.7,158.9,161.1,99085,Tata communication
09-12-2010,160.2,160.7,149.1,151.8,137584,Tata communication
10-12-2010,150.1,156.4,146.4,153.8,88658,Tata communication
13-12-2010,155.9,158.5,153.3,157.8,57929,Tata communication
14-12-2010,158.2,160.1,156,156.8,66720,Tata communication
15-12-2010,156.8,167,154.9,156.2,80153,Tata communication
16-12-2010,158.2,158.2,153.9,155.5,69019,Tata communication
20-12-2010,153.3,155.7,152,153.5,41464,Tata communication
21-12-2010,154.5,156.3,152.2,155.1,51234,Tata communication
22-12-2010,156.4,157,153.9,155.6,72727,Tata communication
23-12-2010,155.7,156.8,154.5,155.1,39137,Tata communication
24-12-2010,154,156.8,153.7,155.5,333753,Tata communication
27-12-2010,156.3,156.3,152.4,153.4,67344,Tata communication
28-12-2010,153.3,156.9,151.1,154.4,154438,Tata communication
29-12-2010,154.8,156.6,153.9,155.8,118493,Tata communication
30-12-2010,158.2,160.6,155.7,157.6,253305,Tata communication
31-12-2010,156.4,159.5,156.4,158.2,96824,Tata communication
03-01-2011,161.3,165.3,158.2,164.4,360322,Tata communication
04-01-2011,166.7,166.7,162.2,164.7,224745,Tata communication
05-01-2011,164.5,164.5,160.7,161.3,38083,Tata communication
06-01-2011,162.6,163.2,158.1,160.1,83386,Tata communication
07-01-2011,160.1,164.4,155.1,156.3,175588,Tata communication
10-01-2011,157.6,158.9,153,154.2,77709,Tata communication
11-01-2011,156.4,161.9,153.9,158.6,82304,Tata communication
12-01-2011,160.1,163.1,158.3,161.5,125172,Tata communication
13-01-2011,163.4,163.4,158.2,159.1,61928,Tata communication
14-01-2011,157.6,160,154.9,155.9,50361,Tata communication
17-01-2011,155.2,157.6,153.4,155.1,34576,Tata communication
18-01-2011,161.9,161.9,155.1,155.5,55969,Tata communication
19-01-2011,156.9,161.3,155.3,159.2,124280,Tata communication
20-01-2011,157.2,164,157.2,160.9,180801,Tata communication
21-01-2011,162.2,162.2,158.9,160.1,40197,Tata communication
24-01-2011,161.8,161.8,158.9,159.2,26082,Tata communication
25-01-2011,159.3,163.9,157.7,158.6,68616,Tata communication
27-01-2011,161.7,161.7,147.7,149.7,230722,Tata communication
28-01-2011,149.7,150.7,144.1,145.7,93899,Tata communication
31-01-2011,139.9,145.3,139.9,144.6,127376,Tata communication
01-02-2011,143.3,143.3,137.7,140.4,183778,Tata communication
02-02-2011,139.6,146.3,139.6,145,134840,Tata communication
03-02-2011,148.3,148.3,143.6,147.2,71943,Tata communication
04-02-2011,147.6,149.4,143.3,144.9,62098,Tata communication
07-02-2011,144.9,144.9,141.5,142.3,96654,Tata communication
08-02-2011,142.3,144.5,137.8,138.4,127281,Tata communication
09-02-2011,140,140,133.4,134.4,58074,Tata communication
10-02-2011,140.6,140.6,118.9,121.4,618131,Tata communication
11-02-2011,122.2,132.5,119.7,130.4,378606,Tata communication
14-02-2011,131.6,132.9,126.6,130.9,263789,Tata communication
15-02-2011,130.3,132.2,127.2,130.7,113019,Tata communication
16-02-2011,130.6,132.4,129.1,131.6,63168,Tata communication
17-02-2011,130.4,135.2,130.4,133.6,123078,Tata communication
18-02-2011,133.6,135.5,129.5,130.5,87502,Tata communication
21-02-2011,131,132.8,128.5,130.9,65586,Tata communication
22-02-2011,131.2,131.2,128.4,129,74001,Tata communication
23-02-2011,129.9,139.3,129.9,136.1,549366,Tata communication
24-02-2011,135.9,142.7,135.9,139.3,1018740,Tata communication
25-02-2011,128.4,142.7,128.4,131.4,340285,Tata communication
28-02-2011,134.6,134.6,130.2,131.2,143945,Tata communication
01-03-2011,132.2,136.5,131.9,135.4,122566,Tata communication
03-03-2011,134.9,134.9,129.1,131.1,115984,Tata communication
04-03-2011,131.3,135.3,122.2,131.5,140309,Tata communication
07-03-2011,126.7,130.9,126.7,128.5,170958,Tata communication
08-03-2011,128.5,131.8,127.9,130.2,80661,Tata communication
09-03-2011,131.9,134.6,130.4,133.1,128064,Tata communication
10-03-2011,131.7,135.1,131.2,132.7,112172,Tata communication
11-03-2011,131.5,133.3,129.2,131.1,67629,Tata communication
14-03-2011,129.1,132.6,129.1,131.8,45144,Tata communication
15-03-2011,130.3,130.9,105.5,128.9,76581,Tata communication
16-03-2011,130.3,132.5,129.5,130.8,82036,Tata communication
17-03-2011,129.2,131.7,128.4,129.7,145769,Tata communication
18-03-2011,131.5,138.3,127.7,134.7,302992,Tata communication
21-03-2011,137.2,137.7,129.7,130.4,395964,Tata communication
22-03-2011,130.3,137.6,126,136.8,1271066,Tata communication
23-03-2011,127.4,153.6,117.9,152.5,3596113,Tata communication
24-03-2011,152.6,155,146.3,148.6,2110761,Tata communication
25-03-2011,148.9,150.8,143.9,146.9,695460,Tata communication
28-03-2011,148.3,156.6,144.5,153.2,1471057,Tata communication
29-03-2011,153.1,157.6,151,151.9,641056,Tata communication
30-03-2011,152.6,154.5,150.8,151.8,196633,Tata communication
31-03-2011,152,153.1,146,148.3,465275,Tata communication
01-04-2011,147.6,155.7,147.6,153.1,327654,Tata communication
04-04-2011,153.3,155.1,150.7,154,286844,Tata communication
05-04-2011,153.3,161,152,159.1,722999,Tata communication
06-04-2011,160.6,162.6,158.3,159,320357,Tata communication
07-04-2011,158.2,161.6,157.6,158.3,158414,Tata communication
08-04-2011,159,161.9,152.8,154.9,202762,Tata communication
11-04-2011,151,157.4,151,155.3,122785,Tata communication
13-04-2011,154.8,159.5,153.3,158.1,209995,Tata communication
15-04-2011,160.4,163.3,159.5,162.1,410748,Tata communication
18-04-2011,163.6,165,157.4,158.5,256054,Tata communication
19-04-2011,158.5,161.1,155.8,159.8,184612,Tata communication
20-04-2011,159.8,162.2,158.6,160.5,103008,Tata communication
21-04-2011,160.8,162.4,158.9,159.5,74194,Tata communication
25-04-2011,160.3,161.9,157.3,157.9,101277,Tata communication
26-04-2011,158.9,160,156.5,157.3,147408,Tata communication
27-04-2011,157.9,158.6,156.4,156.8,64734,Tata communication
28-04-2011,157.6,157.6,148.3,150.1,240811,Tata communication
29-04-2011,149.8,152.9,146.5,147.2,203632,Tata communication
02-05-2011,147,150.1,145.2,146.8,105447,Tata communication
03-05-2011,145.8,147.6,142,142.7,121451,Tata communication
04-05-2011,144.5,144.5,140.2,140.9,79390,Tata communication
05-05-2011,140.3,141.4,135.4,137,101414,Tata communication
06-05-2011,138.3,141.9,133.8,139,202555,Tata communication
09-05-2011,137.2,140.1,136.6,137.8,83139,Tata communication
10-05-2011,142.5,143,137.1,137.8,151953,Tata communication
11-05-2011,137.9,140.8,137.5,138,112101,Tata communication
12-05-2011,137.8,139,134.2,137.1,70176,Tata communication
13-05-2011,133.5,140.2,130.9,138.5,68174,Tata communication
16-05-2011,141,141.9,135.3,137.2,39058,Tata communication
17-05-2011,136.5,138.1,134.9,136.2,70697,Tata communication
18-05-2011,137.8,137.8,131.8,134.3,98258,Tata communication
19-05-2011,134.3,135.8,131.8,132.7,42997,Tata communication
20-05-2011,131.2,138.3,130.4,132.8,100012,Tata communication
23-05-2011,133.4,133.5,130.9,131.3,44995,Tata communication
24-05-2011,131.9,132,129.4,130.5,80032,Tata communication
25-05-2011,130.6,131.1,127.7,128.3,94679,Tata communication
26-05-2011,129.6,134.6,124.1,130.7,365517,Tata communication
27-05-2011,130.7,134.9,130.7,133.4,86861,Tata communication
30-05-2011,133.5,135.7,131.1,131.7,137557,Tata communication
31-05-2011,132.2,134.4,131.5,133.3,156622,Tata communication
01-06-2011,134,141,131.7,137.8,454848,Tata communication
02-06-2011,135.8,144.8,135.3,140.7,786795,Tata communication
03-06-2011,142.3,143.5,137.2,137.9,220501,Tata communication
06-06-2011,139.4,139.4,135.6,137.1,82451,Tata communication
07-06-2011,136.9,138.3,136.2,137.1,61569,Tata communication
08-06-2011,135.9,139,135.1,135.6,211127,Tata communication
09-06-2011,146.4,146.4,135.3,137.6,277497,Tata communication
10-06-2011,138.3,138.4,133.5,134.5,219017,Tata communication
13-06-2011,135.9,135.9,132.4,133,156565,Tata communication
14-06-2011,135.1,135.4,132.5,132.9,170244,Tata communication
15-06-2011,133.5,134,130.3,130.8,155170,Tata communication
16-06-2011,130.9,131.5,129.1,129.6,191485,Tata communication
17-06-2011,129.7,130.9,126.9,127.3,199629,Tata communication
20-06-2011,127.7,128.3,114.8,118,380571,Tata communication
21-06-2011,118.5,120.6,117,118.2,179323,Tata communication
22-06-2011,118.6,122.2,113.7,114.4,330937,Tata communication
23-06-2011,117.1,117.8,113,113.9,264967,Tata communication
24-06-2011,115.4,118.1,114.3,117.1,277442,Tata communication
27-06-2011,113.5,118.5,113.5,116.8,275950,Tata communication
28-06-2011,118.7,118.8,116.8,117.8,271708,Tata communication
29-06-2011,118.4,120.7,117.9,119.7,346320,Tata communication
30-06-2011,120.9,122.9,120,122.3,348661,Tata communication
01-07-2011,122.9,127.8,121.8,126.6,226283,Tata communication
04-07-2011,128,130.8,127.3,130.1,241106,Tata communication
05-07-2011,135.1,139.4,133.3,136.3,1511808,Tata communication
06-07-2011,135.8,136.8,133,133.6,234396,Tata communication
07-07-2011,133.7,137.4,131.9,135.5,324898,Tata communication
08-07-2011,135.9,136.2,130.7,131.4,178597,Tata communication
11-07-2011,131.4,131.8,129.1,129.4,187834,Tata communication
12-07-2011,129,129,123.6,125,188143,Tata communication
13-07-2011,126.6,128.2,125.3,126.1,221450,Tata communication
14-07-2011,126.1,128.4,125.5,127.2,121332,Tata communication
15-07-2011,126.1,128.2,125.4,127,89408,Tata communication
18-07-2011,127,134.3,127,133.4,820912,Tata communication
19-07-2011,134,134.9,131.6,133.4,475366,Tata communication
20-07-2011,134,134.7,132.3,133.4,243358,Tata communication
21-07-2011,132.2,136.4,132.2,134.2,165447,Tata communication
22-07-2011,134,137.7,134,136.7,169809,Tata communication
25-07-2011,138.3,145.4,136.8,144.3,776715,Tata communication
26-07-2011,145.2,145.4,139.4,140,438418,Tata communication
27-07-2011,140.8,143.2,138.1,141.8,265973,Tata communication
28-07-2011,142.1,142.6,135.4,136.9,488729,Tata communication
29-07-2011,136.1,140.9,135.4,138.2,265769,Tata communication
01-08-2011,140.7,141.3,137.9,138.7,161534,Tata communication
02-08-2011,137.2,138.6,132.2,132.7,120202,Tata communication
03-08-2011,132.7,134.8,126.7,134.2,181205,Tata communication
04-08-2011,134.7,137.4,130.9,131.8,113164,Tata communication
05-08-2011,125.9,131,124.1,128.4,166063,Tata communication
08-08-2011,127.8,129.3,124.3,126.9,123325,Tata communication
09-08-2011,123.3,126.6,118.5,123.7,260533,Tata communication
10-08-2011,126,127.5,123.1,125.1,195313,Tata communication
11-08-2011,130.3,136.5,130.3,134.3,953414,Tata communication
12-08-2011,145.8,145.8,127.2,128.6,282812,Tata communication
16-08-2011,130.5,130.5,126,126.8,119260,Tata communication
17-08-2011,125.8,128.7,124.2,125,107428,Tata communication
19-08-2011,118.8,124.6,114.8,117.6,213728,Tata communication
22-08-2011,118.5,122.9,117.9,122.2,225669,Tata communication
23-08-2011,123.5,125,122,124.2,239962,Tata communication
24-08-2011,124.1,126.7,122.9,123.6,172397,Tata communication
25-08-2011,124.7,125.9,120.5,122.2,1235482,Tata communication
26-08-2011,122.3,123.5,116.2,117.9,122953,Tata communication
29-08-2011,119.2,126.9,119.2,124.4,261445,Tata communication
30-08-2011,126.9,127.8,125.6,126.1,161455,Tata communication
02-09-2011,126.1,128.7,124.7,126.4,97729,Tata communication
05-09-2011,124.7,125.9,123.8,125.3,55198,Tata communication
06-09-2011,125.3,126,123.2,125.6,70025,Tata communication
07-09-2011,130.1,130.1,126,127.2,209253,Tata communication
08-09-2011,129.6,129.6,127.2,128.7,138332,Tata communication
09-09-2011,130.2,132.6,127.9,128.6,269952,Tata communication
12-09-2011,124.1,128.1,111.1,124.9,109380,Tata communication
13-09-2011,127.1,129.4,123.6,125.1,142868,Tata communication
14-09-2011,125.5,127.2,124.2,126.9,86488,Tata communication
15-09-2011,127,127.9,125.5,127.3,136711,Tata communication
16-09-2011,127.5,128.4,126,126.7,47780,Tata communication
19-09-2011,126.3,127.2,124.4,126.1,72695,Tata communication
20-09-2011,126,127.2,124.7,126.8,100997,Tata communication
21-09-2011,126.9,128.4,125.4,125.9,157889,Tata communication
22-09-2011,125.9,125.9,119,119.7,252858,Tata communication
23-09-2011,119.1,120.3,117.3,119.2,186607,Tata communication
26-09-2011,119.5,119.5,116,117.9,142450,Tata communication
27-09-2011,118.5,122.2,118.5,120.9,150842,Tata communication
28-09-2011,122.8,122.8,116.7,117.6,140140,Tata communication
29-09-2011,117.1,118.5,115.2,116.2,737856,Tata communication
30-09-2011,117.9,119.3,114.9,115.6,153321,Tata communication
03-10-2011,114.8,115.3,113,114.4,82697,Tata communication
04-10-2011,113.1,115.5,111.1,111.7,227174,Tata communication
05-10-2011,109.2,112.9,109.2,111.4,115213,Tata communication
07-10-2011,112.1,114.1,111.7,112.9,89882,Tata communication
10-10-2011,113,116.5,111.4,115.6,105310,Tata communication
11-10-2011,116.1,117.9,112.3,113,222980,Tata communication
12-10-2011,113.5,114.6,112.5,113.7,126158,Tata communication
13-10-2011,114.4,115.3,112.6,113.1,142755,Tata communication
14-10-2011,112.1,115.3,111.7,114.3,198608,Tata communication
17-10-2011,117.9,120.7,115.8,118.4,310127,Tata communication
18-10-2011,117.7,118.3,114.2,114.7,208216,Tata communication
19-10-2011,115.5,116.3,114.9,115.5,199790,Tata communication
20-10-2011,115.4,116.2,113.1,113.5,217945,Tata communication
21-10-2011,113.5,115.3,112.6,113.5,206275,Tata communication
24-10-2011,114.2,115.7,112.4,113.5,88780,Tata communication
25-10-2011,113.3,114.4,112.3,113.7,266423,Tata communication
26-10-2011,114.4,116.9,112.6,115.1,21889,Tata communication
28-10-2011,116.6,117.5,114.2,117,210368,Tata communication
31-10-2011,117.9,118.8,116.8,117.3,212788,Tata communication
01-11-2011,103.4,118.9,103.4,115.2,112693,Tata communication
02-11-2011,114,116.5,114,115.4,46533,Tata communication
03-11-2011,116,116.3,114.2,115.3,85141,Tata communication
04-11-2011,115.3,117.8,115.3,116.5,130103,Tata communication
08-11-2011,116.7,117.2,114.9,115.9,112082,Tata communication
09-11-2011,116.6,119.1,114.8,116.1,398396,Tata communication
11-11-2011,114.9,125.5,114.9,121.8,929661,Tata communication
14-11-2011,124.1,125.3,120.1,120.7,257145,Tata communication
15-11-2011,120.7,121.5,116.1,117.4,149911,Tata communication
16-11-2011,117.8,121,112.4,119.3,210662,Tata communication
17-11-2011,117.9,121,114.9,116.6,117820,Tata communication
18-11-2011,117.3,117.3,114.3,115.5,78523,Tata communication
21-11-2011,114.2,120.1,114,116.3,287375,Tata communication
22-11-2011,116,117.3,114.8,116.6,109874,Tata communication
23-11-2011,117.2,117.2,111.3,112.1,126696,Tata communication
24-11-2011,113.4,114.4,109.2,113,420366,Tata communication
25-11-2011,112.9,116.3,111.7,115.7,88974,Tata communication
28-11-2011,113.1,120.1,113.1,119.5,99997,Tata communication
29-11-2011,117.9,120.3,117,118.7,158571,Tata communication
30-11-2011,118.9,121,115.5,118.9,93418,Tata communication
01-12-2011,120.3,124.6,119.3,119.9,225848,Tata communication
02-12-2011,122.2,122.8,118.2,122.1,63990,Tata communication
05-12-2011,121.8,124.1,120.7,123.6,68032,Tata communication
07-12-2011,122.2,124.1,121,122,118498,Tata communication
08-12-2011,122.8,122.8,117.9,118.4,81015,Tata communication
09-12-2011,116.6,119.7,116,118.2,88694,Tata communication
12-12-2011,116.7,120.1,116.6,117.2,65306,Tata communication
13-12-2011,115,119.4,115,118.4,71605,Tata communication
14-12-2011,121,123.5,119.8,122.8,465030,Tata communication
15-12-2011,122.2,127.5,120.2,126,210527,Tata communication
16-12-2011,127.2,129.1,123.8,124.8,411392,Tata communication
19-12-2011,124.7,129.1,123.5,128.6,306915,Tata communication
20-12-2011,130.2,134.5,127.7,131,665881,Tata communication
21-12-2011,132.2,134,129.1,132,190909,Tata communication
22-12-2011,132,132,126.4,129.9,81486,Tata communication
23-12-2011,128,130.9,127.8,128.7,67259,Tata communication
26-12-2011,129.7,133.4,129.1,132.9,223175,Tata communication
27-12-2011,133.4,134.8,129.7,130.9,175915,Tata communication
28-12-2011,131.5,132.1,130.3,131.1,93572,Tata communication
29-12-2011,131.4,134.5,130.9,132.2,323390,Tata communication
30-12-2011,133.4,134,131.4,131.8,162577,Tata communication
02-01-2012,132.8,133.6,131,132,73282,Tata communication
03-01-2012,132.8,136.3,132.8,135.6,188840,Tata communication
04-01-2012,136.4,136.4,133.1,133.9,102763,Tata communication
05-01-2012,135.7,136,132.9,133.9,73832,Tata communication
06-01-2012,131.4,134.4,131.4,133.7,71957,Tata communication
09-01-2012,134,135.4,131.5,134,91127,Tata communication
10-01-2012,134,136.3,133.7,134.8,89544,Tata communication
11-01-2012,134.9,135.2,133.5,134.5,73150,Tata communication
12-01-2012,134.4,139.9,134.1,138.6,207855,Tata communication
13-01-2012,136.5,141.2,135.6,138.1,132545,Tata communication
16-01-2012,137.7,141.2,136.6,137.4,165255,Tata communication
17-01-2012,137.8,139.9,136.5,136.8,139056,Tata communication
18-01-2012,136.8,138.9,127.4,134.5,138133,Tata communication
19-01-2012,134.2,137.6,130.9,137.2,167297,Tata communication
20-01-2012,137.1,138.3,134,136.2,124449,Tata communication
23-01-2012,135.9,141.3,135,139.7,231557,Tata communication
24-01-2012,141.2,142.2,138.4,140.7,281722,Tata communication
25-01-2012,142.2,148.3,140.7,146.7,637996,Tata communication
27-01-2012,142.8,147,140.8,143.9,337303,Tata communication
30-01-2012,139.1,143.3,137.3,138.3,137072,Tata communication
31-01-2012,132.2,142.7,132.2,140,207829,Tata communication
01-02-2012,137.2,142,137.2,140.2,124858,Tata communication
02-02-2012,140.8,146,138.7,144.1,347273,Tata communication
03-02-2012,144,147.7,141.5,142.2,189436,Tata communication
06-02-2012,145.7,145.7,139.7,141.5,182527,Tata communication
07-02-2012,141,143.3,137.2,137.8,121905,Tata communication
08-02-2012,137.8,140.8,136.9,139.2,70696,Tata communication
09-02-2012,139,140.8,137.8,139,86360,Tata communication
10-02-2012,137.8,140.2,136.7,138.7,169575,Tata communication
13-02-2012,138.9,139.3,137.2,137.6,81319,Tata communication
14-02-2012,137.9,150.6,137.9,148.2,740089,Tata communication
15-02-2012,148.2,152.4,144,148.8,598164,Tata communication
16-02-2012,149.6,151.3,145.2,145.9,161951,Tata communication
17-02-2012,146.4,152,144,146.8,666452,Tata communication
21-02-2012,147.7,149.7,146,148,254203,Tata communication
22-02-2012,150.8,163.4,146.7,157.5,3674277,Tata communication
23-02-2012,160.3,161.9,150.3,155.3,2389755,Tata communication
24-02-2012,155.1,155.8,145.2,146,719485,Tata communication
27-02-2012,145.8,146.4,138.7,139.7,263179,Tata communication
28-02-2012,139.1,145.1,139,144.4,186931,Tata communication
29-02-2012,145.5,146.9,143.9,145,202348,Tata communication
01-03-2012,145.8,152.2,144.7,146.6,703780,Tata communication
02-03-2012,147.8,151.9,145.4,151,414619,Tata communication
05-03-2012,149.9,150.1,145.2,146,110183,Tata communication
06-03-2012,147.1,149.8,139.9,141.9,177262,Tata communication
07-03-2012,139.6,144,138.5,142.8,154028,Tata communication
09-03-2012,144.5,147.8,144.5,146.4,176045,Tata communication
12-03-2012,147.8,149.2,145.6,147,122861,Tata communication
13-03-2012,146.6,148.9,146.1,147,71593,Tata communication
14-03-2012,147.7,148.8,143.4,144.8,129371,Tata communication
15-03-2012,144.8,145.2,138.5,139.4,120789,Tata communication
16-03-2012,139.4,142.6,138.5,139,108127,Tata communication
19-03-2012,139.5,141.4,137.1,138.5,52112,Tata communication
20-03-2012,138.4,146.7,137.9,142.8,450758,Tata communication
21-03-2012,143.2,143.9,140.9,143,108290,Tata communication
22-03-2012,141.9,145.5,136.8,137.9,329137,Tata communication
23-03-2012,140.7,141.5,136.6,139,242750,Tata communication
26-03-2012,140.8,140.8,134.8,135.7,136371,Tata communication
27-03-2012,136.5,139.9,135.3,138.2,175712,Tata communication
28-03-2012,137.6,139,134.1,135.5,99683,Tata communication
29-03-2012,135.8,137.4,130.4,134.1,1038377,Tata communication
30-03-2012,137.1,141.1,136.5,140.2,227042,Tata communication
02-04-2012,139.5,141.3,138.6,139.9,75766,Tata communication
03-04-2012,141,143.4,138.4,140.9,127146,Tata communication
04-04-2012,140.5,141.4,139,140.7,66981,Tata communication
09-04-2012,135.6,140.8,135.6,138.1,50653,Tata communication
10-04-2012,139.6,141,137.9,139.3,107251,Tata communication
11-04-2012,139.4,141.2,136.5,139.3,237097,Tata communication
12-04-2012,141.6,142.5,138.4,141.8,165214,Tata communication
13-04-2012,142.7,145.1,139.7,140.8,319236,Tata communication
16-04-2012,140.7,142,139,141.1,39782,Tata communication
17-04-2012,140.5,143,139.7,141.9,92592,Tata communication
18-04-2012,142.8,147.1,140.9,145.7,418858,Tata communication
19-04-2012,146.8,150.3,144.1,146.4,443628,Tata communication
20-04-2012,146.4,148.4,144.3,145.6,258571,Tata communication
23-04-2012,148.2,148.2,141.3,142.4,179009,Tata communication
24-04-2012,142.8,144.5,139.3,141.7,234364,Tata communication
25-04-2012,141.5,143.9,138.1,139.1,183517,Tata communication
26-04-2012,141.4,147.5,140.5,145.9,686996,Tata communication
27-04-2012,147,148.9,143.4,145,275269,Tata communication
30-04-2012,146.8,148.5,133.5,147.5,110230,Tata communication
02-05-2012,150.5,150.5,144.7,146,208478,Tata communication
03-05-2012,145.7,147.7,143.4,144.3,142092,Tata communication
04-05-2012,144.2,144.2,139.1,139.7,76016,Tata communication
07-05-2012,139.6,142.7,136.6,142.3,89758,Tata communication
08-05-2012,141.7,144.5,136.6,138.1,83381,Tata communication
09-05-2012,135.8,138.7,134.4,135,86122,Tata communication
10-05-2012,134.9,137.4,133.6,133.8,126413,Tata communication
11-05-2012,133.5,135.8,132.2,134.2,67153,Tata communication
14-05-2012,139,139,132.2,132.8,75551,Tata communication
15-05-2012,132.7,136.3,130.3,135.8,77625,Tata communication
16-05-2012,134.9,134.9,129.1,130.4,107573,Tata communication
17-05-2012,130.5,133.3,128.9,132.3,152143,Tata communication
18-05-2012,130.6,131.2,127.9,130,56397,Tata communication
21-05-2012,131.4,133.6,124.8,125.4,355614,Tata communication
22-05-2012,128.4,129.2,123.3,124.9,333074,Tata communication
23-05-2012,124.7,127.8,122.5,126.9,161972,Tata communication
24-05-2012,127.5,130,126,129.5,138944,Tata communication
25-05-2012,130,134.5,128.8,132.7,286945,Tata communication
28-05-2012,132.8,137.6,132.8,136.9,138377,Tata communication
29-05-2012,136.9,139.8,135,138.5,117382,Tata communication
30-05-2012,138.6,138.6,133.8,134.5,86187,Tata communication
31-05-2012,134.1,136.4,132.3,135.3,127996,Tata communication
01-06-2012,135.3,137,132.6,134.3,94275,Tata communication
04-06-2012,133.2,136.5,131.8,136.2,94733,Tata communication
05-06-2012,139.3,139.5,136.2,137.2,118013,Tata communication
06-06-2012,139,141.5,135.3,140.3,133275,Tata communication
07-06-2012,140.4,142,136.4,137.2,184546,Tata communication
08-06-2012,136.5,138.4,135.6,137.6,90155,Tata communication
11-06-2012,137.3,139.4,135.6,136.6,126486,Tata communication
12-06-2012,135.6,138.5,134.1,138.1,76796,Tata communication
13-06-2012,137.7,139.5,135.6,138.1,90509,Tata communication
14-06-2012,138.9,138.9,133.6,133.9,139540,Tata communication
15-06-2012,136.3,136.4,131,132.4,317833,Tata communication
18-06-2012,133,134.6,128.5,129.5,213381,Tata communication
19-06-2012,128.5,130.6,124.7,125.6,263723,Tata communication
20-06-2012,126.3,130.9,125.5,129.5,157501,Tata communication
21-06-2012,130.2,133.5,129.7,133.1,99649,Tata communication
22-06-2012,133,137,130.4,136.3,183786,Tata communication
25-06-2012,138.4,141.4,136.5,139.4,340044,Tata communication
26-06-2012,138.9,142.6,138.4,140.7,331978,Tata communication
27-06-2012,141.8,142,137.2,138.9,201891,Tata communication
28-06-2012,140.1,142.9,138.8,140.9,1431537,Tata communication
29-06-2012,142.6,145.8,142.2,144.4,201315,Tata communication
02-07-2012,145.5,148.8,144,145.8,417851,Tata communication
03-07-2012,146.5,147.8,146.1,147.4,303470,Tata communication
04-07-2012,147.4,151.3,146.7,150.6,316089,Tata communication
05-07-2012,150.2,151.2,147.2,149.1,315398,Tata communication
06-07-2012,148.3,152.5,146.5,151,439533,Tata communication
09-07-2012,150.8,154.5,149.8,151.1,395392,Tata communication
10-07-2012,151.1,154.7,150,154,204093,Tata communication
11-07-2012,154.1,154.5,151.6,152.3,120921,Tata communication
12-07-2012,152,153.1,150.2,151.5,105836,Tata communication
13-07-2012,152.6,153.8,141,151.8,131612,Tata communication
16-07-2012,151.3,151.3,147.4,148.1,137501,Tata communication
17-07-2012,148.1,151.8,147.7,148,70165,Tata communication
18-07-2012,148,160.2,144.1,156.2,561718,Tata communication
19-07-2012,157.6,158,152.2,152.5,269543,Tata communication
20-07-2012,155.1,163.7,155.1,161.4,2217459,Tata communication
23-07-2012,162.2,162.2,157.8,159.5,231051,Tata communication
24-07-2012,160.1,160.7,156.7,159.1,123705,Tata communication
25-07-2012,159.4,162.5,156.6,160.5,174040,Tata communication
26-07-2012,161.7,165,155.3,157.5,906581,Tata communication
27-07-2012,159.8,161.3,153.3,154.8,264479,Tata communication
30-07-2012,154.6,157.6,151.7,155.1,109842,Tata communication
31-07-2012,154.1,154.1,151.5,153.2,132564,Tata communication
01-08-2012,152.9,154.4,150.8,152,127218,Tata communication
02-08-2012,153.6,156,150.5,151.3,218512,Tata communication
03-08-2012,151.8,153.2,148.5,151.7,186202,Tata communication
06-08-2012,152,153.8,150.2,150.9,106281,Tata communication
07-08-2012,153.7,153.7,150.5,151.3,143257,Tata communication
08-08-2012,152.6,152.6,148.3,148.8,46482,Tata communication
09-08-2012,148.9,150.8,145.2,148.3,87352,Tata communication
10-08-2012,149.5,150.3,145.8,147.3,60252,Tata communication
13-08-2012,151.2,151.2,146.6,147.2,73041,Tata communication
14-08-2012,146.7,149.5,145.8,147,142525,Tata communication
16-08-2012,146.6,150.1,146,146.7,113610,Tata communication
17-08-2012,147,147.9,144.9,145.3,75608,Tata communication
21-08-2012,140.9,147.3,140.1,146.8,113260,Tata communication
22-08-2012,146.9,146.9,144.6,144.8,54484,Tata communication
23-08-2012,146.4,146.4,143.5,145.3,79395,Tata communication
24-08-2012,147.4,147.5,143.2,143.7,72507,Tata communication
27-08-2012,143.3,145.4,140.8,141.6,83899,Tata communication
28-08-2012,143.1,143.1,140.1,140.9,43501,Tata communication
29-08-2012,140.9,143,139.9,142.1,81332,Tata communication
30-08-2012,142.7,144.5,139.7,143.6,113115,Tata communication
31-08-2012,143.8,145.7,141.5,142.5,44434,Tata communication
03-09-2012,142,142.6,139.7,141.3,62756,Tata communication
04-09-2012,139.6,143.3,139.1,140.1,82663,Tata communication
05-09-2012,139.9,144.3,139.1,139.5,216396,Tata communication
06-09-2012,141.1,142.2,139,141.8,131098,Tata communication
07-09-2012,145.1,145.1,142.4,143.4,115575,Tata communication
10-09-2012,143.4,146.3,142.2,144.1,112661,Tata communication
11-09-2012,143.9,150.5,143.4,149.6,267373,Tata communication
12-09-2012,150.8,152.3,149,149.7,128933,Tata communication
13-09-2012,149.7,150.4,147,147.4,46737,Tata communication
14-09-2012,147.9,149.7,146.4,147,62401,Tata communication
17-09-2012,149.4,151.3,148.6,150.6,86890,Tata communication
18-09-2012,151.1,155.1,150.5,153.9,179134,Tata communication
20-09-2012,153.8,159.3,151.8,154.4,475884,Tata communication
21-09-2012,155.1,156.8,152.4,153.5,158871,Tata communication
24-09-2012,152.5,156.6,151.6,152.3,122104,Tata communication
25-09-2012,152.8,154.4,150.8,152.6,81783,Tata communication
26-09-2012,152,154.8,150.9,153,113193,Tata communication
27-09-2012,153.6,154.7,150.5,151.6,209785,Tata communication
28-09-2012,152.6,154.6,150.2,151,82728,Tata communication
01-10-2012,150.3,152.6,149,151,76826,Tata communication
03-10-2012,151,156.9,148.8,155.9,346034,Tata communication
04-10-2012,156.4,159.5,155.3,157.4,161500,Tata communication
05-10-2012,158.3,159.5,153.3,154.2,186067,Tata communication
08-10-2012,153.4,158.7,152.6,156.2,203260,Tata communication
09-10-2012,157.4,158,153.3,154.2,140541,Tata communication
10-10-2012,153.3,154.1,150.1,151.2,147094,Tata communication
11-10-2012,153.4,153.6,150.6,152.6,58114,Tata communication
12-10-2012,152.7,155.1,151.5,152.7,133747,Tata communication
15-10-2012,152.4,154.4,152.1,152.8,48097,Tata communication
16-10-2012,153.5,153.9,150.9,151.5,70263,Tata communication
17-10-2012,152.5,152.6,150,151.1,52481,Tata communication
18-10-2012,152.3,155.2,150.8,154.5,100809,Tata communication
19-10-2012,151.1,156.9,151.1,154.9,117319,Tata communication
22-10-2012,154,157.3,154,155.9,171914,Tata communication
23-10-2012,157.1,157.3,154.2,154.9,92155,Tata communication
25-10-2012,154.5,155.4,152.4,152.9,135988,Tata communication
26-10-2012,152.6,153.9,151,152.3,54149,Tata communication
29-10-2012,152,153.5,151.3,151.5,47827,Tata communication
30-10-2012,151.6,153.2,149.9,150.2,35570,Tata communication
31-10-2012,153.1,153.1,149,151.2,37626,Tata communication
01-11-2012,150.4,155.3,150.2,153.8,149143,Tata communication
02-11-2012,154.5,156.3,152.7,155.7,210623,Tata communication
05-11-2012,157.6,158.8,154.2,156.9,104225,Tata communication
06-11-2012,167.5,167.5,153.3,156.2,284980,Tata communication
07-11-2012,154.4,156.7,145.9,154.6,312276,Tata communication
08-11-2012,154.6,155.7,151.6,152.3,197952,Tata communication
09-11-2012,154.5,154.5,147.8,148.7,118820,Tata communication
12-11-2012,148.4,148.4,146.4,146.8,60578,Tata communication
13-11-2012,147.4,147.9,146.7,147.6,7914,Tata communication
15-11-2012,147.7,147.7,145.3,146.8,116682,Tata communication
16-11-2012,147.3,148.3,144,144.4,70733,Tata communication
19-11-2012,144.9,147.4,143.7,144.9,113185,Tata communication
20-11-2012,145.3,146.2,141.3,142.1,95005,Tata communication
21-11-2012,140.3,142.1,137.2,141.3,227895,Tata communication
22-11-2012,141.6,145,140.5,143,174394,Tata communication
23-11-2012,143.1,144.4,141.2,143,59262,Tata communication
26-11-2012,145.8,145.8,140.9,141.8,108880,Tata communication
27-11-2012,142,148.3,141.2,147.3,226960,Tata communication
29-11-2012,148,149,143.7,146.2,334889,Tata communication
30-11-2012,147.2,149.2,144,148.4,240989,Tata communication
03-12-2012,147.7,147.7,142.2,142.5,329474,Tata communication
04-12-2012,142.4,143.9,141.2,142.4,233754,Tata communication
05-12-2012,143.1,144.5,141.8,142.2,200644,Tata communication
06-12-2012,142.9,142.9,140.9,142.3,180109,Tata communication
07-12-2012,143.3,145.2,142.8,144.3,217951,Tata communication
10-12-2012,146.1,147.2,143.6,144.3,284228,Tata communication
11-12-2012,144.8,145.7,140.5,142.1,241145,Tata communication
12-12-2012,142.8,143.9,141.1,141.7,156250,Tata communication
13-12-2012,141.9,142.6,138.4,138.9,183350,Tata communication
14-12-2012,138.3,140,137.1,139.3,273890,Tata communication
17-12-2012,139.3,140.7,137.9,138.9,99047,Tata communication
18-12-2012,139.3,142,137.8,141.2,180263,Tata communication
19-12-2012,142.8,143.4,140.3,140.9,327910,Tata communication
20-12-2012,143.8,143.8,139.8,140.2,103530,Tata communication
21-12-2012,140.3,140.4,138.7,139.2,268233,Tata communication
24-12-2012,140.2,140.2,136.6,138.2,103367,Tata communication
26-12-2012,138.4,139.8,137.7,139.4,233479,Tata communication
27-12-2012,140,140,137.2,138.4,680963,Tata communication
28-12-2012,139.9,148.2,138.5,147,669500,Tata communication
31-12-2012,146.4,150.1,144.6,146.2,452543,Tata communication
01-01-2013,148.3,151.9,145.5,150.7,405592,Tata communication
02-01-2013,152,153.6,150,150.6,330823,Tata communication
03-01-2013,152,156.8,149.9,156,571338,Tata communication
04-01-2013,156.5,160,153.3,156.7,448519,Tata communication
07-01-2013,156.7,159.7,153.3,155.2,313126,Tata communication
08-01-2013,154.5,156.4,152.8,153.5,238564,Tata communication
09-01-2013,153.9,156.6,153.3,155,334208,Tata communication
10-01-2013,156,156,151.8,152.2,294532,Tata communication
11-01-2013,152.7,153.5,146.5,147,271436,Tata communication
14-01-2013,147,152.6,144.7,151.6,290680,Tata communication
15-01-2013,152.1,156.3,149,152.4,593803,Tata communication
16-01-2013,152.4,153.9,148.9,149.2,422622,Tata communication
17-01-2013,150.4,152.6,149.2,150.7,405430,Tata communication
18-01-2013,151.4,151.9,147.5,148.1,183052,Tata communication
21-01-2013,148.7,151.8,147.5,150.9,347960,Tata communication
22-01-2013,152,153,149.6,150.5,380346,Tata communication
23-01-2013,150.2,152.6,148,149.6,219386,Tata communication
24-01-2013,150,150.2,141.6,143,363161,Tata communication
25-01-2013,143.4,145.2,139.4,144.3,235312,Tata communication
28-01-2013,144.2,144.9,142.8,143.9,114560,Tata communication
29-01-2013,144,144.9,140.6,141.3,113910,Tata communication
30-01-2013,141.6,143.3,140.5,142.7,95123,Tata communication
31-01-2013,144.2,146.7,140.7,144.4,305805,Tata communication
01-02-2013,143.4,144.4,142.4,142.7,55430,Tata communication
04-02-2013,143.1,144.2,141,141.8,83604,Tata communication
05-02-2013,141.8,142.4,139.6,140.9,91278,Tata communication
06-02-2013,141.4,142.5,140.3,141.6,63655,Tata communication
07-02-2013,142.1,142.5,139,139.5,81694,Tata communication
08-02-2013,139.6,140.3,138.2,139,95720,Tata communication
11-02-2013,143.9,143.9,139.3,141.4,175877,Tata communication
12-02-2013,141.5,143.2,139.7,141.8,163236,Tata communication
13-02-2013,142.3,143.6,140.3,140.8,133493,Tata communication
14-02-2013,140.7,142,139,140,121143,Tata communication
15-02-2013,140.8,142,138.7,139.8,103191,Tata communication
18-02-2013,139.6,146.1,137.8,145.1,270951,Tata communication
19-02-2013,145.1,146.1,143.3,144.4,169254,Tata communication
20-02-2013,144.7,145.8,141.6,143.4,144201,Tata communication
21-02-2013,144,144,139.6,140.1,91219,Tata communication
22-02-2013,140.3,142.9,138.7,140.9,127012,Tata communication
25-02-2013,140.8,143.8,136.5,138.3,236456,Tata communication
26-02-2013,137.7,139.6,136.3,136.8,194513,Tata communication
27-02-2013,137.4,138.5,135.3,137.6,158254,Tata communication
28-02-2013,139.7,141.5,137,138.3,406659,Tata communication
01-03-2013,140.2,141.1,137.5,138.2,169938,Tata communication
04-03-2013,139,140.8,136.5,138.4,130813,Tata communication
05-03-2013,138.7,141.4,137.2,139.5,100741,Tata communication
06-03-2013,139.8,143.8,139.1,143.2,160371,Tata communication
07-03-2013,142.4,143.9,141.8,142.6,53469,Tata communication
08-03-2013,143.1,143.8,141.5,142.5,50801,Tata communication
11-03-2013,142.8,144.2,142.1,142.9,67703,Tata communication
12-03-2013,143.1,143.6,140.8,142.9,117879,Tata communication
13-03-2013,142.7,146,140.9,145.1,146350,Tata communication
14-03-2013,144.7,146.8,142.6,145,210496,Tata communication
15-03-2013,145.6,145.7,140.9,141.5,115349,Tata communication
18-03-2013,141.2,142.5,137.8,141.2,92652,Tata communication
19-03-2013,141.1,141.3,138.4,139.9,66135,Tata communication
20-03-2013,139.6,140,136.7,137.2,74280,Tata communication
21-03-2013,137.7,139.2,133.4,135.1,80565,Tata communication
22-03-2013,135.2,135.2,131,132,57423,Tata communication
25-03-2013,132.3,134.3,130.7,131.8,322240,Tata communication
26-03-2013,130.4,133.3,129.1,132.6,61809,Tata communication
28-03-2013,130.9,148.8,130.7,145.2,625981,Tata communication
01-04-2013,143.9,144.6,140.5,141.2,144742,Tata communication
02-04-2013,140.9,143.7,139,142.6,130640,Tata communication
03-04-2013,142.4,144.3,140.2,142.4,152818,Tata communication
04-04-2013,141.5,146.6,139,140,362944,Tata communication
05-04-2013,140,147,139,140.2,129799,Tata communication
08-04-2013,137.8,141.9,137.8,140.1,41617,Tata communication
09-04-2013,140,140.5,137.5,138.5,102266,Tata communication
10-04-2013,137.7,141.4,137.7,140.8,261990,Tata communication
11-04-2013,145.7,145.7,140.9,142.3,333709,Tata communication
12-04-2013,139.6,143,139.6,141.9,55933,Tata communication
15-04-2013,140.2,142.1,138.4,139,77669,Tata communication
16-04-2013,139,141.5,136.9,140.9,52518,Tata communication
17-04-2013,139.7,144.5,139.4,143.1,207602,Tata communication
18-04-2013,142.7,143.9,140.7,141.2,169822,Tata communication
22-04-2013,143.2,143.2,141.2,142.6,107829,Tata communication
23-04-2013,141.5,142,138.2,139.9,113572,Tata communication
25-04-2013,140.9,145.1,139.4,140.8,709946,Tata communication
26-04-2013,140.9,143.8,140.9,141.5,215775,Tata communication
29-04-2013,142.1,143.9,140.7,142,157173,Tata communication
30-04-2013,142.7,144.5,140.8,141.9,167337,Tata communication
02-05-2013,141.9,143.7,140.4,142.4,169331,Tata communication
03-05-2013,142.1,143.6,141.2,142.3,186412,Tata communication
06-05-2013,142.1,143.3,141.7,142.6,102412,Tata communication
07-05-2013,142.7,145.1,142.1,142.7,292633,Tata communication
08-05-2013,143.1,144.1,141.9,143.6,125018,Tata communication
09-05-2013,143.6,146.2,142.7,143.6,251316,Tata communication
10-05-2013,143.3,150.4,142.8,147.7,732880,Tata communication
13-05-2013,148.3,149,144.6,145.1,193502,Tata communication
14-05-2013,146.9,148.6,144.7,147.3,223677,Tata communication
15-05-2013,147.7,151.1,147.6,148.4,360425,Tata communication
16-05-2013,148.1,148.1,141.7,142.2,683363,Tata communication
17-05-2013,142.4,143.1,138.5,139.7,327614,Tata communication
20-05-2013,140.8,140.8,138.8,139.4,144902,Tata communication
21-05-2013,139.4,141.3,138.5,139.1,168981,Tata communication
22-05-2013,138.6,139.8,137.9,138.2,106552,Tata communication
23-05-2013,137.4,137.4,132.2,132.6,193948,Tata communication
24-05-2013,128.4,130,126.1,128.6,461944,Tata communication
27-05-2013,127.8,131.8,126.6,130.9,264201,Tata communication
28-05-2013,130.4,135.8,130.4,135.3,172333,Tata communication
29-05-2013,133.6,138.3,132.3,136.4,330089,Tata communication
30-05-2013,137,137,130.9,131.4,812736,Tata communication
31-05-2013,130.4,133,127.4,128.1,220695,Tata communication
03-06-2013,127.8,128.6,118.8,121.1,660766,Tata communication
04-06-2013,126.1,127.2,121.5,121.7,1048230,Tata communication
05-06-2013,122.1,122.1,118,120.9,350879,Tata communication
06-06-2013,120.4,123.4,119.6,122.4,196875,Tata communication
07-06-2013,121.6,122.1,119.7,120.1,203254,Tata communication
10-06-2013,120,120,118,118.8,172099,Tata communication
11-06-2013,118.2,120.7,115.8,119.3,170640,Tata communication
12-06-2013,118.5,119.3,115.6,116,245129,Tata communication
13-06-2013,115.5,115.6,112.6,113.5,156853,Tata communication
14-06-2013,114.8,117.7,113.9,116.9,198814,Tata communication
17-06-2013,116,118.4,114,117.2,282274,Tata communication
18-06-2013,117.6,121.3,117.1,118,445140,Tata communication
19-06-2013,119.4,120.6,116.7,117.2,583897,Tata communication
20-06-2013,117.1,117.1,113,113.6,193444,Tata communication
21-06-2013,112.7,114.5,108.7,110,245384,Tata communication
24-06-2013,110.3,110.3,102.5,103,311947,Tata communication
25-06-2013,103.3,105.1,98.5,101.1,303384,Tata communication
26-06-2013,101.1,101.8,94.6,95.8,428936,Tata communication
27-06-2013,96.6,98,91.8,94.8,1554463,Tata communication
28-06-2013,95.6,100.2,95,97.5,1703053,Tata communication
01-07-2013,99.1,113.2,99.1,110.4,2009442,Tata communication
02-07-2013,109.8,110.5,105.6,106.1,382896,Tata communication
03-07-2013,106.4,109.2,104.6,107.2,519211,Tata communication
04-07-2013,107.6,109.8,107.1,107.9,293402,Tata communication
05-07-2013,109.5,112.9,108,109,453759,Tata communication
08-07-2013,108.5,108.9,105.5,107.3,284806,Tata communication
09-07-2013,109,109,105.5,106.2,345931,Tata communication
10-07-2013,106.4,108.9,105.8,106.5,382472,Tata communication
11-07-2013,107.4,110.9,106.8,109.4,532545,Tata communication
12-07-2013,109.9,110.5,107,107.2,309714,Tata communication
15-07-2013,107.5,108.6,105.7,107.3,215748,Tata communication
16-07-2013,105.5,109.4,105,107.7,256464,Tata communication
17-07-2013,108.9,109.1,103.9,105.1,426623,Tata communication
18-07-2013,105.5,105.8,99.3,101.8,568615,Tata communication
19-07-2013,101.8,104.5,101.1,102.3,411467,Tata communication
22-07-2013,102.1,103.9,101.8,102.2,177162,Tata communication
23-07-2013,103.2,105,101.5,102.5,512381,Tata communication
24-07-2013,103.3,103.3,99.4,99.8,418161,Tata communication
25-07-2013,99,106.7,97.2,102.8,903209,Tata communication
26-07-2013,103.3,106.3,97.6,98.8,729127,Tata communication
29-07-2013,101.8,102.9,96.4,97.5,1092924,Tata communication
30-07-2013,97.2,98.4,93.1,94,465714,Tata communication
31-07-2013,93.1,93.8,88.5,91.5,749942,Tata communication
01-08-2013,92.2,94.3,89.8,91.6,730038,Tata communication
02-08-2013,92.1,93.6,88.1,89,339925,Tata communication
05-08-2013,88.8,90.4,85.1,89.4,584029,Tata communication
06-08-2013,88.7,90.9,86.9,89.2,396831,Tata communication
07-08-2013,89.2,91.8,88.1,90.5,381774,Tata communication
08-08-2013,90.6,94,89.7,92.3,282433,Tata communication
12-08-2013,93.4,93.9,89.3,93.2,704128,Tata communication
13-08-2013,92.4,97.1,92.1,95.2,860889,Tata communication
14-08-2013,95.6,104.8,95.4,102.2,5707388,Tata communication
16-08-2013,102.9,103.6,96.9,99.1,1245408,Tata communication
19-08-2013,99.9,101.1,95.8,99.4,360235,Tata communication
20-08-2013,101.1,104,98.4,102.6,721736,Tata communication
21-08-2013,102.9,107.1,100.1,101.1,831806,Tata communication
22-08-2013,100.5,103.9,99.3,103.2,374249,Tata communication
23-08-2013,104.2,104.8,101.2,102.5,253279,Tata communication
26-08-2013,103.4,105.4,102.1,103.5,299632,Tata communication
27-08-2013,103,104.8,100.6,102.6,270625,Tata communication
28-08-2013,103.4,104.5,100.5,103.5,524891,Tata communication
29-08-2013,103.6,108.1,103,104.6,2023808,Tata communication
30-08-2013,103.7,105.3,101.4,102.3,316731,Tata communication
02-09-2013,102.6,105.1,101.8,104.1,311029,Tata communication
03-09-2013,103.8,104.5,99.3,101.1,320964,Tata communication
04-09-2013,101.4,102,99.6,101.3,268942,Tata communication
05-09-2013,101.8,104.5,100.2,100.6,299741,Tata communication
06-09-2013,100.6,102.3,99.5,100.3,293357,Tata communication
10-09-2013,102.3,104.1,100.7,102.5,574479,Tata communication
11-09-2013,102.4,106.6,102.3,104.8,509226,Tata communication
12-09-2013,105.5,112.8,104.3,111.3,1034547,Tata communication
13-09-2013,113.4,114.3,111.3,112.7,871147,Tata communication
16-09-2013,113.8,114.7,109.9,111.1,245474,Tata communication
17-09-2013,111.3,113.7,110.1,112.6,256304,Tata communication
18-09-2013,112.9,114,108.7,111.5,366666,Tata communication
19-09-2013,112.9,116.9,112.2,115.7,545738,Tata communication
20-09-2013,113.5,116.8,112.4,115.9,359380,Tata communication
23-09-2013,115.1,115.9,113.1,114.2,241508,Tata communication
24-09-2013,114.1,117.7,113.6,114.8,586486,Tata communication
25-09-2013,115.4,116.5,113.3,114.6,359287,Tata communication
26-09-2013,114.2,117.5,114.2,116.2,431303,Tata communication
27-09-2013,116.6,123.4,116.6,121.3,1089955,Tata communication
30-09-2013,120.3,120.3,116.3,116.9,331413,Tata communication
01-10-2013,121.5,126.4,121,125.4,1791776,Tata communication
03-10-2013,127.8,133,127.6,130.6,1684966,Tata communication
04-10-2013,131.7,134.9,130.3,133.7,1401122,Tata communication
07-10-2013,133.6,134.3,129.8,132.9,448892,Tata communication
08-10-2013,129.1,137.7,129.1,136.9,728090,Tata communication
09-10-2013,138.1,138.3,134.7,135.3,436791,Tata communication
10-10-2013,136.5,139.3,134.8,138.4,471953,Tata communication
11-10-2013,139,139.6,137,138.2,211339,Tata communication
14-10-2013,136.7,139.9,136.7,138.6,247673,Tata communication
15-10-2013,139,146.4,138.4,142.3,1220114,Tata communication
17-10-2013,142.9,144.2,139,141.1,485246,Tata communication
18-10-2013,140.5,144.9,139.9,142.7,307677,Tata communication
21-10-2013,142.7,144.6,139.7,140.7,281958,Tata communication
22-10-2013,140.4,144.5,139,140.6,626116,Tata communication
23-10-2013,141.2,142.3,138.7,140.4,150773,Tata communication
24-10-2013,142.3,142.6,139.4,140,108770,Tata communication
25-10-2013,140,141.2,138.1,138.7,134001,Tata communication
28-10-2013,138.7,140.5,137.9,138.2,197314,Tata communication
29-10-2013,138.2,142.6,135.9,141.8,456653,Tata communication
30-10-2013,145.8,160.4,145.8,156.2,2669559,Tata communication
31-10-2013,157,164.4,155.8,163.7,3357427,Tata communication
01-11-2013,163.8,173.7,161.6,171.9,1335788,Tata communication
05-11-2013,170.1,172.1,166.7,168.7,364665,Tata communication
06-11-2013,169.6,169.6,161.9,163.5,730307,Tata communication
07-11-2013,164,169.1,161.5,163.2,504871,Tata communication
08-11-2013,162.6,165.6,160.5,162.3,230686,Tata communication
11-11-2013,160.1,179.5,158.8,177.7,1813997,Tata communication
12-11-2013,176.4,182.2,168.4,169.8,1437233,Tata communication
13-11-2013,171,174,166.8,171.3,487727,Tata communication
14-11-2013,173.8,177.4,172.8,173.4,516108,Tata communication
18-11-2013,173.8,176.4,172,173.2,447356,Tata communication
19-11-2013,173.3,179.7,171.3,176.3,787186,Tata communication
20-11-2013,177,179.4,172.6,174.3,707088,Tata communication
21-11-2013,174.1,175.2,170.7,171.6,231518,Tata communication
22-11-2013,173,173.6,167,168.9,402822,Tata communication
25-11-2013,167.5,171.8,166.5,168.3,479455,Tata communication
26-11-2013,167.6,170,166.3,168.2,142590,Tata communication
27-11-2013,166.6,169.4,163.2,166.3,373232,Tata communication
28-11-2013,168.5,176.4,168.4,175.2,1487975,Tata communication
29-11-2013,175,182.1,175,178.4,723142,Tata communication
02-12-2013,178.2,186.1,175.8,183.6,711354,Tata communication
03-12-2013,184.6,185.8,179.9,180.6,621885,Tata communication
04-12-2013,179.9,184.2,177.6,178.3,462342,Tata communication
05-12-2013,181.7,182.3,178.5,179,361549,Tata communication
06-12-2013,178.6,181.3,176,176.7,276338,Tata communication
09-12-2013,179.9,180.4,174.2,175.6,358055,Tata communication
10-12-2013,177.1,179.1,172.7,173.6,664243,Tata communication
11-12-2013,173.5,176,171.3,172.9,205895,Tata communication
12-12-2013,173.6,175.5,170.1,170.6,262099,Tata communication
13-12-2013,170.2,172.8,167.1,168.1,369908,Tata communication
16-12-2013,168.4,169.4,164,165.8,349336,Tata communication
17-12-2013,166.1,173.5,165.9,171.3,669969,Tata communication
18-12-2013,173,175.6,171.4,172.5,867671,Tata communication
19-12-2013,172.6,177.4,168.6,174.3,700627,Tata communication
20-12-2013,172.5,184.3,172.4,181.5,1791541,Tata communication
23-12-2013,183.5,184.5,178.9,180.1,939226,Tata communication
24-12-2013,180.3,189.1,180.3,183.8,1714140,Tata communication
26-12-2013,184.3,186.8,180.6,182.2,1370263,Tata communication
27-12-2013,183.4,189.2,181.8,185.5,1495781,Tata communication
30-12-2013,186.6,187.3,183,184,681139,Tata communication
31-12-2013,185.4,192.2,184.3,191.8,2126222,Tata communication
01-01-2014,193.1,194.6,190.5,192.1,1375588,Tata communication
02-01-2014,191.7,196,183.1,186,1350559,Tata communication
03-01-2014,186,192.7,185,191.9,1080678,Tata communication
06-01-2014,192.3,196.7,190.5,195.6,1018458,Tata communication
07-01-2014,196.9,197.9,190,195.1,1022871,Tata communication
08-01-2014,193.9,195.8,190.8,192.5,761390,Tata communication
09-01-2014,193.6,193.6,186.2,188.1,906092,Tata communication
10-01-2014,188.1,191.8,186.5,187.6,735470,Tata communication
13-01-2014,187.4,190.5,186.8,189.3,644586,Tata communication
14-01-2014,190.1,190.9,187.5,189.1,557391,Tata communication
15-01-2014,189.5,191.7,187.7,188.5,542647,Tata communication
16-01-2014,188.6,189.7,182.7,184.6,933193,Tata communication
17-01-2014,182.4,188.3,182.4,184.8,903238,Tata communication
20-01-2014,183.1,187.5,183.1,185.9,432463,Tata communication
21-01-2014,186.8,191.5,186.1,190.6,786987,Tata communication
22-01-2014,191.3,193.4,189.9,192.2,594431,Tata communication
23-01-2014,192.2,194.5,186.9,188.6,784417,Tata communication
24-01-2014,188.6,189.7,183,184.1,471057,Tata communication
27-01-2014,182.3,182.3,169.7,171.9,653333,Tata communication
28-01-2014,170.5,174.1,168.3,170.4,425583,Tata communication
29-01-2014,170.9,177.2,170.9,174.7,932313,Tata communication
30-01-2014,171.2,174.6,166.2,169.4,1204313,Tata communication
31-01-2014,169.2,172.3,169.2,171.2,914786,Tata communication
03-02-2014,170.6,172.3,164.5,165.7,571475,Tata communication
04-02-2014,160.4,172.1,160.4,169.7,1221881,Tata communication
05-02-2014,168.8,172.5,167.6,170.8,597533,Tata communication
06-02-2014,172.7,185.7,172.5,184.4,2949809,Tata communication
07-02-2014,186.1,187.8,180.2,182.5,1448248,Tata communication
10-02-2014,182.7,185.5,180.9,181.8,492947,Tata communication
11-02-2014,182.3,185.5,178.8,184.1,604217,Tata communication
12-02-2014,185.5,189.8,183.1,187.9,1250435,Tata communication
13-02-2014,188.6,189.2,179.9,181,1112524,Tata communication
14-02-2014,181.8,184.7,176.8,179.3,910177,Tata communication
17-02-2014,177.1,179.9,171.5,173.6,764087,Tata communication
18-02-2014,173.7,176.2,171.5,173.3,1154465,Tata communication
20-02-2014,168.8,172.4,166.1,170.4,967855,Tata communication
21-02-2014,169.4,172.8,166.4,168.4,1268193,Tata communication
24-02-2014,168.8,171.2,166.4,169.2,934339,Tata communication
25-02-2014,169.4,173.3,169.4,172.4,921688,Tata communication
26-02-2014,173.6,175.6,172.2,173.2,781015,Tata communication
28-02-2014,173.9,175,170.4,171.9,502479,Tata communication
03-03-2014,173.6,174.6,170.4,171.6,519362,Tata communication
04-03-2014,170.3,179.7,170.3,177.9,1938789,Tata communication
05-03-2014,180.3,182.1,176.3,177.9,1431815,Tata communication
06-03-2014,177.7,182.1,177.5,181.3,978129,Tata communication
07-03-2014,182.2,184.9,177.8,179.2,1244593,Tata communication
10-03-2014,177.3,182,177.3,179.5,824835,Tata communication
11-03-2014,178.7,180.3,173.9,174.4,763403,Tata communication
12-03-2014,174.8,179.2,171.3,178,983233,Tata communication
13-03-2014,179.1,181.1,174.9,176.4,857332,Tata communication
14-03-2014,174.7,179,173.9,175.1,559620,Tata communication
18-03-2014,176.8,178.8,173.3,176.1,845837,Tata communication
19-03-2014,176.1,179.2,174.6,178,747120,Tata communication
20-03-2014,178.7,183.8,176.6,177.1,1258282,Tata communication
21-03-2014,178.2,180.3,175.9,176.8,697138,Tata communication
24-03-2014,177.1,179.2,175.6,177.3,502420,Tata communication
25-03-2014,178,179.5,175.9,176.9,732222,Tata communication
26-03-2014,177.4,179.5,173.8,178.4,1228182,Tata communication
27-03-2014,180.8,186.6,180,184,1904913,Tata communication
28-03-2014,186.1,189.2,185,187.7,1414389,Tata communication
31-03-2014,188,192.1,186.8,190.5,1064786,Tata communication
01-04-2014,189.1,189.9,183.1,187.3,654893,Tata communication
02-04-2014,188.5,190.4,186.6,187.4,1113128,Tata communication
03-04-2014,188.2,192,186.1,187.4,909257,Tata communication
04-04-2014,188,189.9,186.9,187.8,440500,Tata communication
07-04-2014,187.6,188.3,178.4,181.4,891434,Tata communication
09-04-2014,182.6,184.8,180.6,182.6,818691,Tata communication
10-04-2014,184.1,185.5,180.8,181.7,704204,Tata communication
11-04-2014,181.2,188.2,180,185.4,1197576,Tata communication
15-04-2014,187.2,195.1,184.9,194,2079664,Tata communication
16-04-2014,195.9,197,189.2,190.4,1527003,Tata communication
17-04-2014,191.7,195,188.7,192.8,858243,Tata communication
21-04-2014,193.8,196,190.8,191.9,603888,Tata communication
22-04-2014,193,193.7,189.3,190.9,769771,Tata communication
23-04-2014,191.4,195.1,190.5,192.7,2139812,Tata communication
25-04-2014,193.5,193.6,186.2,187.5,699976,Tata communication
28-04-2014,187.4,191.5,187.4,188.8,510942,Tata communication
29-04-2014,187.4,191.2,182.9,183.8,423478,Tata communication
30-04-2014,184,186.7,173.8,175.6,981265,Tata communication
02-05-2014,175.9,177.1,171.6,173.1,766884,Tata communication
05-05-2014,173.1,173.7,168.1,169.5,578692,Tata communication
06-05-2014,170.3,174.2,169.5,170.5,441355,Tata communication
07-05-2014,170.5,172.3,168.3,168.6,516940,Tata communication
08-05-2014,169.1,171,166.1,166.9,439349,Tata communication
09-05-2014,166.3,171.4,166.3,170.3,764186,Tata communication
12-05-2014,170.9,175.8,170.7,171.8,640183,Tata communication
13-05-2014,172.8,178.5,172.8,177.1,818782,Tata communication
14-05-2014,178.9,182.8,173.7,179.9,725026,Tata communication
15-05-2014,181.6,182.9,175.6,177.3,916145,Tata communication
16-05-2014,179.3,188.6,178.4,182.6,1227748,Tata communication
19-05-2014,183.1,196.4,183.1,188.9,2125336,Tata communication
20-05-2014,196.7,211.9,191.2,206.8,4485430,Tata communication
21-05-2014,209,214.1,207.1,209.4,1774446,Tata communication
22-05-2014,211,211,205.4,208.7,766742,Tata communication
23-05-2014,207.6,216.9,207.6,212.9,1092759,Tata communication
26-05-2014,215.5,223.9,195.4,208.7,1368643,Tata communication
27-05-2014,209.1,213.5,201.1,208.8,614291,Tata communication
28-05-2014,210.3,214.1,206.3,208,835925,Tata communication
29-05-2014,208.6,210,200.5,202.4,1094122,Tata communication
30-05-2014,204.1,219.5,202.9,215.8,1566702,Tata communication
02-06-2014,215.4,222.1,213.6,220.8,1228138,Tata communication
03-06-2014,222.7,223.8,217.8,220.5,729667,Tata communication
04-06-2014,220.9,222.9,216,218.4,631310,Tata communication
05-06-2014,218.1,222.7,214.1,221.5,565335,Tata communication
06-06-2014,223.4,233.4,222.2,232.2,1269341,Tata communication
09-06-2014,234.8,243.4,229.9,238.6,1120769,Tata communication
10-06-2014,240,240,231.1,235.8,634104,Tata communication
11-06-2014,238.1,238.1,223.8,228.3,638565,Tata communication
12-06-2014,228.3,232.7,223.1,227.4,664968,Tata communication
13-06-2014,229,232.3,214.7,219.3,497329,Tata communication
16-06-2014,219.6,228.8,212.8,227.4,421709,Tata communication
17-06-2014,228.1,236.7,223.4,235.2,673456,Tata communication
18-06-2014,237,241.9,224.4,231.5,1276513,Tata communication
19-06-2014,234.8,235.5,224,225.3,667054,Tata communication
20-06-2014,225.8,230.8,223.5,225.9,463046,Tata communication
23-06-2014,227.7,228.6,222.8,225.7,411989,Tata communication
24-06-2014,227.7,233.9,225.8,231.7,552492,Tata communication
25-06-2014,232.2,236.9,226.8,236,559717,Tata communication
26-06-2014,236.9,238.9,231.5,233,1158860,Tata communication
27-06-2014,231.2,236.7,229,235.8,414150,Tata communication
30-06-2014,236.6,245.1,236.4,243.8,1709224,Tata communication
01-07-2014,247.2,250.5,242,249.1,1110611,Tata communication
02-07-2014,251.1,251.8,244.8,247.1,511750,Tata communication
03-07-2014,248,248.5,241.9,243.7,344332,Tata communication
04-07-2014,245.1,254.9,243.9,253.6,1277540,Tata communication
07-07-2014,255.9,255.9,249.4,250.9,511029,Tata communication
08-07-2014,251.3,252.8,232.1,237.2,704486,Tata communication
09-07-2014,235.1,239.2,225,228.1,1051847,Tata communication
10-07-2014,228.4,235.7,214.1,223.6,2072216,Tata communication
11-07-2014,223.7,228.2,214.1,216.3,728927,Tata communication
14-07-2014,217.8,222.1,213.1,219,389828,Tata communication
15-07-2014,222.6,227.4,219.2,226.6,531135,Tata communication
16-07-2014,227.7,230.2,224.9,229.3,342596,Tata communication
17-07-2014,227.2,234,225.9,232.6,505061,Tata communication
18-07-2014,232.1,235.8,228.9,230.5,524277,Tata communication
21-07-2014,231.5,236,230.9,234.9,287941,Tata communication
22-07-2014,236.9,241.7,235.1,240,649494,Tata communication
23-07-2014,241.4,244.1,235.9,241.5,701705,Tata communication
24-07-2014,240.3,241.7,237.8,238.5,180812,Tata communication
25-07-2014,238.3,239.5,228,231.4,518347,Tata communication
28-07-2014,233,233,226.4,228.3,202147,Tata communication
30-07-2014,227.1,230.9,221.5,230.1,262132,Tata communication
31-07-2014,229.4,233.9,228.4,230.4,429613,Tata communication
01-08-2014,228.9,238.5,227.5,232.2,589032,Tata communication
04-08-2014,234.4,236.7,232.7,234.7,498376,Tata communication
05-08-2014,232.7,233.2,227.1,229.1,826974,Tata communication
06-08-2014,228.6,229.6,218.6,221,644668,Tata communication
07-08-2014,218.4,223.6,216.2,218,1088457,Tata communication
08-08-2014,217.2,217.7,211.3,212,647421,Tata communication
11-08-2014,214.2,215.9,208.5,209.7,661823,Tata communication
12-08-2014,211,218.8,209.5,216.9,1062344,Tata communication
13-08-2014,216.7,217.4,210.1,214.6,600676,Tata communication
14-08-2014,214.7,218.1,213,217.1,349250,Tata communication
18-08-2014,218.9,226.9,217.2,224.8,640040,Tata communication
19-08-2014,225.8,226.5,222,224.8,448669,Tata communication
20-08-2014,224.6,226,217.9,220.9,358810,Tata communication
21-08-2014,220,227.1,220,223.1,361131,Tata communication
22-08-2014,223.3,226.3,219.5,221.3,684119,Tata communication
25-08-2014,221.3,224.3,218.8,220.4,518304,Tata communication
26-08-2014,218.5,222.7,218.4,219.8,266315,Tata communication
27-08-2014,220.9,224.2,218.8,223,543082,Tata communication
28-08-2014,229.5,235.7,224.6,233.2,2171578,Tata communication
01-09-2014,236.1,236.7,231.6,233.2,617489,Tata communication
02-09-2014,236.1,237.5,229.7,230.6,920976,Tata communication
03-09-2014,234.5,235.9,228.6,230.5,765690,Tata communication
04-09-2014,230.5,239.8,228.8,237.6,1466150,Tata communication
05-09-2014,239.3,243.9,237,239.2,1299865,Tata communication
08-09-2014,239.4,245.4,236.2,244,1101331,Tata communication
09-09-2014,244,244.4,238.3,240.3,440669,Tata communication
10-09-2014,239.5,247.4,238.3,245.5,914706,Tata communication
11-09-2014,246.9,247.9,239.5,243.1,516626,Tata communication
12-09-2014,243.8,244.1,237.6,238.8,928718,Tata communication
15-09-2014,237.6,241,233.3,235.2,351275,Tata communication
16-09-2014,237.1,237.3,227.5,228.5,898217,Tata communication
17-09-2014,230.2,231.1,218,223.3,1144457,Tata communication
18-09-2014,224.1,230.1,222.7,228.9,600471,Tata communication
19-09-2014,230.2,232.4,227.1,230,737389,Tata communication
22-09-2014,228.9,232.5,227.7,229.3,516189,Tata communication
23-09-2014,229.1,230,224.5,225.7,353533,Tata communication
24-09-2014,225.2,226.4,220.6,223.2,399259,Tata communication
25-09-2014,223.5,224.3,215,217,505890,Tata communication
26-09-2014,215.9,220.6,213.8,219,385118,Tata communication
29-09-2014,220,226.5,219.3,224.3,739090,Tata communication
30-09-2014,224.6,226.2,221.6,222.4,257986,Tata communication
01-10-2014,222.9,224.5,221.8,223.3,342469,Tata communication
07-10-2014,223.4,230.8,222.7,229.6,861684,Tata communication
08-10-2014,231.4,231.8,222.7,224.6,486789,Tata communication
09-10-2014,225.8,233.3,224,231.6,537639,Tata communication
10-10-2014,229.3,238.2,226.7,234.6,935459,Tata communication
13-10-2014,234.5,234.5,230.1,233.6,267533,Tata communication
14-10-2014,233.3,240,232.5,238.3,517986,Tata communication
16-10-2014,237.6,240.2,218.6,224.9,386607,Tata communication
17-10-2014,228,229.5,224.1,227,551256,Tata communication
20-10-2014,228.9,233.9,228.8,232.4,379676,Tata communication
21-10-2014,232.7,235.7,231.1,232.5,249618,Tata communication
22-10-2014,235.1,238,233.7,236.7,229009,Tata communication
23-10-2014,238.9,239.5,237.1,238,34389,Tata communication
27-10-2014,238.9,239.8,234.2,237.3,386833,Tata communication
28-10-2014,237.9,238.8,235.8,237.7,207534,Tata communication
29-10-2014,237.6,240.6,236.4,237.1,313683,Tata communication
30-10-2014,237,249.3,236.7,245.5,1601028,Tata communication
31-10-2014,247.6,251.6,245.1,249.9,850003,Tata communication
03-11-2014,251.3,261.1,245.8,255.4,1329891,Tata communication
05-11-2014,255.7,260,253.2,255.4,1017793,Tata communication
07-11-2014,257.5,266.4,257.5,265.4,1143718,Tata communication
10-11-2014,268,270.2,264.1,267.9,1085427,Tata communication
11-11-2014,269.9,275.3,267.4,271.4,967430,Tata communication
12-11-2014,272.9,273.6,269.3,270.2,559974,Tata communication
13-11-2014,271.1,272.9,264.8,266.9,616286,Tata communication
14-11-2014,266.9,273.8,266.8,270.5,652983,Tata communication
17-11-2014,270.5,277,269.6,274.3,723042,Tata communication
18-11-2014,275.5,281.7,270.9,276.1,779048,Tata communication
19-11-2014,276.7,277.9,265.1,268.2,783217,Tata communication
20-11-2014,267.4,270.5,264,266.9,627180,Tata communication
21-11-2014,266.9,272.9,266.9,269.6,507481,Tata communication
24-11-2014,270.2,277.8,268.7,274.4,779321,Tata communication
25-11-2014,274.9,275.7,263.1,271.6,735050,Tata communication
26-11-2014,271.6,280.9,268.2,277.9,480250,Tata communication
27-11-2014,279.8,286.5,279.1,284.3,971412,Tata communication
28-11-2014,286.5,286.9,282.3,284.5,477121,Tata communication
01-12-2014,281.5,284.7,274.9,276.1,277524,Tata communication
02-12-2014,278.5,291.6,275.5,289.7,565554,Tata communication
03-12-2014,290.5,294.4,287.4,290.6,617473,Tata communication
04-12-2014,291.6,292,280.8,282.8,366961,Tata communication
05-12-2014,284.1,289.6,281.3,287.2,389773,Tata communication
08-12-2014,285,286.3,276.2,277.3,470947,Tata communication
09-12-2014,275.3,282.2,265.1,266.6,403984,Tata communication
10-12-2014,265.1,270.9,265.1,268.6,284769,Tata communication
11-12-2014,268,271.1,263.8,267.7,342911,Tata communication
12-12-2014,268,274.8,266.4,267.7,509424,Tata communication
15-12-2014,267.3,271.9,263.8,269.6,251921,Tata communication
16-12-2014,267.4,273.6,255.8,258,317110,Tata communication
17-12-2014,258.7,262.4,244.4,256.6,650496,Tata communication
18-12-2014,257.5,269.9,257.5,268.7,429794,Tata communication
19-12-2014,271.3,272.7,262.5,264.3,222494,Tata communication
22-12-2014,264.6,275.4,264.1,273.1,554442,Tata communication
23-12-2014,274.2,277,270.2,274.6,527912,Tata communication
24-12-2014,279.8,279.8,269.4,271.4,1016968,Tata communication
26-12-2014,272.8,273.6,266.1,268.2,173884,Tata communication
29-12-2014,269.5,272.1,265.7,266.8,167481,Tata communication
30-12-2014,266.8,269.3,265,267,296140,Tata communication
31-12-2014,267.8,275,266.4,273.6,345416,Tata communication
01-01-2015,273.9,276.2,272.2,274,357224,Tata communication
02-01-2015,274.2,276.3,269.3,270.2,242617,Tata communication
05-01-2015,269.9,276.3,269.9,271.2,412484,Tata communication
06-01-2015,269.6,270.2,256.9,258.6,554243,Tata communication
07-01-2015,254.4,264.8,254.4,262.9,267969,Tata communication
08-01-2015,264.9,266.9,261.3,264.1,277226,Tata communication
09-01-2015,265.5,267.7,260.7,263.8,297871,Tata communication
12-01-2015,263.7,265.4,260.2,260.9,346226,Tata communication
13-01-2015,259.8,265.3,259.8,263.9,646343,Tata communication
14-01-2015,263.3,270.1,259.6,263,461520,Tata communication
15-01-2015,266.2,271.4,262.1,269.1,550716,Tata communication
16-01-2015,269.1,270.7,264,264.9,316384,Tata communication
19-01-2015,265.2,271.8,263.4,263.9,504168,Tata communication
20-01-2015,264.6,266.7,262.5,263.2,296126,Tata communication
21-01-2015,264,267,261.9,263,610746,Tata communication
22-01-2015,263.3,265.9,257,259.4,263380,Tata communication
23-01-2015,260.9,263.5,255.1,258.3,596916,Tata communication
27-01-2015,258.4,260.1,251,252.7,806096,Tata communication
28-01-2015,252.7,256.9,248,250.3,826632,Tata communication
29-01-2015,250,257.4,247.8,255.3,768705,Tata communication
30-01-2015,256.5,259,254,254.7,305567,Tata communication
02-02-2015,251.9,259.7,251.9,253.9,418002,Tata communication
03-02-2015,255.1,260.1,253.1,257.3,676014,Tata communication
04-02-2015,259.8,262.7,256.4,258.1,745738,Tata communication
05-02-2015,258.2,263.4,250.8,252.6,415435,Tata communication
06-02-2015,253.2,255.2,243.3,244.8,491063,Tata communication
09-02-2015,243.8,244.4,236.2,240,389833,Tata communication
10-02-2015,238.9,245.1,234,238.7,354779,Tata communication
11-02-2015,239.4,248.2,239.1,246.3,545461,Tata communication
12-02-2015,247.6,257.5,246.6,256.5,491521,Tata communication
13-02-2015,259.9,260.9,253.2,254.4,610142,Tata communication
16-02-2015,255.6,256.8,248.8,249.9,289158,Tata communication
18-02-2015,252.4,256.9,249.5,255.9,481493,Tata communication
19-02-2015,257.5,258.1,250.8,255.3,472011,Tata communication
20-02-2015,254.8,257.9,253.1,254.9,528437,Tata communication
23-02-2015,256.2,257.7,245.8,247.6,951678,Tata communication
24-02-2015,247.9,252.9,245.7,251.3,399253,Tata communication
25-02-2015,252.4,252.5,249.4,250.1,257519,Tata communication
26-02-2015,250.2,253.4,244.5,245.6,520528,Tata communication
27-02-2015,246.3,250.5,244.9,247.7,807378,Tata communication
02-03-2015,248.2,262.8,247,262.2,676652,Tata communication
03-03-2015,263.1,268,255.3,266.3,835106,Tata communication
04-03-2015,273.9,274.1,260.6,262.5,1076978,Tata communication
05-03-2015,263,267.1,261.5,265.2,280091,Tata communication
09-03-2015,265.2,269.5,256,257.2,538827,Tata communication
10-03-2015,258.8,271.4,258.7,261.9,687276,Tata communication
11-03-2015,262.4,267.4,258.1,265.5,529023,Tata communication
12-03-2015,265.4,269.3,263.1,267,716843,Tata communication
13-03-2015,267.8,271.1,260.6,262.9,667091,Tata communication
16-03-2015,262.6,264.3,258.9,261.4,220805,Tata communication
17-03-2015,266.1,270.4,262.4,266.6,779885,Tata communication
18-03-2015,267.9,279.1,265.9,271.9,1422176,Tata communication
19-03-2015,274.2,275.4,264.4,266.2,553278,Tata communication
20-03-2015,266.2,269.9,259.7,261.3,608078,Tata communication
23-03-2015,263,265.3,260,262.1,259703,Tata communication
24-03-2015,261.8,264.6,256.4,257.7,415177,Tata communication
25-03-2015,258.7,259.7,251.3,252.2,551330,Tata communication
26-03-2015,251.3,253.9,248.1,250.6,1056253,Tata communication
27-03-2015,251.9,254.4,241.1,251.6,537295,Tata communication
30-03-2015,252.5,258.7,250.8,257.4,391745,Tata communication
31-03-2015,258.7,263,256.3,261.8,425489,Tata communication
01-04-2015,261.5,268.3,261,264.3,559652,Tata communication
06-04-2015,266.9,267,261.7,262.8,529748,Tata communication
07-04-2015,263.7,264.6,258.9,262,345135,Tata communication
08-04-2015,263.7,268,260,266.4,501940,Tata communication
09-04-2015,271.1,289.1,268.8,281.2,2637783,Tata communication
10-04-2015,283.2,283.2,276.9,279.7,844650,Tata communication
13-04-2015,279.8,289.5,279.8,287.8,1001429,Tata communication
15-04-2015,286,313.8,283.6,304.9,3608257,Tata communication
16-04-2015,305.2,308.6,295,299.5,1290759,Tata communication
17-04-2015,298.4,304.3,291.9,294.4,1012305,Tata communication
20-04-2015,295.8,295.8,280.8,283.5,913240,Tata communication
21-04-2015,284.2,287.3,274.2,281.1,524750,Tata communication
22-04-2015,282.2,284.4,273.6,281,702948,Tata communication
23-04-2015,283,285.9,278.7,280.3,437615,Tata communication
24-04-2015,281.6,281.6,271.5,273.6,328321,Tata communication
27-04-2015,273.6,274.4,266.9,270.7,432805,Tata communication
28-04-2015,269.9,277.5,268.8,275.8,801708,Tata communication
29-04-2015,277.2,278.6,268.1,269.6,801474,Tata communication
30-04-2015,269.5,272.6,265.7,270.2,546500,Tata communication
04-05-2015,271.8,275.4,267.8,272.9,392242,Tata communication
05-05-2015,271.8,278.6,271.5,274.5,426682,Tata communication
06-05-2015,273.5,281.2,268.7,272.7,1327377,Tata communication
07-05-2015,272.4,272.8,252.5,259.2,616075,Tata communication
08-05-2015,261.9,268.3,261.9,265.7,382903,Tata communication
11-05-2015,266.2,269.1,264.3,266.3,339406,Tata communication
12-05-2015,270.5,270.5,261.5,262.8,496333,Tata communication
13-05-2015,265.5,268.2,260.2,266.5,385522,Tata communication
14-05-2015,266.1,272.1,262.3,267.3,315917,Tata communication
15-05-2015,268.2,272.7,267.7,268.7,304253,Tata communication
18-05-2015,269.5,274.9,268.1,270.3,444571,Tata communication
19-05-2015,271.3,274.1,269.8,272,344356,Tata communication
20-05-2015,273.4,275.4,270.3,271.2,277900,Tata communication
21-05-2015,272.1,274.2,270.3,272.2,374085,Tata communication
22-05-2015,271.1,277.5,271.1,272.8,540667,Tata communication
25-05-2015,273,276,272.1,273.7,296923,Tata communication
26-05-2015,274.6,278.8,274.3,276.2,589522,Tata communication
27-05-2015,274.5,276.1,265.9,271.8,1166756,Tata communication
28-05-2015,271.7,272.1,265.9,266.9,819182,Tata communication
29-05-2015,266.8,272.9,265.2,270.9,906323,Tata communication
01-06-2015,270.5,272.6,267.6,269.5,275121,Tata communication
02-06-2015,269.3,269.3,264,265,379571,Tata communication
03-06-2015,266.7,266.7,248.2,255.4,332573,Tata communication
04-06-2015,256.9,256.9,249.9,251.7,342160,Tata communication
05-06-2015,250.7,255.6,249.4,251.8,442770,Tata communication
08-06-2015,251.9,253.8,244.8,248.2,342663,Tata communication
09-06-2015,248.2,250.3,245.4,249.4,398182,Tata communication
10-06-2015,248.2,257,248.2,253.6,314842,Tata communication
11-06-2015,256.2,256.3,249.6,251,692191,Tata communication
12-06-2015,251,257.3,250.3,255.1,349571,Tata communication
15-06-2015,255.6,261.8,254.6,255.9,253617,Tata communication
16-06-2015,260.9,268.7,260.6,265.1,1079052,Tata communication
17-06-2015,266.9,268.1,263.2,266.9,385691,Tata communication
18-06-2015,268,272.7,266.1,268.2,490955,Tata communication
19-06-2015,270.5,271.4,265.3,266.4,353035,Tata communication
22-06-2015,267.3,271,266.5,268.1,411864,Tata communication
23-06-2015,268.4,271.1,267.7,268.2,414762,Tata communication
24-06-2015,269,269.6,262.6,263.7,508631,Tata communication
25-06-2015,263.7,265.5,260.6,263.4,643693,Tata communication
26-06-2015,261.4,265.1,255.5,262.5,620853,Tata communication
29-06-2015,262.5,263.1,257.5,262.3,456198,Tata communication
30-06-2015,264,276.1,261.5,274.9,606494,Tata communication
01-07-2015,277.3,279.4,269.9,271.9,638509,Tata communication
02-07-2015,273.6,279.8,273.3,275.9,384019,Tata communication
03-07-2015,276.3,281.1,273.8,276.3,375273,Tata communication
06-07-2015,272.8,277.8,271.3,276.2,283910,Tata communication
07-07-2015,273.1,283.5,273.1,279.7,485248,Tata communication
08-07-2015,278.6,282.8,266.9,274.4,501333,Tata communication
09-07-2015,276.1,279.8,274.4,275.4,298201,Tata communication
10-07-2015,279.1,288.1,277.8,283.2,478234,Tata communication
13-07-2015,286.6,291,282.7,288.1,668099,Tata communication
14-07-2015,289.7,291.2,284.5,286.2,358890,Tata communication
15-07-2015,290.2,290.2,282.3,284,329883,Tata communication
16-07-2015,282.9,289.7,282.9,285.7,278253,Tata communication
17-07-2015,287,297.3,284.4,292.6,624611,Tata communication
20-07-2015,292.8,300.3,288.9,290.3,732192,Tata communication
21-07-2015,290.6,292.8,281.4,283.2,282179,Tata communication
22-07-2015,284.7,292.5,280.9,291.7,446480,Tata communication
23-07-2015,296,298.8,291.6,295.9,619090,Tata communication
24-07-2015,297.1,304.9,295.7,298.2,615067,Tata communication
27-07-2015,296,296.7,289.6,291.8,332277,Tata communication
28-07-2015,291.6,297,291,294.3,293193,Tata communication
29-07-2015,290.3,290.3,268.8,272.9,1920475,Tata communication
30-07-2015,273,294.1,266.2,280.7,2249587,Tata communication
31-07-2015,281.7,285.6,275.7,279.5,330638,Tata communication
03-08-2015,278.1,280.9,271.8,273,253029,Tata communication
04-08-2015,273.1,280.9,265.6,269.8,1001189,Tata communication
05-08-2015,272.3,275,266.9,271.1,406130,Tata communication
06-08-2015,270.6,275.4,267.8,272.1,398691,Tata communication
07-08-2015,273,278.4,272.4,275.7,765839,Tata communication
10-08-2015,276.3,279.1,273.3,277.3,344740,Tata communication
11-08-2015,277.6,280.9,272.3,273.8,227038,Tata communication
13-08-2015,260.9,265.5,258.1,260.5,851632,Tata communication
14-08-2015,262.7,264.3,258.2,262.4,333893,Tata communication
17-08-2015,263.4,266.2,254.4,257.8,523366,Tata communication
18-08-2015,258.7,260.4,254.2,255.7,494916,Tata communication
19-08-2015,255.9,259.7,254.8,256.8,278981,Tata communication
20-08-2015,256.2,258.3,248.5,249.9,330052,Tata communication
21-08-2015,253.8,260.6,251.3,259.4,988976,Tata communication
24-08-2015,253.5,253.5,220.9,229,2373217,Tata communication
25-08-2015,233.3,242.6,208.2,239.7,1811634,Tata communication
26-08-2015,237,245,233.5,235.8,474716,Tata communication
27-08-2015,238.6,254.3,235,252.1,2882570,Tata communication
28-08-2015,255.2,256.7,242.7,244.4,396301,Tata communication
31-08-2015,245.2,247.6,241.4,243.5,292211,Tata communication
01-09-2015,238.4,242,232.7,237.6,309390,Tata communication
02-09-2015,238.3,241.4,231.8,234.6,295763,Tata communication
03-09-2015,235.8,244.7,234.1,241.1,385784,Tata communication
04-09-2015,240.1,242,228.9,236.3,390579,Tata communication
07-09-2015,236.5,238.3,225.3,230.6,222383,Tata communication
08-09-2015,230.5,237.6,226.2,236.2,234312,Tata communication
09-09-2015,240.9,251.9,239.5,246.1,702970,Tata communication
10-09-2015,242,246.9,237.8,246.1,288214,Tata communication
11-09-2015,245.1,250,243.8,247,291558,Tata communication
14-09-2015,250.9,251.2,242,249.9,181077,Tata communication
16-09-2015,246.7,251,242.4,244,600798,Tata communication
18-09-2015,245,252.1,244.1,245.7,395472,Tata communication
21-09-2015,246.9,252.5,245.4,251.3,325445,Tata communication
22-09-2015,252,255.6,249.9,251.6,530690,Tata communication
23-09-2015,245.3,249.9,243.8,248.2,336180,Tata communication
24-09-2015,246.4,252.5,244.6,249,311244,Tata communication
28-09-2015,247.5,250.3,245.2,248.5,247501,Tata communication
29-09-2015,245.1,250.9,235.8,248.5,381620,Tata communication
30-09-2015,249,258.7,246.6,256.6,393066,Tata communication
01-10-2015,257.7,263.1,247.6,249.4,706071,Tata communication
05-10-2015,251.1,258.5,250.3,256.5,257654,Tata communication
06-10-2015,257.5,260.5,253.7,254.6,300712,Tata communication
07-10-2015,262.5,264.2,256.9,259.3,653664,Tata communication
08-10-2015,259.3,263.4,256.2,262,337797,Tata communication
09-10-2015,262.5,266.5,261.7,263.4,399821,Tata communication
12-10-2015,263.7,265.5,256.3,257.5,299712,Tata communication
13-10-2015,257.5,262.9,257.2,261.8,259295,Tata communication
14-10-2015,261.2,264.6,256.9,258,347652,Tata communication
15-10-2015,259.2,263.6,258.4,262,199298,Tata communication
19-10-2015,260.8,268,257.9,266.1,327187,Tata communication
20-10-2015,269.9,269.9,265.1,267.1,587270,Tata communication
21-10-2015,268.6,269.1,262.8,266.2,215295,Tata communication
23-10-2015,265.6,268.5,258.6,260.2,212511,Tata communication
26-10-2015,261.2,267.1,259,265,421344,Tata communication
27-10-2015,265.5,267.3,258.1,265.2,890290,Tata communication
28-10-2015,263.6,268.4,261.2,264.2,497797,Tata communication
29-10-2015,264.5,270.4,261.5,268.2,575360,Tata communication
30-10-2015,269.3,272.6,264.9,266.2,269798,Tata communication
02-11-2015,269.1,269.3,263.1,268.5,238570,Tata communication
03-11-2015,268.7,274.2,268,269.1,325231,Tata communication
04-11-2015,270.7,274.1,268.5,270.2,293279,Tata communication
05-11-2015,270.1,271.3,266,268.8,318785,Tata communication
06-11-2015,268.7,269.8,264.9,268.7,265802,Tata communication
09-11-2015,268,268,264.3,266.5,335975,Tata communication
10-11-2015,265.6,266.6,258.9,261.5,233434,Tata communication
13-11-2015,263.7,263.7,256.9,258.7,282652,Tata communication
16-11-2015,258.8,262.4,258.4,261.2,227671,Tata communication
17-11-2015,261.8,262.8,257,257.9,163049,Tata communication
18-11-2015,257.5,261.1,255,256.6,219709,Tata communication
19-11-2015,257.1,263.3,257.1,261.8,207091,Tata communication
20-11-2015,262.2,272.4,262.2,270.5,330120,Tata communication
23-11-2015,271.2,276.7,268,269.7,608634,Tata communication
24-11-2015,270.9,270.9,265.5,267.9,366549,Tata communication
26-11-2015,270.2,277.6,266,274.8,1766769,Tata communication
27-11-2015,274.3,274.3,266.4,267.3,363176,Tata communication
30-11-2015,266.8,0,0,267.1,0,Tata communication
01-12-2015,269.7,270.3,262.6,264.1,282462,Tata communication
02-12-2015,264.9,265.1,261.3,262.5,164350,Tata communication
03-12-2015,259,263.5,259,260.6,180822,Tata communication
04-12-2015,256.7,261.7,256.2,256.7,169814,Tata communication
07-12-2015,257.5,259.3,252.8,255.3,320349,Tata communication
08-12-2015,253.8,261.2,253.5,257.2,550361,Tata communication
09-12-2015,256.6,258.4,250,252.1,443211,Tata communication
10-12-2015,251.9,253.1,246.5,251.2,269939,Tata communication
11-12-2015,252.5,253.8,247.2,248.5,235026,Tata communication
14-12-2015,246.9,251.6,243.4,250.4,312053,Tata communication
15-12-2015,250.8,253.1,248.2,252.2,189677,Tata communication
16-12-2015,254.4,255.9,252,253.9,257732,Tata communication
17-12-2015,254.2,260.3,253.3,259.9,206124,Tata communication
18-12-2015,260.3,262.6,256.6,259,308778,Tata communication
21-12-2015,258.6,263.7,256,261.5,271873,Tata communication
22-12-2015,261.2,263.1,259.3,261.2,96219,Tata communication
23-12-2015,261.8,266,261.8,265.1,224766,Tata communication
24-12-2015,265.9,271.7,264.6,270.3,342359,Tata communication
28-12-2015,270,274,267.9,269.7,352397,Tata communication
29-12-2015,271.8,271.8,266.9,269.3,463935,Tata communication
30-12-2015,267.7,271.1,267.7,270.3,248331,Tata communication
31-12-2015,270.2,274.3,261.2,270.4,1168219,Tata communication
01-01-2016,269.2,271.9,267.7,269.5,207010,Tata communication
04-01-2016,268.4,278.6,263.8,266.3,332816,Tata communication
05-01-2016,266.5,274.2,265.6,271.1,412388,Tata communication
06-01-2016,278.5,287,272.7,273.5,1350087,Tata communication
07-01-2016,271.8,271.8,261.8,264.8,566187,Tata communication
08-01-2016,262.9,274.1,262.2,270.6,391993,Tata communication
11-01-2016,268.6,273.5,266.2,268.7,321072,Tata communication
12-01-2016,267.4,271.1,262.7,268.2,297457,Tata communication
13-01-2016,270.5,272.7,253.8,269.9,743293,Tata communication
14-01-2016,264.6,271.4,261.5,268.4,340399,Tata communication
15-01-2016,269.3,271.2,255,257,271275,Tata communication
18-01-2016,255,257.5,245.7,248.4,513238,Tata communication
19-01-2016,249.3,252.6,246.9,251.4,431555,Tata communication
20-01-2016,248.9,248.9,235.2,242.8,476824,Tata communication
21-01-2016,245.1,250.3,243.5,246.3,324050,Tata communication
22-01-2016,248.2,252.5,247.7,250,225941,Tata communication
25-01-2016,250,252.5,247.6,251.2,218313,Tata communication
27-01-2016,251.2,252.4,246.8,247.5,445991,Tata communication
28-01-2016,246.9,257.4,231.4,248.8,1535493,Tata communication
29-01-2016,238.9,249.5,238.3,248.2,615109,Tata communication
01-02-2016,249.4,257.5,246,254.7,253186,Tata communication
02-02-2016,255.5,258.1,248.4,251.6,449401,Tata communication
03-02-2016,246.3,246.3,221.3,236,964265,Tata communication
04-02-2016,237,239.5,223.4,228.2,728690,Tata communication
05-02-2016,227.7,236.6,227.7,234.1,427769,Tata communication
08-02-2016,236.3,244.3,232.4,237.8,267086,Tata communication
09-02-2016,233.7,238.7,232.5,237,351986,Tata communication
10-02-2016,235.1,235.8,229.6,230.7,654429,Tata communication
11-02-2016,230.8,235,220.7,223.5,705137,Tata communication
15-02-2016,224.3,231,223,223.9,205521,Tata communication
16-02-2016,226.2,226.2,216.2,218.9,428418,Tata communication
17-02-2016,220.8,220.8,212.3,216.4,464659,Tata communication
18-02-2016,217.2,219.7,209.4,211.9,864082,Tata communication
19-02-2016,213.4,215.8,209.1,214.2,591084,Tata communication
22-02-2016,214.1,218.9,213.7,217.1,131824,Tata communication
23-02-2016,217.7,218.9,211,214.4,229035,Tata communication
24-02-2016,213.5,214.4,210.2,211.8,119193,Tata communication
25-02-2016,215.4,215.4,203.4,205.2,459990,Tata communication
26-02-2016,207,209.7,204.4,206.9,179726,Tata communication
29-02-2016,208.5,209.2,201.6,205.3,294371,Tata communication
01-03-2016,206.5,211.5,204.3,206.4,620802,Tata communication
02-03-2016,206.3,213.6,203.8,211.4,813852,Tata communication
03-03-2016,211.8,223,211.7,221.3,577804,Tata communication
04-03-2016,222.1,222.8,216.4,219.5,314536,Tata communication
08-03-2016,220.1,221.4,211.7,213,309778,Tata communication
09-03-2016,213,219.9,211.1,219.2,295073,Tata communication
10-03-2016,222,225.5,218.7,223,413297,Tata communication
11-03-2016,223.5,226.1,221.4,222.8,359165,Tata communication
14-03-2016,221.6,227.5,220.1,223.5,376587,Tata communication
15-03-2016,224.4,225.8,221.1,223.4,223269,Tata communication
16-03-2016,223.7,225.8,220.9,223.2,292499,Tata communication
17-03-2016,225,226.9,223.4,224.3,168673,Tata communication
18-03-2016,226.4,228,220.3,226.5,173839,Tata communication
21-03-2016,227.9,229.6,225.8,227.5,184763,Tata communication
22-03-2016,227.5,228.3,223.5,227.3,306257,Tata communication
23-03-2016,227.7,239.1,227.3,232.2,753883,Tata communication
28-03-2016,232.2,235.1,226.6,231.5,344621,Tata communication
29-03-2016,230.2,231.4,223.2,228.6,246905,Tata communication
30-03-2016,232,237.6,229.6,236.9,272959,Tata communication
31-03-2016,237.6,241.6,231.9,234.3,977479,Tata communication
01-04-2016,233,239,231.3,238.3,166543,Tata communication
04-04-2016,239.5,241.6,237.6,239.8,166495,Tata communication
05-04-2016,239.8,241.6,234,239.1,282005,Tata communication
06-04-2016,239.5,242.6,237.8,240.9,129533,Tata communication
07-04-2016,240.5,243,234.1,236.3,231062,Tata communication
08-04-2016,236.1,239.4,235.8,238.6,250966,Tata communication
11-04-2016,238.9,242.8,237,241,145884,Tata communication
12-04-2016,241,245,239.8,243.6,447674,Tata communication
13-04-2016,245.1,252.8,244.6,251,493983,Tata communication
18-04-2016,246.9,257.4,246.3,250,431543,Tata communication
20-04-2016,251.2,258.1,250.7,256.9,330991,Tata communication
21-04-2016,257.2,259,252.6,254,181063,Tata communication
22-04-2016,253.1,258.4,251.7,253.5,217003,Tata communication
25-04-2016,254.3,260,251.4,258.4,211332,Tata communication
26-04-2016,258.7,262.4,256.2,260.7,223088,Tata communication
27-04-2016,261,263.9,257.2,260.2,670229,Tata communication
28-04-2016,260.5,263.5,254.4,255.6,299959,Tata communication
29-04-2016,255.6,259.3,250.9,256.4,493534,Tata communication
02-05-2016,255.5,262.4,254.4,260.5,209598,Tata communication
03-05-2016,260.6,266.4,257.8,263.9,571666,Tata communication
04-05-2016,263.9,269,262.5,264.2,694620,Tata communication
05-05-2016,264.9,265.5,259.5,263.2,576876,Tata communication
06-05-2016,263.1,266.8,261.9,262.7,245283,Tata communication
09-05-2016,262.7,267.1,260.1,265.7,256491,Tata communication
10-05-2016,263.9,273.8,263.3,271.2,546785,Tata communication
11-05-2016,269,276,265.4,266.9,649631,Tata communication
12-05-2016,267.1,272,267.1,270,321544,Tata communication
13-05-2016,269.5,273.6,266.7,272.3,257457,Tata communication
16-05-2016,272.3,277.1,268.5,269.9,348398,Tata communication
17-05-2016,269.9,271.1,265.8,268.3,591032,Tata communication
18-05-2016,267.4,283.5,267.4,279.6,1656620,Tata communication
19-05-2016,282.3,282.3,271.3,275.5,1442966,Tata communication
20-05-2016,275.5,281.5,273.7,276.8,401115,Tata communication
23-05-2016,277.6,281.2,275.7,279,308437,Tata communication
24-05-2016,281.2,281.2,274.3,277.8,337552,Tata communication
25-05-2016,280.4,288.9,276.9,284.7,692546,Tata communication
26-05-2016,285.4,288,282.5,283.9,278329,Tata communication
27-05-2016,283.9,287.9,281.7,285,212162,Tata communication
30-05-2016,281.7,294.6,280.3,293.4,470757,Tata communication
31-05-2016,293.2,293.2,282.9,283.7,253339,Tata communication
01-06-2016,281.2,283.7,273.6,277,464508,Tata communication
02-06-2016,274.7,278.6,270.5,276.6,252853,Tata communication
03-06-2016,277.4,279.7,273,274.1,122708,Tata communication
06-06-2016,277.6,277.6,271.2,272.5,180192,Tata communication
07-06-2016,275.2,282.8,272.5,280.5,390802,Tata communication
08-06-2016,281.4,285.1,276.8,280.6,297997,Tata communication
09-06-2016,281.7,282.5,276.3,277.9,347510,Tata communication
10-06-2016,278.6,281.4,275,276.3,227421,Tata communication
13-06-2016,274.9,275.8,270.8,272.2,152861,Tata communication
14-06-2016,272.4,275.2,270.2,273.1,195985,Tata communication
15-06-2016,274.7,281.6,273.2,279.2,196057,Tata communication
16-06-2016,281.4,281.4,273.2,274.9,217390,Tata communication
17-06-2016,275.6,279.8,275,278.6,180280,Tata communication
20-06-2016,277.4,282.7,275,281.5,224152,Tata communication
21-06-2016,283.9,286.6,281.1,284.3,483246,Tata communication
22-06-2016,286,287,278.9,282.5,313997,Tata communication
23-06-2016,282.9,283.2,278.6,281.3,157094,Tata communication
24-06-2016,277.4,278.6,263.7,277.8,291314,Tata communication
27-06-2016,273.8,281.4,273.8,279.2,310565,Tata communication
28-06-2016,299.5,301.5,282.8,285.3,3547358,Tata communication
29-06-2016,286.6,294.6,284.2,293.2,1494789,Tata communication
30-06-2016,292.9,303.3,291,298.1,2236904,Tata communication
01-07-2016,299.1,300.3,295.6,297.1,291421,Tata communication
04-07-2016,297.5,305.9,297.5,302.3,751678,Tata communication
05-07-2016,302.6,305.8,299.2,303.3,226431,Tata communication
07-07-2016,303.4,308.5,296.5,299,518060,Tata communication
08-07-2016,299.4,302.8,294.5,297.3,335487,Tata communication
11-07-2016,299.5,302.2,298.1,300.9,164868,Tata communication
12-07-2016,302.2,303.6,298.9,301.8,255330,Tata communication
13-07-2016,303.2,303.2,292.3,293.5,259847,Tata communication
14-07-2016,290.4,297.5,285.4,286.6,626508,Tata communication
15-07-2016,286.7,291.2,286,288.4,444362,Tata communication
18-07-2016,290.3,291.3,283.1,284.2,202124,Tata communication
19-07-2016,284.6,289.1,283.5,287.3,227293,Tata communication
20-07-2016,287.7,290.5,284.2,289.6,216305,Tata communication
21-07-2016,288.4,290.6,280.5,282.4,329979,Tata communication
22-07-2016,282,286.6,280.1,285.8,241695,Tata communication
25-07-2016,285.4,289.4,283.6,288.2,273726,Tata communication
26-07-2016,288.6,290.4,283.1,284.5,234301,Tata communication
27-07-2016,287.3,287.3,280.2,280.8,260968,Tata communication
28-07-2016,281.1,282.9,275,276.2,1296564,Tata communication
29-07-2016,276.2,276.6,272.1,273.4,379009,Tata communication
01-08-2016,273.7,277.1,266.9,269.1,448260,Tata communication
02-08-2016,269.9,292.8,269.8,285.9,2464336,Tata communication
03-08-2016,285.3,288.7,278.8,280.3,429803,Tata communication
04-08-2016,282.6,283.6,274,278.2,303380,Tata communication
05-08-2016,279.2,282.9,277.4,280.3,381908,Tata communication
08-08-2016,281.6,289.7,278.8,289.1,427959,Tata communication
09-08-2016,288.4,288.4,281.7,283.4,149417,Tata communication
10-08-2016,283.4,304.6,276.1,299.4,2765844,Tata communication
11-08-2016,303.1,322,292.4,298.7,5210792,Tata communication
12-08-2016,297.8,305.5,294.1,297.4,1172482,Tata communication
16-08-2016,297.4,301.5,294.2,297.5,625098,Tata communication
17-08-2016,300.7,308.7,299.4,304,971840,Tata communication
18-08-2016,304.6,311.1,302.2,305.8,774221,Tata communication
19-08-2016,307.1,316,304.3,313.3,1472328,Tata communication
22-08-2016,312.7,318.9,308.4,309.9,1020339,Tata communication
23-08-2016,309.6,313.8,306.4,309.6,628872,Tata communication
24-08-2016,311.6,315.8,310.4,312.6,467801,Tata communication
25-08-2016,313,316.7,310.6,312,840369,Tata communication
26-08-2016,313.3,328.4,312.7,325.4,1799339,Tata communication
29-08-2016,325.7,332.2,320,326.9,911960,Tata communication
30-08-2016,327.3,329.1,323.9,325.9,559812,Tata communication
31-08-2016,325.7,332.9,323.5,326.4,635666,Tata communication
01-09-2016,326.4,332.4,312.8,317.1,1588558,Tata communication
02-09-2016,317,325.1,315.7,320.9,851027,Tata communication
06-09-2016,322.6,325.1,320.5,321.8,631907,Tata communication
07-09-2016,323.9,326.1,320.2,322.2,602048,Tata communication
08-09-2016,323.9,329.5,320.5,325.7,731393,Tata communication
09-09-2016,325.7,326.3,316.4,318,480387,Tata communication
12-09-2016,314.9,316.4,304.6,307.7,435992,Tata communication
14-09-2016,306.3,315,305.6,313.5,484827,Tata communication
15-09-2016,311.4,313.4,308.5,311.4,302370,Tata communication
16-09-2016,316,317.8,308.9,309.9,415292,Tata communication
19-09-2016,310.5,327.4,310.5,323.9,1334334,Tata communication
20-09-2016,323.9,331.1,322,327.2,970218,Tata communication
21-09-2016,326.9,330.9,325.1,326.3,703254,Tata communication
22-09-2016,328.8,338.1,328.8,331.1,1304052,Tata communication
23-09-2016,330.1,336.1,328.8,329.9,432283,Tata communication
26-09-2016,328.2,334.2,322.8,325.5,368700,Tata communication
27-09-2016,326,329.4,323.9,325.5,520777,Tata communication
28-09-2016,324.5,339,323.9,337,994988,Tata communication
29-09-2016,340.7,341.2,316.5,318.7,1286821,Tata communication
30-09-2016,321.4,359.5,318.4,351,2454258,Tata communication
03-10-2016,350.5,361.6,344.1,352.8,2314816,Tata communication
04-10-2016,355.5,362.2,352.6,356.6,967944,Tata communication
05-10-2016,361.7,388.6,360.4,378.4,4529396,Tata communication
06-10-2016,378.6,383.9,373,378.5,1188485,Tata communication
07-10-2016,380,386.9,374.4,379.4,1189483,Tata communication
10-10-2016,380.3,403.2,379.7,401.2,3624524,Tata communication
13-10-2016,400.7,405.7,393.1,404,3531911,Tata communication
14-10-2016,405.1,412.6,399.7,404.7,2105761,Tata communication
17-10-2016,403.9,413.2,391.1,397.7,2241490,Tata communication
18-10-2016,397,401.5,393.4,396.4,1220727,Tata communication
19-10-2016,400.2,406.4,396.6,401,896335,Tata communication
20-10-2016,402.7,407.4,395.8,398.1,891540,Tata communication
21-10-2016,399.3,424.3,396.6,421.9,1500760,Tata communication
24-10-2016,423.1,426.8,412,414.8,1092023,Tata communication
25-10-2016,403.2,408.9,398.8,406.4,1238015,Tata communication
26-10-2016,402.9,407.3,385.5,393.2,907407,Tata communication
27-10-2016,380.1,393.6,374.8,388.8,1882755,Tata communication
28-10-2016,391.8,402.4,389.6,394.2,729449,Tata communication
01-11-2016,395.8,412.6,395.8,399.6,698521,Tata communication
02-11-2016,394.7,397.7,386.8,388.1,448187,Tata communication
03-11-2016,385.9,390.9,375.6,379,841909,Tata communication
04-11-2016,381.6,396.5,376.6,384.8,1267600,Tata communication
07-11-2016,387.4,393.7,372.6,376.4,643884,Tata communication
08-11-2016,375.8,383.2,375.8,379.4,1024636,Tata communication
09-11-2016,356.8,379.4,330.3,375.7,1686304,Tata communication
10-11-2016,378.9,398.3,378.6,394.4,1153204,Tata communication
11-11-2016,394.6,394.6,380.4,387.4,1098980,Tata communication
15-11-2016,390.8,390.8,369.3,374.6,492916,Tata communication
16-11-2016,377.8,387.9,370.5,375.6,438669,Tata communication
17-11-2016,375.8,384.7,372.7,375,260294,Tata communication
18-11-2016,375.7,380.9,371.2,378.3,378383,Tata communication
21-11-2016,374.8,378.8,367.9,370.7,646397,Tata communication
22-11-2016,375.4,393,374.7,389.4,615764,Tata communication
23-11-2016,390.3,399.6,389.3,394.3,1244471,Tata communication
24-11-2016,394.6,398.9,389.7,393,1083948,Tata communication
25-11-2016,395.9,403.2,391.8,395.8,419642,Tata communication
28-11-2016,395.8,412.6,390,409.9,739620,Tata communication
29-11-2016,411.6,414.3,399.9,402.5,547792,Tata communication
30-11-2016,407.5,411.7,404.8,408.2,420858,Tata communication
01-12-2016,408.2,418.1,406.1,412.9,1028694,Tata communication
02-12-2016,409.5,411.3,387.2,390,781567,Tata communication
05-12-2016,389.6,398,389.5,395.3,304385,Tata communication
06-12-2016,398.3,402.7,390.3,396.4,277919,Tata communication
07-12-2016,397.1,401.7,389.7,394.4,227566,Tata communication
08-12-2016,399.7,405.6,395.8,399.2,519201,Tata communication
09-12-2016,403.3,403.9,392.8,397.4,399699,Tata communication
12-12-2016,398.9,400.7,385.1,387.8,349349,Tata communication
13-12-2016,389.6,395.7,388.4,390.8,522349,Tata communication
14-12-2016,392.1,396,383.2,384.7,495614,Tata communication
15-12-2016,384.7,393.9,382.7,391.8,453358,Tata communication
16-12-2016,396.3,415.4,395.5,402.4,1523011,Tata communication
19-12-2016,403.3,405.1,397.1,399.8,424987,Tata communication
20-12-2016,397.7,399.6,389.4,390.7,301572,Tata communication
21-12-2016,391.6,397,390.4,391.8,278686,Tata communication
22-12-2016,391.8,395,385.3,390.1,427477,Tata communication
23-12-2016,392.1,395,381.6,387.9,515332,Tata communication
26-12-2016,386.3,391.5,371,374.4,579189,Tata communication
27-12-2016,374.7,385.3,369.3,384.2,450231,Tata communication
28-12-2016,384.2,388.3,374.9,375.9,483535,Tata communication
29-12-2016,373,385.2,371.1,382.7,469627,Tata communication
30-12-2016,384.5,390.8,380.3,389.4,390703,Tata communication
02-01-2017,388.9,391.9,384.7,390.4,290038,Tata communication
03-01-2017,390.6,393,385.9,388.2,209591,Tata communication
04-01-2017,388.4,396.3,386.8,388.2,557226,Tata communication
05-01-2017,391.5,397,387.2,395.5,481302,Tata communication
06-01-2017,395.8,399.8,391.4,393.1,535510,Tata communication
09-01-2017,392.9,400.5,388.7,391.1,649259,Tata communication
10-01-2017,394,399,388.5,391.6,712013,Tata communication
11-01-2017,392.1,396.3,390.1,393.6,479186,Tata communication
12-01-2017,394.6,419.1,392,416.8,2642918,Tata communication
13-01-2017,422,422.6,413.1,416.9,1461513,Tata communication
16-01-2017,413.2,424.7,410.9,419.2,751469,Tata communication
17-01-2017,417.9,422.3,412.9,416.5,894212,Tata communication
18-01-2017,416.7,425.9,414.5,418.4,884316,Tata communication
19-01-2017,421.9,433,421.9,425.8,1754962,Tata communication
20-01-2017,425.6,429.7,414.6,418.3,1018398,Tata communication
23-01-2017,419.9,423.4,412.1,417.5,909151,Tata communication
24-01-2017,421.9,442.9,416.9,439.8,3203691,Tata communication
25-01-2017,439.3,446.6,437.5,442.7,1986395,Tata communication
27-01-2017,443.3,454.7,441.3,447.8,967502,Tata communication
30-01-2017,446.7,466.1,444.4,452.4,2170827,Tata communication
31-01-2017,454.1,455.9,436.7,438.4,914740,Tata communication
01-02-2017,439.9,449.5,438.5,447.8,941801,Tata communication
02-02-2017,451,481.1,450.1,469.1,3181906,Tata communication
03-02-2017,471.5,476,463.5,464.8,1824810,Tata communication
06-02-2017,468.4,472.1,460.7,468.7,669732,Tata communication
07-02-2017,470.3,474.6,461,463,586048,Tata communication
08-02-2017,465.2,474.6,464.1,472.2,320486,Tata communication
09-02-2017,474.6,485.5,474.6,480.6,1304775,Tata communication
10-02-2017,482,482.3,464.7,466.4,1152019,Tata communication
13-02-2017,466.6,474.7,454.9,460.1,1009190,Tata communication
14-02-2017,460.1,463.7,451.7,461.2,769788,Tata communication
15-02-2017,459.7,463.2,448.7,453.2,430671,Tata communication
16-02-2017,454.8,462.2,452.1,460.4,565483,Tata communication
17-02-2017,462.1,469.1,455.1,466.6,771711,Tata communication
20-02-2017,469.5,472.7,461.8,465.1,950505,Tata communication
21-02-2017,467.2,470.2,463.1,465.7,461512,Tata communication
22-02-2017,466.6,470.9,456.6,459.6,652987,Tata communication
23-02-2017,461.4,467.8,457.9,460.3,1148323,Tata communication
27-02-2017,460.4,463.4,451,452.2,410687,Tata communication
28-02-2017,452.9,468.8,452.9,457.4,896689,Tata communication
01-03-2017,457.4,463.7,456,461.1,372140,Tata communication
02-03-2017,462.8,465.6,452.5,454.7,315559,Tata communication
03-03-2017,454.5,463.5,452,461.8,212582,Tata communication
06-03-2017,462.8,472.3,459.3,471.3,1039856,Tata communication
07-03-2017,472.2,475.8,466.7,467.8,578146,Tata communication
08-03-2017,467,470,461.4,463.7,416663,Tata communication
09-03-2017,462.1,468.7,460.1,467,496223,Tata communication
10-03-2017,467.5,472.8,464,466.5,484836,Tata communication
14-03-2017,468.5,472.2,461.4,463.8,344354,Tata communication
15-03-2017,463.8,471.5,457.7,466.8,658037,Tata communication
16-03-2017,466.3,485.2,465.4,481.7,832703,Tata communication
17-03-2017,483.9,486.4,471.9,473.5,770903,Tata communication
20-03-2017,474.3,476.6,469.7,472.8,289260,Tata communication
21-03-2017,473.6,476.1,460.9,463,455345,Tata communication
22-03-2017,463.5,463.5,450.4,451.7,492588,Tata communication
23-03-2017,454.3,456.6,449.8,455.1,451774,Tata communication
24-03-2017,455.7,459.1,451.1,452.4,582520,Tata communication
27-03-2017,451.1,456,441.9,445.2,641983,Tata communication
28-03-2017,448.6,450.2,443.2,446.3,314984,Tata communication
29-03-2017,447,449.8,444.6,448.7,262683,Tata communication
30-03-2017,449.8,449.8,441.2,442.9,794777,Tata communication
31-03-2017,443.2,452,438,448,612775,Tata communication
03-04-2017,449.2,457.5,448.6,454.3,452647,Tata communication
05-04-2017,454.3,458.3,448.6,451.5,685139,Tata communication
06-04-2017,451.7,451.7,443.3,446.3,441362,Tata communication
07-04-2017,446.4,446.4,440.3,441.8,482567,Tata communication
10-04-2017,442.1,443.3,435.3,437.3,633105,Tata communication
11-04-2017,438.6,446.8,437.7,442.8,392506,Tata communication
12-04-2017,441.1,448.8,439,440.9,467811,Tata communication
13-04-2017,443.6,445.1,439.8,441.1,237195,Tata communication
17-04-2017,441.3,444.7,436.8,439.1,1076497,Tata communication
18-04-2017,441.6,452.5,439.3,442,666709,Tata communication
19-04-2017,441.5,445.2,439,440.5,319266,Tata communication
20-04-2017,440.5,450.1,437.7,442.4,722256,Tata communication
21-04-2017,444.9,444.9,436.4,437.9,511673,Tata communication
24-04-2017,439.3,441.8,428.2,440,963793,Tata communication
25-04-2017,443.4,449.3,440.5,442.1,687390,Tata communication
26-04-2017,444.8,450.6,441.4,444.4,599761,Tata communication
27-04-2017,448,451.7,443.6,448.1,655999,Tata communication
28-04-2017,448.8,454.7,445.3,447.4,461845,Tata communication
02-05-2017,451.6,451.6,437.8,443.2,311767,Tata communication
03-05-2017,445.9,448.7,437.4,438.7,238783,Tata communication
04-05-2017,439.4,444.7,434,437.9,465944,Tata communication
05-05-2017,428.7,431.7,387.9,397.9,4249845,Tata communication
08-05-2017,398.2,411.2,394,405.4,1187485,Tata communication
09-05-2017,403.9,409.5,400.9,405.3,639883,Tata communication
10-05-2017,405.4,414.5,399.8,411,570953,Tata communication
11-05-2017,412.6,415.4,408,413.4,358784,Tata communication
12-05-2017,411.5,420.6,409,417.1,741178,Tata communication
15-05-2017,421.5,427.5,416.9,426.3,478079,Tata communication
16-05-2017,425,430,421.2,421.7,292589,Tata communication
17-05-2017,421.3,421.9,416,417.6,246717,Tata communication
18-05-2017,416.9,427.5,411.4,418.7,278279,Tata communication
19-05-2017,418.7,422.3,410.1,418.8,290656,Tata communication
22-05-2017,418.8,423.8,413.3,416.1,111010,Tata communication
23-05-2017,413.2,417.6,401.8,415.7,601849,Tata communication
24-05-2017,410.9,418.8,398.3,402.6,288552,Tata communication
25-05-2017,403.9,412.9,402.7,406.6,1876124,Tata communication
26-05-2017,406.4,412.6,404.5,406.9,354679,Tata communication
29-05-2017,407.5,445.1,399.6,437.7,1415024,Tata communication
30-05-2017,434.1,441,430.9,434.8,464581,Tata communication
31-05-2017,434.3,455.9,433.4,453.1,807278,Tata communication
01-06-2017,453.1,457.7,447.5,449.9,444411,Tata communication
02-06-2017,451.1,459.5,447.6,456,689355,Tata communication
05-06-2017,456,463.5,455.9,460.1,521617,Tata communication
06-06-2017,461.6,466.8,456.3,460.6,729341,Tata communication
07-06-2017,457.3,476.5,445,453.3,1752664,Tata communication
08-06-2017,457.9,461.8,445.6,458.6,559418,Tata communication
09-06-2017,456.6,481.5,449.9,475.5,3139398,Tata communication
12-06-2017,472.2,473.4,453,454.8,1079528,Tata communication
13-06-2017,456,470.3,454.8,466.3,1117319,Tata communication
14-06-2017,464.8,471.3,462.2,464,713392,Tata communication
15-06-2017,462.2,466.6,459.3,461.7,334045,Tata communication
16-06-2017,458.8,464.9,454.2,456.5,619976,Tata communication
19-06-2017,459.7,462.1,452.4,456.2,376282,Tata communication
20-06-2017,459,465.3,456.1,462.8,591991,Tata communication
21-06-2017,464.3,471.5,463.3,466.9,791881,Tata communication
22-06-2017,468.4,475.5,463.8,466,553686,Tata communication
23-06-2017,466.1,469.2,440.3,448.5,1051119,Tata communication
27-06-2017,451.6,453.5,436.2,449.4,715889,Tata communication
28-06-2017,447.3,450.4,441.1,445.8,327179,Tata communication
29-06-2017,449.2,451.5,439.4,448.6,1936047,Tata communication
30-06-2017,444.7,449.8,439.3,448.5,228836,Tata communication
03-07-2017,447.1,449.3,442.7,445.5,232262,Tata communication
04-07-2017,447.8,447.8,426.9,428.6,728628,Tata communication
05-07-2017,425.9,433.7,417.6,420.2,670388,Tata communication
06-07-2017,422,425.1,415.7,419.4,626959,Tata communication
07-07-2017,423.8,424.2,413,414.8,393198,Tata communication
10-07-2017,416.6,418.6,413.8,415.4,112262,Tata communication
11-07-2017,416.1,418.7,403.9,405.5,410558,Tata communication
12-07-2017,404.9,414.8,403.6,413.2,664142,Tata communication
13-07-2017,415.8,418.3,407.2,409,322755,Tata communication
14-07-2017,412,420.3,407.1,415.9,489742,Tata communication
17-07-2017,417.2,420.7,411.4,413.1,184885,Tata communication
18-07-2017,413.4,417.6,407.7,412.5,273654,Tata communication
19-07-2017,412.5,420.7,412,419.1,398437,Tata communication
20-07-2017,420.7,420.8,413.2,414,146297,Tata communication
21-07-2017,413.4,417.8,404,406.4,257374,Tata communication
24-07-2017,406.4,408.2,397.1,401.2,391421,Tata communication
25-07-2017,404.5,421.2,403,416.2,1389697,Tata communication
26-07-2017,412.8,423.6,412.8,421.2,662255,Tata communication
27-07-2017,421.3,424.4,415.5,418.4,616817,Tata communication
28-07-2017,415.7,424.3,413.2,418.5,286885,Tata communication
31-07-2017,418.5,420.6,414.6,416.4,277116,Tata communication
01-08-2017,416.6,419.4,406.4,407.9,265625,Tata communication
02-08-2017,409.5,413.8,406.5,409.2,241946,Tata communication
03-08-2017,406.4,409.4,391.9,395.6,502741,Tata communication
04-08-2017,398,401,387.3,397.9,486257,Tata communication
07-08-2017,398.9,408.9,398.8,404.1,389012,Tata communication
08-08-2017,404.6,406.7,386.5,390.1,269887,Tata communication
09-08-2017,390.1,391.8,372.3,376.6,599884,Tata communication
10-08-2017,374.7,374.7,353.9,368.7,766184,Tata communication
11-08-2017,364.8,381.6,355.5,364.8,904383,Tata communication
14-08-2017,366.7,391.9,366.7,389.9,824656,Tata communication
16-08-2017,388.5,401.4,384.9,390,1219867,Tata communication
17-08-2017,390.3,400.2,388.4,397.8,381289,Tata communication
18-08-2017,395.5,406.4,391.1,398.3,641961,Tata communication
21-08-2017,398.5,404.7,386.9,391.5,341724,Tata communication
22-08-2017,393.5,397.1,378.9,381.7,474392,Tata communication
23-08-2017,384.7,397.6,384.5,395.6,388436,Tata communication
24-08-2017,395.3,401.4,394.1,398,1041228,Tata communication
28-08-2017,397.1,413.5,397.1,412.3,825547,Tata communication
29-08-2017,410.1,411.9,397.9,402,476776,Tata communication
30-08-2017,403.4,408.5,403.2,404.8,556505,Tata communication
31-08-2017,403.9,408.9,400.4,404.5,818179,Tata communication
01-09-2017,407.6,415.6,404.3,414.3,277082,Tata communication
04-09-2017,415.7,415.7,400.2,405.8,380801,Tata communication
05-09-2017,405.1,411.8,404.1,410.9,195213,Tata communication
06-09-2017,408.2,412.6,405.8,408.8,176447,Tata communication
07-09-2017,408.8,418.7,408.6,413.7,415252,Tata communication
08-09-2017,413.6,418.2,409.5,411.6,240537,Tata communication
11-09-2017,412.6,422.5,412,419.7,506615,Tata communication
12-09-2017,419.7,435.8,419.7,433.6,740069,Tata communication
13-09-2017,437.3,437.4,420.9,424.6,442897,Tata communication
14-09-2017,424.9,450.2,424.7,436.4,1518359,Tata communication
15-09-2017,443,452.3,434.3,439.7,2546237,Tata communication
18-09-2017,446.7,447.3,436.4,439.1,452806,Tata communication
19-09-2017,439.3,444.7,436.5,438.2,502005,Tata communication
20-09-2017,437.5,438.3,430,431,244570,Tata communication
21-09-2017,431.8,441,425.2,436.5,421863,Tata communication
22-09-2017,436.1,436.2,420.7,422.1,349129,Tata communication
25-09-2017,421.9,433.1,417.1,427.1,714641,Tata communication
26-09-2017,426.9,437.4,425,426.8,505764,Tata communication
27-09-2017,428.1,431.8,412.4,414,374085,Tata communication
28-09-2017,414,423.4,413.9,416.9,954912,Tata communication
29-09-2017,417.6,428.1,417.5,425.2,298775,Tata communication
03-10-2017,427.5,434.9,426.3,429.7,498598,Tata communication
04-10-2017,432.4,433.5,427.6,428.9,169553,Tata communication
05-10-2017,428.1,435.5,428.1,433.3,345951,Tata communication
06-10-2017,435.5,442.6,434.3,439.9,607418,Tata communication
09-10-2017,439.9,440.5,423.4,428.1,438570,Tata communication
10-10-2017,428.1,433.7,425.1,427.9,360233,Tata communication
11-10-2017,428.6,429,415.8,417.9,1099626,Tata communication
12-10-2017,420.7,428.1,411.4,426.5,1327833,Tata communication
13-10-2017,434.3,436.8,426.3,428.5,1291787,Tata communication
16-10-2017,428.3,448.3,428.1,446.3,940710,Tata communication
17-10-2017,449.7,452.9,443.4,448.6,635327,Tata communication
18-10-2017,449.8,450.4,438.4,440.6,445834,Tata communication
19-10-2017,441.6,441.7,433.1,438.6,51315,Tata communication
23-10-2017,436.3,452,436.2,445.1,821554,Tata communication
24-10-2017,448.6,456,443.1,452.5,630743,Tata communication
25-10-2017,456.6,457.2,430.7,442.2,875955,Tata communication
26-10-2017,428.1,431.2,414.8,419.2,1686777,Tata communication
27-10-2017,416.3,417.5,404.9,407,814287,Tata communication
30-10-2017,407.6,416.9,402.3,409.1,586280,Tata communication
31-10-2017,409.4,432.3,407.8,424.7,1490976,Tata communication
01-11-2017,436.7,446.1,426.1,429.9,1833795,Tata communication
02-11-2017,431.7,435.2,419.9,422.3,558439,Tata communication
03-11-2017,423.8,431.8,423.8,427.7,663476,Tata communication
06-11-2017,429.3,431.5,423.8,426.4,314773,Tata communication
07-11-2017,426.9,430.5,413.3,416.5,572469,Tata communication
08-11-2017,416.9,424.1,416.9,420.7,554675,Tata communication
09-11-2017,419.6,432.9,419.6,430.6,582085,Tata communication
10-11-2017,428,441,426.6,434.9,549837,Tata communication
13-11-2017,432.4,441.8,427.9,430.1,702375,Tata communication
14-11-2017,429.8,439.3,429.3,431.6,405319,Tata communication
15-11-2017,431.2,434.2,417.8,422.8,416365,Tata communication
16-11-2017,427.5,433.1,424.3,431.6,306185,Tata communication
17-11-2017,436.2,442.9,432.3,435,678022,Tata communication
20-11-2017,436.2,439.1,434.5,435.9,275980,Tata communication
21-11-2017,435.8,444.6,430.4,432.7,796399,Tata communication
22-11-2017,434.3,436.9,429.4,431.2,288183,Tata communication
23-11-2017,434,434.8,425.7,432.7,248651,Tata communication
24-11-2017,431.3,434.9,428.1,430,291816,Tata communication
27-11-2017,429.9,432.4,427.4,428.9,254028,Tata communication
28-11-2017,425.2,434.2,425.2,428.4,328405,Tata communication
29-11-2017,428.4,431.2,427.8,429.4,251082,Tata communication
30-11-2017,428.6,430.6,426.2,428,306851,Tata communication
01-12-2017,428.3,430.6,418.8,422.2,253070,Tata communication
04-12-2017,423,424.8,410.9,414.8,330142,Tata communication
05-12-2017,414.5,418.2,409,414.7,225132,Tata communication
06-12-2017,416.1,422.3,410.8,414,272448,Tata communication
07-12-2017,414,424.9,412,422.5,186897,Tata communication
08-12-2017,422.6,427.9,418.9,421.7,223603,Tata communication
11-12-2017,422.4,447.3,418.5,443.9,1915807,Tata communication
12-12-2017,446.7,447.6,430.4,433.3,674737,Tata communication
13-12-2017,433.7,442.7,429.1,432.1,429168,Tata communication
14-12-2017,467.8,467.8,432.4,435,7418181,Tata communication
15-12-2017,438.1,439.1,424.3,426.2,1565664,Tata communication
18-12-2017,423.4,431,411.1,424.1,864227,Tata communication
19-12-2017,425.6,430,423.2,427.2,561591,Tata communication
20-12-2017,427.5,429.3,420.3,421.7,898310,Tata communication
21-12-2017,423.1,426.5,419.8,420.8,519688,Tata communication
22-12-2017,419.4,426.1,418.6,421.3,621413,Tata communication
26-12-2017,420.5,424.2,419,421.9,310872,Tata communication
27-12-2017,420.7,434.1,420.7,429.3,1037333,Tata communication
28-12-2017,431.2,432.1,419.6,421.5,1739802,Tata communication
29-12-2017,425,427,421.3,422.9,333792,Tata communication
01-01-2018,422.1,427.5,418.8,420.6,340111,Tata communication
02-01-2018,421.2,423.5,414.7,416.2,340443,Tata communication
03-01-2018,417.3,420.5,413.8,414.9,430050,Tata communication
04-01-2018,417.5,419.4,413.8,418.6,291534,Tata communication
05-01-2018,420.6,422.5,415.7,417.1,447487,Tata communication
08-01-2018,419.4,422.8,416.3,420.7,390232,Tata communication
09-01-2018,421.3,430.9,418.6,422.3,654484,Tata communication
10-01-2018,423.6,425.6,416.9,417.8,421084,Tata communication
11-01-2018,418.1,424.2,415.8,418.8,325500,Tata communication
12-01-2018,420.7,425.7,417.3,420.1,770061,Tata communication
15-01-2018,420.3,423.1,416.9,417.7,384218,Tata communication
16-01-2018,417.7,419,401.1,404.4,569013,Tata communication
17-01-2018,400.4,405.5,393.6,400.6,762166,Tata communication
18-01-2018,403.2,404.1,389.9,393.4,471242,Tata communication
19-01-2018,392.1,397,388.5,393.3,373829,Tata communication
22-01-2018,395.8,403.3,390.3,399.9,696045,Tata communication
23-01-2018,405.8,406.1,394.9,396.7,426592,Tata communication
24-01-2018,396.5,400.2,389.9,393.2,355576,Tata communication
25-01-2018,393.9,393.9,383.2,384.2,319537,Tata communication
29-01-2018,384.6,389.4,374.2,375.7,795486,Tata communication
30-01-2018,376.9,384.3,373.9,378.4,637440,Tata communication
31-01-2018,380,387.8,379.7,381.8,602219,Tata communication
01-02-2018,383.7,391.4,376.5,386.6,549500,Tata communication
02-02-2018,384.7,386.3,369.9,382.7,1563050,Tata communication
05-02-2018,375.7,386.5,374.7,384.2,603866,Tata communication
06-02-2018,371.6,382.2,367.1,374.6,755961,Tata communication
07-02-2018,379.3,386,371.9,373.2,586010,Tata communication
08-02-2018,374.1,387.2,373.1,384,726417,Tata communication
09-02-2018,376.6,397.7,374.6,395.9,730373,Tata communication
12-02-2018,400.2,407,393.9,403.3,414890,Tata communication
14-02-2018,408.1,413.2,398.4,407.4,587030,Tata communication
15-02-2018,405.8,408.2,399.6,401.1,289031,Tata communication
16-02-2018,401.3,403.9,393.1,397.1,423687,Tata communication
19-02-2018,396,400,388.2,393.4,295349,Tata communication
20-02-2018,393.4,396.8,389.9,391.1,290415,Tata communication
21-02-2018,392.3,393.9,382.9,388.1,222232,Tata communication
22-02-2018,386.6,390.8,381.6,383.3,615861,Tata communication
23-02-2018,384.6,398.9,384.6,396.6,307812,Tata communication
26-02-2018,398.9,398.9,393,394,344634,Tata communication
27-02-2018,394,404.7,393.5,402.6,368604,Tata communication
28-02-2018,400.2,403.1,395.8,398.5,395885,Tata communication
01-03-2018,396.2,400.8,394,395.9,271665,Tata communication
05-03-2018,394.8,394.8,387.2,390,186920,Tata communication
06-03-2018,391.7,395.2,384.7,387.3,424371,Tata communication
07-03-2018,387.2,387.2,376.3,380.5,483976,Tata communication
08-03-2018,385.4,385.4,378.5,382.6,438723,Tata communication
09-03-2018,382.9,389.8,381.7,384.7,518290,Tata communication
12-03-2018,386.7,391.5,384.4,388.1,191644,Tata communication
13-03-2018,388.1,396.1,387.7,393.4,227934,Tata communication
14-03-2018,391.3,397.7,389.9,396.6,355377,Tata communication
15-03-2018,397,402.2,395.6,396.6,282531,Tata communication
16-03-2018,397.1,399.9,385.3,387.2,351884,Tata communication
19-03-2018,387.5,391.1,387.5,388.4,380151,Tata communication
20-03-2018,388.4,398.9,387,395.5,1678875,Tata communication
21-03-2018,397,402.2,392.3,396,538401,Tata communication
22-03-2018,392.7,397.1,387.8,389.5,142533,Tata communication
23-03-2018,381.7,386.9,381.3,382.9,488732,Tata communication
26-03-2018,382.8,386.9,382.8,384.9,262035,Tata communication
27-03-2018,385.9,390.3,384.9,388.2,171826,Tata communication
28-03-2018,386.4,387.9,384.5,384.8,399958,Tata communication
02-04-2018,385.3,398.4,385.3,395.7,159564,Tata communication
03-04-2018,394.6,407.3,394.6,404.8,583454,Tata communication
04-04-2018,407.2,411.3,393.1,395.7,414710,Tata communication
05-04-2018,403.1,410.2,401.2,406.4,297746,Tata communication
06-04-2018,407.5,407.7,402.9,406.3,120860,Tata communication
09-04-2018,406.4,416.3,405.4,409.6,424431,Tata communication
10-04-2018,409,412.3,403.3,406.7,255613,Tata communication
11-04-2018,406.5,409.9,404.8,408.9,217123,Tata communication
12-04-2018,407,411.4,392.6,393.8,445860,Tata communication
13-04-2018,394.1,398,390.5,394,223074,Tata communication
16-04-2018,393.4,393.4,381.3,385.3,1247955,Tata communication
17-04-2018,387.7,389.6,384.1,387.5,183895,Tata communication
18-04-2018,390.3,390.3,383.5,384.9,216223,Tata communication
19-04-2018,385.4,389,381.6,385.2,204349,Tata communication
20-04-2018,387.7,393.4,386.1,390.5,402354,Tata communication
23-04-2018,390.9,397,388.9,393.1,176956,Tata communication
24-04-2018,392.1,396.6,389.3,392.6,266201,Tata communication
25-04-2018,391.9,393,388.1,390.3,542796,Tata communication
26-04-2018,390.3,392.1,382.4,384.7,408443,Tata communication
27-04-2018,387,388.4,383.6,385.4,431960,Tata communication
30-04-2018,387.7,390,381.6,387,806866,Tata communication
02-05-2018,389.3,394.2,384.4,390.6,603686,Tata communication
03-05-2018,390.2,390.2,379.9,381.6,830833,Tata communication
04-05-2018,381.5,384.3,377.9,382.9,412161,Tata communication
07-05-2018,384.1,387.7,375.7,379.4,510791,Tata communication
08-05-2018,379.9,385.2,377.3,382.9,748176,Tata communication
09-05-2018,384,384,376.5,379.4,466788,Tata communication
10-05-2018,379.9,381.9,377.8,379.7,584814,Tata communication
11-05-2018,369.9,399.6,369.8,394.7,1530205,Tata communication
14-05-2018,395.8,398.3,390.2,395.3,400270,Tata communication
15-05-2018,395,395.2,376.3,383.5,444382,Tata communication
16-05-2018,381.7,389,378.7,387.2,271841,Tata communication
17-05-2018,388.4,389.6,379.2,382.8,191937,Tata communication
18-05-2018,382.2,382.7,375.7,378.5,194700,Tata communication
21-05-2018,378.5,382.2,375.4,377.9,440123,Tata communication
22-05-2018,378.5,387.1,376.4,380.4,399970,Tata communication
23-05-2018,380.3,385.4,377.5,378.9,232628,Tata communication
24-05-2018,379.8,384.9,377.6,381.4,202227,Tata communication
25-05-2018,382.5,393.3,380.8,392,220738,Tata communication
28-05-2018,391.8,401.1,391.8,398.4,335027,Tata communication
29-05-2018,394.7,402.8,377.5,385,411796,Tata communication
30-05-2018,383.4,394.6,383.3,391.7,157364,Tata communication
31-05-2018,396.3,396.5,381.9,383,2042160,Tata communication
01-06-2018,385.2,386.8,370,373.4,225445,Tata communication
04-06-2018,374.2,376.9,370.8,374.4,271000,Tata communication
05-06-2018,372.6,377.2,371.5,374.4,481753,Tata communication
06-06-2018,374.2,379.4,371.1,376.3,108722,Tata communication
07-06-2018,379,382.2,376,376.6,335855,Tata communication
08-06-2018,376,380.3,373.2,374.7,131062,Tata communication
11-06-2018,373.8,380.2,373.8,377.6,1070627,Tata communication
12-06-2018,377.8,381.5,376.1,377.4,289365,Tata communication
13-06-2018,376.9,382.5,376,377.7,1400682,Tata communication
14-06-2018,377.7,381.7,376.9,378.4,133604,Tata communication
15-06-2018,378.8,384.9,377.8,378.8,258340,Tata communication
18-06-2018,381.5,383.1,373.5,375.3,694894,Tata communication
19-06-2018,375.1,379.2,367.4,370.2,332518,Tata communication
20-06-2018,372.2,378.5,368.6,376.1,357336,Tata communication
21-06-2018,376.5,379.4,373.2,374.6,100405,Tata communication
22-06-2018,374.1,376.7,370.6,373.5,191051,Tata communication
25-06-2018,373.7,375.7,369.8,370.4,187152,Tata communication
26-06-2018,369.8,373.3,365.2,366.4,512878,Tata communication
27-06-2018,366.9,369.1,363.7,366.2,321819,Tata communication
28-06-2018,363.4,366.1,356.6,362.9,507185,Tata communication
29-06-2018,363.1,369.8,356.3,367.8,294532,Tata communication
02-07-2018,368.5,370.1,362,367.5,274268,Tata communication
03-07-2018,367.3,369,360.3,364.9,1465494,Tata communication
04-07-2018,366,369.3,362.5,366.5,180726,Tata communication
05-07-2018,366.9,374.1,364.4,369.5,379807,Tata communication
06-07-2018,370.4,372.9,365.2,366.4,154153,Tata communication
09-07-2018,369.1,377.3,366.2,372.2,130656,Tata communication
10-07-2018,377.7,385.7,374.1,381.2,426150,Tata communication
11-07-2018,384.3,384.3,374,376.2,104901,Tata communication
12-07-2018,377.6,381.6,367.8,378.5,274833,Tata communication
13-07-2018,384,387.1,367.9,373,772113,Tata communication
16-07-2018,372.3,372.3,346.2,349.7,395401,Tata communication
17-07-2018,349.3,357.3,346,352.1,174695,Tata communication
18-07-2018,353,354.2,331.6,339.1,328156,Tata communication
19-07-2018,338.7,345.4,335.6,340.6,208168,Tata communication
20-07-2018,339.4,345.4,338.1,343,461396,Tata communication
23-07-2018,343,352.3,338.5,351.4,165930,Tata communication
24-07-2018,353,369.2,349.2,364.6,308131,Tata communication
25-07-2018,364.6,368.2,356.1,358.4,216332,Tata communication
26-07-2018,358.6,364.8,352.1,354,160298,Tata communication
27-07-2018,356.7,360.8,351.4,352.7,146048,Tata communication
30-07-2018,353.7,361.4,352.7,358.7,258526,Tata communication
31-07-2018,359.8,369.2,357.4,359,328358,Tata communication
01-08-2018,357.4,371.1,354,366.2,460944,Tata communication
02-08-2018,366.2,370,360.9,364.3,272952,Tata communication
03-08-2018,363.5,374.2,362.7,364,373194,Tata communication
06-08-2018,363.7,370.9,359.3,360.6,211560,Tata communication
07-08-2018,361.7,362.7,355.5,360.8,212668,Tata communication
08-08-2018,362.6,367.3,357.4,361,255271,Tata communication
09-08-2018,361.2,372.3,357.7,366.4,266800,Tata communication
10-08-2018,363.3,365.3,342,352.8,1022292,Tata communication
13-08-2018,352.9,352.9,344.1,347,180486,Tata communication
14-08-2018,346.8,354.9,343.3,351,271117,Tata communication
16-08-2018,353,353,344.5,346.2,246432,Tata communication
17-08-2018,347.9,350,341.3,343.6,175311,Tata communication
20-08-2018,345.1,349.4,339.4,342.4,237281,Tata communication
21-08-2018,341.9,346.5,339.7,341.1,154980,Tata communication
23-08-2018,340.6,345.5,337.1,340.7,136242,Tata communication
24-08-2018,340.8,341.2,334.6,336.6,186949,Tata communication
27-08-2018,337.3,344,337.3,342,261706,Tata communication
28-08-2018,343.1,345.1,336.7,339.8,313622,Tata communication
29-08-2018,338.1,342.5,336.7,340.5,144131,Tata communication
30-08-2018,341.2,349.6,338.8,347.1,588974,Tata communication
31-08-2018,347.4,350.5,332.9,335,448930,Tata communication
03-09-2018,337.5,338.6,327.6,329.9,237801,Tata communication
04-09-2018,330,331.8,320,321.9,708695,Tata communication
05-09-2018,319.5,323.2,313.3,318.5,576067,Tata communication
06-09-2018,317,322.4,314.3,320.8,376049,Tata communication
07-09-2018,323,330.9,318.3,327.3,595395,Tata communication
10-09-2018,327.7,330.6,321.6,326.1,245622,Tata communication
11-09-2018,325.1,337.2,322.8,324.3,561952,Tata communication
12-09-2018,324.3,326.4,316.5,325.4,298267,Tata communication
14-09-2018,325.4,328.8,323.4,326.5,166267,Tata communication
17-09-2018,326.5,328.2,319.2,324.3,219995,Tata communication
18-09-2018,322.7,327.8,319.2,320.8,257658,Tata communication
19-09-2018,325.4,326,319,322.1,235376,Tata communication
21-09-2018,323.4,324,304.2,310.1,566004,Tata communication
24-09-2018,310.2,315.7,306.7,312.4,313435,Tata communication
25-09-2018,312.7,318.3,308.2,312,370713,Tata communication
26-09-2018,312.7,320.8,310.5,316.6,370593,Tata communication
27-09-2018,318.9,320.1,312.4,313.2,230007,Tata communication
28-09-2018,314.9,316.5,301.7,310.5,467095,Tata communication
01-10-2018,313.9,316.4,303.4,312.2,675298,Tata communication
03-10-2018,314.2,314.2,300,302.8,973892,Tata communication
04-10-2018,300.6,304,290.6,298,393936,Tata communication
05-10-2018,299.1,299.5,289.5,293.5,196403,Tata communication
08-10-2018,289.5,299.8,287,296,345965,Tata communication
09-10-2018,294.8,304.2,289.8,295.7,383859,Tata communication
10-10-2018,293.6,310,293.6,306.4,147341,Tata communication
11-10-2018,300.6,308.8,276.4,300,133961,Tata communication
12-10-2018,300.3,308.1,297.7,300.7,143395,Tata communication
15-10-2018,301,321.2,297.2,318.9,384654,Tata communication
16-10-2018,317,318.9,299.7,301.8,1127624,Tata communication
17-10-2018,305.8,305.8,290.8,292.1,1107415,Tata communication
19-10-2018,288.8,294.7,274.6,282.5,363843,Tata communication
22-10-2018,282.3,285,276.1,278,136933,Tata communication
23-10-2018,275.5,288.7,273,281.2,416424,Tata communication
24-10-2018,280.8,286.5,274.5,283.1,247641,Tata communication
25-10-2018,279.8,284.9,275.6,279.1,807750,Tata communication
26-10-2018,278,284.8,270.3,277,473980,Tata communication
29-10-2018,277,290.7,273.1,289.2,243967,Tata communication
30-10-2018,287,302.2,287,291.1,340834,Tata communication
31-10-2018,292.9,306.6,288.7,304.9,492153,Tata communication
01-11-2018,307.1,316.3,303.6,309.5,658772,Tata communication
02-11-2018,308.4,311.1,295.6,304.4,973862,Tata communication
05-11-2018,304.4,311.4,301.8,307.2,304275,Tata communication
06-11-2018,308.2,317.9,307.2,313.4,532195,Tata communication
09-11-2018,311.7,319.2,309.3,318.5,339412,Tata communication
12-11-2018,319.1,323.3,313.9,319.6,202179,Tata communication
13-11-2018,316.5,321.9,309.4,320.6,351161,Tata communication
14-11-2018,321.4,327.9,316.9,325.7,472518,Tata communication
15-11-2018,325.1,326,319.6,321.8,972196,Tata communication
16-11-2018,323.5,343.7,321.1,340.3,653054,Tata communication
19-11-2018,337.9,339.9,332,333.8,214526,Tata communication
20-11-2018,332.6,336.3,326.5,329.5,233847,Tata communication
21-11-2018,330.7,333.8,325.7,330.8,118953,Tata communication
22-11-2018,330.7,336.2,325.5,327.3,270093,Tata communication
26-11-2018,324.8,332,324.8,329.4,174435,Tata communication
27-11-2018,328.8,333.3,325.7,330.8,237869,Tata communication
28-11-2018,331.9,333.2,322.6,324.3,390078,Tata communication
29-11-2018,326.3,331.7,324.7,328.6,225501,Tata communication
30-11-2018,331.6,335.3,324.7,333.8,277664,Tata communication
03-12-2018,333.8,338.4,326,327.5,392231,Tata communication
04-12-2018,328.1,328.1,318.5,325.3,337501,Tata communication
05-12-2018,325.5,325.7,318.6,320.9,109185,Tata communication
06-12-2018,322,322,311.8,317.7,325240,Tata communication
07-12-2018,318.3,326.5,317.5,323.8,477224,Tata communication
10-12-2018,321.8,321.8,313.4,316,152745,Tata communication
11-12-2018,312.1,323.7,310.3,322.4,137540,Tata communication
12-12-2018,323.2,331.4,321.5,330.2,115946,Tata communication
13-12-2018,328.9,333.2,325.2,326.8,339588,Tata communication
14-12-2018,326.4,338.3,323.9,330.4,257764,Tata communication
17-12-2018,330.9,333.8,325.9,330.7,119892,Tata communication
18-12-2018,328.7,331.6,325.9,330.2,92765,Tata communication
19-12-2018,330.6,342.8,330.3,341.3,269816,Tata communication
20-12-2018,336.4,346.2,336.2,339.6,492113,Tata communication
21-12-2018,338.1,344.8,320.2,323,438572,Tata communication
24-12-2018,321.4,333.8,318.9,325.9,300238,Tata communication
26-12-2018,323.6,323.6,313.8,316.7,392429,Tata communication
27-12-2018,316.4,328.2,313.8,323.1,756078,Tata communication
28-12-2018,323.2,327.2,320.7,324,294213,Tata communication
31-12-2018,326,329.5,324.5,325.3,224554,Tata communication
01-01-2019,326,328.3,319.7,324,173228,Tata communication
02-01-2019,323.9,331.3,321.6,323.5,761027,Tata communication
03-01-2019,321.6,335.6,321.6,332.6,901611,Tata communication
04-01-2019,333.2,337.5,324.3,329.7,451912,Tata communication
07-01-2019,329.5,332.7,326.4,328.1,214381,Tata communication
08-01-2019,328.2,335,326.1,327.3,539040,Tata communication
09-01-2019,327.9,330.1,321,323.1,264753,Tata communication
10-01-2019,323.2,325.6,317.7,321.4,281157,Tata communication
11-01-2019,322.6,325.4,315.3,320.6,343639,Tata communication
14-01-2019,319.6,321.3,315.4,318.2,208007,Tata communication
15-01-2019,318.9,323.8,317.7,319.9,239688,Tata communication
16-01-2019,322.3,334.3,320.3,329.6,708703,Tata communication
17-01-2019,331.6,332.2,323.6,329.5,425034,Tata communication
18-01-2019,328.3,337,320.2,322.7,844270,Tata communication
21-01-2019,324.1,324.6,316.5,318.3,293451,Tata communication
22-01-2019,316.6,322.1,315.2,320.1,314664,Tata communication
23-01-2019,318.4,324.4,317.8,319.6,172391,Tata communication
24-01-2019,321.8,326.4,319.4,323.6,247811,Tata communication
25-01-2019,325,326.1,301.1,306,994637,Tata communication
28-01-2019,304.6,315.2,302.9,310.5,838301,Tata communication
29-01-2019,311.8,312.4,305.4,307.1,390429,Tata communication
30-01-2019,304.8,318.1,301.3,304.2,3201920,Tata communication
31-01-2019,307.7,319.8,305.3,307.7,1175711,Tata communication
01-02-2019,310.9,313.1,303.6,309.6,439432,Tata communication
04-02-2019,309.9,310.8,302.7,306.9,250250,Tata communication
05-02-2019,306.9,308.3,302.4,307,612054,Tata communication
06-02-2019,306,308.1,302.3,303.7,587311,Tata communication
07-02-2019,301,308.2,301,304.3,624728,Tata communication
08-02-2019,303.4,306.7,293.5,304.5,453918,Tata communication
11-02-2019,302.2,302.7,294.7,299.2,245695,Tata communication
12-02-2019,300.9,303,297.8,300.6,552836,Tata communication
13-02-2019,301.3,313.2,300.4,310.3,378712,Tata communication
14-02-2019,307.8,313,303.7,308.3,857822,Tata communication
15-02-2019,306.6,312.5,304.7,308,215422,Tata communication
18-02-2019,307.7,312.7,305.3,311.5,250152,Tata communication
19-02-2019,307.9,317.4,307.9,315,482551,Tata communication
20-02-2019,315.2,323.5,310.2,322,429415,Tata communication
21-02-2019,320.3,327,316.7,324.6,448802,Tata communication
22-02-2019,323.2,334.4,322.3,332,436523,Tata communication
25-02-2019,331.8,344.9,327.4,342.5,760753,Tata communication
26-02-2019,339.5,357.7,335.2,354.6,959054,Tata communication
27-02-2019,354.9,365.7,354.7,362.1,1032246,Tata communication
28-02-2019,366,374,359.9,366.1,1236446,Tata communication
01-03-2019,366.1,370.4,356.4,368.2,386250,Tata communication
05-03-2019,366.3,374.6,363.9,372.6,396701,Tata communication
06-03-2019,375,387.1,373.6,380.9,828566,Tata communication
07-03-2019,383.2,383.2,376.2,379.3,319014,Tata communication
08-03-2019,377,382.8,376.3,380.1,298771,Tata communication
11-03-2019,379.7,382.7,375.8,378.3,813501,Tata communication
12-03-2019,377.3,387.1,377.3,383.2,822108,Tata communication
13-03-2019,382.2,382.2,370.6,372,773469,Tata communication
14-03-2019,374.1,379.2,366.7,377.4,327974,Tata communication
15-03-2019,377.8,381.3,373.2,377.8,332808,Tata communication
18-03-2019,377.6,382.4,373.3,376.3,477956,Tata communication
19-03-2019,378.5,380.3,373,375.8,335710,Tata communication
20-03-2019,375.1,382.4,375.1,380.3,286822,Tata communication
22-03-2019,379.3,382.2,370.7,372.4,281464,Tata communication
25-03-2019,369.1,370.8,365.7,367.9,167224,Tata communication
26-03-2019,368.9,374.5,366.4,370.7,264829,Tata communication
27-03-2019,373.5,375.9,368.2,373,303957,Tata communication
28-03-2019,375.3,378.8,370.3,377,256324,Tata communication
29-03-2019,377.8,383.3,376.7,380.2,239087,Tata communication
01-04-2019,382.8,384.1,375.3,378.8,255684,Tata communication
02-04-2019,380.6,389.4,373.1,375.3,709158,Tata communication
03-04-2019,375.3,377.6,369.5,371.6,206839,Tata communication
04-04-2019,372.3,373.9,366.1,369.6,165815,Tata communication
05-04-2019,372.5,378.3,368.9,374.5,249386,Tata communication
08-04-2019,372.9,379.5,365.2,367.6,206817,Tata communication
09-04-2019,367.6,370.4,359.9,361.1,206596,Tata communication
10-04-2019,361,365,358.9,360.3,123137,Tata communication
11-04-2019,361.1,366.5,359.3,363.8,248868,Tata communication
12-04-2019,365.4,365.4,360,361.6,127044,Tata communication
15-04-2019,362.1,364.1,359.3,360.4,178757,Tata communication
16-04-2019,361.3,364,356.8,358.7,105324,Tata communication
18-04-2019,363,363.1,352.6,355.1,154091,Tata communication
22-04-2019,354.3,362.9,350.5,359.1,232695,Tata communication
23-04-2019,358,371.4,350.6,358.4,176081,Tata communication
24-04-2019,359.2,361,353.4,358,102443,Tata communication
25-04-2019,359.9,361.1,352.9,354.6,63028,Tata communication
26-04-2019,356.7,356.7,347.2,350,82318,Tata communication
30-04-2019,347.4,351.9,343.7,348.2,120408,Tata communication
02-05-2019,349,355.9,346.2,354.3,105753,Tata communication
03-05-2019,351.8,360.4,338,342.5,422243,Tata communication
06-05-2019,338.8,352.4,338.8,349.8,203383,Tata communication
07-05-2019,351.2,357,348.5,352.2,190239,Tata communication
08-05-2019,350,354.6,344.3,346.8,404657,Tata communication
09-05-2019,335.7,347.4,335.4,343.1,1871873,Tata communication
10-05-2019,340.4,350.5,340.4,346.1,254894,Tata communication
13-05-2019,344.3,346.9,336.3,338.4,88892,Tata communication
14-05-2019,335.7,343.7,335.7,340.9,208010,Tata communication
15-05-2019,339.4,344.6,338.4,341.2,82666,Tata communication
16-05-2019,341.7,342,333.2,335.3,185456,Tata communication
17-05-2019,335,346.2,332.6,343.1,194797,Tata communication
20-05-2019,346.5,356.5,337.5,344.5,383194,Tata communication
21-05-2019,346.2,346.3,336.3,337.8,135928,Tata communication
22-05-2019,336.9,340.3,330.5,331.5,113855,Tata communication
23-05-2019,333.2,347.8,327.4,329.6,189912,Tata communication
24-05-2019,330.7,342.7,328.4,341.3,141626,Tata communication
27-05-2019,344,346.8,339.4,343.1,180343,Tata communication
28-05-2019,343.1,352.6,340,344.1,479508,Tata communication
29-05-2019,344.3,345.6,330.7,338.3,221786,Tata communication
30-05-2019,337.5,342.8,335.8,340.9,181207,Tata communication
31-05-2019,339.4,340.9,329.3,335.7,207771,Tata communication
03-06-2019,334.8,336.7,330.4,335.3,111049,Tata communication
04-06-2019,335,338.3,331.7,333.5,121930,Tata communication
06-06-2019,336.2,337.5,327.2,328.4,91929,Tata communication
07-06-2019,328.8,334.4,322.9,325.6,158521,Tata communication
10-06-2019,327,327.3,311.6,313.5,569090,Tata communication
11-06-2019,313.4,317,309,314,227505,Tata communication
12-06-2019,313.9,318.3,303,304.9,411194,Tata communication
13-06-2019,302.8,308,300.9,304.2,442967,Tata communication
14-06-2019,304,313.8,303,306.2,726169,Tata communication
17-06-2019,304.7,312.1,304.4,310.2,393697,Tata communication
18-06-2019,309.6,314.5,308.5,310.6,415192,Tata communication
19-06-2019,311.5,314.5,308,310.3,285213,Tata communication
20-06-2019,309,312.1,298.6,308.9,818241,Tata communication
21-06-2019,309,314.5,299.4,302,435340,Tata communication
24-06-2019,299.2,302.2,295.9,297.3,232150,Tata communication
25-06-2019,294.5,304.5,288.7,301.6,554056,Tata communication
26-06-2019,300,307.9,296.4,297.8,416250,Tata communication
27-06-2019,297.3,302.5,296.1,298.7,999443,Tata communication
28-06-2019,299.1,304.3,296.6,300.9,113093,Tata communication
01-07-2019,300.9,301.1,295.5,297.3,36247,Tata communication
02-07-2019,297.2,299,290.5,294.7,253824,Tata communication
03-07-2019,291.6,300.8,279.8,295.2,941134,Tata communication
04-07-2019,293.4,295.3,284.7,287.3,222903,Tata communication
05-07-2019,287.8,291.3,285.4,286.2,91382,Tata communication
08-07-2019,285.4,288.5,279.3,281.8,72563,Tata communication
09-07-2019,279.9,282.3,276.8,278.8,47278,Tata communication
10-07-2019,276.7,290.9,274.2,287.6,466900,Tata communication
11-07-2019,287.3,322.5,284.5,313.5,808339,Tata communication
12-07-2019,313.8,315.2,299.7,304.5,818204,Tata communication
15-07-2019,304.5,310.2,301.2,305.6,464258,Tata communication
16-07-2019,306.5,313.2,300.8,307.2,316124,Tata communication
17-07-2019,305.3,307.4,299.1,302.1,46091,Tata communication
18-07-2019,302.7,302.8,292.3,295.8,59862,Tata communication
19-07-2019,294.8,300.8,287.9,292.9,99813,Tata communication
22-07-2019,295.3,297.7,290.4,296.5,183116,Tata communication
23-07-2019,295.4,303.7,293.7,299,64810,Tata communication
24-07-2019,297.9,302.2,288.5,290.1,68016,Tata communication
25-07-2019,289.1,302.8,289.1,298.5,84799,Tata communication
26-07-2019,294.4,313.3,294.4,307.9,199520,Tata communication
29-07-2019,310,310,297.8,305,66480,Tata communication
30-07-2019,302.8,306.5,295.6,299.7,115217,Tata communication
31-07-2019,305.3,305.3,288.6,291.1,81977,Tata communication
01-08-2019,291.1,294.7,280.5,282.9,86299,Tata communication
02-08-2019,280.9,292.2,277.3,290.3,99125,Tata communication
05-08-2019,291.5,320.7,279.9,288.2,175130,Tata communication
06-08-2019,287.3,294,284.6,286.6,519228,Tata communication
07-08-2019,288.2,291.6,281.9,288.2,86061,Tata communication
08-08-2019,290.4,298.2,285.5,291.5,571690,Tata communication
09-08-2019,288.6,293.8,286.4,287.2,93261,Tata communication
13-08-2019,285.4,286.5,273.6,275.1,73788,Tata communication
14-08-2019,276.7,279.8,272.9,277.9,43476,Tata communication
16-08-2019,273.6,279.8,272.4,274.2,54498,Tata communication
19-08-2019,275.9,277.4,267.4,273.3,111017,Tata communication
20-08-2019,274.6,278.3,271.8,273.6,354168,Tata communication
21-08-2019,274.3,277.3,263.9,267.5,73254,Tata communication
22-08-2019,267.5,269.8,260,262.9,87388,Tata communication
23-08-2019,262.4,265,249.4,261.5,109870,Tata communication
26-08-2019,261.8,264.4,257.7,260.7,111048,Tata communication
27-08-2019,260.6,267.8,257.5,263.1,69766,Tata communication
28-08-2019,261.8,264.9,258.5,261.2,68242,Tata communication
29-08-2019,265.4,278,255.7,259.7,94566,Tata communication
30-08-2019,260.6,268.7,258.3,267,106088,Tata communication
03-09-2019,267.4,267.4,253.1,257,81699,Tata communication
04-09-2019,261.1,268.4,256.9,264.3,173709,Tata communication
05-09-2019,273,274.5,263.7,265.3,250452,Tata communication
06-09-2019,266.7,266.8,257.1,260.5,153923,Tata communication
09-09-2019,260.6,263.7,258.9,260.6,41370,Tata communication
11-09-2019,261.8,268,260.2,266.2,79105,Tata communication
12-09-2019,269.3,269.3,263.4,265.4,218562,Tata communication
13-09-2019,265.4,266.8,261.8,265.5,167162,Tata communication
16-09-2019,266.8,267.2,263,264.8,991639,Tata communication
17-09-2019,265,278.3,265,278.3,21751,Tata communication
18-09-2019,292.2,292.2,292.2,292.2,84097,Tata communication
19-09-2019,306.8,306.8,306.8,306.8,4540,Tata communication
20-09-2019,322.1,322.1,322.1,322.1,26328,Tata communication
23-09-2019,338.2,338.2,338.2,338.2,4943,Tata communication
24-09-2019,355.1,355.1,355.1,355.1,4100,Tata communication
25-09-2019,372.8,372.8,372.8,372.8,11947,Tata communication
26-09-2019,391.4,391.4,354.2,376.4,788856,Tata communication
27-09-2019,375,375,357.6,370.1,123509,Tata communication
30-09-2019,370,378.8,355.2,375.1,554992,Tata communication
01-10-2019,381,384.4,351.1,367.2,632208,Tata communication
03-10-2019,364,374.4,352.5,365.9,760542,Tata communication
04-10-2019,372,372.5,365.2,365.9,78334,Tata communication
07-10-2019,371.8,371.8,360,363.5,52922,Tata communication
09-10-2019,363.5,370,356,363,92813,Tata communication
10-10-2019,363,373,363,370.5,143325,Tata communication
11-10-2019,371.9,374,337.3,353.7,214549,Tata communication
14-10-2019,356.1,368.2,340,354.7,54712,Tata communication
15-10-2019,354.1,362,352,357.3,61756,Tata communication
16-10-2019,356,364.9,356,360.5,46567,Tata communication
17-10-2019,364,367,358,361.9,71613,Tata communication
18-10-2019,362.6,365,355.2,359.7,123538,Tata communication
22-10-2019,355.1,369,355.1,365.4,79667,Tata communication
23-10-2019,368,368,352.5,359.3,215514,Tata communication
24-10-2019,361,361.8,342.7,347.7,62697,Tata communication
25-10-2019,353.7,357.6,342.3,355.8,49698,Tata communication
27-10-2019,358,358,350,357,4432,Tata communication
29-10-2019,359,368,349,354.8,113878,Tata communication
30-10-2019,354.6,358,346,355.8,35514,Tata communication
31-10-2019,359,359,346,352.2,150039,Tata communication
01-11-2019,356.9,364,352.2,359.9,62119,Tata communication
04-11-2019,358.1,374.9,352,369.9,316349,Tata communication
05-11-2019,369.9,376.9,356.5,360.3,97913,Tata communication
06-11-2019,360,365,355.6,358.7,31880,Tata communication
07-11-2019,359,377.9,355.7,372,125884,Tata communication
08-11-2019,373.7,379.1,367.7,372.1,189162,Tata communication
11-11-2019,375.8,375.9,356,369.8,82242,Tata communication
13-11-2019,361.1,367,353.3,357.4,135375,Tata communication
14-11-2019,353,358,350.1,354,43631,Tata communication
15-11-2019,351.5,356,350.1,353.5,127131,Tata communication
18-11-2019,352.1,359.5,348,351.9,104267,Tata communication
19-11-2019,356,367.8,346.6,353,84358,Tata communication
20-11-2019,351.2,362.5,348.2,354,94153,Tata communication
21-11-2019,352.5,359,348.6,352.8,135782,Tata communication
22-11-2019,353.9,372,350.2,361.9,271797,Tata communication
25-11-2019,363.9,386,360.1,375.1,347671,Tata communication
26-11-2019,377,385,355.8,360.8,288008,Tata communication
27-11-2019,363.9,433,362.3,412.3,1087217,Tata communication
28-11-2019,423,464.8,413.8,448,4038702,Tata communication
29-11-2019,445.8,459.8,440,445.2,572408,Tata communication
03-12-2019,425.1,426.1,406.3,409.5,163414,Tata communication
04-12-2019,409,429.7,406.1,410.4,184854,Tata communication
05-12-2019,411,413.9,401.3,403.6,136933,Tata communication
06-12-2019,405.2,408.2,395,395.4,86061,Tata communication
09-12-2019,396.8,404,391,396.9,94400,Tata communication
10-12-2019,397.4,406.4,387,389.8,62373,Tata communication
11-12-2019,392.9,395.1,380.5,387,70490,Tata communication
12-12-2019,389.3,394,380.9,391.4,141526,Tata communication
13-12-2019,390.9,399.9,389.5,393,60546,Tata communication
16-12-2019,389.1,395.6,380,382.6,30839,Tata communication
17-12-2019,384.9,390,380,387.8,44574,Tata communication
18-12-2019,387.8,424.9,382.9,395.4,342609,Tata communication
19-12-2019,399.4,404.1,389.3,396.6,96540,Tata communication
20-12-2019,402.8,402.8,382,386.8,153730,Tata communication
23-12-2019,387.9,392,382.2,386.3,62094,Tata communication
24-12-2019,388.9,408,382.8,395.6,318654,Tata communication
26-12-2019,398.8,398.8,385,391,95206,Tata communication
27-12-2019,394,397.8,388.5,391.2,38034,Tata communication
30-12-2019,391.2,396,383.3,385.8,48901,Tata communication
31-12-2019,386.2,414.7,383,397,201354,Tata communication
01-01-2020,397.3,404,393.1,399.4,38131,Tata communication
02-01-2020,401,411,399.6,404.8,166789,Tata communication
03-01-2020,404.5,425,398.3,420.8,248117,Tata communication
06-01-2020,417.8,422,401.1,416,190686,Tata communication
07-01-2020,422,434,411.4,417,188618,Tata communication
08-01-2020,411.3,424,402.9,416.9,154137,Tata communication
09-01-2020,420,426.5,410.1,413.8,80708,Tata communication
10-01-2020,415,421.5,404,406.7,72993,Tata communication
13-01-2020,412,423,406.1,421.8,134523,Tata communication
14-01-2020,422,432.7,421.6,429.2,80723,Tata communication
15-01-2020,428.2,440,425,436.9,102688,Tata communication
16-01-2020,436.9,444,432.6,437.8,110985,Tata communication
17-01-2020,433.4,439.9,427.5,435.8,107640,Tata communication
20-01-2020,436.8,450,425,438.6,159166,Tata communication
21-01-2020,435,449.8,430.6,447.2,141648,Tata communication
22-01-2020,449,455,442.1,448.4,127192,Tata communication
23-01-2020,435.4,458,422,454,224069,Tata communication
24-01-2020,455.1,458.6,436,453.2,110974,Tata communication
27-01-2020,453.2,453.9,442,445.8,20238,Tata communication
28-01-2020,444.3,449.8,434.3,437.2,64667,Tata communication
29-01-2020,433.2,441.9,422.2,427.1,97027,Tata communication
30-01-2020,438.5,438.5,415,419.3,52832,Tata communication
31-01-2020,418,423,410.9,416.4,35013,Tata communication
01-02-2020,411.6,418,402,410.2,43255,Tata communication
03-02-2020,400,411.5,395.2,400.4,70497,Tata communication
04-02-2020,407,417,403.1,414.4,32311,Tata communication
05-02-2020,423,424,408,416.2,31319,Tata communication
06-02-2020,418.2,423.8,411.5,419.8,72158,Tata communication
07-02-2020,421.4,422,409.6,413.4,48638,Tata communication
10-02-2020,415.5,420.8,408.7,412.9,35379,Tata communication
11-02-2020,417.7,418.9,410,414.6,40392,Tata communication
12-02-2020,417.9,417.9,392.2,396.7,82681,Tata communication
13-02-2020,404,410.7,390.1,400.1,175769,Tata communication
14-02-2020,403,403.8,387,390.4,32929,Tata communication
17-02-2020,388.1,394.3,383,385.7,56024,Tata communication
18-02-2020,387.5,393.2,383.4,390.3,57884,Tata communication
19-02-2020,395,395,382.1,384.4,58658,Tata communication
20-02-2020,390,445.9,380.1,391.9,329079,Tata communication
24-02-2020,388,394.8,380,388.6,94257,Tata communication
25-02-2020,395,398.4,381,385.3,138688,Tata communication
26-02-2020,385.3,388,375,379.9,27868,Tata communication
27-02-2020,381,381.3,363,375.2,50844,Tata communication
28-02-2020,365.4,373,357.7,360.9,72931,Tata communication
02-03-2020,368.9,379,350.1,356.9,82200,Tata communication
03-03-2020,364.3,367.5,351.1,360.6,66250,Tata communication
04-03-2020,364.9,366,340.6,350.5,83631,Tata communication
05-03-2020,352,356,341.1,346.9,78830,Tata communication
06-03-2020,339.9,347.7,330.1,341.6,39808,Tata communication
09-03-2020,330,335,316.7,329.2,114717,Tata communication
11-03-2020,334,344,317.1,318.6,62479,Tata communication
12-03-2020,318.5,318.5,262,267.8,133259,Tata communication
13-03-2020,227.5,272.9,222.6,250.6,149858,Tata communication
16-03-2020,250,264.9,231.8,253.8,179945,Tata communication
17-03-2020,256,263.9,236,246.6,196536,Tata communication
18-03-2020,247.1,268.7,224,228.5,151801,Tata communication
19-03-2020,225,234,200,216.1,191777,Tata communication
20-03-2020,229,243,221.3,236.5,292504,Tata communication
23-03-2020,233,257.8,215,234.3,125967,Tata communication
24-03-2020,247.3,255,205,230.1,97342,Tata communication
25-03-2020,228,233,222,227.1,131435,Tata communication
26-03-2020,231,243.3,228.1,238.3,149755,Tata communication
27-03-2020,246,258,225.7,229.6,273000,Tata communication
30-03-2020,229.6,235.2,224.8,233.8,71711,Tata communication
31-03-2020,235,238.9,231.8,233.2,61268,Tata communication
01-04-2020,241,241,231.4,236.2,40359,Tata communication
03-04-2020,249,250,233.5,235.1,86209,Tata communication
07-04-2020,252,252,230,235.4,128684,Tata communication
08-04-2020,237,277.6,231.2,262.8,9163665,Tata communication
09-04-2020,275,292.9,268.1,287.7,281017,Tata communication
13-04-2020,298,345.2,290,334.6,600050,Tata communication
15-04-2020,350,385,345.2,356.2,704550,Tata communication
16-04-2020,367,367,323.1,347.1,253147,Tata communication
17-04-2020,360,377,346,370.8,137914,Tata communication
20-04-2020,379,382,361,372.6,86908,Tata communication
21-04-2020,360,373.6,355,366.4,132861,Tata communication
22-04-2020,361,380,361,377.3,97131,Tata communication
23-04-2020,383,404.4,361.1,373.2,183318,Tata communication
24-04-2020,373,378,357,370,85557,Tata communication
27-04-2020,374,375,363,366.9,56851,Tata communication
28-04-2020,374.3,379.9,364.1,377,73419,Tata communication
29-04-2020,377,408,368,404.7,198651,Tata communication
30-04-2020,414.1,435,411.5,430.6,175809,Tata communication
04-05-2020,427.8,473.6,406.1,471.8,350307,Tata communication
05-05-2020,490,495.3,448.2,448.2,193471,Tata communication
06-05-2020,428.1,433,425.8,425.8,27221,Tata communication
07-05-2020,410,425.8,404.6,404.6,112897,Tata communication
08-05-2020,404.6,420,400,415,75525,Tata communication
11-05-2020,419.9,420,410,417.4,36685,Tata communication
12-05-2020,412,424,405,417.3,35863,Tata communication
13-05-2020,426,438.1,418,438.1,57005,Tata communication
14-05-2020,432.2,460,432.2,443.8,90773,Tata communication
15-05-2020,450,455,431.2,451.2,40746,Tata communication
18-05-2020,452.1,467,440,447.5,42254,Tata communication
19-05-2020,451.8,460,445,449.9,37009,Tata communication
20-05-2020,451.8,468.5,448.9,465.3,54235,Tata communication
21-05-2020,472,488.6,466,488.6,182349,Tata communication
22-05-2020,486,513,474.6,498.4,258950,Tata communication
26-05-2020,495.1,518.9,490,514.5,148229,Tata communication
27-05-2020,516,517.9,490,500.9,85396,Tata communication
28-05-2020,503,506.6,493.3,500.9,41133,Tata communication
29-05-2020,500.9,500.9,475.9,476.7,218341,Tata communication
01-06-2020,475,478.4,458.8,469.7,89140,Tata communication
02-06-2020,479,488,470.8,477,62610,Tata communication
03-06-2020,483,484.9,469.3,477.6,59728,Tata communication
04-06-2020,475,486.3,472.2,479.2,65146,Tata communication
05-06-2020,477.1,485,467,469.6,77034,Tata communication
08-06-2020,469.5,479,464,473.2,77045,Tata communication
09-06-2020,473.2,478.5,462.1,465.3,52360,Tata communication
10-06-2020,472,472,459.8,468.1,53159,Tata communication
11-06-2020,470,473.7,460.6,462,29685,Tata communication
12-06-2020,456,493.5,447,485.3,189442,Tata communication
15-06-2020,471,533.8,471,533.8,517634,Tata communication
16-06-2020,559.3,587.2,535,579.2,928625,Tata communication
17-06-2020,588,610,577.2,596.4,498016,Tata communication
18-06-2020,588.4,610,573.3,584.8,345365,Tata communication
19-06-2020,593,597.5,584.6,589.5,92471,Tata communication
22-06-2020,596.9,606,570,582.1,90708,Tata communication
23-06-2020,585,601,585,588.4,65053,Tata communication
24-06-2020,590,593,570,572.7,52868,Tata communication
25-06-2020,570,601.3,566.7,598.9,89579,Tata communication
26-06-2020,605,606.6,582.7,589.6,109566,Tata communication
29-06-2020,595.5,619,575.2,619,154130,Tata communication
30-06-2020,626,643.9,605,611.8,227852,Tata communication
01-07-2020,614.4,623,602.4,606.1,60945,Tata communication
02-07-2020,614.5,617,606.5,610.5,36464,Tata communication
03-07-2020,606.5,630,606.5,621.5,75246,Tata communication
06-07-2020,628.8,630,620.1,623.6,41486,Tata communication
07-07-2020,624.9,637.5,618,630.5,53077,Tata communication
08-07-2020,632,635,619,623.3,42243,Tata communication
09-07-2020,635,635,621.3,625.7,28507,Tata communication
10-07-2020,628,649,625,634.3,133939,Tata communication
13-07-2020,640,666,640,666,204307,Tata communication
14-07-2020,699.3,699.3,695.6,699.3,45202,Tata communication
15-07-2020,734.3,734.3,671,717.5,614244,Tata communication
16-07-2020,717,717,681.6,681.6,218431,Tata communication
17-07-2020,656,704.9,656,668.8,171642,Tata communication
20-07-2020,689,702.2,661,702.2,117807,Tata communication
21-07-2020,714,728,670.1,685,203371,Tata communication
22-07-2020,703.8,703.8,663.4,669.5,115633,Tata communication
23-07-2020,669,683.8,649,652.4,100309,Tata communication
24-07-2020,653,653.4,630,636.2,55111,Tata communication
27-07-2020,627.3,668,615,661.5,146885,Tata communication
28-07-2020,675,694.5,669,694.5,94744,Tata communication
29-07-2020,726.4,729.2,700,726,211825,Tata communication
30-07-2020,727,759,701.1,723.6,268778,Tata communication
31-07-2020,759.8,759.8,731.3,759.8,214712,Tata communication
03-08-2020,784,797.7,770.3,797.7,221818,Tata communication
04-08-2020,820,837.6,791,830.7,638500,Tata communication
05-08-2020,828.4,864.6,789.2,804.1,433283,Tata communication
06-08-2020,804,844.3,804,844.3,120214,Tata communication
07-08-2020,858.4,885.5,809,814.2,281994,Tata communication
10-08-2020,834.8,854.9,820,853.1,423181,Tata communication
11-08-2020,857.4,883,811,817.7,176978,Tata communication
12-08-2020,818,830,776.8,786.4,186196,Tata communication
13-08-2020,795,810,755,774.7,144026,Tata communication
14-08-2020,792,813.4,763.7,813.4,284697,Tata communication
17-08-2020,834.7,854,822.5,846.7,763502,Tata communication
18-08-2020,860,885,840.1,879.8,191945,Tata communication
19-08-2020,880,914.8,880,904.5,226988,Tata communication
20-08-2020,903,930,875.1,903.9,709830,Tata communication
21-08-2020,914.5,914.5,885,890.3,120321,Tata communication
24-08-2020,891,900,870,890.2,100738,Tata communication
25-08-2020,897,897,875.6,885.5,72449,Tata communication
26-08-2020,886.2,887,868,871.8,112385,Tata communication
27-08-2020,870,896,865,882.8,75021,Tata communication
28-08-2020,890,894.8,855.6,871.7,48946,Tata communication
31-08-2020,875,890,855.1,870.7,185108,Tata communication
01-09-2020,867,882,855.1,869.9,58409,Tata communication
02-09-2020,870.1,894.2,851,863.5,132038,Tata communication
03-09-2020,876.9,906.7,862,888.3,243896,Tata communication
04-09-2020,872,920,852.2,907.3,228924,Tata communication
07-09-2020,919,919,882,888.1,58101,Tata communication
08-09-2020,896.8,915,878,890.1,120230,Tata communication
09-09-2020,876,889.2,861,872.5,81116,Tata communication
10-09-2020,885.7,898,870,872,128504,Tata communication
11-09-2020,874.7,885,861.1,863.1,50634,Tata communication
14-09-2020,880,906.3,867,893.6,89785,Tata communication
15-09-2020,893.6,935,893.6,917,99800,Tata communication
16-09-2020,919,928,885,892.4,48799,Tata communication
17-09-2020,894,905.5,880,889.4,51216,Tata communication
18-09-2020,900,903,844.9,849.3,190149,Tata communication
21-09-2020,876.7,876.7,806.8,817.5,101447,Tata communication
22-09-2020,820,830,777,808.6,120546,Tata communication
23-09-2020,820,830,783.6,805.8,50182,Tata communication
24-09-2020,801,805.8,778,782.5,85741,Tata communication
25-09-2020,794,821.6,783,819.4,59781,Tata communication
28-09-2020,822,860.3,821,860.3,78788,Tata communication
29-09-2020,876,884.9,834.4,847.1,115937,Tata communication
30-09-2020,845.8,872,831.4,847.4,89860,Tata communication
01-10-2020,837,865,832,838.4,31538,Tata communication
05-10-2020,859,863,835,853.8,117458,Tata communication
06-10-2020,859.7,865,850,853.4,50242,Tata communication
07-10-2020,861.8,861.8,828.5,845.3,95237,Tata communication
08-10-2020,846.2,881.9,845.3,877.5,186472,Tata communication
09-10-2020,867,878,857,860.2,34847,Tata communication
12-10-2020,870,873.6,852,865.2,38694,Tata communication
13-10-2020,868.7,880,855,862,28614,Tata communication
14-10-2020,862,895,847.5,859.6,84889,Tata communication
15-10-2020,869.8,875,835,836.4,43487,Tata communication
16-10-2020,837.4,878.2,837.4,875.7,158259,Tata communication
19-10-2020,919.4,919.4,919.4,919.4,176348,Tata communication
20-10-2020,929,965.4,910,960,340635,Tata communication
21-10-2020,960,969.8,915,925.7,201266,Tata communication
22-10-2020,929.9,948,915,924.9,103335,Tata communication
23-10-2020,932.8,934.6,906.6,919,55813,Tata communication
26-10-2020,926.9,965,925,965,208212,Tata communication
27-10-2020,973,989.4,916.8,922.1,172036,Tata communication
28-10-2020,928.8,949,900,911,71052,Tata communication
29-10-2020,908,915.7,875.6,891,46013,Tata communication
30-10-2020,890,935.5,885.1,933.3,88013,Tata communication
02-11-2020,975,975,941.1,957.3,85264,Tata communication
03-11-2020,969,970,943.7,967.6,69660,Tata communication
04-11-2020,968,975,939.1,958.4,44389,Tata communication
05-11-2020,972.7,972.7,960.2,968.9,49339,Tata communication
06-11-2020,968.9,1017,950.5,994.8,111264,Tata communication
09-11-2020,1014,1030.7,990,1013.4,120921,Tata communication
10-11-2020,1025,1064.1,1005,1055.5,154098,Tata communication
11-11-2020,1053,1053,1002.7,1007.1,138071,Tata communication
12-11-2020,1023.6,1023.6,980.1,989.7,87262,Tata communication
13-11-2020,990,1023,979.1,1011.6,41903,Tata communication
17-11-2020,1006,1030,996.3,999.6,59203,Tata communication
18-11-2020,1018.7,1018.7,985.2,993.2,52915,Tata communication
19-11-2020,993.2,1025.5,992.7,1017.1,72971,Tata communication
20-11-2020,1019,1045,1012.8,1034.7,63865,Tata communication
23-11-2020,1034.7,1044,989,1007,199745,Tata communication
24-11-2020,1006,1057.3,1000.1,1052.2,168474,Tata communication
25-11-2020,1065,1104.8,1015,1026.6,353123,Tata communication
26-11-2020,1035,1077.9,1002.2,1070.3,120485,Tata communication
27-11-2020,1080,1100,1052,1061.6,152728,Tata communication
01-12-2020,1062,1073.9,1025.1,1039,102229,Tata communication
02-12-2020,1046,1068,1035,1051.1,146526,Tata communication
03-12-2020,1052.6,1057.8,1022,1024.6,97673,Tata communication
04-12-2020,1041.7,1041.7,1008,1014.2,108515,Tata communication
07-12-2020,1000.1,1074,1000.1,1040.2,148750,Tata communication
08-12-2020,1054.7,1054.7,1021,1035.6,63678,Tata communication
09-12-2020,1032,1046,1022.8,1028,38967,Tata communication
10-12-2020,1040,1069,1024,1031.9,147187,Tata communication
11-12-2020,1031.9,1048,1012.1,1036.5,57537,Tata communication
14-12-2020,1031.2,1050,1028,1030.8,37756,Tata communication
15-12-2020,1030.8,1045,1030.8,1039.2,36550,Tata communication
16-12-2020,1035,1058.1,1032.5,1048.9,72987,Tata communication
17-12-2020,1050,1059,1040,1041.5,21017,Tata communication
18-12-2020,1049.9,1055,990,999.2,142712,Tata communication
21-12-2020,1001,1020,899.3,957.4,157116,Tata communication
22-12-2020,944.4,1014.4,888.3,1004.7,143203,Tata communication
23-12-2020,1007,1062,1001,1046.9,125927,Tata communication
24-12-2020,1090,1145,1056,1070.9,575255,Tata communication
28-12-2020,1071,1079.8,1052,1065,200328,Tata communication
29-12-2020,1065,1079,1045.1,1069.9,97583,Tata communication
30-12-2020,1085.2,1085.2,1055.1,1075.9,102742,Tata communication
31-12-2020,1079.9,1105,1060.6,1100.7,108478,Tata communication
01-01-2021,1091,1103.4,1081.9,1094.6,84657,Tata communication
04-01-2021,1106.2,1115,1072.5,1107.1,161814,Tata communication
05-01-2021,1115,1120,1083,1112.9,109554,Tata communication
06-01-2021,1118.9,1118.9,1065,1074.1,275505,Tata communication
07-01-2021,1084.9,1089,1066.1,1079.7,150191,Tata communication
08-01-2021,1071.4,1089.4,1048.9,1061.3,212301,Tata communication
11-01-2021,1074.7,1085,1047.2,1061.9,71626,Tata communication
12-01-2021,1079.8,1168.1,1036,1111.9,713755,Tata communication
13-01-2021,1100,1108,1062,1079,640715,Tata communication
14-01-2021,1084.5,1105,1055,1088.6,277680,Tata communication
15-01-2021,1090,1110,1075.1,1096.1,137911,Tata communication
18-01-2021,1100,1135,1077.1,1119.5,414519,Tata communication
19-01-2021,1122,1143,1091.1,1129.1,321946,Tata communication
20-01-2021,1085,1098.5,1040,1051.4,1581986,Tata communication
21-01-2021,1060,1080,1030.1,1040.3,392248,Tata communication
22-01-2021,1050,1052,1026,1032.5,157649,Tata communication
25-01-2021,1044,1052,1020,1030.8,739860,Tata communication
27-01-2021,1032,1032,975,982.6,232524,Tata communication
28-01-2021,988,1000,969,972.6,200093,Tata communication
29-01-2021,974,1020,974,1006,201298,Tata communication
01-02-2021,995.1,1005,950.1,983.2,235996,Tata communication
02-02-2021,995,1014.8,971.1,981.7,115269,Tata communication
03-02-2021,981.7,1009,980,996.7,163091,Tata communication
04-02-2021,999.4,1060,997,1052.2,218749,Tata communication
05-02-2021,1057.5,1065,1022.5,1036.9,152776,Tata communication
08-02-2021,1057.9,1057.9,1020,1024.3,73341,Tata communication
09-02-2021,1034,1067.5,1010.5,1048,222175,Tata communication
10-02-2021,1040.1,1047.1,1016.2,1028.6,58331,Tata communication
11-02-2021,1034,1047.7,1018,1029.1,82925,Tata communication
12-02-2021,1037.7,1037.7,1000,1014.4,62354,Tata communication
15-02-2021,1024,1024.7,990,994.6,136201,Tata communication
16-02-2021,1018,1118.9,974.7,1051.5,1891164,Tata communication
17-02-2021,1057.8,1081.9,1031.6,1057.7,566241,Tata communication
18-02-2021,1066.7,1066.9,1045.1,1055.5,183468,Tata communication
19-02-2021,1048,1048.4,1000,1003,299425,Tata communication
22-02-2021,1008.9,1048,1001,1018.2,196994,Tata communication
23-02-2021,1060,1067,1036,1046.9,323251,Tata communication
24-02-2021,1055,1058.1,1003.1,1050.3,88273,Tata communication
25-02-2021,1058,1100,1049.4,1096.4,384393,Tata communication
26-02-2021,1065,1107,1032,1081.7,216081,Tata communication
01-03-2021,1095,1124,1086,1114.8,253157,Tata communication
02-03-2021,1120.8,1334,1099.2,1203,1147870,Tata communication
03-03-2021,1260,1342.2,1220.1,1228.8,887786,Tata communication
04-03-2021,1221,1259.9,1220,1242.3,321744,Tata communication
05-03-2021,1260,1278.3,1236.8,1251,443302,Tata communication
08-03-2021,1251.2,1367.7,1251,1333.2,1021817,Tata communication
09-03-2021,1343.8,1350,1264.3,1300.1,343713,Tata communication
10-03-2021,1305.2,1343.9,1280,1290.4,288145,Tata communication
12-03-2021,1300,1334,1267.4,1291.8,182388,Tata communication
15-03-2021,1300,1330,1265,1293.8,421247,Tata communication
16-03-2021,1210,1252.9,1201.3,1214.8,9021375,Tata communication
17-03-2021,1177,1189.7,1135.1,1141.1,5909258,Tata communication
18-03-2021,1162.9,1173.7,1142.1,1166.2,1558538,Tata communication
19-03-2021,1153,1180,1134.1,1175.2,1233647,Tata communication
22-03-2021,1180,1194.7,1140.4,1160.7,1953740,Tata communication
23-03-2021,1149,1151.7,1107.4,1113.2,1038107,Tata communication
24-03-2021,1112.9,1120,1060,1096.5,1549828,Tata communication
25-03-2021,1095,1095,1052,1072.4,927304,Tata communication
26-03-2021,1087.4,1133.7,1073.1,1117.9,910196,Tata communication
30-03-2021,1133,1137.9,1081.1,1091.5,576969,Tata communication
31-03-2021,1090,1097.6,1060.2,1062.8,675599,Tata communication
01-04-2021,1062.8,1134.9,1062.8,1122.9,1165973,Tata communication
05-04-2021,1119,1132.9,1080.2,1112.6,1166565,Tata communication
06-04-2021,1120,1137,1103,1114.1,290304,Tata communication
07-04-2021,1115,1125,1108.2,1116.3,328028,Tata communication
08-04-2021,1115,1126,1098,1100,488368,Tata communication
09-04-2021,1100,1126.3,1092,1115.5,526773,Tata communication
12-04-2021,1110,1110.9,1066,1074.6,931318,Tata communication
13-04-2021,1092,1144,1090.1,1100.5,692385,Tata communication
15-04-2021,1100.3,1132.5,1100.3,1114.4,761682,Tata communication
16-04-2021,1114.7,1129.5,1104.1,1108.6,460130,Tata communication
19-04-2021,1090,1118,1090,1110.2,478671,Tata communication
20-04-2021,1124.7,1150,1099.2,1128.6,1485588,Tata communication
22-04-2021,1129.5,1134.9,1110.6,1124.8,466276,Tata communication
23-04-2021,1125,1168,1116,1139.4,768303,Tata communication
26-04-2021,1132.2,1162,1132.2,1157.1,419803,Tata communication
27-04-2021,1152.5,1189,1151,1155.7,657070,Tata communication
28-04-2021,1162,1164.7,1135.1,1149.6,462117,Tata communication
29-04-2021,1149.6,1150,1105,1111.8,998861,Tata communication
30-04-2021,1110,1124.9,1081,1100.2,643639,Tata communication
03-05-2021,1100.2,1116.8,1091.3,1104.6,200856,Tata communication
04-05-2021,1104,1116.8,1090,1094.4,341710,Tata communication
05-05-2021,1100,1112.1,1069,1086.9,228101,Tata communication
06-05-2021,1088,1122,1086.7,1104.2,484824,Tata communication
07-05-2021,1110,1118,1060.1,1087.5,396472,Tata communication
10-05-2021,1100,1105,1081,1087.2,266614,Tata communication
11-05-2021,1080,1099,1070.2,1079.8,212683,Tata communication
12-05-2021,1079,1102.9,1076.8,1084.1,325425,Tata communication
14-05-2021,1085.3,1096.8,1078.6,1084.2,234034,Tata communication
17-05-2021,1094,1094,1067.2,1070.6,259860,Tata communication
18-05-2021,1079.9,1086.3,1067,1069.5,477044,Tata communication
19-05-2021,1066.1,1094.5,1055,1058.3,621040,Tata communication
20-05-2021,1069.3,1084.5,1051,1081.9,482044,Tata communication
21-05-2021,1088.9,1088.9,1065,1067.9,303702,Tata communication
24-05-2021,1075,1076,1053.8,1057.7,379012,Tata communication
25-05-2021,1068.7,1070.5,1045.1,1047.9,192074,Tata communication
26-05-2021,1040.3,1085,1037.1,1061.1,303037,Tata communication
27-05-2021,1067,1069.7,1048,1053.7,425679,Tata communication
28-05-2021,1063,1063,1044,1049.1,210240,Tata communication
31-05-2021,1060,1077.8,1055.1,1074,359838,Tata communication
01-06-2021,1077.9,1134.8,1075,1123,836252,Tata communication
02-06-2021,1145,1154.3,1120.8,1136.9,784675,Tata communication
03-06-2021,1140,1142.9,1116.7,1121.7,278581,Tata communication
04-06-2021,1125.1,1151.8,1125.1,1141,320588,Tata communication
07-06-2021,1146,1235,1141.1,1223.7,1915731,Tata communication
08-06-2021,1234,1254,1212,1223.9,918331,Tata communication
09-06-2021,1233,1269,1200,1230.8,826303,Tata communication
10-06-2021,1260,1278.6,1240.1,1258.6,1180664,Tata communication
11-06-2021,1269.5,1297.8,1266.8,1287,768030,Tata communication
14-06-2021,1286.4,1342,1227.1,1336.7,891393,Tata communication
15-06-2021,1343,1347.9,1311.3,1326.3,640500,Tata communication
16-06-2021,1326.3,1329.9,1286.6,1302.2,520054,Tata communication
17-06-2021,1287,1304.9,1261.3,1271.7,415619,Tata communication
18-06-2021,1272.3,1285,1191.6,1254.8,512460,Tata communication
21-06-2021,1246,1290,1217,1270.3,412220,Tata communication
22-06-2021,1272,1327.4,1262.7,1269.1,520762,Tata communication
23-06-2021,1279.3,1291.3,1266.1,1277.5,377596,Tata communication
24-06-2021,1273.8,1285,1255.2,1282.2,199599,Tata communication
25-06-2021,1292,1312.5,1280,1289.2,206802,Tata communication
28-06-2021,1309.9,1313.5,1280,1290.5,242918,Tata communication
29-06-2021,1292,1305,1275.5,1288,170173,Tata communication
30-06-2021,1285,1304.1,1280,1287.1,209124,Tata communication
01-07-2021,1298,1336,1287.2,1319.7,529581,Tata communication
02-07-2021,1331.7,1332,1310.9,1329,415271,Tata communication
05-07-2021,1335,1388,1319.8,1361.2,733519,Tata communication
06-07-2021,1374,1383,1351,1360.8,356754,Tata communication
07-07-2021,1369,1369,1326.7,1358.1,442703,Tata communication
08-07-2021,1358,1362.2,1330,1348.9,743657,Tata communication
09-07-2021,1350,1360,1320.1,1333.1,248624,Tata communication
12-07-2021,1336.9,1363,1335.1,1353.2,269247,Tata communication
13-07-2021,1359,1368,1346,1359.8,200411,Tata communication
14-07-2021,1368.8,1438,1340,1403.4,767444,Tata communication
15-07-2021,1412,1426.7,1381,1390.5,259781,Tata communication
16-07-2021,1385,1412.8,1355.1,1361.2,267471,Tata communication
19-07-2021,1360.8,1399.8,1355,1385.5,292128,Tata communication
20-07-2021,1395,1402,1352,1381.1,198194,Tata communication
22-07-2021,1393,1415,1344,1357.5,374272,Tata communication
23-07-2021,1374.9,1396,1355,1373.8,206470,Tata communication
26-07-2021,1355,1376.1,1335.9,1349.6,287624,Tata communication
27-07-2021,1357,1387,1324.2,1348,497463,Tata communication
28-07-2021,1354.9,1488,1327.8,1425.4,2365261,Tata communication
29-07-2021,1433,1467.6,1410.4,1426.6,734063,Tata communication
30-07-2021,1429,1463.5,1418.8,1442.4,326151,Tata communication
02-08-2021,1453.8,1490,1437.6,1480.6,338574,Tata communication
03-08-2021,1494,1522,1447,1513.3,932152,Tata communication
04-08-2021,1520,1520,1476,1502.3,467265,Tata communication
05-08-2021,1480,1510.5,1455.3,1497.3,481773,Tata communication
06-08-2021,1505,1512.4,1476,1482.4,301615,Tata communication
09-08-2021,1482,1497,1465,1471.3,107558,Tata communication
10-08-2021,1480,1482.1,1390.3,1403.7,260024,Tata communication
11-08-2021,1405.2,1420,1340.1,1389.2,530040,Tata communication
12-08-2021,1400.9,1420.1,1356.7,1367.8,387289,Tata communication
13-08-2021,1368,1439.9,1368,1426.8,611327,Tata communication
16-08-2021,1426.9,1426.9,1365.5,1375.4,242039,Tata communication
17-08-2021,1377.4,1424,1377.4,1398.9,601386,Tata communication
18-08-2021,1410.3,1439,1390.1,1406,290777,Tata communication
20-08-2021,1400,1494,1384.3,1394.8,833109,Tata communication
23-08-2021,1404,1429,1365,1393.5,334081,Tata communication
24-08-2021,1393.5,1415,1371.5,1408.2,279691,Tata communication
25-08-2021,1408.2,1436,1390,1401.4,229136,Tata communication
26-08-2021,1407,1419,1387.6,1392,188373,Tata communication
27-08-2021,1400,1411,1382.3,1388.2,190127,Tata communication
30-08-2021,1403.1,1447,1391.1,1426.9,387491,Tata communication
31-08-2021,1430,1450,1405,1419.2,206609,Tata communication
01-09-2021,1431.9,1431.9,1378.5,1383.5,399135,Tata communication
02-09-2021,1394.1,1410,1370,1375.1,315652,Tata communication
03-09-2021,1395,1395,1363.5,1368,189935,Tata communication
06-09-2021,1378,1379,1356.1,1365.9,212469,Tata communication
07-09-2021,1367,1387.7,1357.3,1376.1,275667,Tata communication
08-09-2021,1386.4,1394.4,1365,1370.2,287976,Tata communication
09-09-2021,1376.4,1376.4,1355,1358,146349,Tata communication
13-09-2021,1358,1369,1335,1346.8,375297,Tata communication
14-09-2021,1358,1379.2,1350,1359.9,245969,Tata communication
15-09-2021,1360,1381,1353,1377.4,256480,Tata communication
16-09-2021,1377.4,1388.2,1367.3,1382.5,411840,Tata communication
17-09-2021,1390,1424.8,1360.1,1406.9,403046,Tata communication
20-09-2021,1408,1460,1380,1396.4,608781,Tata communication
21-09-2021,1405,1429,1380.5,1423.2,169057,Tata communication
22-09-2021,1430,1460,1425.1,1450.4,333691,Tata communication
23-09-2021,1455,1480,1449,1462,458922,Tata communication
24-09-2021,1467.4,1467.4,1415.1,1435.4,139046,Tata communication
27-09-2021,1450,1450,1420,1425.9,158067,Tata communication
28-09-2021,1425.9,1449,1375,1395.9,112774,Tata communication
29-09-2021,1400.1,1420.1,1396.2,1409.8,189896,Tata communication
30-09-2021,1409.1,1419.1,1376.8,1391.8,169039,Tata communication
01-10-2021,1393.8,1417,1380,1410.7,156580,Tata communication
04-10-2021,1420,1449,1400.1,1429.5,205131,Tata communication
05-10-2021,1444.9,1469.8,1438.9,1451.3,250426,Tata communication
06-10-2021,1459.9,1519,1430,1477.5,355060,Tata communication
07-10-2021,1490,1490,1455.1,1470.7,262504,Tata communication
08-10-2021,1473.7,1477.4,1448.1,1458.2,127554,Tata communication
11-10-2021,1450.1,1460.7,1420.6,1433.2,221580,Tata communication
12-10-2021,1443,1444.9,1388.1,1393.3,180783,Tata communication
13-10-2021,1395,1500,1395,1456,565097,Tata communication
14-10-2021,1477,1480,1426.3,1440,168722,Tata communication
18-10-2021,1484,1517.3,1452.5,1460.3,652808,Tata communication
19-10-2021,1480,1540,1465,1497.2,845994,Tata communication
20-10-2021,1508,1519,1401.2,1442.2,340905,Tata communication
21-10-2021,1480,1520,1400,1426.7,1082843,Tata communication
22-10-2021,1448.1,1458,1372.1,1388.5,426017,Tata communication
25-10-2021,1420,1420,1325.1,1335.1,272362,Tata communication
26-10-2021,1348,1394,1338.4,1358.4,159984,Tata communication
27-10-2021,1366,1379.9,1330,1335.6,267266,Tata communication
28-10-2021,1340,1345.6,1301.1,1307.2,210716,Tata communication
29-10-2021,1307.8,1333,1293.4,1307.4,297187,Tata communication
01-11-2021,1300,1300,1259,1264.5,407981,Tata communication
02-11-2021,1275.4,1299,1272,1282.9,259784,Tata communication
03-11-2021,1293.9,1297,1244,1277.3,265721,Tata communication
04-11-2021,1295,1324,1262.4,1310.3,79442,Tata communication
08-11-2021,1311.8,1315,1270.3,1282,296073,Tata communication
09-11-2021,1283.7,1295.9,1258.4,1268.4,241771,Tata communication
10-11-2021,1270,1271,1234.9,1240.8,213932,Tata communication
11-11-2021,1241.2,1270,1233.3,1237.7,241188,Tata communication
12-11-2021,1240.5,1249.9,1214.2,1225.8,450710,Tata communication
15-11-2021,1234,1238,1211.6,1216,181319,Tata communication
16-11-2021,1220,1237.6,1201.2,1207.9,223836,Tata communication
17-11-2021,1208,1257.7,1208,1247.1,255852,Tata communication
18-11-2021,1254.7,1272.3,1220,1260.3,389045,Tata communication
22-11-2021,1263,1268.2,1210,1222.1,214763,Tata communication
23-11-2021,1220,1244,1210,1233.5,284851,Tata communication
24-11-2021,1239.8,1262,1231.9,1245.5,368193,Tata communication
25-11-2021,1245.5,1299,1237.6,1293.6,3071326,Tata communication
26-11-2021,1275,1329,1253.3,1298.2,938335,Tata communication
29-11-2021,1306,1314,1250.6,1283.4,362155,Tata communication
30-11-2021,1283.4,1313.9,1283.4,1299.3,459543,Tata communication
01-12-2021,1325,1329,1265.3,1276.4,411702,Tata communication
02-12-2021,1276,1309,1270,1275.8,610446,Tata communication
03-12-2021,1279,1328,1272,1303.3,440498,Tata communication
06-12-2021,1309,1319,1272.9,1292.4,302455,Tata communication
07-12-2021,1298.7,1356.8,1288.6,1341.4,917670,Tata communication
08-12-2021,1360,1373.1,1350,1358.5,466515,Tata communication
09-12-2021,1369.8,1381.3,1350,1369.8,255062,Tata communication
10-12-2021,1370,1394.9,1350.1,1391.8,281714,Tata communication
13-12-2021,1395,1466.7,1382.9,1457.1,558702,Tata communication
14-12-2021,1470,1503.4,1435.6,1445.4,1221855,Tata communication
15-12-2021,1452,1460,1410,1414.5,791700,Tata communication
16-12-2021,1420.8,1450,1361.3,1371.2,367768,Tata communication
17-12-2021,1379.6,1379.6,1310,1354.2,395470,Tata communication
20-12-2021,1333.5,1344.5,1282.2,1310.8,314808,Tata communication
21-12-2021,1326,1363.9,1307.4,1356.4,298616,Tata communication
22-12-2021,1367,1398.7,1342,1394.7,488220,Tata communication
23-12-2021,1399,1420,1377.8,1395.6,308354,Tata communication
24-12-2021,1402,1424,1370,1375.7,236195,Tata communication
27-12-2021,1379,1390,1354.2,1364,162999,Tata communication
28-12-2021,1375.4,1392,1370.3,1379.7,297095,Tata communication
29-12-2021,1387.9,1417,1371.2,1400.8,380830,Tata communication
30-12-2021,1400.5,1415,1371.3,1397.4,291883,Tata communication
31-12-2021,1407.9,1499,1405.1,1464.5,2793690,Tata communication
03-01-2022,1468,1479,1439.2,1445.3,403575,Tata communication
04-01-2022,1449.5,1464.8,1401.3,1421.2,1225469,Tata communication
05-01-2022,1421,1543.2,1405.6,1502.3,2827021,Tata communication
06-01-2022,1500,1533.5,1471.8,1481.4,1631797,Tata communication
07-01-2022,1490,1492.5,1445.1,1463.1,734840,Tata communication
10-01-2022,1475,1502.6,1465,1485.7,519905,Tata communication
11-01-2022,1487.8,1501.3,1466,1479.3,1297785,Tata communication
12-01-2022,1485,1587,1473.4,1557.7,3723084,Tata communication
13-01-2022,1568.4,1577.1,1536.6,1545.5,984456,Tata communication
14-01-2022,1548.7,1567,1537,1545.3,915219,Tata communication
17-01-2022,1545.7,1592,1540,1551.6,1414763,Tata communication
18-01-2022,1558.9,1564.6,1474.4,1485.5,937640,Tata communication
19-01-2022,1480,1540,1410,1523.6,969255,Tata communication
20-01-2022,1482,1507.9,1438.9,1449.8,1714708,Tata communication
21-01-2022,1444,1450.8,1355,1374.4,1229939,Tata communication
24-01-2022,1374.4,1374.4,1272.2,1293.4,1304711,Tata communication
25-01-2022,1279.1,1310,1235.1,1292.5,1392034,Tata communication
27-01-2022,1295,1298,1251,1278.1,837894,Tata communication
28-01-2022,1298.5,1329,1260,1267.4,848119,Tata communication
31-01-2022,1288,1302.9,1275,1283.3,377823,Tata communication
01-02-2022,1299,1313,1272.1,1305.7,424481,Tata communication
02-02-2022,1315,1321.9,1300,1312.4,765713,Tata communication
03-02-2022,1318.9,1328.7,1292,1303.5,563851,Tata communication
04-02-2022,1296,1320.9,1288,1311.8,461335,Tata communication
07-02-2022,1316.5,1316.5,1268,1275.9,358386,Tata communication
08-02-2022,1272.3,1302,1255.6,1268.6,532828,Tata communication
09-02-2022,1279.8,1293.7,1272.2,1284.4,201937,Tata communication
10-02-2022,1290.2,1312,1278,1307,342830,Tata communication
11-02-2022,1304,1304,1250,1254.9,310184,Tata communication
14-02-2022,1239,1261,1201.1,1211,568830,Tata communication
15-02-2022,1216,1270,1185.9,1266,437885,Tata communication
16-02-2022,1275,1275,1246.2,1255.3,464194,Tata communication
17-02-2022,1263.7,1266,1231.1,1243,388915,Tata communication
18-02-2022,1235,1250,1226,1236.7,311006,Tata communication
21-02-2022,1231.1,1244.5,1207.6,1233.4,285832,Tata communication
22-02-2022,1207,1229,1175.1,1220.5,376638,Tata communication
23-02-2022,1221.1,1237.9,1206.4,1214.6,204207,Tata communication
24-02-2022,1177,1192.3,1126.7,1134.8,699330,Tata communication
25-02-2022,1151,1201.9,1141.8,1177.4,339236,Tata communication
28-02-2022,1172,1189.8,1148,1183.3,713268,Tata communication
02-03-2022,1179,1205.1,1170,1177.2,555169,Tata communication
03-03-2022,1187.7,1200,1156.3,1166.1,451613,Tata communication
04-03-2022,1166.9,1166.9,1132,1144.4,312460,Tata communication
07-03-2022,1115.1,1142.1,1085,1130.1,418415,Tata communication
08-03-2022,1132.1,1147.6,1116,1138.3,280011,Tata communication
09-03-2022,1148.8,1173,1133,1160,424030,Tata communication
10-03-2022,1186,1186,1144,1156.9,371965,Tata communication
11-03-2022,1164.8,1169.7,1143.1,1146.7,267547,Tata communication
14-03-2022,1140,1160,1125.1,1146.9,502613,Tata communication
15-03-2022,1150,1163,1118.6,1124.7,371130,Tata communication
16-03-2022,1135,1185.8,1135,1169.3,1020810,Tata communication
17-03-2022,1201,1201,1151.4,1157.4,948146,Tata communication
21-03-2022,1157.7,1167.2,1144.3,1147.8,334496,Tata communication
22-03-2022,1151,1153.6,1121.8,1142.7,380821,Tata communication
23-03-2022,1147,1194.7,1143.5,1184.3,886196,Tata communication
24-03-2022,1181.3,1185.6,1154.3,1164.9,612810,Tata communication
25-03-2022,1171,1179.1,1156.3,1166.4,486092,Tata communication
28-03-2022,1172.9,1181.4,1130,1156.6,501828,Tata communication
29-03-2022,1161,1165,1145.6,1153.9,525621,Tata communication
30-03-2022,1160,1167.9,1152.1,1158.1,794522,Tata communication
31-03-2022,1167,1236,1159,1228.6,2658948,Tata communication
01-04-2022,1230,1275.9,1220,1239.2,1813614,Tata communication
04-04-2022,1239.8,1249.7,1225.2,1235.4,661811,Tata communication
05-04-2022,1243.4,1262,1227.1,1241.5,794674,Tata communication
06-04-2022,1238.5,1288,1235,1267.7,1515622,Tata communication
07-04-2022,1265,1344,1253.5,1328,1883356,Tata communication
08-04-2022,1360,1400.8,1332.1,1349.3,4001182,Tata communication
11-04-2022,1355,1375,1326.1,1335.8,698320,Tata communication
12-04-2022,1335.8,1343.1,1280.1,1316.8,1102759,Tata communication
13-04-2022,1318,1331.2,1291.8,1302.6,387696,Tata communication
18-04-2022,1287,1319,1265,1307.8,536533,Tata communication
19-04-2022,1325,1330,1251,1282.5,761385,Tata communication
20-04-2022,1280,1319.1,1266,1312.4,754984,Tata communication
21-04-2022,1324,1324,1277.3,1282,666921,Tata communication
22-04-2022,1239,1274.1,1228.1,1234.1,1231435,Tata communication
25-04-2022,1237.9,1237.9,1112,1119.5,2873081,Tata communication
26-04-2022,1141,1144.7,1088,1104.7,2131036,Tata communication
27-04-2022,1104.7,1126.9,1075,1078.1,1119620,Tata communication
28-04-2022,1089.1,1096.5,1070.3,1085.4,844587,Tata communication
29-04-2022,1094.9,1108.7,1077.5,1094.5,757799,Tata communication
02-05-2022,1080.1,1092.1,1048.4,1083.5,569417,Tata communication
04-05-2022,1090,1096,1031.3,1038.6,613028,Tata communication
05-05-2022,1057.6,1122,1007.5,1020.7,597075,Tata communication
06-05-2022,1006,1059.6,999.8,1037.8,1125162,Tata communication
09-05-2022,1028.7,1042.7,1008,1022.9,578547,Tata communication
10-05-2022,1019,1043,991.6,1001.9,487168,Tata communication
11-05-2022,1013.4,1024.5,954.4,972.8,690092,Tata communication
12-05-2022,966.2,977,947.3,974.1,607197,Tata communication
13-05-2022,990,994,953.2,964.8,602775,Tata communication
16-05-2022,977.5,983.2,955.8,970.1,316654,Tata communication
17-05-2022,975.7,1009.8,972,1007.9,398471,Tata communication
18-05-2022,1015,1017.4,973.1,984.6,671198,Tata communication
19-05-2022,964.8,980.6,949.6,973.4,572240,Tata communication
20-05-2022,980.3,992,971.9,981.2,294311,Tata communication
23-05-2022,981.2,988.9,968.3,972.5,290182,Tata communication
24-05-2022,975.7,978.3,956.2,965.4,332407,Tata communication
25-05-2022,968,972,933.8,939.3,421298,Tata communication
26-05-2022,939.7,947,906.3,943.6,625692,Tata communication
27-05-2022,952,990,950.8,979.3,553467,Tata communication
30-05-2022,992,1015,981.2,1004.7,639756,Tata communication
31-05-2022,1003.7,1004,982.5,985.1,949422,Tata communication
01-06-2022,989,992.5,961.1,970.8,660008,Tata communication
02-06-2022,973.8,975,962.4,968.8,469199,Tata communication
03-06-2022,970,998,951.7,955.3,2102715,Tata communication
06-06-2022,955,959,934.6,942,329384,Tata communication
07-06-2022,935,951.7,927.1,930.9,624350,Tata communication
08-06-2022,933,937.8,913.2,920.1,563767,Tata communication
09-06-2022,916.5,964.2,912.3,958.4,727623,Tata communication
10-06-2022,938,958,926,948.5,700910,Tata communication
13-06-2022,936.2,943.4,916.6,921.3,517357,Tata communication
14-06-2022,919,947.8,915,921,464531,Tata communication
15-06-2022,920,923.9,856.3,875.4,2951944,Tata communication
16-06-2022,895,904,867.4,875,1303796,Tata communication
17-06-2022,870.7,886.9,858,870.1,679590,Tata communication
20-06-2022,878.4,878.4,858,870.8,642289,Tata communication
21-06-2022,880.1,891,876.7,885.8,497499,Tata communication
22-06-2022,885.8,896.5,877.1,894,485450,Tata communication
23-06-2022,894,906.7,890.8,902.6,312336,Tata communication
24-06-2022,907.3,926,905.1,921.6,247987,Tata communication
27-06-2022,940.1,943.9,920.1,929.4,207964,Tata communication
28-06-2022,922.3,933,909.8,925.9,328037,Tata communication
29-06-2022,920,936.5,912.1,924.7,202250,Tata communication
30-06-2022,924.7,928.8,905.1,914.3,556271,Tata communication
01-07-2022,917.5,937.4,908.9,934.7,283046,Tata communication
04-07-2022,937.9,952.9,925,947.6,225772,Tata communication
05-07-2022,950,965,940.3,949.6,521843,Tata communication
06-07-2022,949,967,944.3,964,174617,Tata communication
07-07-2022,967,982.9,964,977.9,337993,Tata communication
08-07-2022,980.8,987,966,974.6,265431,Tata communication
11-07-2022,974,1008.2,960,999.2,524618,Tata communication
12-07-2022,997.9,1005,990.1,993.6,276566,Tata communication
13-07-2022,990,1012.4,980.4,983.4,188534,Tata communication
14-07-2022,980,999.6,960.2,965.2,386482,Tata communication
15-07-2022,965,988.2,965,983.6,287638,Tata communication
18-07-2022,989,1028.7,987.5,1011.9,827545,Tata communication
19-07-2022,1014,1020,989,995.2,524687,Tata communication
20-07-2022,1010,1010,973,978.9,768426,Tata communication
21-07-2022,1007,1095,995,1077.1,6074127,Tata communication
22-07-2022,1080,1092.2,1045.9,1056.2,1721722,Tata communication
25-07-2022,1054.9,1082,1046.7,1055.6,805146,Tata communication
26-07-2022,1059.9,1077.8,1034.2,1041.4,774056,Tata communication
27-07-2022,1044,1047.1,1022,1035.3,487963,Tata communication
28-07-2022,1044.9,1050,1025,1034.1,593927,Tata communication
29-07-2022,1044.9,1053.6,1033,1045.9,529253,Tata communication
01-08-2022,1055,1061.5,1038.1,1049.2,481067,Tata communication
02-08-2022,1052.2,1072,1045.9,1058.9,799758,Tata communication
03-08-2022,1064,1081,1053.3,1073.4,885938,Tata communication
04-08-2022,1080.5,1084.6,1030.8,1051.1,614855,Tata communication
05-08-2022,1052,1108,1051,1101.4,1145421,Tata communication
08-08-2022,1094.5,1103.8,1082.1,1091.7,461999,Tata communication
10-08-2022,1084.4,1099,1075.1,1083.6,371267,Tata communication
11-08-2022,1093.6,1107.5,1087.2,1094,407034,Tata communication
12-08-2022,1095,1118.4,1082,1094.4,451379,Tata communication
16-08-2022,1099,1102,1074.5,1083.6,398305,Tata communication
17-08-2022,1093.7,1095.6,1075,1075.9,270470,Tata communication
18-08-2022,1078.1,1090,1070.4,1086.4,238323,Tata communication
19-08-2022,1091.1,1140.8,1085,1125,3194343,Tata communication
22-08-2022,1129.8,1166.1,1120,1134,2654954,Tata communication
23-08-2022,1130,1156.1,1114.7,1151.2,959418,Tata communication
24-08-2022,1149.7,1175,1147.1,1168.9,1029471,Tata communication
25-08-2022,1175,1183.7,1151.7,1157.4,683918,Tata communication
26-08-2022,1169.3,1177.7,1158.8,1168.1,457550,Tata communication
29-08-2022,1143.5,1181,1135.2,1164.7,612350,Tata communication
30-08-2022,1176,1207,1172.1,1202.3,808362,Tata communication
01-09-2022,1195,1270.5,1183.2,1257.1,1477986,Tata communication
02-09-2022,1269.6,1269.9,1238,1245.5,769056,Tata communication
05-09-2022,1249.9,1284.4,1245.6,1264.5,790938,Tata communication
06-09-2022,1268,1276.9,1242.9,1247.4,436448,Tata communication
07-09-2022,1240,1260.8,1230,1250,322553,Tata communication
08-09-2022,1255.4,1264,1226.3,1250.2,480532,Tata communication
09-09-2022,1256.5,1260,1238,1249.6,365671,Tata communication
13-09-2022,1265,1278,1209.9,1236.1,1222950,Tata communication
14-09-2022,1220.1,1250,1215,1230.4,399358,Tata communication
15-09-2022,1236.9,1252,1231,1239.2,318500,Tata communication
16-09-2022,1239.2,1245.2,1197.5,1203.5,523995,Tata communication
19-09-2022,1205,1212.4,1179.2,1193.3,427947,Tata communication
20-09-2022,1202,1227,1186.4,1219.6,480440,Tata communication
21-09-2022,1220.3,1240.8,1206,1208.9,390072,Tata communication
22-09-2022,1208.8,1226,1203.3,1208.6,582217,Tata communication
23-09-2022,1222.8,1222.8,1157.2,1168.9,519723,Tata communication
26-09-2022,1160,1160,1096.1,1130.8,656237,Tata communication
27-09-2022,1152.5,1154.6,1105.7,1116.2,315509,Tata communication
28-09-2022,1112.2,1149,1104,1129.3,523890,Tata communication
29-09-2022,1135.2,1148.5,1109.1,1121.9,389319,Tata communication
30-09-2022,1115.1,1173,1113.1,1150.8,520598,Tata communication
03-10-2022,1158.6,1178.6,1143.4,1160.1,367199,Tata communication
04-10-2022,1179.8,1194.9,1171.1,1189.7,313405,Tata communication
06-10-2022,1200,1208.1,1173,1182.2,298283,Tata communication
07-10-2022,1188.4,1223,1180.8,1217.9,685248,Tata communication
10-10-2022,1209.4,1235.8,1196,1219.4,588542,Tata communication
11-10-2022,1231,1232.2,1173.5,1176.6,316866,Tata communication
12-10-2022,1182.7,1187.8,1163.5,1183.3,189725,Tata communication
13-10-2022,1183,1188.2,1137.1,1165.6,382393,Tata communication
14-10-2022,1177,1192.8,1159.1,1163.7,330303,Tata communication
17-10-2022,1165,1204,1164.1,1195.9,441261,Tata communication
18-10-2022,1204.9,1248,1196.9,1238.2,1678706,Tata communication
19-10-2022,1239,1248,1196.7,1210.7,645352,Tata communication
20-10-2022,1208,1224,1185,1209.3,411816,Tata communication
21-10-2022,1213,1226,1205,1211.5,211677,Tata communication
25-10-2022,1229,1243,1208.1,1233.7,298589,Tata communication
27-10-2022,1234.1,1248,1214.7,1225.4,308157,Tata communication
28-10-2022,1231,1241.8,1220,1238.9,305974,Tata communication
31-10-2022,1245,1267.7,1240,1259,768875,Tata communication
01-11-2022,1263.9,1275,1255.6,1269.5,296553,Tata communication
02-11-2022,1274,1287.8,1262,1269.9,492017,Tata communication
03-11-2022,1232,1279.7,1232,1270,308442,Tata communication
04-11-2022,1270,1298,1267.8,1294.1,439193,Tata communication
07-11-2022,1300,1309,1292,1302.5,417444,Tata communication
09-11-2022,1312.8,1342.5,1305.8,1322,1023689,Tata communication
10-11-2022,1320.7,1325.4,1305,1314.2,389144,Tata communication
11-11-2022,1328,1347.5,1306.3,1313.9,622358,Tata communication
14-11-2022,1314.6,1325,1287,1320.8,334116,Tata communication
15-11-2022,1314.2,1336,1310.1,1333.3,321614,Tata communication
16-11-2022,1328,1338,1297.5,1306.8,323056,Tata communication
17-11-2022,1304,1309,1288,1303.8,181492,Tata communication
18-11-2022,1312.3,1321.8,1280,1292.6,313416,Tata communication
21-11-2022,1255,1298.4,1255,1289.3,189200,Tata communication
22-11-2022,1286.5,1303.5,1284.9,1290.9,141938,Tata communication
23-11-2022,1290.9,1307,1285,1293.3,175703,Tata communication
24-11-2022,1293.3,1301.1,1278.5,1287.5,177117,Tata communication
25-11-2022,1289,1303.7,1280.8,1296.2,268507,Tata communication
28-11-2022,1292.2,1324.5,1290.4,1309.4,545982,Tata communication
29-11-2022,1314,1319.4,1271,1274.2,525462,Tata communication
30-11-2022,1280.6,1315,1251,1300.2,654220,Tata communication
01-12-2022,1305.5,1315,1290,1297.9,234094,Tata communication
02-12-2022,1293,1339.9,1290,1321.6,847039,Tata communication
05-12-2022,1331.9,1354.5,1318.4,1323.1,849892,Tata communication
06-12-2022,1320.4,1333.9,1287.2,1292.8,386340,Tata communication
07-12-2022,1295,1296,1262.8,1268.3,347239,Tata communication
08-12-2022,1275,1288.5,1270.6,1286.2,241863,Tata communication
09-12-2022,1290,1297.6,1256.9,1268.7,202907,Tata communication
12-12-2022,1260,1281.4,1257.2,1277.3,150634,Tata communication
13-12-2022,1282,1387,1280,1367.5,3437569,Tata communication
14-12-2022,1370,1380,1350.7,1359.6,954600,Tata communication
15-12-2022,1359.5,1366.7,1304.3,1312.8,769451,Tata communication
16-12-2022,1312.8,1318.8,1280.1,1303,650205,Tata communication
19-12-2022,1304,1323,1285,1313.9,713601,Tata communication
20-12-2022,1313,1313.8,1286.4,1302.9,458677,Tata communication
21-12-2022,1305,1315.2,1262,1271,599398,Tata communication
22-12-2022,1286,1298,1250.2,1265.6,608629,Tata communication
23-12-2022,1258.1,1262.4,1186.2,1209.9,937987,Tata communication
26-12-2022,1210,1250.9,1207.3,1244.3,424039,Tata communication
27-12-2022,1250,1285,1247.5,1271,804491,Tata communication
28-12-2022,1272,1274.9,1250,1254.4,484479,Tata communication
29-12-2022,1254.4,1272.8,1241.2,1259.6,328518,Tata communication
30-12-2022,1265.9,1285,1264.1,1274.5,250586,Tata communication
02-01-2023,1308,1332,1286.2,1317.6,1682597,Tata communication
03-01-2023,1315,1351,1315,1336.1,1068908,Tata communication
04-01-2023,1343,1347.5,1323.6,1333.6,605578,Tata communication
05-01-2023,1339.8,1339.8,1318,1326.6,421447,Tata communication
06-01-2023,1326.6,1344,1318.9,1326.6,495657,Tata communication
09-01-2023,1341.2,1353,1327.6,1348.1,502449,Tata communication
10-01-2023,1348.1,1374,1342.5,1360.2,966180,Tata communication
11-01-2023,1367.8,1422.7,1362,1417.3,1762623,Tata communication
12-01-2023,1430,1430.6,1390,1396.7,1153415,Tata communication
13-01-2023,1390,1399.7,1371,1376.7,520001,Tata communication
16-01-2023,1375,1390,1363.6,1367.2,250009,Tata communication
17-01-2023,1370.1,1403,1364.1,1397.7,724473,Tata communication
18-01-2023,1402.5,1405,1386.1,1388.1,397384,Tata communication
19-01-2023,1379,1384,1360.5,1371.1,378360,Tata communication
20-01-2023,1368,1375,1339,1346,335914,Tata communication
23-01-2023,1353,1387.8,1345.2,1383.7,520873,Tata communication
24-01-2023,1369.5,1369.5,1316.3,1324.6,1282825,Tata communication
25-01-2023,1319.7,1324,1275.4,1284.8,536238,Tata communication
27-01-2023,1294.5,1296.7,1223.3,1255.4,433530,Tata communication
30-01-2023,1255.5,1272.5,1223.1,1233.7,419670,Tata communication
31-01-2023,1239.1,1253.3,1215.6,1233.2,667441,Tata communication
01-02-2023,1248,1252.6,1178.1,1202.5,700831,Tata communication
02-02-2023,1202.5,1240.1,1191,1213.8,447078,Tata communication
03-02-2023,1226.6,1233.9,1197,1226.5,307741,Tata communication
06-02-2023,1226.7,1265.5,1226.5,1258.1,449222,Tata communication
07-02-2023,1266,1266.7,1230,1233.6,416429,Tata communication
08-02-2023,1236,1249.5,1228.6,1244.7,198248,Tata communication
09-02-2023,1240,1250,1232.6,1234.5,121016,Tata communication
10-02-2023,1230,1247.8,1226.1,1233.2,170808,Tata communication
13-02-2023,1232,1246,1219.2,1221.9,159507,Tata communication
14-02-2023,1222.5,1244.5,1213.4,1237.9,186711,Tata communication
15-02-2023,1237,1249,1232.6,1245.5,131612,Tata communication
16-02-2023,1246,1262,1240.2,1254.6,245136,Tata communication
17-02-2023,1245.1,1254,1235.6,1240.3,141916,Tata communication
20-02-2023,1240.3,1258,1230,1238.3,236553,Tata communication
21-02-2023,1236.1,1252.3,1228,1230.5,149283,Tata communication
22-02-2023,1228.1,1228.1,1211.3,1220.6,183558,Tata communication
23-02-2023,1219,1227,1201.1,1205.5,167369,Tata communication
24-02-2023,1211.8,1216,1200.6,1202.6,122675,Tata communication
27-02-2023,1201,1201,1176.2,1184,207103,Tata communication
28-02-2023,1188,1215,1184,1208.6,468191,Tata communication
01-03-2023,1208,1216.9,1202.2,1206.2,148166,Tata communication
02-03-2023,1209.1,1212,1194,1201.4,257579,Tata communication
03-03-2023,1203.2,1213.2,1196,1198.4,279571,Tata communication
06-03-2023,1205,1224.7,1205,1211.5,173575,Tata communication
08-03-2023,1210,1223.9,1197,1214.2,185432,Tata communication
09-03-2023,1220.3,1236.9,1209.8,1215.1,395605,Tata communication
10-03-2023,1211,1211,1194.4,1201.9,135642,Tata communication
13-03-2023,1201,1205.7,1170,1177.1,195613,Tata communication
14-03-2023,1177.2,1184.3,1164.6,1177,177237,Tata communication
15-03-2023,1187,1195.4,1171.3,1177.3,132934,Tata communication
16-03-2023,1183,1186.6,1156.8,1177.2,189152,Tata communication
17-03-2023,1183.4,1190,1174.5,1185.4,132628,Tata communication
20-03-2023,1180.4,1184.5,1169,1181,242565,Tata communication
21-03-2023,1181,1221.9,1181,1213.9,365958,Tata communication
22-03-2023,1216,1219.8,1201,1203.2,97072,Tata communication
23-03-2023,1202.2,1226.4,1195.2,1221.9,277072,Tata communication
24-03-2023,1224,1233,1210.1,1223.2,423363,Tata communication
27-03-2023,1226.2,1229.9,1211,1218.8,217959,Tata communication
28-03-2023,1215.5,1223.8,1210.9,1215.3,165820,Tata communication
29-03-2023,1210,1234,1210,1229.2,192892,Tata communication
31-03-2023,1230,1252,1229,1245.5,220070,Tata communication
03-04-2023,1246.5,1254,1236.2,1247.6,101136,Tata communication
05-04-2023,1244.2,1276.9,1240.1,1271,204188,Tata communication
06-04-2023,1269,1282.9,1254,1259.9,158636,Tata communication
10-04-2023,1250.7,1270,1250.7,1264.9,125483,Tata communication
11-04-2023,1270,1286.9,1265.2,1278.5,234883,Tata communication
12-04-2023,1278.3,1279,1258.1,1262.8,131535,Tata communication
13-04-2023,1261,1275.4,1259.9,1266.1,130255,Tata communication
17-04-2023,1266.1,1266.1,1232.8,1244.3,205706,Tata communication
18-04-2023,1244.3,1244.6,1178,1212.7,1003086,Tata communication
19-04-2023,1214.3,1221.8,1186,1193.3,672020,Tata communication
20-04-2023,1179,1248.4,1172,1232.3,2706008,Tata communication
21-04-2023,1229.8,1245,1200.6,1240.9,809633,Tata communication
24-04-2023,1244,1262.4,1230.1,1254.1,546831,Tata communication
25-04-2023,1255,1258,1233.2,1236.3,384412,Tata communication
26-04-2023,1231.3,1247,1220.4,1244.4,284299,Tata communication
27-04-2023,1242,1258,1240,1249.3,324668,Tata communication
28-04-2023,1259,1278,1255.2,1269.5,387631,Tata communication
02-05-2023,1269,1271.4,1250.4,1257,246846,Tata communication
03-05-2023,1250.1,1254.1,1235,1238.3,258337,Tata communication
04-05-2023,1240,1249.3,1230,1234.9,197613,Tata communication
05-05-2023,1234.9,1241.8,1225,1231.9,147489,Tata communication
08-05-2023,1234,1244,1226.1,1228.2,445652,Tata communication
09-05-2023,1232,1304.9,1228.9,1299.7,1740003,Tata communication
10-05-2023,1310,1310,1273,1276.6,571544,Tata communication
11-05-2023,1278,1296.1,1270,1277.4,520448,Tata communication
12-05-2023,1277.4,1286.4,1250.4,1254.1,200541,Tata communication
15-05-2023,1254.1,1273.1,1248.7,1254.8,466435,Tata communication
16-05-2023,1260,1260,1240.1,1245.7,313277,Tata communication
17-05-2023,1245.5,1252,1227,1235.6,285053,Tata communication
18-05-2023,1237.1,1244.6,1217,1221.2,180190,Tata communication
19-05-2023,1229,1245.3,1210.8,1233.2,690996,Tata communication
22-05-2023,1236,1240.3,1223,1226.4,502433,Tata communication
23-05-2023,1225,1244.6,1222,1242.3,374799,Tata communication
24-05-2023,1242.1,1262,1235.2,1259.8,506662,Tata communication
25-05-2023,1270,1271.1,1245.2,1260.8,430034,Tata communication
26-05-2023,1266,1275.8,1257.8,1270.5,268601,Tata communication
29-05-2023,1271.1,1285,1268.2,1278.3,195053,Tata communication
30-05-2023,1277,1287,1265,1274.7,242783,Tata communication
31-05-2023,1268,1301,1268,1298.3,399837,Tata communication
01-06-2023,1298.3,1346.8,1298.3,1334,716301,Tata communication
02-06-2023,1330,1373,1326.1,1367.4,779360,Tata communication
05-06-2023,1370,1391,1360,1383,439351,Tata communication
06-06-2023,1383,1421,1371.9,1407.7,680260,Tata communication
07-06-2023,1405,1452,1404,1446.3,1101503,Tata communication
08-06-2023,1473.5,1495,1402.7,1414.3,2801595,Tata communication
09-06-2023,1425.3,1475,1410.8,1469.8,1464086,Tata communication
12-06-2023,1476,1487.4,1447.1,1478.6,643162,Tata communication
13-06-2023,1478.6,1615.1,1476.1,1598.4,4728989,Tata communication
14-06-2023,1610,1674,1600.1,1639.8,4588929,Tata communication
15-06-2023,1635,1650,1610,1629.3,1165402,Tata communication
16-06-2023,1632,1660.4,1625,1628.5,709583,Tata communication
19-06-2023,1635,1665,1579,1591.1,1151061,Tata communication
20-06-2023,1599,1623.8,1589.9,1612.8,574501,Tata communication
21-06-2023,1621,1630,1586.4,1613.6,588578,Tata communication
22-06-2023,1613.6,1623.6,1571,1577.6,525643,Tata communication
23-06-2023,1580.5,1589.7,1555.6,1560.9,560598,Tata communication
26-06-2023,1547.5,1579.9,1529.1,1569.2,699266,Tata communication
27-06-2023,1568.2,1581.9,1550,1565.8,338264,Tata communication
28-06-2023,1573,1592,1560.4,1582.8,382823,Tata communication
30-06-2023,1588,1609.8,1512.5,1594.7,1373498,Tata communication
03-07-2023,1605.9,1613.7,1581.3,1590.2,464828,Tata communication
04-07-2023,1590.2,1595.8,1538,1543.5,336244,Tata communication
05-07-2023,1550,1555,1530.6,1538.4,445126,Tata communication
06-07-2023,1539.1,1555.7,1530.5,1536.5,449559,Tata communication
07-07-2023,1544.6,1568.2,1525.1,1549.7,1171045,Tata communication
10-07-2023,1557.8,1557.8,1526.9,1532.3,476885,Tata communication
11-07-2023,1550,1649.4,1546.7,1638.4,5049950,Tata communication
12-07-2023,1651,1660,1605,1609.2,979346,Tata communication
13-07-2023,1612,1617.6,1564.1,1584.4,1228718,Tata communication
14-07-2023,1599,1637,1585,1623.5,1311066,Tata communication
17-07-2023,1630,1630,1596.4,1602.6,636293,Tata communication
18-07-2023,1604,1642,1593.6,1601.9,939349,Tata communication
19-07-2023,1612,1632.3,1607.6,1618.4,759183,Tata communication
20-07-2023,1601,1647.9,1585.3,1604.3,2075648,Tata communication
21-07-2023,1599,1608,1571.7,1590.4,920836,Tata communication
24-07-2023,1588,1631.2,1566.5,1623.6,849258,Tata communication
25-07-2023,1631.3,1637.8,1602,1611.3,379687,Tata communication
26-07-2023,1614,1694,1614,1667.6,2952404,Tata communication
27-07-2023,1675.3,1736,1651,1727.5,1838056,Tata communication
28-07-2023,1733,1779.8,1724,1771.9,1803161,Tata communication
31-07-2023,1780,1803.5,1755,1796.2,861930,Tata communication
01-08-2023,1800,1821.5,1745.1,1762.8,872077,Tata communication
02-08-2023,1754.3,1788,1700.3,1712.2,1812059,Tata communication
03-08-2023,1712.9,1738,1676,1686.8,1159578,Tata communication
04-08-2023,1700,1710,1682.7,1686.3,517698,Tata communication
07-08-2023,1693.3,1712,1683,1697,1115156,Tata communication
08-08-2023,1706,1706,1677.7,1683.7,762634,Tata communication
09-08-2023,1684.5,1714.4,1683,1690.9,767439,Tata communication
10-08-2023,1693.2,1703.2,1654.7,1673.1,487096,Tata communication
11-08-2023,1674.2,1724,1671.4,1680.4,1199599,Tata communication
14-08-2023,1683.7,1715,1652.8,1705.7,944413,Tata communication
16-08-2023,1708.1,1723.5,1684,1702.5,909587,Tata communication
17-08-2023,1709.1,1722,1692.9,1696.4,704525,Tata communication
18-08-2023,1700.3,1704,1677,1694.1,566394,Tata communication
21-08-2023,1701,1719.9,1692,1704,993633,Tata communication
22-08-2023,1710.5,1787,1706,1782.2,1977963,Tata communication
23-08-2023,1786.9,1831.9,1770.1,1818.2,2097639,Tata communication
24-08-2023,1828.7,1858,1801.3,1829.7,1437663,Tata communication
25-08-2023,1823.1,1848,1804.4,1817.3,963518,Tata communication
28-08-2023,1820.4,1822,1790.1,1797.8,800777,Tata communication
29-08-2023,1798,1805,1781.7,1788.1,522338,Tata communication
30-08-2023,1790.8,1821.8,1788.1,1804.4,930634,Tata communication
31-08-2023,1807,1814.6,1773.1,1789.1,3906307,Tata communication
01-09-2023,1794.3,1881,1794.3,1852.4,1682163,Tata communication
04-09-2023,1855.6,1887.9,1831.3,1882.9,1309335,Tata communication
05-09-2023,1890,1892,1862.8,1866,830866,Tata communication
06-09-2023,1877.9,1890,1851,1876,707828,Tata communication
07-09-2023,1880,1908,1864.1,1889.8,842678,Tata communication
08-09-2023,1897,1904.4,1871.6,1885.3,661621,Tata communication
11-09-2023,1924.3,1957.4,1906.1,1932.8,1558699,Tata communication
12-09-2023,1948.9,1952.8,1841.9,1850.8,1056762,Tata communication
13-09-2023,1857,1918.5,1837.5,1911.8,1063082,Tata communication
14-09-2023,1920,1931.8,1903.1,1924.5,894007,Tata communication
15-09-2023,1940,1941.7,1917,1927.7,615683,Tata communication
18-09-2023,1933.9,1933.9,1891.6,1898.2,355992,Tata communication
20-09-2023,1885.1,1912,1879,1885.7,466556,Tata communication
21-09-2023,1877.4,1909.7,1870.5,1874.7,624059,Tata communication
22-09-2023,1882,1909.5,1866.2,1876,1007396,Tata communication
25-09-2023,1880,1886.2,1852.5,1856.7,699248,Tata communication
26-09-2023,1859,1899,1858,1876.3,633338,Tata communication
27-09-2023,1887.9,1894,1869.6,1875.7,668492,Tata communication
28-09-2023,1878.5,1919,1876.7,1890.2,921883,Tata communication
29-09-2023,1900,1939,1888.9,1932.8,462039,Tata communication
03-10-2023,1932.8,1933,1894.8,1901.8,731565,Tata communication
04-10-2023,1895.1,1897.8,1855,1864,1085861,Tata communication
05-10-2023,1873.1,1889,1846,1850.3,370323,Tata communication
06-10-2023,1864.5,1864.5,1821,1837.8,991191,Tata communication
09-10-2023,1835.2,1835.2,1799,1807.3,775466,Tata communication
10-10-2023,1807.9,1842.5,1807.9,1829.9,721590,Tata communication
11-10-2023,1839.5,1849.5,1825,1833.4,600920,Tata communication
12-10-2023,1845,1845,1810.8,1815.8,598411,Tata communication
13-10-2023,1815,1833.2,1802.5,1809.2,345109,Tata communication
16-10-2023,1815,1820,1791.2,1797,410841,Tata communication
17-10-2023,1804.8,1810.5,1783.2,1787.6,520373,Tata communication
18-10-2023,1797.9,1810,1772.4,1786.1,535166,Tata communication
19-10-2023,1787.9,1787.9,1758.4,1777,485800,Tata communication
20-10-2023,1740,1755,1693.8,1710.3,1602892,Tata communication
23-10-2023,1693,1693,1602.7,1615.2,1479531,Tata communication
25-10-2023,1612,1615,1559.2,1584.7,1740515,Tata communication
26-10-2023,1567,1571.7,1543.4,1559.3,1002839,Tata communication
27-10-2023,1572,1614.3,1565.3,1608,2036119,Tata communication
30-10-2023,1616.9,1656.9,1601,1647.7,919616,Tata communication
31-10-2023,1657.6,1678.6,1636,1663.3,1467544,Tata communication
01-11-2023,1664.2,1687,1655.1,1671.7,463534,Tata communication
02-11-2023,1685,1717,1678.3,1714.9,896355,Tata communication
03-11-2023,1715,1723.1,1694.1,1703.6,434636,Tata communication
06-11-2023,1713,1744.6,1705.8,1737.8,737712,Tata communication
07-11-2023,1736.8,1736.8,1705.1,1709,627049,Tata communication
08-11-2023,1714.8,1735.7,1708,1716.5,264051,Tata communication
09-11-2023,1716.9,1725.5,1702.4,1707.2,277248,Tata communication
10-11-2023,1706.7,1717.9,1691,1708.7,244826,Tata communication
13-11-2023,1708.1,1715.1,1678.7,1707.1,315877,Tata communication
15-11-2023,1711.3,1734,1681.6,1684.3,986584,Tata communication
16-11-2023,1689.1,1714.6,1688.6,1706.7,523556,Tata communication
17-11-2023,1708,1721.8,1701,1705.8,737076,Tata communication
20-11-2023,1713.7,1728.9,1692,1723,900511,Tata communication
21-11-2023,1730,1734,1704.9,1707.3,660536,Tata communication
22-11-2023,1709.9,1729.4,1692,1705.3,862890,Tata communication
23-11-2023,1718,1720.8,1703.8,1717.6,632911,Tata communication
24-11-2023,1723,1769.3,1715.1,1723.8,2258443,Tata communication
28-11-2023,1728,1728,1680.3,1683.5,1494681,Tata communication
29-11-2023,1692,1719.6,1683.1,1713.2,1374620,Tata communication
30-11-2023,1725,1736.7,1686,1705.6,17650692,Tata communication
01-12-2023,1733.9,1734,1649.1,1659.9,1666654,Tata communication
04-12-2023,1700,1700,1656.9,1662.9,619259,Tata communication
05-12-2023,1678.8,1681.7,1652.3,1678.8,621734,Tata communication
06-12-2023,1682.8,1684.9,1659.1,1669,593405,Tata communication
07-12-2023,1674.7,1715.6,1665.2,1706.7,893846,Tata communication
08-12-2023,1715,1720,1677,1694.9,843230,Tata communication
11-12-2023,1695,1710.4,1695,1707.1,327107,Tata communication
12-12-2023,1709.9,1745,1701.1,1738.3,1332079,Tata communication
13-12-2023,1752,1752,1715.8,1719.8,500422,Tata communication
14-12-2023,1730,1757.6,1721.1,1749.7,660902,Tata communication
15-12-2023,1763,1820,1753.1,1813.4,1919310,Tata communication
18-12-2023,1840,1842,1800,1808.7,876824,Tata communication
19-12-2023,1812,1817.7,1782.3,1791.9,665516,Tata communication
20-12-2023,1800,1802.1,1697.2,1704.6,935231,Tata communication
21-12-2023,1705.3,1740.3,1688.1,1729,511339,Tata communication
22-12-2023,1734.3,1756,1718.7,1730.2,386580,Tata communication
26-12-2023,1728,1746.2,1721.3,1735.8,234496,Tata communication
27-12-2023,1745,1750.7,1717.5,1732,310986,Tata communication
28-12-2023,1745,1830,1726.5,1807.5,1412545,Tata communication
29-12-2023,1797.5,1809.6,1763.2,1770.3,1065841,Tata communication
01-01-2024,1784,1784,1756,1766.9,381834,Tata communication
02-01-2024,1770,1771.9,1735,1739.8,400171,Tata communication
03-01-2024,1749,1757.5,1730.6,1750,238662,Tata communication
04-01-2024,1750,1773.9,1744.5,1766.4,572327,Tata communication
05-01-2024,1768,1794.4,1739,1758.5,901783,Tata communication
08-01-2024,1760,1763.5,1714.1,1719.4,280952,Tata communication
09-01-2024,1735,1748,1723.3,1729.2,340843,Tata communication
10-01-2024,1718.1,1737.1,1698,1718.4,501923,Tata communication
11-01-2024,1718.8,1742.2,1698.7,1716.3,1474994,Tata communication
12-01-2024,1725.3,1775,1716.3,1744.3,1688219,Tata communication
15-01-2024,1754.9,1770,1730.1,1753,1967685,Tata communication
16-01-2024,1750,1764,1716.9,1731.7,555077,Tata communication
17-01-2024,1715,1740,1688.5,1697.5,941316,Tata communication
18-01-2024,1697,1802,1690.8,1769.6,4604722,Tata communication
19-01-2024,1800.1,1804.9,1718.3,1737.8,3493574,Tata communication
23-01-2024,1740,1757.8,1692.2,1704.1,868651,Tata communication
24-01-2024,1709.3,1731.2,1690.8,1728.7,420843,Tata communication
25-01-2024,1728.7,1731.6,1703.5,1716.6,365596,Tata communication
29-01-2024,1713.1,1726.9,1706.6,1713.5,436769,Tata communication
30-01-2024,1716.8,1729,1700.1,1703.7,327585,Tata communication
31-01-2024,1710.5,1741.8,1701.8,1737.1,454051,Tata communication
01-02-2024,1743.7,1743.7,1692,1704.3,401889,Tata communication
02-02-2024,1710,1725,1696.6,1698.7,376792,Tata communication
05-02-2024,1705,1712.3,1676.8,1683.2,410131,Tata communication
06-02-2024,1683.2,1708.1,1671.6,1705.1,498733,Tata communication
07-02-2024,1715,1715,1682.3,1694,167847,Tata communication
08-02-2024,1700.4,1772.8,1700.4,1759.9,2131671,Tata communication
09-02-2024,1771,1775.1,1718,1760.9,808998,Tata communication
12-02-2024,1768.7,1782.5,1713,1724.9,368071,Tata communication
13-02-2024,1726,1750.5,1705,1746.1,373890,Tata communication
14-02-2024,1722,1759,1722,1752.7,256106,Tata communication
15-02-2024,1759,1767,1738,1754.5,243156,Tata communication
16-02-2024,1755,1829,1748.1,1812.4,1911155,Tata communication
19-02-2024,1828,1839,1808.7,1815.5,1179354,Tata communication
20-02-2024,1819,1842.9,1813.6,1821.9,894471,Tata communication
21-02-2024,1830,1838,1786.5,1795.3,606897,Tata communication
22-02-2024,1800.5,1835,1763.7,1822,455473,Tata communication
23-02-2024,1830,1848.7,1818.6,1824.6,545762,Tata communication
26-02-2024,1828,1890,1813.4,1870.4,1275655,Tata communication
27-02-2024,1870.4,1915,1870,1909.5,1603806,Tata communication
28-02-2024,1912,1932,1901.8,1913,1194566,Tata communication
29-02-2024,1911,1937,1888,1923.2,1710716,Tata communication
01-03-2024,1928.2,1949.7,1901.2,1905.6,526663,Tata communication
04-03-2024,1925,2014,1925,1984.6,2194110,Tata communication
05-03-2024,1985,2006.9,1966.3,1994.4,883772,Tata communication
06-03-2024,1998.1,2004,1940.1,1991.9,935010,Tata communication
07-03-2024,1990,2038.4,1977.1,2011.5,1245000,Tata communication
11-03-2024,1998.6,2033.9,1946.6,1954.6,820370,Tata communication
12-03-2024,1966,2006.3,1944.4,1987.7,947277,Tata communication
13-03-2024,1990.1,1997,1861,1885.6,702854,Tata communication
14-03-2024,1870,1936.7,1816,1930.1,814168,Tata communication
15-03-2024,1930,1954.6,1896.6,1934.9,718014,Tata communication
18-03-2024,1932.5,1973,1902.6,1962.7,712910,Tata communication
19-03-2024,1959.1,1966,1904.6,1910.3,587021,Tata communication
20-03-2024,1919.2,1939,1852.6,1888.3,643347,Tata communication
21-03-2024,1909,1919.3,1875.7,1908.2,440321,Tata communication
22-03-2024,1930,1932.5,1900.3,1922.7,478386,Tata communication
26-03-2024,1922.7,1957.2,1912.1,1947.6,469695,Tata communication
27-03-2024,1948.6,1996.4,1933.9,1973.2,568678,Tata communication
28-03-2024,1973.2,2017.7,1957.7,2010.4,792545,Tata communication
01-04-2024,2021,2050.7,2012.5,2036.6,649428,Tata communication
02-04-2024,2043.9,2083,2038,2073.9,581309,Tata communication
03-04-2024,2069,2084.7,2049.2,2054.1,724183,Tata communication
04-04-2024,2057,2079.5,2051.4,2057.6,513272,Tata communication
05-04-2024,2059,2065.2,2027,2061.8,768390,Tata communication
08-04-2024,2064,2073.1,2039.2,2048.3,214289,Tata communication
09-04-2024,2055,2058.6,2003.4,2012.7,488171,Tata communication
10-04-2024,2020,2020,1969.1,1970.6,365580,Tata communication
12-04-2024,1975,1984.2,1937.2,1945.5,601527,Tata communication
15-04-2024,1939.9,1969.9,1904.5,1909.2,574096,Tata communication
16-04-2024,1899.2,1915,1870,1883.8,520016,Tata communication
18-04-2024,1853,1924.3,1837.4,1854.1,2078642,Tata communication
19-04-2024,1849.9,1849.9,1741.1,1755.2,2968937,Tata communication
22-04-2024,1762,1773.3,1711,1723,1774498,Tata communication
23-04-2024,1735,1763,1730.1,1745,821183,Tata communication
24-04-2024,1754.1,1757,1740,1746.1,476505,Tata communication
25-04-2024,1746.1,1752.3,1721.1,1743.4,519313,Tata communication
26-04-2024,1755,1764.9,1738.1,1756.7,316817,Tata communication
29-04-2024,1756.7,1768,1715.3,1733.8,510632,Tata communication
30-04-2024,1736.5,1758,1725,1729.9,469868,Tata communication
02-05-2024,1731,1750.2,1728.2,1743.7,302126,Tata communication
03-05-2024,1758.5,1758.5,1712.2,1721.8,343210,Tata communication
06-05-2024,1730.7,1732,1707.1,1724.5,264859,Tata communication
07-05-2024,1727.8,1733,1712,1719.9,442393,Tata communication
08-05-2024,1718,1773.5,1707.1,1756.9,697275,Tata communication
09-05-2024,1765,1772,1720.1,1726.1,345276,Tata communication
10-05-2024,1725,1748.9,1714.5,1742.1,207663,Tata communication
13-05-2024,1740,1748.6,1712,1743.2,179448,Tata communication
14-05-2024,1748,1777.2,1732.5,1770.2,360123,Tata communication
15-05-2024,1780,1781.7,1752,1768.9,259897,Tata communication
16-05-2024,1775,1813,1770.7,1805.5,682620,Tata communication
17-05-2024,1794.3,1810.4,1790.8,1802.1,300442,Tata communication
21-05-2024,1812,1830.4,1800.5,1820.9,421584,Tata communication
22-05-2024,1829.7,1830,1794.6,1817.8,265165,Tata communication
23-05-2024,1835,1845,1821.5,1834.6,286711,Tata communication
24-05-2024,1837,1845,1826.3,1838.6,194443,Tata communication
27-05-2024,1840,1842.4,1807,1818.5,264144,Tata communication
28-05-2024,1824,1828.1,1781.1,1799.8,373270,Tata communication
29-05-2024,1785,1808.8,1785,1790.5,205857,Tata communication
30-05-2024,1785.4,1796.5,1756.1,1762.7,283686,Tata communication
31-05-2024,1769,1784,1761.7,1778.3,592937,Tata communication
03-06-2024,1805,1821.4,1769.1,1775.3,1016552,Tata communication
04-06-2024,1771.5,1771.5,1585.6,1668.3,889190,Tata communication
05-06-2024,1670,1755.7,1655.7,1748.3,660369,Tata communication
06-06-2024,1748.3,1799,1748,1791.1,375930,Tata communication
07-06-2024,1799,1817.8,1780.1,1812.8,406704,Tata communication
10-06-2024,1829,1877.6,1819.3,1859,1139930,Tata communication
11-06-2024,1865,1909,1851,1878.8,573625,Tata communication
12-06-2024,1895,1917.2,1888,1897,666238,Tata communication
13-06-2024,1926,1926,1865,1877,732633,Tata communication
14-06-2024,1882.1,1885.8,1860.6,1868.4,276056,Tata communication
18-06-2024,1875.8,1878.2,1855.1,1868.2,342146,Tata communication
19-06-2024,1871,1872.5,1827.9,1831.3,516880,Tata communication
20-06-2024,1835,1880,1818.9,1865.2,531539,Tata communication
21-06-2024,1870,1878,1840,1845.8,364804,Tata communication
24-06-2024,1845.1,1856.4,1829.1,1849.4,188241,Tata communication
25-06-2024,1854,1866,1827.9,1837.5,215959,Tata communication
26-06-2024,1838,1864.5,1820.2,1841.6,371714,Tata communication
27-06-2024,1841.8,1879,1832.1,1858.4,426729,Tata communication
28-06-2024,1868,1883.9,1842.1,1854.5,343288,Tata communication
01-07-2024,1846.5,1868.1,1838.1,1855.9,220507,Tata communication
02-07-2024,1857,1905.5,1836.6,1889.5,1280752,Tata communication
03-07-2024,1894.7,1902,1870.1,1894.8,651064,Tata communication
04-07-2024,1896,1900,1874.3,1876.3,391028,Tata communication
05-07-2024,1878.7,1893,1873.2,1888.3,247619,Tata communication
08-07-2024,1888.3,1893,1840,1857.2,269813,Tata communication
09-07-2024,1853,1871.5,1824,1843.8,482737,Tata communication
10-07-2024,1853.5,1863.2,1810.1,1854.8,248412,Tata communication
11-07-2024,1859,1872,1843.1,1869,262273,Tata communication
12-07-2024,1873.7,1875,1855,1859.5,172882,Tata communication
15-07-2024,1863.1,1883,1850,1871.2,183187,Tata communication
16-07-2024,1871.2,1883,1846.6,1851.1,223941,Tata communication
18-07-2024,1835,1888,1825.6,1870.5,856144,Tata communication
19-07-2024,1875,1883.9,1780.1,1788.4,1554675,Tata communication
22-07-2024,1785.1,1818,1767.3,1785.7,605985,Tata communication
23-07-2024,1795.1,1802.3,1720.1,1785.6,476069,Tata communication
24-07-2024,1787,1858.2,1774.6,1848.5,794721,Tata communication
25-07-2024,1825,1846.4,1816.7,1831.4,287249,Tata communication
26-07-2024,1842,1894,1835.1,1886.4,588627,Tata communication
29-07-2024,1895,1895,1863,1875.6,388102,Tata communication
30-07-2024,1885,1931.7,1876.6,1907.5,1307192,Tata communication
31-07-2024,1910,2004.5,1910,1990.8,2224136,Tata communication
01-08-2024,1992.8,2005.9,1956.7,1970.9,601244,Tata communication
02-08-2024,1954,1990,1929.7,1951.4,476193,Tata communication
05-08-2024,1897.4,1939,1858,1870,527971,Tata communication
06-08-2024,1880.3,1911.5,1835.6,1841.7,273051,Tata communication
07-08-2024,1860,1885,1844.9,1876.8,470443,Tata communication
08-08-2024,1880,1889.1,1851.1,1854.5,218275,Tata communication
09-08-2024,1866.5,1906,1863.1,1887.5,249046,Tata communication
12-08-2024,1870.4,1900.2,1852.5,1886.8,356132,Tata communication
13-08-2024,1886,1889.5,1837.9,1849.5,179437,Tata communication
14-08-2024,1849.5,1858,1814.9,1833.4,237215,Tata communication
16-08-2024,1843,1870,1840.2,1864.6,146375,Tata communication
19-08-2024,1864.9,1883.7,1864.9,1871.3,170949,Tata communication
20-08-2024,1875,1887,1866.4,1879.5,405109,Tata communication
21-08-2024,1879.1,1892.5,1865.2,1887.1,193195,Tata communication
22-08-2024,1891.9,1931.8,1887.3,1919,354780,Tata communication
23-08-2024,1929.9,1934.4,1901,1906.9,186732,Tata communication
26-08-2024,1915.5,1953.7,1911.2,1947.7,464678,Tata communication
27-08-2024,1955,1965,1926.6,1946.2,262769,Tata communication
28-08-2024,1957,1974.8,1923.6,1928.5,508814,Tata communication
29-08-2024,1932,1949,1908.2,1933,163374,Tata communication
30-08-2024,1943.9,1981,1933,1961.9,787434,Tata communication
02-09-2024,1963.1,1973.6,1943.5,1965.2,305124,Tata communication
03-09-2024,1965.2,2019.9,1963,1981.5,597370,Tata communication
04-09-2024,1960,1969.2,1944.1,1952.1,178351,Tata communication
05-09-2024,1961,1988.6,1943.7,1977.2,216620,Tata communication
06-09-2024,1972.3,1979.9,1939,1941.4,180122,Tata communication
09-09-2024,1924,1934.7,1909.4,1925.9,224997,Tata communication
10-09-2024,1936,2006,1930,1997.3,1071168,Tata communication
11-09-2024,2010,2030,1977.1,1982.7,924112,Tata communication
12-09-2024,1991,2032.2,1981,2021.5,1491829,Tata communication
13-09-2024,2033.9,2070,2022.6,2060.2,1011923,Tata communication
16-09-2024,2074,2079,2040,2047.5,173824,Tata communication
17-09-2024,2036,2047.5,2007.5,2030,285534,Tata communication
18-09-2024,2021.1,2029.9,1977.1,1995.1,226556,Tata communication
19-09-2024,2000,2029,1948,1975.3,501366,Tata communication
20-09-2024,1985.6,1986.9,1942.2,1968,372956,Tata communication
23-09-2024,1978.1,2025,1978.1,2007.8,319324,Tata communication
24-09-2024,2012.8,2042,2010.1,2023,435601,Tata communication
25-09-2024,2025,2134.4,2012.1,2127.7,2690694,Tata communication
26-09-2024,2140,2158.8,2116,2145.2,1742981,Tata communication
27-09-2024,2145,2168,2120.1,2126.5,504339,Tata communication
30-09-2024,2118,2142.9,2094.1,2134.8,474793,Tata communication
01-10-2024,2143,2175,2131.7,2158.8,826483,Tata communication
03-10-2024,2120,2175,2101.2,2143.1,673756,Tata communication
04-10-2024,2143,2157.7,2072.2,2082.1,469613,Tata communication
07-10-2024,2082.1,2096.4,1968.6,1980,520672,Tata communication
08-10-2024,1980,2024,1970,2004.2,266871,Tata communication
09-10-2024,2005,2013.1,1945,1949.4,309945,Tata communication
10-10-2024,1953,1984.3,1945,1951.8,417120,Tata communication
11-10-2024,1955.3,1993.7,1955,1963.8,333881,Tata communication
14-10-2024,1963.8,1974.1,1935,1951.4,171601,Tata communication
15-10-2024,1951,1955.5,1910.2,1931.3,342243,Tata communication
16-10-2024,1935,1950,1908,1922.5,210463,Tata communication
17-10-2024,1929,1929,1811,1830.1,1131344,Tata communication
18-10-2024,1819,1880.7,1808.1,1873,669944,Tata communication
21-10-2024,1873.1,1906,1848.2,1852.9,326575,Tata communication
22-10-2024,1855,1868,1793.2,1799.2,365598,Tata communication
23-10-2024,1790,1827.9,1772.1,1779.1,262322,Tata communication
24-10-2024,1799,1842,1773.8,1787,780077,Tata communication
25-10-2024,1787.3,1792.5,1738.1,1777.6,405214,Tata communication
28-10-2024,1779.1,1813.4,1769.2,1787.4,213902,Tata communication
29-10-2024,1796.8,1798.4,1761.4,1784.1,331846,Tata communication
30-10-2024,1780,1825,1769,1787.2,383592,Tata communication
31-10-2024,1792.1,1792.1,1747.2,1774.7,556947,Tata communication
04-11-2024,1781.1,1787.9,1724,1746.4,368439,Tata communication
05-11-2024,1745,1760,1715.1,1756.1,240637,Tata communication
06-11-2024,1759.6,1815.2,1754.8,1809.1,379098,Tata communication
07-11-2024,1812,1829.1,1799.1,1805.8,334850,Tata communication
08-11-2024,1809,1812,1766,1774.7,129546,Tata communication
11-11-2024,1766,1794.8,1750.7,1768,124439,Tata communication
12-11-2024,1776,1794.9,1753,1759.7,149047,Tata communication
13-11-2024,1759.7,1779.8,1737,1745.1,447599,Tata communication
14-11-2024,1740.2,1777.4,1740.2,1749.9,121569,Tata communication
18-11-2024,1749.9,1755.8,1715.2,1727.4,227643,Tata communication
19-11-2024,1727.3,1773,1721,1736.7,162668,Tata communication
21-11-2024,1725.1,1733.9,1699.3,1711.6,126914,Tata communication
22-11-2024,1712,1744.8,1701,1738.2,162339,Tata communication
25-11-2024,1751,1791.2,1751,1784.1,506465,Tata communication
26-11-2024,1790,1817.3,1762,1765.1,241531,Tata communication
27-11-2024,1772.8,1775.2,1744.6,1763,148132,Tata communication
28-11-2024,1757.2,1765.4,1728.2,1745.1,460400,Tata communication
29-11-2024,1730,1759.1,1729.2,1755.1,351952,Tata communication
02-12-2024,1755.1,1798.4,1741.7,1792.2,173554,Tata communication
03-12-2024,1805,1815.3,1790.3,1807.9,445536,Tata communication
04-12-2024,1807.9,1822.8,1790,1800.9,293897,Tata communication
05-12-2024,1814,1815,1789,1805.7,196144,Tata communication
06-12-2024,1807,1811.3,1783.7,1788.1,183784,Tata communication
09-12-2024,1780,1803.5,1777.1,1785.4,211992,Tata communication
10-12-2024,1794.7,1798.6,1769.2,1775.1,181819,Tata communication
11-12-2024,1779.9,1844,1774.2,1840,609522,Tata communication
12-12-2024,1842.5,1861.8,1827.9,1851.9,786410,Tata communication
13-12-2024,1839.1,1846.5,1781,1841,345271,Tata communication
16-12-2024,1841.1,1860.6,1841.1,1856.3,294052,Tata communication
17-12-2024,1850.3,1858.7,1798.5,1813.6,259393,Tata communication
18-12-2024,1812.1,1814.1,1786.3,1795.6,361677,Tata communication
19-12-2024,1750,1797.1,1750,1768,224198,Tata communication
20-12-2024,1768,1785.4,1704.2,1710.5,302890,Tata communication
23-12-2024,1722,1732.9,1700,1709.5,216183,Tata communication
24-12-2024,1718.9,1727.7,1702,1721.8,167662,Tata communication
26-12-2024,1721.8,1738,1703.6,1733.4,326464,Tata communication
27-12-2024,1733.4,1744,1705,1713.6,194715,Tata communication
30-12-2024,1713.6,1728.5,1685.1,1697.1,331539,Tata communication
31-12-2024,1697.1,1717.5,1681.1,1703.4,142307,Tata communication
01-01-2025,1710,1731.9,1699,1725.7,115875,Tata communication
02-01-2025,1730,1752.4,1711.4,1745.1,151336,Tata communication
03-01-2025,1743,1759.7,1731,1736.6,132681,Tata communication
06-01-2025,1733.7,1748.7,1682.1,1691.2,342429,Tata communication
07-01-2025,1690,1705,1680,1686.5,194557,Tata communication
08-01-2025,1687,1734,1659.3,1704.7,872411,Tata communication
09-01-2025,1696.3,1745.4,1693.8,1706.8,476320,Tata communication
10-01-2025,1708.2,1730.9,1671.1,1718.9,370084,Tata communication
13-01-2025,1700.8,1706.9,1624.5,1632.3,287238,Tata communication
14-01-2025,1648,1706.7,1635.3,1676.9,382855,Tata communication
15-01-2025,1675,1704.8,1668.2,1675.3,163380,Tata communication
16-01-2025,1681.1,1717,1681.1,1707.2,169629,Tata communication
17-01-2025,1705,1722.4,1695,1698.2,72086,Tata communication
20-01-2025,1695.1,1742.5,1679.1,1729.9,146076,Tata communication
21-01-2025,1748,1748,1685,1697.1,195763,Tata communication
22-01-2025,1697,1707.8,1588.2,1678,1056383,Tata communication
23-01-2025,1684.9,1695,1604.3,1646.3,1122214,Tata communication
24-01-2025,1648.3,1686,1622.2,1629.5,355209,Tata communication
27-01-2025,1615,1616.3,1560,1569.4,318852,Tata communication
28-01-2025,1575,1587,1551.6,1559.3,261611,Tata communication
29-01-2025,1557,1577.6,1550,1555.1,304022,Tata communication
30-01-2025,1556.8,1601.6,1556.8,1587,240945,Tata communication
31-01-2025,1592,1638.8,1580.1,1633,253718,Tata communication
03-02-2025,1600.2,1600.2,1550.6,1560.5,161248,Tata communication
04-02-2025,1563.5,1590.1,1557.9,1586.5,93419,Tata communication
05-02-2025,1586.5,1627.5,1584.1,1605.4,265015,Tata communication
06-02-2025,1611.3,1621.5,1578.2,1586.9,173485,Tata communication
07-02-2025,1586.9,1622,1584.1,1605.8,176864,Tata communication
10-02-2025,1597.9,1605.8,1565,1572,90171,Tata communication
11-02-2025,1570.8,1571.9,1513.3,1525.4,160158,Tata communication
12-02-2025,1530,1538,1479.4,1522.2,141347,Tata communication
13-02-2025,1532.9,1553.5,1520,1523.2,115689,Tata communication
14-02-2025,1527,1534.1,1483.6,1503.2,235776,Tata communication
17-02-2025,1503.4,1530.4,1480,1507.5,193536,Tata communication
18-02-2025,1510.5,1510.5,1468.5,1488.3,170265,Tata communication
19-02-2025,1488.3,1518.5,1469.9,1501.8,147128,Tata communication
20-02-2025,1499.7,1509.4,1476,1486.3,207052,Tata communication
21-02-2025,1486.4,1495.5,1439.1,1450.2,282141,Tata communication
24-02-2025,1441.7,1445,1415.1,1436.1,741744,Tata communication
25-02-2025,1428.9,1453.2,1401.2,1405.5,597426,Tata communication
27-02-2025,1406.6,1411.6,1376.9,1389,458204,Tata communication
28-02-2025,1367.8,1378,1343.3,1352.5,796779,Tata communication
03-03-2025,1351.1,1365.2,1316.6,1324,915284,Tata communication
04-03-2025,1309.1,1328,1291,1316.3,810532,Tata communication
05-03-2025,1316.4,1396.8,1313.6,1390,908298,Tata communication
06-03-2025,1402.2,1410,1392.3,1398.4,246884,Tata communication
07-03-2025,1398.5,1400,1376.1,1383.9,160240,Tata communication
10-03-2025,1385,1398,1361,1373.2,239890,Tata communication
11-03-2025,1366,1502.5,1366,1492.4,4316906,Tata communication
12-03-2025,1487,1519.9,1476,1508.1,962745,Tata communication
13-03-2025,1500,1527,1494.8,1504,445092,Tata communication
17-03-2025,1510.5,1520.1,1487.1,1502,328175,Tata communication
18-03-2025,1504.7,1520,1491.3,1506.2,405383,Tata communication
19-03-2025,1515,1577.8,1515,1561.1,1269986,Tata communication
20-03-2025,1576.1,1615,1567,1605.2,748197,Tata communication
21-03-2025,1604.8,1625,1594.6,1610,473951,Tata communication
24-03-2025,1619.8,1631.6,1597.1,1612,501821,Tata communication
25-03-2025,1625,1625,1575.3,1578.3,268096,Tata communication
26-03-2025,1586.5,1608.9,1577.3,1605,278624,Tata communication
27-03-2025,1603.6,1612.3,1580.3,1594.6,489224,Tata communication
28-03-2025,1605,1620,1575,1578.2,444943,Tata communication
01-04-2025,1580,1610.7,1566,1579.7,296042,Tata communication
02-04-2025,1584,1598.9,1561.7,1595.2,191301,Tata communication
03-04-2025,1582,1638.7,1582,1631.3,241455,Tata communication
04-04-2025,1631.3,1631.3,1589.4,1598.1,205897,Tata communication
07-04-2025,1512,1565,1495.8,1549.9,297314,Tata communication
08-04-2025,1567.4,1588.2,1546.3,1565.5,198820,Tata communication
09-04-2025,1565,1565,1528.2,1547.4,168850,Tata communication
11-04-2025,1565,1600,1543.1,1564.3,298412,Tata communication
15-04-2025,1586,1598.3,1540,1591,692147,Tata communication
16-04-2025,1588.1,1617,1579.4,1593.7,273529,Tata communication
17-04-2025,1599,1610,1560.3,1565,244987,Tata communication
21-04-2025,1578,1587.3,1537.1,1573.8,520767,Tata communication
22-04-2025,1584.8,1617.9,1560.6,1598.7,541851,Tata communication
23-04-2025,1650,1655.3,1577.1,1584.4,1786931,Tata communication
24-04-2025,1597.3,1623,1556,1608.1,1610300,Tata communication
25-04-2025,1610,1623,1535.1,1569.6,699413,Tata communication
28-04-2025,1566.8,1592,1560.1,1581.1,180311,Tata communication
29-04-2025,1578,1606.3,1567.5,1579.5,263086,Tata communication
30-04-2025,1584,1601,1568.2,1591.4,382030,Tata communication
02-05-2025,1599,1599,1553.8,1559.2,321740,Tata communication
05-05-2025,1557.5,1598,1555.1,1591.1,457874,Tata communication
06-05-2025,1585.1,1608.5,1541.5,1545.6,260143,Tata communication
07-05-2025,1520.6,1552.3,1520.6,1543.6,312215,Tata communication
08-05-2025,1540,1562,1495,1507.5,216957,Tata communication
09-05-2025,1485,1522,1470.8,1515.8,192516,Tata communication
12-05-2025,1549.9,1572,1542.1,1567.4,207887,Tata communication
13-05-2025,1567.4,1577,1553,1565.3,351388,Tata communication
14-05-2025,1571.9,1620,1560,1603.8,483675,Tata communication
15-05-2025,1609.9,1619,1595.8,1615.1,397953,Tata communication
16-05-2025,1615.2,1634.3,1604.1,1632.3,537281,Tata communication
19-05-2025,1625,1662,1613.8,1643.5,759428,Tata communication
20-05-2025,1650,1654.8,1620,1634.3,561074,Tata communication
21-05-2025,1635,1671,1624,1664.7,458448,Tata communication
22-05-2025,1670,1685,1651.1,1667.4,656893,Tata communication
23-05-2025,1667.4,1689.4,1664.8,1674.6,191866,Tata communication
26-05-2025,1675,1693.6,1661.8,1690.7,475476,Tata communication
27-05-2025,1690,1696,1669,1687.9,351665,Tata communication
28-05-2025,1685,1697.5,1670,1690.1,309830,Tata communication
29-05-2025,1691,1699,1679,1688.4,440526,Tata communication
30-05-2025,1696.5,1696.7,1665.4,1676.2,1147427,Tata communication
02-06-2025,1676.2,1682.2,1650,1676.2,204201,Tata communication
03-06-2025,1670,1689.3,1650.6,1663.2,384326,Tata communication
04-06-2025,1663.2,1685.9,1646.6,1682.7,201572,Tata communication
05-06-2025,1683.5,1718.8,1683.5,1713.1,268839,Tata communication
06-06-2025,1722,1724.8,1708.3,1713.1,118217,Tata communication
09-06-2025,1715,1749.9,1715,1744.6,160012,Tata communication
10-06-2025,1755,1760,1728.5,1735,325350,Tata communication
11-06-2025,1729.8,1733.8,1697,1712.8,471313,Tata communication
12-06-2025,1730,1731.9,1692.5,1700.7,324324,Tata communication
13-06-2025,1666,1712.4,1654.3,1706,329268,Tata communication
16-06-2025,1705,1717,1687.6,1710.5,117822,Tata communication
17-06-2025,1711,1722.9,1701,1709.6,335254,Tata communication
18-06-2025,1714.7,1719,1690.7,1699.7,155711,Tata communication
19-06-2025,1678,1683,1637.5,1648.7,315327,Tata communication
20-06-2025,1648.7,1663.7,1630,1654.5,243281,Tata communication
23-06-2025,1649.7,1668.5,1638,1643.7,344916,Tata communication
24-06-2025,1655.8,1675.9,1636,1645.9,405865,Tata communication
25-06-2025,1650,1676.4,1643.5,1672.2,456321,Tata communication
26-06-2025,1682,1682.5,1657.4,1673,330788,Tata communication
27-06-2025,1676.6,1701.8,1673,1678.8,235914,Tata communication
30-06-2025,1687.9,1699.9,1672,1690.6,183593,Tata communication
