Date,Open,High,Low,Close,Volume,Company
03-07-2006,75,77.3,75,75.7,49529,Tata Consumers
04-07-2006,76,77,75.4,76.3,74251,Tata Consumers
05-07-2006,75,77.9,74.6,76.7,116619,Tata Consumers
06-07-2006,76.9,78.1,74.8,75.5,48822,Tata Consumers
07-07-2006,76.4,78.5,75.5,76.2,235158,Tata Consumers
10-07-2006,77.9,77.9,74.8,76,66739,Tata Consumers
11-07-2006,76,77,73.9,74.4,43344,Tata Consumers
12-07-2006,72.9,75.5,71.1,74,115260,Tata Consumers
13-07-2006,73.5,75,71.3,72.1,129331,Tata Consumers
14-07-2006,72.1,73.1,70.5,72.7,173818,Tata Consumers
17-07-2006,71.5,72.9,69.7,70.6,103769,Tata Consumers
18-07-2006,70.5,73.6,70.5,72.5,74427,Tata Consumers
19-07-2006,74.5,74.5,70,70.6,78476,Tata Consumers
20-07-2006,72.5,75,71.5,74.6,121444,Tata Consumers
21-07-2006,73.5,73.5,70.5,72.6,61815,Tata Consumers
24-07-2006,71.5,74.3,70.3,74,58622,Tata Consumers
25-07-2006,74,74.5,72.5,73.5,44213,Tata Consumers
26-07-2006,74,75.9,73.2,75.4,111795,Tata Consumers
27-07-2006,75.6,80,75.6,79.2,452458,Tata Consumers
28-07-2006,79.8,81.7,78.2,81.1,204342,Tata Consumers
31-07-2006,82,84.2,82,83.3,154132,Tata Consumers
01-08-2006,82.1,83.8,80.5,82.7,140218,Tata Consumers
02-08-2006,82.1,85.1,82.1,84.8,144298,Tata Consumers
03-08-2006,82.1,85.4,82.1,83.6,156291,Tata Consumers
04-08-2006,83.8,84.5,81,81.5,162947,Tata Consumers
07-08-2006,81.3,83.9,80.3,83.4,116391,Tata Consumers
08-08-2006,84.2,84.6,82,83.1,234841,Tata Consumers
09-08-2006,83.4,85.2,83.1,84.8,264625,Tata Consumers
10-08-2006,84.9,87.5,84.8,87.3,242564,Tata Consumers
11-08-2006,88,89.5,86,86.8,219169,Tata Consumers
14-08-2006,86.5,87.9,86.3,86.9,120356,Tata Consumers
16-08-2006,87,88.5,85.2,85.6,290809,Tata Consumers
17-08-2006,86,86.5,83.6,84.1,368512,Tata Consumers
18-08-2006,84.5,85.2,83.9,84.5,139623,Tata Consumers
21-08-2006,85,85.1,83.5,84.6,214938,Tata Consumers
22-08-2006,80.5,87,80.5,84.6,167047,Tata Consumers
23-08-2006,84.4,84.6,82,82.8,105395,Tata Consumers
24-08-2006,85,98.9,82.8,83.2,1002909,Tata Consumers
25-08-2006,83.4,85,82.1,82.9,375024,Tata Consumers
28-08-2006,83.5,84.5,83,83.7,387783,Tata Consumers
29-08-2006,84.4,84.4,82.8,82.9,319997,Tata Consumers
30-08-2006,82.6,83.7,81.6,82.2,285700,Tata Consumers
31-08-2006,82.9,82.9,79.5,79.9,625885,Tata Consumers
01-09-2006,80.7,82.2,80,81.9,289170,Tata Consumers
04-09-2006,82.5,82.5,79.5,79.7,822734,Tata Consumers
05-09-2006,80.4,80.9,79.3,79.7,670869,Tata Consumers
06-09-2006,80.6,82.1,80,81.8,806591,Tata Consumers
07-09-2006,82,82.5,80.3,80.5,662486,Tata Consumers
08-09-2006,81,81.2,80.3,80.5,557264,Tata Consumers
11-09-2006,81,81,74.9,75.7,678395,Tata Consumers
12-09-2006,79.5,79.5,73.9,75.5,494183,Tata Consumers
13-09-2006,76.2,77,75.7,76.1,436404,Tata Consumers
14-09-2006,77,79,76.4,76.7,235394,Tata Consumers
15-09-2006,77,77.5,75.7,76.4,196741,Tata Consumers
18-09-2006,76.8,77.1,75.4,75.8,239468,Tata Consumers
19-09-2006,76.3,76.4,74.2,74.8,289158,Tata Consumers
20-09-2006,75.2,77.6,74,75.2,234833,Tata Consumers
21-09-2006,75.2,76,74.4,75,224876,Tata Consumers
22-09-2006,75,75.4,73.9,74.2,283688,Tata Consumers
25-09-2006,75.5,75.5,74.1,74.6,162358,Tata Consumers
26-09-2006,74.6,75,74,74.3,118200,Tata Consumers
27-09-2006,74.9,75.2,73.8,74,133022,Tata Consumers
28-09-2006,74,74.4,73,73.7,444115,Tata Consumers
29-09-2006,74.8,75.9,74,75,204846,Tata Consumers
03-10-2006,75.2,75.8,74.5,74.9,113301,Tata Consumers
04-10-2006,75.7,75.7,73.5,73.7,109035,Tata Consumers
05-10-2006,74.5,75,73.3,73.7,288639,Tata Consumers
06-10-2006,74.9,75,73.3,73.5,261742,Tata Consumers
09-10-2006,74.9,74.9,72.9,73.2,247376,Tata Consumers
10-10-2006,73.9,74.4,73.2,73.9,279581,Tata Consumers
11-10-2006,74,75.2,72.8,73,234134,Tata Consumers
12-10-2006,73,74.9,73,74.5,311365,Tata Consumers
13-10-2006,75.4,75.4,74.1,75,135810,Tata Consumers
16-10-2006,75.4,76,75.1,75.6,415595,Tata Consumers
17-10-2006,75.8,76,74.7,75.8,158674,Tata Consumers
18-10-2006,75.6,76.6,75.5,76.1,223706,Tata Consumers
19-10-2006,76.3,76.5,74.6,74.9,79393,Tata Consumers
20-10-2006,74.8,76.2,74.8,75.1,93049,Tata Consumers
23-10-2006,76.5,76.5,75.1,75.4,50756,Tata Consumers
26-10-2006,75.5,75.8,73.8,74.3,427329,Tata Consumers
27-10-2006,75.5,75.6,74.6,75.2,365029,Tata Consumers
30-10-2006,75.5,75.9,74.6,75.2,71596,Tata Consumers
31-10-2006,75.7,77.8,73.5,76.6,284485,Tata Consumers
01-11-2006,77.5,77.8,75.7,76,182137,Tata Consumers
02-11-2006,76,76.8,74,75.8,113418,Tata Consumers
03-11-2006,75.5,76.2,74.5,74.7,113812,Tata Consumers
06-11-2006,75.4,75.4,73.9,74.2,305985,Tata Consumers
07-11-2006,75,75.3,73,73.4,266734,Tata Consumers
08-11-2006,73.5,74.4,73,73.3,304823,Tata Consumers
09-11-2006,73.8,74.5,73.3,73.8,153084,Tata Consumers
10-11-2006,73.8,74,73.5,73.7,159744,Tata Consumers
13-11-2006,73.7,74,73.4,73.7,101208,Tata Consumers
14-11-2006,73.9,74.8,73.4,74.4,147246,Tata Consumers
15-11-2006,75,75.2,73.5,73.7,183447,Tata Consumers
16-11-2006,74,74.1,72.8,73,201010,Tata Consumers
17-11-2006,73.5,73.5,70.6,70.9,177153,Tata Consumers
20-11-2006,70.9,70.9,69.5,70.1,198187,Tata Consumers
21-11-2006,70.1,71.6,69.9,70.4,360409,Tata Consumers
22-11-2006,71.5,72.3,71.1,71.7,134249,Tata Consumers
23-11-2006,72.5,73.7,71.9,73.2,240907,Tata Consumers
24-11-2006,73.2,74.2,72,73.7,105818,Tata Consumers
27-11-2006,73.9,74.2,73.7,73.7,60460,Tata Consumers
28-11-2006,73.4,74.2,72,74,124300,Tata Consumers
29-11-2006,74.4,74.4,73.1,73.6,72406,Tata Consumers
30-11-2006,73.6,74.1,71,71.8,397705,Tata Consumers
01-12-2006,72.9,73,72,72.7,57737,Tata Consumers
04-12-2006,73,75.9,72.5,75.4,254167,Tata Consumers
05-12-2006,76.1,76.7,74.5,74.9,180952,Tata Consumers
06-12-2006,75.1,75.7,74.2,75.2,160470,Tata Consumers
07-12-2006,75.2,75.9,74.9,75.6,97141,Tata Consumers
08-12-2006,75.4,75.4,74.4,75,74408,Tata Consumers
11-12-2006,75,75,72.5,72.8,94826,Tata Consumers
12-12-2006,72.5,73.2,67.5,69.5,215412,Tata Consumers
13-12-2006,69.5,70.5,67.6,69.6,68940,Tata Consumers
14-12-2006,69.6,71.6,69.6,71,112582,Tata Consumers
15-12-2006,71.5,72.4,71.4,71.7,54681,Tata Consumers
18-12-2006,71.8,72.1,70.4,71.2,114188,Tata Consumers
19-12-2006,71.9,71.9,70.2,71.3,85693,Tata Consumers
20-12-2006,71.5,72.4,69.9,70.5,169063,Tata Consumers
21-12-2006,71.1,72,69,71.6,106933,Tata Consumers
22-12-2006,71.9,72,70.8,71.4,125542,Tata Consumers
26-12-2006,71.5,71.7,71,71.5,66344,Tata Consumers
27-12-2006,71.2,72.1,71.2,71.5,48828,Tata Consumers
28-12-2006,72,73.4,71.2,72.8,220522,Tata Consumers
29-12-2006,73.5,83,71.8,72.1,198828,Tata Consumers
02-01-2007,72.5,72.8,71.6,71.7,53588,Tata Consumers
03-01-2007,72.4,72.7,71.4,71.6,162551,Tata Consumers
04-01-2007,72,72.2,71.1,71.6,48036,Tata Consumers
05-01-2007,71,72.5,71,72.3,83292,Tata Consumers
08-01-2007,73,73,71.2,71.7,84038,Tata Consumers
09-01-2007,71,73.2,71,72.6,158729,Tata Consumers
10-01-2007,72.8,73.3,72,72.4,135920,Tata Consumers
11-01-2007,72.5,72.7,71.4,72.4,48014,Tata Consumers
12-01-2007,73,73.7,72.3,72.7,68347,Tata Consumers
15-01-2007,73.4,73.4,72.7,72.9,20633,Tata Consumers
16-01-2007,72.9,73.6,72.2,72.9,23970,Tata Consumers
17-01-2007,72,73.1,72,72.8,60839,Tata Consumers
18-01-2007,72.9,73.2,72.5,73,29371,Tata Consumers
19-01-2007,72.1,73.3,72.1,72.5,22451,Tata Consumers
22-01-2007,72.5,73.6,71.8,72.9,53564,Tata Consumers
23-01-2007,71,73.6,71,72.5,23860,Tata Consumers
24-01-2007,71.8,73,71.8,72.9,18597,Tata Consumers
25-01-2007,72.2,73.2,71.1,71.7,222940,Tata Consumers
29-01-2007,72,73,71.5,71.6,83567,Tata Consumers
31-01-2007,71.5,72.9,71,71.4,33043,Tata Consumers
01-02-2007,71.5,73,71.5,72.6,108503,Tata Consumers
02-02-2007,73.2,73.4,71.6,72.2,88526,Tata Consumers
05-02-2007,71.5,72.6,71.5,72.1,27219,Tata Consumers
06-02-2007,71.4,72.8,71.2,71.5,42429,Tata Consumers
07-02-2007,71.5,71.5,70.2,70.5,186958,Tata Consumers
08-02-2007,70,70.5,69.1,69.5,129417,Tata Consumers
09-02-2007,69.8,69.8,68.1,68.3,50776,Tata Consumers
12-02-2007,69,69,66.2,66.7,47654,Tata Consumers
13-02-2007,66.1,68.4,65.2,67.8,102681,Tata Consumers
14-02-2007,67,67.8,65.5,67.1,33413,Tata Consumers
15-02-2007,68.4,68.4,65.7,67.6,73098,Tata Consumers
19-02-2007,68.3,68.9,67.2,67.4,25840,Tata Consumers
20-02-2007,67.3,68.2,66.2,66.5,75136,Tata Consumers
21-02-2007,67,69.4,65.2,67.5,147161,Tata Consumers
22-02-2007,67.8,69.4,65,65.8,109171,Tata Consumers
23-02-2007,65.5,66.9,64.7,65,38448,Tata Consumers
26-02-2007,65,66.3,63.5,65.7,41378,Tata Consumers
27-02-2007,68,68,63.4,63.7,69416,Tata Consumers
28-02-2007,61.6,63.9,60.6,61.8,91124,Tata Consumers
01-03-2007,60.6,61.8,60,61,69110,Tata Consumers
02-03-2007,60.5,62,59,59.7,95957,Tata Consumers
05-03-2007,59,60,56,56.9,109689,Tata Consumers
06-03-2007,57.5,59,57.1,57.6,187396,Tata Consumers
07-03-2007,57.2,58.9,56.5,57.2,73990,Tata Consumers
08-03-2007,56.7,59.5,56.1,58.7,95970,Tata Consumers
09-03-2007,59,59.5,56.1,59,52530,Tata Consumers
12-03-2007,59.5,60.8,58,59.9,55424,Tata Consumers
13-03-2007,59.9,61.7,59,61.5,29968,Tata Consumers
14-03-2007,58.1,61.5,55.5,61.1,52359,Tata Consumers
15-03-2007,61.5,62.4,58.1,61.8,58149,Tata Consumers
16-03-2007,61.5,61.9,60,60.6,62345,Tata Consumers
19-03-2007,60.7,63.3,60.7,62.7,103905,Tata Consumers
20-03-2007,63.2,67.2,63,63.2,76244,Tata Consumers
21-03-2007,63.3,63.6,62.3,63,36814,Tata Consumers
22-03-2007,63,63.8,61.5,62.7,34429,Tata Consumers
23-03-2007,64.6,64.6,61.1,62.6,30758,Tata Consumers
26-03-2007,62.1,62.7,61.5,62.3,19334,Tata Consumers
28-03-2007,59.8,62.7,59.8,61.5,73702,Tata Consumers
29-03-2007,61,61.4,59.5,60.1,120483,Tata Consumers
30-03-2007,60.2,61.2,58.6,60.7,70559,Tata Consumers
02-04-2007,60,60.4,58.1,59.4,16902,Tata Consumers
03-04-2007,59.5,61,57.3,59.9,22347,Tata Consumers
04-04-2007,60.2,60.8,59.5,60.6,23909,Tata Consumers
05-04-2007,60.1,61.9,59.1,61.5,44783,Tata Consumers
09-04-2007,61.4,63.1,60.7,62.2,79535,Tata Consumers
10-04-2007,61.7,62.5,61.1,62,26113,Tata Consumers
11-04-2007,61.3,63.9,57.7,63.4,81766,Tata Consumers
12-04-2007,63.4,64.5,61.6,63.2,100974,Tata Consumers
13-04-2007,62.6,64.6,62.1,64.1,65345,Tata Consumers
16-04-2007,64.8,66.8,64.8,66.4,106108,Tata Consumers
17-04-2007,66.5,69.4,65.7,67.6,112682,Tata Consumers
18-04-2007,68,69,66.2,67.8,69883,Tata Consumers
19-04-2007,66.7,69,66.1,68.5,57679,Tata Consumers
20-04-2007,68.9,69.4,67.2,67.6,99714,Tata Consumers
23-04-2007,66.7,69,66.6,67.9,59474,Tata Consumers
24-04-2007,67.2,68.5,65.1,67.4,50384,Tata Consumers
25-04-2007,66.6,78.3,66.5,77.3,968307,Tata Consumers
26-04-2007,82.5,82.5,77.7,79.1,1247905,Tata Consumers
27-04-2007,79.5,79.5,76.6,77,189984,Tata Consumers
30-04-2007,76.1,81.4,75.6,77.6,393265,Tata Consumers
03-05-2007,78,80.1,77,77.7,379223,Tata Consumers
04-05-2007,78.5,78.7,75.7,76,106719,Tata Consumers
07-05-2007,76.4,77.1,74.4,76.2,176548,Tata Consumers
08-05-2007,76.3,77.5,74.7,76.2,95925,Tata Consumers
09-05-2007,76.1,78.6,75.7,77.5,137559,Tata Consumers
10-05-2007,77.5,79.2,76.7,77.7,123947,Tata Consumers
11-05-2007,75,79,70.5,78,106089,Tata Consumers
14-05-2007,87.2,87.2,77.7,79.6,213685,Tata Consumers
15-05-2007,78.7,82.5,78.5,82.3,521072,Tata Consumers
16-05-2007,82.5,83.1,81.2,81.5,351700,Tata Consumers
17-05-2007,81.5,84,80.1,83.6,349613,Tata Consumers
18-05-2007,83,85.5,82.8,84.2,263099,Tata Consumers
21-05-2007,84.4,85.5,82.4,84.1,226994,Tata Consumers
22-05-2007,83.7,88.6,83.2,87.9,507036,Tata Consumers
23-05-2007,95,95,86.6,87.5,672794,Tata Consumers
24-05-2007,87.5,89.1,86.7,88.3,357889,Tata Consumers
25-05-2007,88,94.1,86,91.5,1253748,Tata Consumers
28-05-2007,102.2,102.2,93.1,93.5,1323938,Tata Consumers
29-05-2007,94,94,90.9,91.1,336036,Tata Consumers
30-05-2007,90.8,90.9,87,87.7,411906,Tata Consumers
31-05-2007,89.5,92.9,89,92,947098,Tata Consumers
01-06-2007,94,97.5,93.7,95.3,1060243,Tata Consumers
04-06-2007,95.2,96,90.7,91.2,402735,Tata Consumers
05-06-2007,90,91.5,88.7,89.4,302144,Tata Consumers
06-06-2007,91.6,91.6,84,85.2,610704,Tata Consumers
07-06-2007,84.1,86.5,82.1,84.2,314852,Tata Consumers
08-06-2007,84.1,85.5,82.1,83,188734,Tata Consumers
11-06-2007,85.5,85.5,80.7,81.2,142505,Tata Consumers
12-06-2007,82,83.5,80.9,83.1,254527,Tata Consumers
13-06-2007,83.1,83.2,80.6,81,81516,Tata Consumers
14-06-2007,82.1,83,81.2,81.7,137923,Tata Consumers
15-06-2007,82.8,82.9,81.1,81.6,133460,Tata Consumers
18-06-2007,82.5,82.5,80,80.4,101272,Tata Consumers
19-06-2007,80.5,81.8,79.8,81.4,109102,Tata Consumers
20-06-2007,82.6,83.2,81,82.5,166003,Tata Consumers
21-06-2007,82.5,84.6,82.3,84.1,162139,Tata Consumers
22-06-2007,84.4,85,82.9,83.1,187892,Tata Consumers
25-06-2007,83.1,84.1,81.1,82.1,72813,Tata Consumers
26-06-2007,81.8,82.3,80.6,81.8,251963,Tata Consumers
27-06-2007,81.3,83.4,80.4,82.4,136824,Tata Consumers
28-06-2007,83.6,84.5,82.5,83.6,226581,Tata Consumers
29-06-2007,84.1,86.1,83.8,85.7,279263,Tata Consumers
02-07-2007,85.9,87,84,85.5,194515,Tata Consumers
03-07-2007,86,87.5,85.5,86.5,106738,Tata Consumers
04-07-2007,86.7,87,85,86,105350,Tata Consumers
05-07-2007,85.3,86.4,83.1,84.5,102806,Tata Consumers
06-07-2007,83.1,86.5,83.1,84.4,276767,Tata Consumers
09-07-2007,84,86,83.4,85.2,81425,Tata Consumers
10-07-2007,84.6,85.6,84.1,85,106775,Tata Consumers
11-07-2007,83.9,85.9,83.2,84.8,121413,Tata Consumers
12-07-2007,84.9,86.9,84.1,85.8,169797,Tata Consumers
13-07-2007,87,88.2,86,86.5,226459,Tata Consumers
16-07-2007,86.8,87.5,85,85.4,217971,Tata Consumers
17-07-2007,86.2,86.8,82,82.3,178187,Tata Consumers
18-07-2007,82,82.1,78,78.4,335029,Tata Consumers
19-07-2007,78.5,79.5,77.2,77.9,254459,Tata Consumers
20-07-2007,78.2,79.4,76.8,77.4,237506,Tata Consumers
23-07-2007,76.4,76.9,75.5,75.8,194098,Tata Consumers
24-07-2007,76,77.9,75,77,235195,Tata Consumers
25-07-2007,76.4,77.5,75.1,76.6,130664,Tata Consumers
26-07-2007,76.9,77.1,75,75.4,319203,Tata Consumers
27-07-2007,75.4,77.5,72.1,75.9,234973,Tata Consumers
30-07-2007,75.1,77.5,75.1,77,170214,Tata Consumers
31-07-2007,77.5,78.5,76.8,77.1,280989,Tata Consumers
01-08-2007,75.6,77.1,72.2,72.7,171922,Tata Consumers
02-08-2007,73.1,75,72.2,73,140579,Tata Consumers
03-08-2007,74,74,72.7,72.9,84821,Tata Consumers
06-08-2007,72.9,72.9,70.5,71.4,67080,Tata Consumers
07-08-2007,72,72.7,71,71.8,40696,Tata Consumers
08-08-2007,72,72.5,68.9,71.5,194356,Tata Consumers
09-08-2007,72.5,73.9,71,71.3,595409,Tata Consumers
10-08-2007,71.3,71.4,68.4,69.5,149683,Tata Consumers
13-08-2007,71,72.2,70,71.4,154670,Tata Consumers
14-08-2007,72.4,72.4,70.3,70.6,63675,Tata Consumers
16-08-2007,69.1,69.1,66.8,67.8,210927,Tata Consumers
17-08-2007,68,68,64.4,66.5,260385,Tata Consumers
20-08-2007,67.6,68.8,66.9,67.2,53181,Tata Consumers
21-08-2007,68,68,66,66.8,224385,Tata Consumers
22-08-2007,67.3,67.5,65.3,67.1,162877,Tata Consumers
23-08-2007,67.5,69.7,67,67.7,135730,Tata Consumers
24-08-2007,67.6,73.4,66.7,72.1,321863,Tata Consumers
27-08-2007,72.5,73.9,71.3,73.5,82845,Tata Consumers
28-08-2007,72.4,74.9,72.4,74.7,115506,Tata Consumers
29-08-2007,72.8,74.4,72.6,73.3,40051,Tata Consumers
30-08-2007,75,75,70.6,72.7,451492,Tata Consumers
31-08-2007,73.5,75.7,71,75.3,157877,Tata Consumers
03-09-2007,75.5,77.9,75.2,76.9,107620,Tata Consumers
04-09-2007,77,78.3,75.7,76.2,82855,Tata Consumers
05-09-2007,75.7,77.3,75.1,75.8,58369,Tata Consumers
06-09-2007,75,76.2,75,75.6,54780,Tata Consumers
07-09-2007,76.2,76.9,75,76.1,68274,Tata Consumers
10-09-2007,75.6,78,75.1,77.6,131164,Tata Consumers
11-09-2007,78.5,79.4,78,78.5,168422,Tata Consumers
12-09-2007,79,80.7,79,79.4,216013,Tata Consumers
13-09-2007,80,81,78.7,79.2,50665,Tata Consumers
14-09-2007,79.2,80,75.5,76.9,145963,Tata Consumers
17-09-2007,77.2,78,76.2,77.5,60261,Tata Consumers
18-09-2007,77.2,79.6,77.1,79.4,107739,Tata Consumers
19-09-2007,80,81.5,79,81.1,160936,Tata Consumers
20-09-2007,81.2,81.9,79.6,80.2,116636,Tata Consumers
21-09-2007,79.5,80.2,78.5,78.9,72332,Tata Consumers
24-09-2007,80.3,81,78.8,79.1,64655,Tata Consumers
25-09-2007,79.2,80,77.9,78.7,47936,Tata Consumers
26-09-2007,78.5,79.2,77.5,77.9,95640,Tata Consumers
27-09-2007,78.6,79.5,77.9,79,372246,Tata Consumers
28-09-2007,80,81,79,80.6,117845,Tata Consumers
01-10-2007,80,83.3,80,82,177519,Tata Consumers
03-10-2007,83.5,86,82.2,84.3,165249,Tata Consumers
04-10-2007,85,86,82.8,84.4,102904,Tata Consumers
05-10-2007,84.5,85.5,83.5,84.3,81591,Tata Consumers
08-10-2007,81.5,85.5,81.5,84.1,231378,Tata Consumers
09-10-2007,84.5,84.9,82.1,84.4,110074,Tata Consumers
10-10-2007,84.5,88.6,84.4,86.5,337069,Tata Consumers
11-10-2007,86,87.9,84.6,85.4,77848,Tata Consumers
12-10-2007,86,86,82.5,82.7,164736,Tata Consumers
15-10-2007,83,84.4,82.5,83.4,135285,Tata Consumers
16-10-2007,83.4,86,83,85,150511,Tata Consumers
17-10-2007,82,83,77.1,82,72522,Tata Consumers
18-10-2007,83,85.9,81.5,82.6,176421,Tata Consumers
19-10-2007,81,82.5,79,80,69180,Tata Consumers
22-10-2007,78.5,79.9,75.6,78.3,246228,Tata Consumers
23-10-2007,79.9,83.9,79,80.2,63522,Tata Consumers
24-10-2007,80,81,78.5,78.7,83363,Tata Consumers
25-10-2007,79.5,79.8,78.4,78.6,158373,Tata Consumers
26-10-2007,80,81.5,78.9,80.7,119906,Tata Consumers
29-10-2007,82,83.9,80.5,82,119533,Tata Consumers
30-10-2007,82.2,82.8,79.1,81.3,73789,Tata Consumers
31-10-2007,81.8,83.8,81.1,82.1,51548,Tata Consumers
01-11-2007,82.4,82.8,80,81,108631,Tata Consumers
02-11-2007,80.9,80.9,79.6,79.8,67578,Tata Consumers
05-11-2007,79.7,81.5,79.7,80,24860,Tata Consumers
06-11-2007,81.9,81.9,77.2,77.8,176505,Tata Consumers
07-11-2007,79.8,79.8,76.3,79.2,106720,Tata Consumers
08-11-2007,78,80,77.2,78.8,32279,Tata Consumers
09-11-2007,79.6,81,78.2,79,3556,Tata Consumers
12-11-2007,77.2,78.2,76.2,77.2,118971,Tata Consumers
13-11-2007,77,78.5,76.3,76.8,164829,Tata Consumers
14-11-2007,77.2,78.6,77,77.4,94228,Tata Consumers
15-11-2007,79.5,79.5,75.5,76.2,156885,Tata Consumers
16-11-2007,77,81.1,74.9,79.6,294176,Tata Consumers
19-11-2007,81.6,84.2,80.6,82.5,125036,Tata Consumers
20-11-2007,82.5,83.5,78.8,79.6,56338,Tata Consumers
21-11-2007,80.5,80.9,78.4,79.1,93374,Tata Consumers
22-11-2007,79.1,79.1,75.1,77.3,48984,Tata Consumers
23-11-2007,78.2,79.9,75.7,77.4,73319,Tata Consumers
26-11-2007,79.5,79.5,77.2,77.5,29047,Tata Consumers
27-11-2007,77.3,78.5,76,78,18892,Tata Consumers
28-11-2007,78,79.4,76.1,76.7,41154,Tata Consumers
29-11-2007,79,79,73.3,74.1,105395,Tata Consumers
30-11-2007,74.6,77.4,74.2,76,296037,Tata Consumers
03-12-2007,79,80.1,76.1,79.4,231054,Tata Consumers
04-12-2007,81,85.7,81,84.9,600244,Tata Consumers
05-12-2007,80,86,80,84.7,228138,Tata Consumers
06-12-2007,85,86.3,83.1,84.3,363513,Tata Consumers
07-12-2007,81.8,85.5,81.3,82.3,324858,Tata Consumers
10-12-2007,82,83.4,81.9,82.2,98084,Tata Consumers
11-12-2007,83.4,85.9,81,83.4,384822,Tata Consumers
12-12-2007,83.3,90.4,81.1,89.5,461068,Tata Consumers
13-12-2007,89.5,96.9,89.5,93.5,880209,Tata Consumers
14-12-2007,94.3,95.2,91.6,93.7,294910,Tata Consumers
17-12-2007,91,96.5,85.8,87.1,473426,Tata Consumers
19-12-2007,89.9,92.5,88.5,89.9,132508,Tata Consumers
20-12-2007,88.1,92.5,88.1,89.5,200554,Tata Consumers
24-12-2007,91.5,91.5,89.5,90.1,103069,Tata Consumers
26-12-2007,90.4,90.9,89.3,89.9,106573,Tata Consumers
27-12-2007,90.9,92,88.1,88.8,386086,Tata Consumers
28-12-2007,90.1,91.4,87.3,90.1,114912,Tata Consumers
31-12-2007,90.9,93.6,89.7,90.8,353817,Tata Consumers
01-01-2008,91,93.8,90.2,92.8,124099,Tata Consumers
02-01-2008,93.6,99.5,93.6,98.8,663983,Tata Consumers
03-01-2008,96,101.5,96,97,371946,Tata Consumers
04-01-2008,97.5,101.3,97.5,99.7,327594,Tata Consumers
07-01-2008,97,100.5,97,98,122142,Tata Consumers
08-01-2008,98,99.3,92.5,94.1,142184,Tata Consumers
09-01-2008,92.5,95,91.3,93.7,129842,Tata Consumers
10-01-2008,94.3,95,87.2,88.5,89047,Tata Consumers
11-01-2008,89.9,89.9,85.5,86.8,73254,Tata Consumers
14-01-2008,87.1,88.5,85.8,87.6,60791,Tata Consumers
15-01-2008,87.3,88.8,81.8,82.7,165536,Tata Consumers
16-01-2008,82.7,84.2,81,82.6,127942,Tata Consumers
17-01-2008,82.6,85.5,81.8,83,118664,Tata Consumers
18-01-2008,82.4,82.6,75.7,77.9,107781,Tata Consumers
21-01-2008,77,79.4,66.1,71.2,231172,Tata Consumers
22-01-2008,67,71,54.5,62.3,303981,Tata Consumers
23-01-2008,66.7,69.5,62.5,67.8,187556,Tata Consumers
24-01-2008,68.5,74.5,68.5,72.9,372560,Tata Consumers
25-01-2008,73,79.6,70.2,79.4,194382,Tata Consumers
28-01-2008,74,80,74,79.2,73140,Tata Consumers
29-01-2008,81.5,89.5,80,84.9,252802,Tata Consumers
30-01-2008,85.2,85.8,82.4,84.3,137699,Tata Consumers
31-01-2008,84,86.5,75.5,82.6,463823,Tata Consumers
01-02-2008,83,83.8,80.3,82.5,114653,Tata Consumers
04-02-2008,84.5,84.5,82.5,83.1,64424,Tata Consumers
05-02-2008,84,84,81.1,82.7,37352,Tata Consumers
06-02-2008,78.5,82.4,77.3,81.3,36586,Tata Consumers
07-02-2008,82.1,83.4,79.9,80.4,37268,Tata Consumers
08-02-2008,80,80.4,77.4,78.5,27854,Tata Consumers
11-02-2008,78.4,80.3,73.5,74.7,80848,Tata Consumers
12-02-2008,77.2,77.2,71.9,76,80686,Tata Consumers
13-02-2008,75,77,74.3,75,26131,Tata Consumers
14-02-2008,77,79.7,75.3,78.7,48081,Tata Consumers
15-02-2008,78.6,79.9,76.5,78.9,75043,Tata Consumers
18-02-2008,78,79.5,76.6,77.3,19341,Tata Consumers
19-02-2008,77.4,82.8,77.4,82.4,124826,Tata Consumers
20-02-2008,80.5,82.3,79.8,80.2,19601,Tata Consumers
21-02-2008,80,84.6,77.9,78.7,45278,Tata Consumers
22-02-2008,77.2,79.9,76.3,78.3,29688,Tata Consumers
25-02-2008,79.6,80.9,78,80.5,49447,Tata Consumers
26-02-2008,79,83.9,79,82.4,124279,Tata Consumers
27-02-2008,83.9,85.4,83,84.1,232611,Tata Consumers
28-02-2008,84.5,84.5,81.2,81.8,85454,Tata Consumers
29-02-2008,81.8,83.7,81.5,82.2,119991,Tata Consumers
03-03-2008,80,82.6,77,81.6,176998,Tata Consumers
04-03-2008,81.5,81.5,78.8,79.6,64129,Tata Consumers
05-03-2008,79,81.5,79,81.3,77859,Tata Consumers
07-03-2008,80.8,81.6,77.7,81.2,115812,Tata Consumers
10-03-2008,81,84.6,76,84,128753,Tata Consumers
11-03-2008,84,86.6,84,85.2,142140,Tata Consumers
12-03-2008,86.1,88,80.1,81.1,130815,Tata Consumers
13-03-2008,80,82.4,77.5,78.2,97769,Tata Consumers
14-03-2008,78.9,82.2,77,81.1,56912,Tata Consumers
17-03-2008,77,79.9,75.8,76.7,80865,Tata Consumers
18-03-2008,76.7,80.5,75.6,79.1,49853,Tata Consumers
19-03-2008,80.2,82.5,77.8,78.8,29555,Tata Consumers
24-03-2008,78,82.7,75.2,78.1,40388,Tata Consumers
25-03-2008,79.6,80,78.3,79.6,28820,Tata Consumers
26-03-2008,79.2,81.7,78.2,81.2,32737,Tata Consumers
27-03-2008,80.7,83.4,78.7,80.9,150109,Tata Consumers
28-03-2008,80.9,85.4,79.2,83.4,84013,Tata Consumers
31-03-2008,77,85.5,77,82.7,71761,Tata Consumers
01-04-2008,85,85,81.5,83.6,42875,Tata Consumers
02-04-2008,85.8,85.8,83.1,83.6,20255,Tata Consumers
03-04-2008,83.2,85.8,83.2,85.6,64668,Tata Consumers
04-04-2008,84.6,85.6,82.8,83.4,39692,Tata Consumers
07-04-2008,83.4,85.6,82.2,85,45778,Tata Consumers
08-04-2008,85.1,89.5,84.2,89.3,243269,Tata Consumers
09-04-2008,89.3,90.5,88,88.6,141720,Tata Consumers
10-04-2008,88.6,89.8,86.6,87.2,50495,Tata Consumers
11-04-2008,88.2,89.5,86.5,88.8,153702,Tata Consumers
15-04-2008,88.8,89.7,86,88.6,117993,Tata Consumers
16-04-2008,88,91.3,88,89.6,181662,Tata Consumers
17-04-2008,90.1,92.2,89.2,89.9,153930,Tata Consumers
21-04-2008,90.1,92,88.6,88.9,41292,Tata Consumers
22-04-2008,89.5,89.9,86,86.8,95820,Tata Consumers
23-04-2008,87.2,88.9,86.5,88,79987,Tata Consumers
24-04-2008,88.9,88.9,84.9,85.5,129588,Tata Consumers
25-04-2008,85.5,86.7,84,86.1,53320,Tata Consumers
28-04-2008,86,88.8,85,87.5,67484,Tata Consumers
29-04-2008,86.6,88.2,85.8,87.9,34015,Tata Consumers
30-04-2008,88.1,91.8,88.1,91.4,230623,Tata Consumers
02-05-2008,91.7,94.9,91.7,93.1,116775,Tata Consumers
05-05-2008,93.3,94.7,90.5,91.1,131807,Tata Consumers
06-05-2008,90.8,92.4,89.8,90.2,64734,Tata Consumers
07-05-2008,89.2,91.9,89.1,91.5,217225,Tata Consumers
08-05-2008,90.5,92.4,89,91,108448,Tata Consumers
09-05-2008,90.1,92.4,89.9,90.6,66342,Tata Consumers
12-05-2008,90.5,92.5,88.1,91,111792,Tata Consumers
13-05-2008,95,95,92.1,93,282512,Tata Consumers
14-05-2008,92.7,93.8,91.1,91.7,120390,Tata Consumers
15-05-2008,92,93,90,92.4,50208,Tata Consumers
16-05-2008,92,95.5,91.7,94.8,349476,Tata Consumers
20-05-2008,94.4,94.7,92,92.2,64051,Tata Consumers
21-05-2008,92.2,95.9,90.6,94.9,325065,Tata Consumers
22-05-2008,94.5,96.5,91.4,91.9,180467,Tata Consumers
23-05-2008,92,93,87.5,89.5,191089,Tata Consumers
26-05-2008,89.5,89.5,86.2,88.1,119204,Tata Consumers
27-05-2008,89,89.9,83.7,84.4,119896,Tata Consumers
28-05-2008,85,86,82.1,83.3,226155,Tata Consumers
29-05-2008,81.5,86.9,81.5,86.1,157154,Tata Consumers
30-05-2008,86.1,87.6,83.2,86.3,457737,Tata Consumers
02-06-2008,88,89,83.5,84.8,151229,Tata Consumers
03-06-2008,83.7,84.5,81.2,81.9,136628,Tata Consumers
04-06-2008,83,83,76.4,77.9,314143,Tata Consumers
05-06-2008,77.9,81.9,76.7,81.6,129694,Tata Consumers
06-06-2008,82.8,83.4,79.9,80.1,168668,Tata Consumers
09-06-2008,75.6,80.2,75.1,78.5,96467,Tata Consumers
10-06-2008,77.8,80,76.5,77.2,62641,Tata Consumers
11-06-2008,78.5,79.5,77.7,78.4,37726,Tata Consumers
12-06-2008,77.1,79.3,76.3,78.8,31198,Tata Consumers
13-06-2008,80.9,80.9,76.6,77.6,78730,Tata Consumers
16-06-2008,78,79.2,77.2,78,56303,Tata Consumers
17-06-2008,78.9,80.8,78.9,80.2,123345,Tata Consumers
18-06-2008,79.5,81,77.3,77.9,116324,Tata Consumers
19-06-2008,78.5,78.5,74.2,74.6,114982,Tata Consumers
20-06-2008,74.5,77,73.7,74.9,106474,Tata Consumers
23-06-2008,74.8,76.5,72.3,75.4,70708,Tata Consumers
24-06-2008,75.5,77.7,74.5,76.4,111931,Tata Consumers
25-06-2008,72.5,79.9,68.5,79,115148,Tata Consumers
26-06-2008,79.5,80.5,77.2,79.6,201023,Tata Consumers
27-06-2008,77.1,77.9,74.7,75.3,50119,Tata Consumers
30-06-2008,75.3,77,74.5,74.7,31659,Tata Consumers
01-07-2008,74.5,76,71.1,71.8,146709,Tata Consumers
02-07-2008,73,75.2,69.9,73,121868,Tata Consumers
03-07-2008,71.3,73.3,70.4,70.9,57019,Tata Consumers
04-07-2008,72,72.7,70.2,71.6,149425,Tata Consumers
07-07-2008,72.5,73.8,72.5,72.9,19079,Tata Consumers
08-07-2008,72.8,74,70.5,70.9,39013,Tata Consumers
09-07-2008,72,73.6,71.2,71.8,86373,Tata Consumers
10-07-2008,72,73.9,72,73.5,59819,Tata Consumers
11-07-2008,73.7,74.6,71,71.3,37785,Tata Consumers
14-07-2008,71.5,72.3,70.6,71.8,41613,Tata Consumers
15-07-2008,73.1,73.1,70.1,70.9,53385,Tata Consumers
16-07-2008,70.7,72.4,70.3,71.8,58378,Tata Consumers
17-07-2008,72.6,74.1,71.7,73.5,92760,Tata Consumers
18-07-2008,74,74,72.5,73.3,20721,Tata Consumers
21-07-2008,74,74,72.9,73.5,14388,Tata Consumers
22-07-2008,73.6,75.8,73.6,75.7,38900,Tata Consumers
23-07-2008,76.5,78.5,76.5,77.4,23122,Tata Consumers
24-07-2008,78.8,78.8,75.5,76.8,17508,Tata Consumers
25-07-2008,75.6,78,74.7,77.7,27995,Tata Consumers
28-07-2008,76.7,80.7,76.7,78.7,159915,Tata Consumers
29-07-2008,78.1,79.6,75.1,75.6,108064,Tata Consumers
30-07-2008,77.3,77.5,75.7,76.5,71033,Tata Consumers
31-07-2008,76.3,77.3,75.7,76,124727,Tata Consumers
01-08-2008,73.3,74,72,72.4,181133,Tata Consumers
04-08-2008,74.8,74.9,72,72.5,104414,Tata Consumers
05-08-2008,71.9,73.5,71.9,72.4,79621,Tata Consumers
06-08-2008,73.8,74,72.2,72.4,49641,Tata Consumers
07-08-2008,72.3,72.7,65.5,72,35987,Tata Consumers
08-08-2008,72.4,73.1,71.6,72.2,51590,Tata Consumers
11-08-2008,73.3,73.8,72.7,73.4,70882,Tata Consumers
12-08-2008,73.5,74.8,73,73.8,275147,Tata Consumers
13-08-2008,73.5,75.2,72.7,74.4,76647,Tata Consumers
14-08-2008,73.1,75.4,73.1,74.5,156971,Tata Consumers
18-08-2008,75,75.8,72.5,73,311375,Tata Consumers
19-08-2008,72.9,74,72,72.7,132184,Tata Consumers
20-08-2008,73.4,73.4,72.8,73.1,38375,Tata Consumers
21-08-2008,72.9,73.4,71.1,71.7,126958,Tata Consumers
22-08-2008,71.7,73.1,71.7,72.3,166052,Tata Consumers
25-08-2008,73.8,73.8,72.1,72.6,65204,Tata Consumers
26-08-2008,71.7,72.4,70.5,71.4,115475,Tata Consumers
27-08-2008,79,79,70.8,71.2,62162,Tata Consumers
28-08-2008,71.5,71.8,68.3,69.5,133424,Tata Consumers
29-08-2008,70.5,71.3,70.1,70.9,28665,Tata Consumers
01-09-2008,71,72.1,70.6,71.2,24948,Tata Consumers
02-09-2008,71.2,72.2,70.7,71.8,31723,Tata Consumers
04-09-2008,71.9,73.4,71.8,72.7,76579,Tata Consumers
05-09-2008,71.3,73.5,71.3,71.9,28663,Tata Consumers
08-09-2008,73.1,73.1,72,72.3,24876,Tata Consumers
09-09-2008,72.6,72.6,71.5,71.8,17522,Tata Consumers
10-09-2008,72.2,72.5,70.9,71.4,36000,Tata Consumers
11-09-2008,71.1,71.7,69.5,70.7,54255,Tata Consumers
12-09-2008,71.3,71.3,69.4,70,38346,Tata Consumers
15-09-2008,70,70,67.1,68.9,59209,Tata Consumers
16-09-2008,68.5,68.5,66.5,67.7,25139,Tata Consumers
17-09-2008,67.7,70.5,67.7,69.6,102030,Tata Consumers
18-09-2008,69,71,66.1,70.1,143027,Tata Consumers
19-09-2008,72.5,73,70.1,71.5,91774,Tata Consumers
22-09-2008,71.7,71.7,69.4,70.1,57209,Tata Consumers
23-09-2008,68.1,69.5,68.1,68.9,38447,Tata Consumers
24-09-2008,70.5,71,68.5,68.8,71315,Tata Consumers
25-09-2008,68.5,71.2,68.4,69.3,181402,Tata Consumers
26-09-2008,68.5,70,67.4,67.6,79660,Tata Consumers
29-09-2008,68,68.2,66,67.8,56656,Tata Consumers
30-09-2008,67.5,68.2,65.5,66.9,52844,Tata Consumers
01-10-2008,67.1,68.3,66.1,67.9,41942,Tata Consumers
03-10-2008,67.9,69.6,67,68.7,54070,Tata Consumers
06-10-2008,67.5,69,66.1,68.2,160378,Tata Consumers
07-10-2008,68.4,69,66.5,67.1,41292,Tata Consumers
08-10-2008,66.7,66.7,56.1,62,179852,Tata Consumers
10-10-2008,61,61.3,54,57.4,71859,Tata Consumers
13-10-2008,59,61.2,57.5,60.6,22416,Tata Consumers
14-10-2008,61.5,62.5,60.5,61.5,37759,Tata Consumers
15-10-2008,60.6,61.7,58.9,60.5,72022,Tata Consumers
16-10-2008,60,60,55.5,58.6,56284,Tata Consumers
17-10-2008,60.1,60.4,57,57.9,31434,Tata Consumers
20-10-2008,59,59.5,56.5,57,15537,Tata Consumers
21-10-2008,57.2,58.8,56.3,57.4,45682,Tata Consumers
22-10-2008,56.5,57.3,55.5,56,134504,Tata Consumers
23-10-2008,55.6,55.8,53.3,55.5,55059,Tata Consumers
24-10-2008,54.5,55.1,53,53.4,75363,Tata Consumers
27-10-2008,53,55,47,51.4,38062,Tata Consumers
29-10-2008,56.1,57.5,50,51.3,74235,Tata Consumers
31-10-2008,54.9,54.9,49.8,50.8,96364,Tata Consumers
03-11-2008,53,53.9,51.3,53,38322,Tata Consumers
04-11-2008,53.1,53.1,51.5,51.6,73787,Tata Consumers
05-11-2008,52.5,54.5,52.5,53.7,42927,Tata Consumers
06-11-2008,52.7,52.7,50.5,50.7,37993,Tata Consumers
07-11-2008,50,52,49.7,51.5,31067,Tata Consumers
10-11-2008,53,53.3,52.6,53,35280,Tata Consumers
11-11-2008,52.1,54.4,52.1,52.9,36625,Tata Consumers
12-11-2008,52.2,52.6,51,51.7,14957,Tata Consumers
14-11-2008,51.8,52.9,51.2,51.8,26834,Tata Consumers
17-11-2008,51.8,52.5,50.7,50.9,25688,Tata Consumers
18-11-2008,51.8,53.9,48.9,49.3,134946,Tata Consumers
19-11-2008,50,50,48,48.6,253373,Tata Consumers
21-11-2008,47.3,47.3,45.1,46,39498,Tata Consumers
24-11-2008,45.5,47.9,44.1,45.2,100253,Tata Consumers
25-11-2008,45.8,50,43.3,49.2,251750,Tata Consumers
26-11-2008,49.4,49.8,46.9,48.8,151416,Tata Consumers
28-11-2008,48.1,53.5,48,52.9,166957,Tata Consumers
01-12-2008,51.6,54.9,50.5,51.3,80176,Tata Consumers
02-12-2008,50,52.5,49.5,51.9,47181,Tata Consumers
03-12-2008,52.7,54,51.9,53.5,56430,Tata Consumers
04-12-2008,54,55.2,53.6,54.9,105696,Tata Consumers
05-12-2008,54.5,56.4,54,54.3,37813,Tata Consumers
08-12-2008,55.5,57,53.1,53.5,39520,Tata Consumers
10-12-2008,54.2,55.7,53.1,53.5,51732,Tata Consumers
11-12-2008,51,56.4,50.5,56,69546,Tata Consumers
12-12-2008,55,55.5,54.2,55,57131,Tata Consumers
15-12-2008,56.5,57.7,54.5,55.5,70706,Tata Consumers
16-12-2008,55.8,56,54.2,54.8,67931,Tata Consumers
17-12-2008,55.2,55.8,52.9,53.1,66258,Tata Consumers
18-12-2008,54.8,55.5,51.8,54.6,73595,Tata Consumers
19-12-2008,54.1,59.6,53.3,58.9,127504,Tata Consumers
22-12-2008,58.8,62,58.4,60.9,137804,Tata Consumers
23-12-2008,60.9,62.2,59,59.5,63317,Tata Consumers
24-12-2008,59.8,59.9,57.8,59.3,64266,Tata Consumers
26-12-2008,58.8,59.8,57.2,57.7,20546,Tata Consumers
29-12-2008,56.9,60.2,56,59.3,56845,Tata Consumers
30-12-2008,59,60.6,58.2,60,36150,Tata Consumers
31-12-2008,60,61.6,59.4,60,71552,Tata Consumers
01-01-2009,60.5,62.3,60.5,61,24477,Tata Consumers
02-01-2009,61.6,63.5,61,63.1,96951,Tata Consumers
05-01-2009,63.5,64.4,61.5,62.8,40010,Tata Consumers
06-01-2009,62.8,64,60.2,62.5,39523,Tata Consumers
07-01-2009,63,63.4,61.1,61.9,46296,Tata Consumers
09-01-2009,59.1,62.8,59.1,61.4,20938,Tata Consumers
12-01-2009,61.7,62.6,60.5,61.2,25670,Tata Consumers
13-01-2009,60.8,62.8,60.6,62.2,47631,Tata Consumers
14-01-2009,62.3,63.4,62.3,62.6,20660,Tata Consumers
15-01-2009,60.5,63.5,60.5,63,94832,Tata Consumers
16-01-2009,63.3,63.8,62.9,63,39342,Tata Consumers
19-01-2009,63.3,63.3,61.5,63,69066,Tata Consumers
20-01-2009,63,63,61.1,62.3,121253,Tata Consumers
21-01-2009,62,63,60.5,60.9,84837,Tata Consumers
22-01-2009,60.6,62.3,59.5,61,44225,Tata Consumers
23-01-2009,60.5,63,59.7,62.2,38207,Tata Consumers
27-01-2009,62.5,63.4,61.8,62.1,14910,Tata Consumers
28-01-2009,61.2,62.7,61.2,62.2,13129,Tata Consumers
30-01-2009,62.9,63.2,59.5,60.6,180525,Tata Consumers
02-02-2009,60.6,60.6,59,59.4,43785,Tata Consumers
03-02-2009,58.6,59,55.8,56.3,82439,Tata Consumers
04-02-2009,56,57.9,56,57,81353,Tata Consumers
05-02-2009,57.5,57.5,55,55.3,38593,Tata Consumers
06-02-2009,56.3,56.3,54.6,55.1,62654,Tata Consumers
09-02-2009,54.6,55.5,53.5,55,106355,Tata Consumers
10-02-2009,55.2,56,54.6,55.3,76766,Tata Consumers
11-02-2009,55,55.5,54.7,55,37858,Tata Consumers
12-02-2009,55.2,55.3,54.2,54.6,29384,Tata Consumers
13-02-2009,54.1,55.4,53.5,54.8,94341,Tata Consumers
16-02-2009,54.7,55.5,54.6,54.7,594390,Tata Consumers
17-02-2009,54.7,55.5,53.2,54,55468,Tata Consumers
18-02-2009,52.2,54.4,52.2,53,34369,Tata Consumers
19-02-2009,54.8,63,51.2,52.1,688653,Tata Consumers
20-02-2009,52,56.1,51,54.5,74363,Tata Consumers
24-02-2009,52.7,55.1,52.2,54.7,41728,Tata Consumers
25-02-2009,54.9,56.5,53.7,56,82654,Tata Consumers
26-02-2009,55.8,58.4,55,57.9,105875,Tata Consumers
27-02-2009,59,60.8,57.5,58,109892,Tata Consumers
02-03-2009,57.1,58.8,55.5,56.3,28909,Tata Consumers
03-03-2009,55.6,56,54.8,55.1,16201,Tata Consumers
04-03-2009,55.5,56,54.5,55.1,15444,Tata Consumers
05-03-2009,55.9,55.9,53.6,54.1,29219,Tata Consumers
06-03-2009,53.5,58,51.7,54.8,52442,Tata Consumers
09-03-2009,55.7,56,53.6,54.3,40169,Tata Consumers
12-03-2009,55,55.5,53.8,54.2,11319,Tata Consumers
13-03-2009,54.8,57,54.3,54.6,32079,Tata Consumers
16-03-2009,55.1,55.7,52.6,52.9,90045,Tata Consumers
17-03-2009,53.8,53.8,52.3,52.7,37163,Tata Consumers
18-03-2009,52.9,53,51.9,52.1,85890,Tata Consumers
19-03-2009,52.2,52.7,51.7,52,84141,Tata Consumers
20-03-2009,52.9,56,50.8,53.6,80680,Tata Consumers
23-03-2009,54,55.9,53.6,55,64686,Tata Consumers
24-03-2009,56.3,57.1,53,53.4,55254,Tata Consumers
25-03-2009,53.5,55.3,53.5,54.5,46846,Tata Consumers
26-03-2009,55,56.9,54.5,56,112746,Tata Consumers
27-03-2009,56.8,58,56.3,56.6,54259,Tata Consumers
30-03-2009,55.5,59,55.3,58,166256,Tata Consumers
31-03-2009,58,59.5,57.2,58.5,220349,Tata Consumers
01-04-2009,59.4,59.4,57.5,58.4,141536,Tata Consumers
02-04-2009,59,61,58.7,59.1,101017,Tata Consumers
06-04-2009,59.5,61.2,58.6,59,67721,Tata Consumers
08-04-2009,57.2,59.9,57.2,59.1,155929,Tata Consumers
09-04-2009,59.9,60.6,59.2,59.7,68006,Tata Consumers
13-04-2009,59.8,62.8,59.8,62.1,156493,Tata Consumers
15-04-2009,61.9,65.3,61.5,64.8,121239,Tata Consumers
16-04-2009,65.1,69.4,65.1,67.4,220603,Tata Consumers
17-04-2009,67.4,69,67.4,68,74457,Tata Consumers
20-04-2009,68.3,70.4,67.7,69,237865,Tata Consumers
21-04-2009,68.8,70.2,68,69.1,74157,Tata Consumers
22-04-2009,70,70.4,68,68.9,46992,Tata Consumers
23-04-2009,69.4,69.9,68.4,69,76177,Tata Consumers
24-04-2009,69.8,69.8,68.8,69.5,33354,Tata Consumers
27-04-2009,69.3,70.9,68.4,69.8,96707,Tata Consumers
28-04-2009,68.4,69.9,67.3,68.2,44383,Tata Consumers
29-04-2009,68.5,70,65.8,67.9,106108,Tata Consumers
04-05-2009,69.5,70.9,68.5,69.6,69455,Tata Consumers
05-05-2009,68.3,71.1,68,69.3,185965,Tata Consumers
06-05-2009,69.5,70.7,68.1,69.9,188711,Tata Consumers
07-05-2009,70.4,72.4,69.3,70.8,119750,Tata Consumers
08-05-2009,70.9,72.9,70.2,72.3,152985,Tata Consumers
11-05-2009,71.1,73.1,68.2,71.1,76305,Tata Consumers
12-05-2009,70,71.5,69,70,160937,Tata Consumers
13-05-2009,70.1,70.5,67.8,68.2,47678,Tata Consumers
14-05-2009,65.5,69.3,65.3,67.3,96521,Tata Consumers
15-05-2009,68.4,71.5,67.5,68.3,207439,Tata Consumers
18-05-2009,73,73.1,71,72.8,282,Tata Consumers
19-05-2009,73.9,74.9,62,69,115433,Tata Consumers
20-05-2009,67,71,65.1,69.8,578341,Tata Consumers
21-05-2009,70.5,71.5,68,69.7,201272,Tata Consumers
22-05-2009,69.1,70.3,68,68.9,75078,Tata Consumers
25-05-2009,68,70.5,66.2,70,254833,Tata Consumers
26-05-2009,70.2,72,69,69.4,338362,Tata Consumers
27-05-2009,70.5,71.6,69,70.1,149562,Tata Consumers
28-05-2009,70.5,70.5,68.4,68.7,192306,Tata Consumers
29-05-2009,69,70.2,68.8,69.3,280342,Tata Consumers
01-06-2009,70.4,70.8,69,69.2,194639,Tata Consumers
02-06-2009,69,72.7,68.6,72.2,692202,Tata Consumers
03-06-2009,72.9,79.8,72.9,78.8,855796,Tata Consumers
04-06-2009,78,81,77,80.3,256213,Tata Consumers
05-06-2009,81.8,82,77.5,79.4,124947,Tata Consumers
08-06-2009,80,80.9,76.7,77.5,131508,Tata Consumers
09-06-2009,75.1,82.7,72.2,81.4,114847,Tata Consumers
10-06-2009,82.6,84.5,81,81.5,175223,Tata Consumers
11-06-2009,82.5,83.8,77.6,78.6,228942,Tata Consumers
12-06-2009,79.9,81,75.8,76.1,209437,Tata Consumers
15-06-2009,77.6,78.7,74.2,76.3,144842,Tata Consumers
16-06-2009,74.2,77.4,71.1,76.8,47168,Tata Consumers
17-06-2009,78.3,83.7,74,74.6,259297,Tata Consumers
18-06-2009,74.7,76.4,72.5,72.9,179532,Tata Consumers
19-06-2009,74,74.9,71.8,72.6,90658,Tata Consumers
22-06-2009,74.4,74.4,71.8,72.9,71767,Tata Consumers
23-06-2009,72,72.9,71.1,72.6,35581,Tata Consumers
24-06-2009,73.5,73.6,72.2,72.4,111903,Tata Consumers
25-06-2009,73.2,74,69.5,70.4,268471,Tata Consumers
26-06-2009,71.9,73.5,71.2,72.9,117115,Tata Consumers
29-06-2009,72.8,75,72.1,74,146249,Tata Consumers
30-06-2009,74.5,75.1,71.1,72.1,220854,Tata Consumers
01-07-2009,73,75,72,73.5,158228,Tata Consumers
02-07-2009,73.5,74,72.9,73.5,82296,Tata Consumers
03-07-2009,73.5,74.3,72.7,73.9,188288,Tata Consumers
06-07-2009,74.9,74.9,70,70.8,58473,Tata Consumers
07-07-2009,71.8,73.3,70.5,71.6,274347,Tata Consumers
08-07-2009,71.6,72.4,70.1,71.2,207505,Tata Consumers
09-07-2009,70.7,73,70.7,72.6,64900,Tata Consumers
10-07-2009,72,73.7,72,72.8,89046,Tata Consumers
13-07-2009,72,72.5,71,71.8,24137,Tata Consumers
14-07-2009,72.9,73.9,72.3,72.9,74089,Tata Consumers
15-07-2009,73.7,74.8,72.9,74.4,35778,Tata Consumers
16-07-2009,74.9,76.9,74.9,75.4,246493,Tata Consumers
17-07-2009,75.7,76.2,74.8,75.3,208936,Tata Consumers
20-07-2009,76.7,76.7,74.3,75.6,77997,Tata Consumers
21-07-2009,76,76.7,74.8,75.8,141430,Tata Consumers
22-07-2009,75.1,78,75.1,76.8,175851,Tata Consumers
23-07-2009,78,78.8,77.5,78.5,50620,Tata Consumers
24-07-2009,78.9,79.6,77.6,78.5,87228,Tata Consumers
27-07-2009,78.1,81.3,78.1,80.7,166287,Tata Consumers
28-07-2009,81,81.9,79.5,80.3,61021,Tata Consumers
29-07-2009,79.4,81.5,76.3,80.3,235462,Tata Consumers
30-07-2009,80.2,82.7,78.5,82.3,176599,Tata Consumers
31-07-2009,82.6,85.5,81.9,85.1,130873,Tata Consumers
03-08-2009,85.5,91.4,84.8,90.9,131446,Tata Consumers
04-08-2009,90,92.5,89.1,90.4,87049,Tata Consumers
05-08-2009,90.5,90.7,89,89.9,64697,Tata Consumers
06-08-2009,89.5,89.9,86.8,87.5,58955,Tata Consumers
07-08-2009,85.9,88,83.7,84.9,95865,Tata Consumers
10-08-2009,86,88,84.1,84.5,112420,Tata Consumers
11-08-2009,85,87,84.6,86.4,47099,Tata Consumers
12-08-2009,86.4,89.9,85.6,89.6,0,Tata Consumers
13-08-2009,89,92,89,90.9,206932,Tata Consumers
14-08-2009,91.3,96.3,90.7,93.6,234618,Tata Consumers
17-08-2009,92.8,94.5,88.5,89.4,59465,Tata Consumers
18-08-2009,89.2,90.5,87.7,89.4,141428,Tata Consumers
19-08-2009,90,90.8,88.4,89.1,69813,Tata Consumers
20-08-2009,89,90.2,88,88.6,37122,Tata Consumers
21-08-2009,88,95.4,87.4,93.8,644783,Tata Consumers
24-08-2009,94,98.8,92.4,97.4,633302,Tata Consumers
25-08-2009,96.5,98.6,94.5,96,140693,Tata Consumers
26-08-2009,97.5,99.3,95.7,97.3,274126,Tata Consumers
27-08-2009,97.3,101.8,95.5,96.1,790220,Tata Consumers
28-08-2009,96,97.1,94.1,94.7,113108,Tata Consumers
31-08-2009,94.5,96.5,93.5,94.5,160067,Tata Consumers
01-09-2009,95.1,96.9,92,93.2,310463,Tata Consumers
02-09-2009,97,97,92.9,93.5,165622,Tata Consumers
03-09-2009,94.2,96.5,94,94.6,414889,Tata Consumers
04-09-2009,95.7,95.7,93.6,94.1,75695,Tata Consumers
07-09-2009,95,95.5,94,94.4,89141,Tata Consumers
08-09-2009,95,95.4,92.7,93.2,135887,Tata Consumers
09-09-2009,93.2,95.3,92.4,94.6,328278,Tata Consumers
10-09-2009,95,96,92.5,93.1,375319,Tata Consumers
11-09-2009,94,94.4,91,91.9,186954,Tata Consumers
14-09-2009,91.9,92.4,90.7,91,92248,Tata Consumers
15-09-2009,91.8,93,91.4,92.4,140345,Tata Consumers
16-09-2009,92.5,93,91.8,92.1,129209,Tata Consumers
17-09-2009,92.8,93,90.8,91.3,124522,Tata Consumers
18-09-2009,92,92.6,90.9,91.5,215035,Tata Consumers
22-09-2009,92.6,92.6,91,91.5,163905,Tata Consumers
23-09-2009,90.6,92.5,90.6,91.2,422080,Tata Consumers
24-09-2009,90.9,92.2,89.6,90.8,523920,Tata Consumers
25-09-2009,90.7,92.1,90.7,91.1,161743,Tata Consumers
29-09-2009,91.2,92,91,91.3,208814,Tata Consumers
30-09-2009,92,92,89.5,89.7,639844,Tata Consumers
01-10-2009,90.1,91.1,89.1,89.4,138628,Tata Consumers
05-10-2009,91,91,87.5,87.7,375442,Tata Consumers
06-10-2009,89,89.7,86.7,87.1,517543,Tata Consumers
07-10-2009,89,89,86.5,86.9,83871,Tata Consumers
08-10-2009,87.6,89.2,87,88.4,183024,Tata Consumers
09-10-2009,89,89.5,87.1,87.8,145260,Tata Consumers
12-10-2009,88.1,88.4,86.6,87.5,85797,Tata Consumers
14-10-2009,88.5,88.5,87.5,87.8,303793,Tata Consumers
15-10-2009,87.3,88.5,86.5,88,299871,Tata Consumers
16-10-2009,88.5,89.4,87.8,88,140697,Tata Consumers
20-10-2009,88.4,88.5,86.2,87.1,343557,Tata Consumers
21-10-2009,86.7,87.8,85.5,86,107537,Tata Consumers
22-10-2009,85.5,87,85.5,85.6,134120,Tata Consumers
23-10-2009,86.2,87.3,85.8,86.8,104409,Tata Consumers
26-10-2009,88.4,96.2,84.6,85,95506,Tata Consumers
27-10-2009,85,85.4,82.4,83.2,154287,Tata Consumers
28-10-2009,83,84.7,82.1,84.1,247072,Tata Consumers
29-10-2009,83.9,86.6,82.3,85.5,904074,Tata Consumers
30-10-2009,94.3,94.3,85,85.7,238814,Tata Consumers
03-11-2009,85.4,86.3,83.2,83.7,225058,Tata Consumers
04-11-2009,85,86,83.8,84.7,215872,Tata Consumers
05-11-2009,85.8,86.5,83.8,86.1,92188,Tata Consumers
06-11-2009,97,97,86.8,89.4,469653,Tata Consumers
09-11-2009,90,94,89.5,90.3,563751,Tata Consumers
10-11-2009,91.2,92.8,90,91.3,315659,Tata Consumers
11-11-2009,92,92.9,91.5,92.5,278412,Tata Consumers
12-11-2009,91.8,93.6,90.6,91.5,125616,Tata Consumers
13-11-2009,93,93,90.5,90.8,61254,Tata Consumers
16-11-2009,91.3,91.7,89,89.4,61103,Tata Consumers
17-11-2009,89.8,89.8,87.2,87.9,99726,Tata Consumers
18-11-2009,87.8,89.2,87.5,88,97185,Tata Consumers
19-11-2009,95,95,85.5,85.9,96119,Tata Consumers
20-11-2009,94,94,85.2,87,56366,Tata Consumers
23-11-2009,88,88.4,86.5,87.8,49398,Tata Consumers
24-11-2009,88,91.2,87.8,90.5,205804,Tata Consumers
25-11-2009,91,91.5,90,90.2,135713,Tata Consumers
26-11-2009,90.2,91,89.1,90,122456,Tata Consumers
27-11-2009,91,91,85.9,88.9,237916,Tata Consumers
30-11-2009,89.9,90.9,89.3,90.2,75563,Tata Consumers
01-12-2009,90.6,91.2,90,90.5,56337,Tata Consumers
02-12-2009,91.2,91.2,89.3,89.5,30161,Tata Consumers
03-12-2009,90.4,90.5,88.5,88.9,48406,Tata Consumers
04-12-2009,89.2,92.9,88.2,92.1,204110,Tata Consumers
07-12-2009,92.9,93.9,92,92.3,149456,Tata Consumers
08-12-2009,92.5,96,92,95.6,299563,Tata Consumers
09-12-2009,95.9,96.8,94,95.3,286717,Tata Consumers
10-12-2009,97,97,94.5,95.7,86368,Tata Consumers
11-12-2009,96.5,96.5,93.8,94.5,98600,Tata Consumers
14-12-2009,94,94.8,92.6,93.4,61032,Tata Consumers
15-12-2009,93.5,94.7,92.2,92.5,77231,Tata Consumers
16-12-2009,99.9,99.9,92,93.5,68666,Tata Consumers
17-12-2009,93.6,94,92.4,92.9,36166,Tata Consumers
18-12-2009,92.4,93.3,91.9,92.5,41137,Tata Consumers
21-12-2009,92.7,93.9,91.9,92.8,75987,Tata Consumers
22-12-2009,91.5,94,91.5,93,44146,Tata Consumers
23-12-2009,93.7,95.4,92.6,94.8,111507,Tata Consumers
24-12-2009,95,95.7,94.2,95,64383,Tata Consumers
29-12-2009,93.6,96.4,93.6,95.7,83336,Tata Consumers
30-12-2009,96.3,96.3,95.1,95.4,50825,Tata Consumers
31-12-2009,95.5,96.3,93.8,94.1,156037,Tata Consumers
04-01-2010,94.5,95.5,93.9,94.9,95274,Tata Consumers
05-01-2010,95.5,105.2,95.1,102.3,706155,Tata Consumers
06-01-2010,103.2,104.8,100.4,103.9,296098,Tata Consumers
07-01-2010,105,106.8,103.3,104.3,380780,Tata Consumers
08-01-2010,104.7,107.5,104.1,104.8,294033,Tata Consumers
11-01-2010,105.5,107.3,104.7,105.4,125235,Tata Consumers
12-01-2010,106,106,102.3,103,103688,Tata Consumers
13-01-2010,103.5,105,101.1,104.3,138127,Tata Consumers
14-01-2010,105.3,105.6,103.5,103.9,150860,Tata Consumers
15-01-2010,104.3,104.7,103.5,103.9,33756,Tata Consumers
18-01-2010,103.6,104.4,102.7,103.1,31397,Tata Consumers
19-01-2010,104,104.8,100.4,101.5,68329,Tata Consumers
20-01-2010,102,102.5,99.2,100.2,66120,Tata Consumers
21-01-2010,100.6,101.9,97.3,98.3,115259,Tata Consumers
22-01-2010,97.5,98.7,95.5,97.6,169297,Tata Consumers
25-01-2010,97.2,98.3,96,96.4,186311,Tata Consumers
27-01-2010,96.5,98.5,91.7,93.5,137540,Tata Consumers
28-01-2010,93.5,95.1,90,91.3,242472,Tata Consumers
29-01-2010,89.5,92.8,87.2,91.5,178828,Tata Consumers
01-02-2010,93,94.3,90,94,115699,Tata Consumers
02-02-2010,95.9,95.9,91.8,92.5,87436,Tata Consumers
03-02-2010,95.8,96,91.2,95.3,148688,Tata Consumers
04-02-2010,93.9,97.5,93.6,93.9,83730,Tata Consumers
05-02-2010,92.5,95,90.2,92.9,103338,Tata Consumers
08-02-2010,94,94.5,91.8,94,31420,Tata Consumers
09-02-2010,94.6,95,92.6,94.4,58194,Tata Consumers
10-02-2010,95,95,93,93.4,32699,Tata Consumers
11-02-2010,94,96.6,93.3,95.5,51592,Tata Consumers
15-02-2010,95.5,96.5,94.7,95,19493,Tata Consumers
16-02-2010,95.5,96.1,94.3,94.6,15522,Tata Consumers
17-02-2010,95.2,95.6,93.5,94,138511,Tata Consumers
18-02-2010,94.1,95,93.9,94.1,25174,Tata Consumers
19-02-2010,93.9,94,92.5,92.7,13829,Tata Consumers
22-02-2010,93.6,93.9,93,93,26253,Tata Consumers
23-02-2010,93,93.5,91.7,93,17560,Tata Consumers
24-02-2010,91.6,94.5,91.6,93.6,26950,Tata Consumers
25-02-2010,93,94,91.1,92.3,174901,Tata Consumers
26-02-2010,92.7,94.3,92.5,93.8,24448,Tata Consumers
02-03-2010,93.8,96.2,92.4,95.4,45203,Tata Consumers
03-03-2010,95.6,98.5,95.1,97.7,82988,Tata Consumers
04-03-2010,95.9,98.8,95.9,97.9,38576,Tata Consumers
05-03-2010,98.1,100,96.6,97,75624,Tata Consumers
08-03-2010,97.1,99.1,95.6,96.1,43968,Tata Consumers
09-03-2010,97.5,97.5,94,94.4,39553,Tata Consumers
10-03-2010,94.4,96.7,94,95.7,52980,Tata Consumers
11-03-2010,94.6,97.3,94.6,96.4,55034,Tata Consumers
12-03-2010,96.2,96.8,95.8,96,30344,Tata Consumers
15-03-2010,96.1,96.7,94.6,96.1,34537,Tata Consumers
16-03-2010,95.5,97,94.5,95.5,66747,Tata Consumers
17-03-2010,96.9,96.9,95.1,95.9,36097,Tata Consumers
18-03-2010,95.3,96.2,94.5,94.9,69526,Tata Consumers
19-03-2010,95.1,95.7,94.2,95,78466,Tata Consumers
22-03-2010,94,96.3,93.9,95.3,52924,Tata Consumers
23-03-2010,95.9,95.9,93.5,93.9,61584,Tata Consumers
25-03-2010,94.8,94.8,92.4,94,73682,Tata Consumers
26-03-2010,95,95,93.1,93.6,36464,Tata Consumers
29-03-2010,94,98.2,92.4,96.7,102148,Tata Consumers
30-03-2010,96.1,100.7,95.1,98.9,169447,Tata Consumers
31-03-2010,98.5,99.9,96.8,97.9,58245,Tata Consumers
01-04-2010,98.3,98.3,96.6,97.1,19752,Tata Consumers
05-04-2010,97.5,97.5,96,96.6,54161,Tata Consumers
06-04-2010,97.9,97.9,96.8,97,22823,Tata Consumers
07-04-2010,97,98.5,97,97.6,25482,Tata Consumers
08-04-2010,96.6,98.4,96.6,97.4,32863,Tata Consumers
09-04-2010,95.9,100.7,95.9,100.1,237793,Tata Consumers
12-04-2010,101.3,104.5,100.5,102,251604,Tata Consumers
13-04-2010,102.1,104,101.2,101.5,61310,Tata Consumers
15-04-2010,101,103.4,100.1,100.6,36334,Tata Consumers
16-04-2010,100,100.6,98.1,98.4,173231,Tata Consumers
19-04-2010,98.4,104.5,96.4,99.2,34889,Tata Consumers
20-04-2010,100,100.4,98.8,99.5,20043,Tata Consumers
21-04-2010,100,101.9,99.2,101,38874,Tata Consumers
22-04-2010,100,102.9,100,102.2,88516,Tata Consumers
23-04-2010,102.2,104.2,101.7,103.8,77503,Tata Consumers
26-04-2010,104.4,105.9,103.7,104.9,68241,Tata Consumers
27-04-2010,105.4,105.4,103.2,103.7,32827,Tata Consumers
28-04-2010,103.5,104,100.2,100.8,50690,Tata Consumers
29-04-2010,102,103.1,100.1,102.4,50012,Tata Consumers
30-04-2010,102,107,101.7,105.3,73997,Tata Consumers
03-05-2010,107.4,107.6,104,104.4,91929,Tata Consumers
04-05-2010,104.7,105.5,101.2,101.8,25084,Tata Consumers
05-05-2010,99.1,103.9,98.9,103.2,38838,Tata Consumers
06-05-2010,103,104.6,101.1,103,40060,Tata Consumers
07-05-2010,101.5,103.4,100.5,102.6,36513,Tata Consumers
10-05-2010,103.5,104,102.2,103.5,24676,Tata Consumers
11-05-2010,104.5,104.9,102.5,103,119193,Tata Consumers
12-05-2010,102.6,103.9,102.5,103.2,61424,Tata Consumers
13-05-2010,103.2,105.5,103.2,103.9,47547,Tata Consumers
14-05-2010,103.1,109.2,102.5,107.1,875963,Tata Consumers
17-05-2010,106,111.6,105.5,110.6,397526,Tata Consumers
18-05-2010,111.5,113.8,110,111.6,255574,Tata Consumers
19-05-2010,110.9,113.6,109.4,110.1,229458,Tata Consumers
20-05-2010,110.5,112.4,109.5,110.6,109344,Tata Consumers
21-05-2010,109,110.3,106.5,109.8,93852,Tata Consumers
24-05-2010,112.4,112.4,106.1,107,90331,Tata Consumers
25-05-2010,106.5,107,104.1,105.7,162525,Tata Consumers
26-05-2010,105.7,108.7,102.5,103,193188,Tata Consumers
27-05-2010,103.7,104.5,99.3,100.8,332692,Tata Consumers
28-05-2010,102.1,106.5,102,106,166842,Tata Consumers
31-05-2010,107.1,109.5,106,108.4,118613,Tata Consumers
01-06-2010,109,110.8,106.5,107,62347,Tata Consumers
02-06-2010,107.9,108.9,106.4,106.9,64949,Tata Consumers
03-06-2010,108.2,109.9,107.9,108.9,83471,Tata Consumers
04-06-2010,107.1,109.8,107.1,108.9,47864,Tata Consumers
07-06-2010,107,107.9,106.5,107.3,35975,Tata Consumers
08-06-2010,106.1,108.3,105.5,106.7,91482,Tata Consumers
09-06-2010,107,107.5,105.1,105.5,44647,Tata Consumers
10-06-2010,105,107.9,105,107.1,140378,Tata Consumers
11-06-2010,108.9,111.2,107.2,110.4,86512,Tata Consumers
14-06-2010,111,113.2,110.5,111.2,137668,Tata Consumers
15-06-2010,111.2,113.1,110.1,112.1,100261,Tata Consumers
16-06-2010,111.1,112.6,110.2,112.2,61924,Tata Consumers
17-06-2010,112.8,115.9,112.1,114.4,370414,Tata Consumers
18-06-2010,116.1,116.1,112.8,113.2,71121,Tata Consumers
21-06-2010,112.6,119.2,111.5,118.4,527283,Tata Consumers
22-06-2010,120,120.5,117.3,118,252052,Tata Consumers
23-06-2010,118,120.3,117,119,229541,Tata Consumers
24-06-2010,118.6,120,116.8,117.6,285619,Tata Consumers
25-06-2010,119.2,119.6,117.2,117.9,119368,Tata Consumers
28-06-2010,118,121.2,118,120,195446,Tata Consumers
29-06-2010,121,121.8,117.9,119.4,159289,Tata Consumers
30-06-2010,120,123.8,113.5,121.6,2909074,Tata Consumers
01-07-2010,121.6,122.4,119,121.1,1201350,Tata Consumers
02-07-2010,122.2,122.2,120.1,120.8,554742,Tata Consumers
05-07-2010,120.8,121.9,120,120.4,405605,Tata Consumers
06-07-2010,120.7,121.4,119.5,120.4,577632,Tata Consumers
07-07-2010,120.4,122,119.9,120.6,685064,Tata Consumers
08-07-2010,121.5,122.3,120.3,120.6,580934,Tata Consumers
09-07-2010,121,122.7,120.2,121.2,924048,Tata Consumers
12-07-2010,122,122,119,119.8,824092,Tata Consumers
13-07-2010,120,120.5,119,119.9,423872,Tata Consumers
14-07-2010,120.1,120.7,116.3,117,942977,Tata Consumers
15-07-2010,118,118.4,115.1,115.7,853614,Tata Consumers
16-07-2010,115.5,121,115.3,120.5,1341126,Tata Consumers
19-07-2010,120.1,122.3,119.7,121.4,1071677,Tata Consumers
20-07-2010,125,125,121.1,121.9,1049306,Tata Consumers
21-07-2010,122.1,123,121.1,121.6,658666,Tata Consumers
22-07-2010,120.3,122,120.3,120.9,293312,Tata Consumers
23-07-2010,121.8,122,120.3,120.7,281312,Tata Consumers
26-07-2010,120.1,121,117.1,117.6,658440,Tata Consumers
27-07-2010,117.6,119.5,112,118.7,586100,Tata Consumers
28-07-2010,118,120.5,117.2,118.3,835593,Tata Consumers
29-07-2010,112.5,121.7,112.5,116.6,2359134,Tata Consumers
30-07-2010,116.5,118,114.6,116.1,2656191,Tata Consumers
02-08-2010,117.3,118.5,116.6,117.3,663593,Tata Consumers
03-08-2010,118.3,120,117.9,118.3,611234,Tata Consumers
04-08-2010,118.5,119,116.1,116.5,1012396,Tata Consumers
05-08-2010,117,117,113.8,114.1,777490,Tata Consumers
06-08-2010,114.1,114.9,111.8,112.1,547881,Tata Consumers
09-08-2010,112,113.9,112,112.9,415026,Tata Consumers
10-08-2010,112.9,114.3,111.6,112.3,327364,Tata Consumers
11-08-2010,113.8,115.5,112,113.9,1307966,Tata Consumers
12-08-2010,113,114.5,112.3,112.6,434265,Tata Consumers
13-08-2010,113.4,116,112.6,114.2,755675,Tata Consumers
16-08-2010,116,116,110.8,111.3,818831,Tata Consumers
17-08-2010,111.9,112.4,109.7,110.1,1079479,Tata Consumers
18-08-2010,110.2,111.2,108.1,108.9,959932,Tata Consumers
19-08-2010,110,114.4,108.5,113.1,1643818,Tata Consumers
20-08-2010,112,113.4,111.1,111.5,653286,Tata Consumers
23-08-2010,114,118.3,112,116.7,4033916,Tata Consumers
24-08-2010,118.5,119.8,116.1,116.5,3422797,Tata Consumers
25-08-2010,116,118.7,115.4,117,1606579,Tata Consumers
26-08-2010,118.2,119.4,116.6,118.2,2531255,Tata Consumers
27-08-2010,119,119.9,117.1,117.8,1375227,Tata Consumers
30-08-2010,118.8,119.7,116.7,117.6,463046,Tata Consumers
31-08-2010,117,121,116.1,120.5,2110321,Tata Consumers
01-09-2010,121.7,123.7,120.2,123,2274887,Tata Consumers
02-09-2010,124.2,124.6,122,122.4,716515,Tata Consumers
03-09-2010,122.5,124,121.9,122.2,731590,Tata Consumers
06-09-2010,123.3,124.7,122.8,123.2,626335,Tata Consumers
07-09-2010,124,128.5,122.1,127.7,2683457,Tata Consumers
08-09-2010,128,129.8,125.1,127.3,2539739,Tata Consumers
09-09-2010,127.7,129.5,126.7,127.8,1599954,Tata Consumers
13-09-2010,128.5,128.8,125.3,126,1180485,Tata Consumers
14-09-2010,126.2,128.2,123.5,123.9,1439867,Tata Consumers
15-09-2010,124.9,126.5,123,123.3,1111988,Tata Consumers
16-09-2010,124,125,121.5,122.2,1073175,Tata Consumers
17-09-2010,122.8,125.4,121.6,122.7,2098722,Tata Consumers
20-09-2010,122.5,125,122,124.6,1073215,Tata Consumers
21-09-2010,124.6,125.7,121.1,122.5,1128334,Tata Consumers
22-09-2010,123,123.5,119.8,120.8,1032364,Tata Consumers
23-09-2010,121.6,124.3,119.9,123.6,1845230,Tata Consumers
24-09-2010,123.5,127.5,122.9,125.1,2458845,Tata Consumers
27-09-2010,126.4,126.9,123.2,123.6,1209662,Tata Consumers
28-09-2010,124.6,125.8,122.1,122.9,799399,Tata Consumers
29-09-2010,123.3,124.8,121.2,121.5,984606,Tata Consumers
30-09-2010,122.3,122.7,119.2,120.2,1240038,Tata Consumers
01-10-2010,121.3,124,121.3,123.5,711861,Tata Consumers
04-10-2010,124.4,125.5,123.2,124.7,670447,Tata Consumers
05-10-2010,125,127.9,123.2,127,1542220,Tata Consumers
06-10-2010,128,129.9,127.1,129.3,1598194,Tata Consumers
07-10-2010,130.1,138.8,129.7,133.4,7163066,Tata Consumers
08-10-2010,134.8,136,131.1,132.6,1913647,Tata Consumers
11-10-2010,134.5,135.9,133.3,134.3,1052978,Tata Consumers
12-10-2010,134.5,135.8,130,131,1252217,Tata Consumers
13-10-2010,131.9,134.4,131.4,133.8,880932,Tata Consumers
14-10-2010,134.3,137,131.1,133.1,1826325,Tata Consumers
15-10-2010,134.9,134.9,128.4,129.9,1040782,Tata Consumers
18-10-2010,130.1,131,126.4,129.6,1236535,Tata Consumers
19-10-2010,131.5,132.9,128.2,129.8,916321,Tata Consumers
20-10-2010,129.3,130.8,128.5,129.4,749862,Tata Consumers
21-10-2010,129.8,131.1,128.7,130.4,1293596,Tata Consumers
22-10-2010,132,132,128.1,128.6,1375503,Tata Consumers
25-10-2010,130,130.5,128.3,128.5,494115,Tata Consumers
26-10-2010,129.2,129.6,126.7,127.4,756589,Tata Consumers
27-10-2010,128.2,129.5,125.6,127.3,1116487,Tata Consumers
28-10-2010,128.9,130,127.3,129,1734169,Tata Consumers
29-10-2010,127.7,128,120.5,124.7,2960093,Tata Consumers
01-11-2010,126,128.4,123,124.6,1621553,Tata Consumers
02-11-2010,125.5,126.2,124.6,125.2,573772,Tata Consumers
03-11-2010,126,126.7,124,124.6,602987,Tata Consumers
04-11-2010,124.7,125.8,123.1,124.3,722306,Tata Consumers
05-11-2010,129.5,129.5,125.2,125.7,231426,Tata Consumers
08-11-2010,126,126.9,124.5,125.2,1093519,Tata Consumers
09-11-2010,125.8,128.3,124.2,127.4,1186665,Tata Consumers
10-11-2010,129,132.8,127,131.9,2011117,Tata Consumers
11-11-2010,132.7,134,127.3,128.1,1363674,Tata Consumers
12-11-2010,127.5,129.9,124.2,124.9,1155144,Tata Consumers
15-11-2010,125.9,126,123.1,124.8,490031,Tata Consumers
16-11-2010,124.8,126.2,120,121.2,1118449,Tata Consumers
18-11-2010,121.8,123.5,115.3,119.6,1214961,Tata Consumers
19-11-2010,119.8,125.1,115.1,120.1,3005760,Tata Consumers
22-11-2010,120.6,120.6,117,119.9,829435,Tata Consumers
23-11-2010,116.1,119.7,114.1,117.2,1306073,Tata Consumers
24-11-2010,118.1,118.9,116.2,116.8,516440,Tata Consumers
25-11-2010,118.5,118.5,107.3,110,2586020,Tata Consumers
26-11-2010,112.4,113.5,103.5,112.5,2279992,Tata Consumers
29-11-2010,113.4,114,110.1,113,725219,Tata Consumers
30-11-2010,113,113.9,111.1,113,993783,Tata Consumers
01-12-2010,113.5,116,113,114.8,628391,Tata Consumers
02-12-2010,115.9,117.5,114.4,115.3,887683,Tata Consumers
03-12-2010,116,116,112.6,114.1,606153,Tata Consumers
06-12-2010,113.2,115.7,113.2,115,1036023,Tata Consumers
07-12-2010,115.6,115.8,113.6,115.3,566010,Tata Consumers
08-12-2010,115,115.4,113.7,114.9,1032008,Tata Consumers
09-12-2010,115.9,115.9,110.2,111.5,1285356,Tata Consumers
10-12-2010,111.5,112.9,107.4,111,1106252,Tata Consumers
13-12-2010,114,114.5,110.8,112.8,426795,Tata Consumers
14-12-2010,113.5,114.8,113,114.1,449080,Tata Consumers
15-12-2010,114.8,116.4,113.4,114.8,444045,Tata Consumers
16-12-2010,114.8,115.5,113,115.2,298756,Tata Consumers
20-12-2010,115,115.9,114,115.5,282973,Tata Consumers
21-12-2010,117,117.8,115,115.8,759131,Tata Consumers
22-12-2010,116.8,116.8,112.6,113.6,1629061,Tata Consumers
23-12-2010,114,114.9,111.7,112.4,601654,Tata Consumers
24-12-2010,112.8,114,111.8,112.5,648507,Tata Consumers
27-12-2010,113,114,109.4,109.8,923042,Tata Consumers
28-12-2010,110.8,111,108.2,109.6,859691,Tata Consumers
29-12-2010,110.5,110.8,109,109.4,789049,Tata Consumers
30-12-2010,110.5,110.9,106.6,107.3,2518794,Tata Consumers
31-12-2010,108.5,109,107.1,108.1,1258058,Tata Consumers
03-01-2011,109,112,108.2,111.5,1381804,Tata Consumers
04-01-2011,111.9,114.2,111.6,113.1,1649997,Tata Consumers
05-01-2011,113.3,113.9,111.2,112.3,712670,Tata Consumers
06-01-2011,112.9,113.4,110.1,111,801491,Tata Consumers
07-01-2011,112.1,113,107.1,108.3,1343822,Tata Consumers
10-01-2011,108.7,108.7,103.6,104.3,1005103,Tata Consumers
11-01-2011,104.6,105.9,101.1,101.9,979117,Tata Consumers
12-01-2011,102.7,104.2,101,103.8,438502,Tata Consumers
13-01-2011,103.8,104.5,102.7,103.3,409758,Tata Consumers
14-01-2011,105.1,109.7,102.8,104.4,1914263,Tata Consumers
17-01-2011,105.3,108.3,102.7,104.9,2529271,Tata Consumers
18-01-2011,105.8,106.9,104.2,104.8,384406,Tata Consumers
19-01-2011,105.1,106.9,104.1,105,677140,Tata Consumers
20-01-2011,105.1,109.1,104.2,106.5,1009083,Tata Consumers
21-01-2011,106,107.5,105.2,105.7,522747,Tata Consumers
24-01-2011,104.6,106.8,104.6,106.3,259338,Tata Consumers
25-01-2011,107,107.4,106.1,106.2,631517,Tata Consumers
27-01-2011,106.2,108.2,105.2,106.4,1791689,Tata Consumers
28-01-2011,106,106.8,98.3,99.8,2063094,Tata Consumers
31-01-2011,99.2,100.6,95.3,99.5,922239,Tata Consumers
01-02-2011,101,102,97.8,98.3,1031266,Tata Consumers
02-02-2011,98.8,100,96.6,97.4,439822,Tata Consumers
03-02-2011,97.5,97.9,94.2,96.1,739877,Tata Consumers
04-02-2011,96.5,97.7,94.5,95.3,857280,Tata Consumers
07-02-2011,97.7,97.7,95.3,95.8,577722,Tata Consumers
08-02-2011,96,96.8,92,92.5,431156,Tata Consumers
09-02-2011,93,93,87,87.9,680652,Tata Consumers
10-02-2011,88.2,89,84.8,88.1,989327,Tata Consumers
11-02-2011,88.8,92.8,87.2,91.7,650078,Tata Consumers
14-02-2011,92.5,95,92.3,94.6,477647,Tata Consumers
15-02-2011,95.4,96.5,93.4,95.8,579786,Tata Consumers
16-02-2011,95.9,96,94.2,94.5,239997,Tata Consumers
17-02-2011,95.8,102.8,94.1,101.7,1893119,Tata Consumers
18-02-2011,101.5,102.5,93.7,94.5,920020,Tata Consumers
21-02-2011,95.4,97,94.1,96.2,355646,Tata Consumers
22-02-2011,96,99.4,94.4,96.4,422308,Tata Consumers
23-02-2011,96.7,97.5,94.9,95.3,306107,Tata Consumers
24-02-2011,95.6,96,86.9,87.4,1653543,Tata Consumers
25-02-2011,88.5,90.3,87.2,88.6,689138,Tata Consumers
28-02-2011,88,90,86,89.3,735597,Tata Consumers
01-03-2011,89.8,91.8,89.4,91,687513,Tata Consumers
03-03-2011,91,92,90.1,90.4,874532,Tata Consumers
04-03-2011,90.3,92,90,90.8,283108,Tata Consumers
07-03-2011,90,90.8,87.9,88.8,270846,Tata Consumers
08-03-2011,89,94.8,88.3,93.6,1931634,Tata Consumers
09-03-2011,94.8,98.2,94.1,96.4,3190205,Tata Consumers
10-03-2011,95.9,98,94.7,96.4,1109740,Tata Consumers
11-03-2011,96.1,105.8,95.2,101.3,9568830,Tata Consumers
14-03-2011,102.6,104.2,100.7,102.1,4331609,Tata Consumers
15-03-2011,99.7,102.5,95.6,98.5,4231545,Tata Consumers
16-03-2011,99,101.5,98.7,99.1,1567627,Tata Consumers
17-03-2011,98,100.2,96.6,97.3,1134598,Tata Consumers
18-03-2011,98.2,100.4,96.2,97.6,2030038,Tata Consumers
21-03-2011,98.7,99.9,97.5,98.3,1512956,Tata Consumers
22-03-2011,98.3,99.7,97.5,97.9,1111602,Tata Consumers
23-03-2011,98.1,98.9,97.2,97.7,603536,Tata Consumers
24-03-2011,98,99.9,98,99.3,1751455,Tata Consumers
25-03-2011,99.7,101,97.9,98.2,860340,Tata Consumers
28-03-2011,98.2,99.2,97.6,98.5,440245,Tata Consumers
29-03-2011,98.5,98.9,95.7,96,1868971,Tata Consumers
30-03-2011,97.5,98,96.6,97.1,1160681,Tata Consumers
31-03-2011,97.5,99,96,97.8,1341150,Tata Consumers
01-04-2011,97.8,101.4,97.7,100.7,1619264,Tata Consumers
04-04-2011,101,102.8,101,101.9,1054078,Tata Consumers
05-04-2011,106.8,106.8,103.2,105.4,2467731,Tata Consumers
06-04-2011,106.8,107.5,104.2,106.7,2449721,Tata Consumers
07-04-2011,107.4,109.5,106.7,108.9,1682298,Tata Consumers
08-04-2011,109.3,110.4,103.3,104.7,1920194,Tata Consumers
11-04-2011,104.7,105,100.5,102.5,644008,Tata Consumers
13-04-2011,101.8,103.9,101.1,103.3,966511,Tata Consumers
15-04-2011,103.5,104.7,102.1,103.3,547540,Tata Consumers
18-04-2011,103.5,104.9,100,100.4,920428,Tata Consumers
19-04-2011,100.5,102.5,100.1,101.5,702620,Tata Consumers
20-04-2011,102,103,101.2,101.8,1089914,Tata Consumers
21-04-2011,101.5,103.6,101.5,103.1,778698,Tata Consumers
25-04-2011,103,104.1,101.9,102.2,394687,Tata Consumers
26-04-2011,102.5,104.8,100.5,104.5,1680945,Tata Consumers
27-04-2011,105.5,105.7,103.2,104,806586,Tata Consumers
28-04-2011,104.8,104.8,102.2,102.6,740728,Tata Consumers
29-04-2011,102.7,103.7,99.5,100.8,406614,Tata Consumers
02-05-2011,101,101.9,99.5,100,373053,Tata Consumers
03-05-2011,100.1,100.7,98.6,99.5,658603,Tata Consumers
04-05-2011,99.8,99.8,96.4,97.9,329969,Tata Consumers
05-05-2011,97.9,98.7,95.4,96.4,530567,Tata Consumers
06-05-2011,97.9,98.6,96.6,97.6,391145,Tata Consumers
09-05-2011,98.2,99.1,96.6,97.7,319107,Tata Consumers
10-05-2011,98,101.5,97.3,99.8,636338,Tata Consumers
11-05-2011,100.6,101.4,100.1,100.8,544025,Tata Consumers
12-05-2011,100.8,103.3,97.2,98,976743,Tata Consumers
13-05-2011,98,100.3,97.1,99.2,234413,Tata Consumers
16-05-2011,99.2,99.9,97,97.3,210300,Tata Consumers
17-05-2011,97.3,98.3,96,96.4,207063,Tata Consumers
18-05-2011,97.5,98.3,95.9,96.4,223932,Tata Consumers
19-05-2011,97,97.3,95.8,96.2,193726,Tata Consumers
20-05-2011,96.2,97.9,96.2,97.3,391739,Tata Consumers
23-05-2011,97.5,97.5,95.1,95.5,169762,Tata Consumers
24-05-2011,96.2,96.7,91.5,92.2,1126516,Tata Consumers
25-05-2011,92.2,92.3,86.8,88.2,2432836,Tata Consumers
26-05-2011,88.5,89.8,85.1,85.8,1427562,Tata Consumers
27-05-2011,85.8,88.6,85.8,88.2,428191,Tata Consumers
30-05-2011,88.6,89.6,86.4,86.9,769973,Tata Consumers
31-05-2011,87.8,88.2,86.4,87.4,1649143,Tata Consumers
01-06-2011,88,92.2,87.5,91.6,2000205,Tata Consumers
02-06-2011,91.6,96.3,90,94,3317304,Tata Consumers
03-06-2011,94,97,93.2,93.6,1195286,Tata Consumers
06-06-2011,92.3,97,92.1,93.2,337230,Tata Consumers
07-06-2011,94,95.2,93,94.2,503353,Tata Consumers
08-06-2011,95.8,99.4,95.3,98.2,5219442,Tata Consumers
09-06-2011,98.8,99,96.2,96.7,1186411,Tata Consumers
10-06-2011,96.9,97.9,95.1,95.9,616793,Tata Consumers
13-06-2011,96,100.4,95,99.9,3147174,Tata Consumers
14-06-2011,100.9,101.5,99.4,100.1,1405134,Tata Consumers
15-06-2011,100,101,98.3,98.7,735010,Tata Consumers
16-06-2011,97.9,98.6,96.6,97,590293,Tata Consumers
17-06-2011,97.1,99.4,93.2,98.6,1385206,Tata Consumers
20-06-2011,98.7,98.8,90.6,93.4,1271268,Tata Consumers
21-06-2011,94.5,95.3,91.8,92.4,634845,Tata Consumers
22-06-2011,93.7,93.7,89.8,90.3,658517,Tata Consumers
23-06-2011,90.3,92.6,89.2,90.6,1564718,Tata Consumers
24-06-2011,91.5,93,91.3,91.8,975813,Tata Consumers
27-06-2011,91.1,94,91,92.1,1261290,Tata Consumers
28-06-2011,93,93.1,91.3,92.7,1310771,Tata Consumers
29-06-2011,93.7,94.9,92.7,93.1,1245523,Tata Consumers
30-06-2011,93.4,97,92.2,96.6,2423639,Tata Consumers
01-07-2011,98,99.3,95.8,97.8,2340652,Tata Consumers
04-07-2011,98.8,106.1,97.9,104.4,6965551,Tata Consumers
05-07-2011,105.7,107.7,102.3,103,3742291,Tata Consumers
06-07-2011,103.3,105,102.8,103.2,1532011,Tata Consumers
07-07-2011,104,105.9,102.9,105,1576231,Tata Consumers
08-07-2011,104.8,105.7,98.4,100,1037626,Tata Consumers
11-07-2011,100.1,102.5,99.5,101.5,893861,Tata Consumers
12-07-2011,105,108,98.3,100.4,1059512,Tata Consumers
13-07-2011,101,102.5,100.7,101.7,649474,Tata Consumers
14-07-2011,100.5,104,100.1,102.6,788661,Tata Consumers
15-07-2011,103.4,103.5,100.1,100.9,819412,Tata Consumers
18-07-2011,101,104.2,100.4,103.2,1182349,Tata Consumers
19-07-2011,103.2,104,102.4,102.8,574825,Tata Consumers
20-07-2011,103,103.8,100.7,101,568842,Tata Consumers
21-07-2011,101,102.3,98.3,99.3,756565,Tata Consumers
22-07-2011,100.3,103.2,100.1,102.8,1255645,Tata Consumers
25-07-2011,103.5,106.8,102.3,105.4,2274829,Tata Consumers
26-07-2011,105.9,108.7,104.5,105,2805411,Tata Consumers
27-07-2011,105.9,109.1,104.1,108.6,3412909,Tata Consumers
28-07-2011,107.1,108.8,102.1,108,1866076,Tata Consumers
29-07-2011,107.8,108.8,105.5,106.6,1415275,Tata Consumers
01-08-2011,108.2,109,106.5,107,618007,Tata Consumers
02-08-2011,105.6,107,103.7,104.6,491903,Tata Consumers
03-08-2011,103.7,108.3,102.6,107.7,1327004,Tata Consumers
04-08-2011,108.4,115.4,108.1,111,9505355,Tata Consumers
05-08-2011,108.1,108.5,102.1,106.4,3814732,Tata Consumers
08-08-2011,103,108.9,101.2,106.3,2168843,Tata Consumers
09-08-2011,102.5,108,101,102.8,3024432,Tata Consumers
10-08-2011,104.8,109.6,101.2,106.7,5475703,Tata Consumers
11-08-2011,106,106.5,101.9,103,3406154,Tata Consumers
12-08-2011,103.7,104.8,101.7,102.3,1822217,Tata Consumers
16-08-2011,103.8,104,97.3,98.5,1760296,Tata Consumers
17-08-2011,98.1,98.8,94.3,95.4,1847715,Tata Consumers
19-08-2011,86.1,88.9,85.7,87.6,2292742,Tata Consumers
22-08-2011,88.8,91.7,87.8,90.6,1767264,Tata Consumers
23-08-2011,92,93,90.8,92.1,1293713,Tata Consumers
24-08-2011,92.8,93.7,90.5,91.2,1598937,Tata Consumers
25-08-2011,91.9,94.5,89.1,92.2,3394184,Tata Consumers
26-08-2011,93.3,93.5,88.7,89.4,1663279,Tata Consumers
29-08-2011,91,93.9,90.1,93.4,1514076,Tata Consumers
30-08-2011,95,95.5,92.9,93.6,1492329,Tata Consumers
02-09-2011,94.3,94.8,91.9,92.7,1072859,Tata Consumers
05-09-2011,92.3,93.7,91.2,91.6,1131363,Tata Consumers
06-09-2011,91.1,95,91.1,94.2,1814731,Tata Consumers
07-09-2011,95,95.9,94.1,94.4,1094307,Tata Consumers
08-09-2011,94.7,96,94.2,94.6,889411,Tata Consumers
09-09-2011,95,96.9,92.8,93.3,1774124,Tata Consumers
12-09-2011,92,92.5,90.3,91.1,759717,Tata Consumers
13-09-2011,91.9,94,90,91.2,1145348,Tata Consumers
14-09-2011,91.3,92.5,90.3,92,509414,Tata Consumers
15-09-2011,92.5,93.4,92,92.6,465889,Tata Consumers
16-09-2011,93.2,93.5,90.1,90.6,2248059,Tata Consumers
19-09-2011,90.1,91.9,90.1,90.7,507629,Tata Consumers
20-09-2011,90.7,92.7,90.7,92.2,564581,Tata Consumers
21-09-2011,91.6,93.2,91.6,92.8,1010991,Tata Consumers
22-09-2011,91.5,91.7,85.6,86.2,1597785,Tata Consumers
23-09-2011,84.8,88,83.1,87.1,1832341,Tata Consumers
26-09-2011,87,87.8,84.5,86.7,884536,Tata Consumers
27-09-2011,87.7,89,87.1,88.6,644053,Tata Consumers
28-09-2011,89.2,89.2,85.8,86.5,1016187,Tata Consumers
29-09-2011,86.7,87.4,85.3,85.7,2053322,Tata Consumers
30-09-2011,84.9,87,84.9,85.8,841081,Tata Consumers
03-10-2011,85.5,85.5,83.6,84,659545,Tata Consumers
04-10-2011,84.4,84.9,82.4,82.9,711092,Tata Consumers
05-10-2011,83.5,83.7,80.5,81.1,585464,Tata Consumers
07-10-2011,82.6,83.5,82.1,82.6,845994,Tata Consumers
10-10-2011,83.2,86.5,83,85.7,1401068,Tata Consumers
11-10-2011,86.2,88.8,86.1,86.7,1353794,Tata Consumers
12-10-2011,86,89.2,86,88.1,1418981,Tata Consumers
13-10-2011,88.3,89.3,86.5,86.8,1335870,Tata Consumers
14-10-2011,86.5,88.4,86.1,87.9,529855,Tata Consumers
17-10-2011,88.2,90.9,87.4,90.3,1388807,Tata Consumers
18-10-2011,90,90,86.8,87.6,813333,Tata Consumers
19-10-2011,88.7,89.1,85.6,87.6,910465,Tata Consumers
20-10-2011,87,87.5,85,85.3,1742297,Tata Consumers
21-10-2011,85.5,86.4,84.4,84.7,927470,Tata Consumers
24-10-2011,86,86.8,84.8,85.2,725045,Tata Consumers
25-10-2011,85.6,87.4,84.7,86.9,928512,Tata Consumers
26-10-2011,87,88.1,87,87.9,257402,Tata Consumers
28-10-2011,89,91,89,89.8,1990456,Tata Consumers
31-10-2011,91.3,93.1,91.3,92.6,2221268,Tata Consumers
01-11-2011,91.8,93.4,90.9,91.7,1053931,Tata Consumers
02-11-2011,91,92.6,90.6,91.2,843703,Tata Consumers
03-11-2011,91.1,91.8,89.8,90.7,779242,Tata Consumers
04-11-2011,91.6,92.1,90.7,91,628106,Tata Consumers
08-11-2011,91.1,91.7,90.5,90.8,331397,Tata Consumers
09-11-2011,91.4,91.4,88.6,89.2,532674,Tata Consumers
11-11-2011,89.4,89.5,87.1,88.3,846088,Tata Consumers
14-11-2011,89.2,89.5,86.9,87.7,745440,Tata Consumers
15-11-2011,87.2,87.7,85.4,85.8,780713,Tata Consumers
16-11-2011,85.9,86.1,83.3,83.7,867491,Tata Consumers
17-11-2011,84,85.5,81.2,82.5,1062728,Tata Consumers
18-11-2011,82.2,83.8,81.2,82.6,542006,Tata Consumers
21-11-2011,82.5,83.9,81,82,518836,Tata Consumers
22-11-2011,82.1,83.5,81.6,82.7,540870,Tata Consumers
23-11-2011,82.6,82.8,80.3,81,1088448,Tata Consumers
24-11-2011,81.1,83.4,80,82.4,1288429,Tata Consumers
25-11-2011,82.4,83,81.1,81.6,1090160,Tata Consumers
28-11-2011,82.3,84.3,82.3,83.8,657439,Tata Consumers
29-11-2011,84,86.4,82.9,84.1,1560875,Tata Consumers
30-11-2011,84,85.2,81.3,84,2480580,Tata Consumers
01-12-2011,85.6,88.7,84.6,88.3,1160486,Tata Consumers
02-12-2011,88.6,92.7,88,91.8,1563193,Tata Consumers
05-12-2011,91.7,92.8,90,90.6,415300,Tata Consumers
07-12-2011,91,91.6,89.7,90.9,473563,Tata Consumers
08-12-2011,90.9,91.2,88.3,89.8,640464,Tata Consumers
09-12-2011,88.8,90.3,87.8,89.7,357702,Tata Consumers
12-12-2011,90.2,90.6,87,87.6,294423,Tata Consumers
13-12-2011,86.4,89.6,86,88.8,397070,Tata Consumers
14-12-2011,88.4,90.6,86.5,87.5,414887,Tata Consumers
15-12-2011,86.5,90.4,85.9,89.8,865847,Tata Consumers
16-12-2011,89.8,91.2,85,86.4,1195277,Tata Consumers
19-12-2011,86.1,86.1,83.8,84.5,574963,Tata Consumers
20-12-2011,85.2,87.2,84.5,85.1,439611,Tata Consumers
21-12-2011,87,87.9,85.5,86.4,300885,Tata Consumers
22-12-2011,86,90.3,85.8,89.9,737871,Tata Consumers
23-12-2011,90.9,91.5,88.3,88.7,559644,Tata Consumers
26-12-2011,89,89.7,87.9,88.7,252790,Tata Consumers
27-12-2011,89.1,89.6,87.5,88,290800,Tata Consumers
28-12-2011,88,89.5,86.9,87.5,460774,Tata Consumers
29-12-2011,86.9,90.8,86.7,90.1,1168213,Tata Consumers
30-12-2011,91,91.7,89.6,90.1,687835,Tata Consumers
02-01-2012,91,91.9,89.1,91,694783,Tata Consumers
03-01-2012,91.8,94.8,91.6,94.6,1175311,Tata Consumers
04-01-2012,95,97,94.3,95.4,1653611,Tata Consumers
05-01-2012,95,95.4,92.5,93.1,847775,Tata Consumers
06-01-2012,92.5,94.7,91.4,93.5,733883,Tata Consumers
09-01-2012,94,95,92.5,93.1,649944,Tata Consumers
10-01-2012,93.3,94.8,92.8,94,808847,Tata Consumers
11-01-2012,94.7,95.4,92.5,92.9,651931,Tata Consumers
12-01-2012,93,94.6,92.5,92.9,569114,Tata Consumers
13-01-2012,93.9,96.5,92.9,94.2,2114712,Tata Consumers
16-01-2012,86,99.2,86,98.5,2862414,Tata Consumers
17-01-2012,100,100.8,96.5,97.2,3182287,Tata Consumers
18-01-2012,97,97.5,92.2,93,1422930,Tata Consumers
19-01-2012,94.8,96.1,93.4,93.9,1520629,Tata Consumers
20-01-2012,94.6,96.2,91.5,92.7,1488319,Tata Consumers
23-01-2012,93,93.9,91.2,92.1,1047711,Tata Consumers
24-01-2012,92.2,94.1,92.2,93.3,1178358,Tata Consumers
25-01-2012,93.5,96.2,91.8,95.3,4269611,Tata Consumers
27-01-2012,95,99,94,97.1,2904708,Tata Consumers
30-01-2012,98,100.2,96.6,97.9,3746496,Tata Consumers
31-01-2012,102,108.9,100.8,107.8,17917624,Tata Consumers
01-02-2012,116,116,108,109.2,10809985,Tata Consumers
02-02-2012,110.2,113.4,107.4,110,7218657,Tata Consumers
03-02-2012,110,120.5,108.2,119.8,9568283,Tata Consumers
06-02-2012,120,122.3,114.2,116.1,7170401,Tata Consumers
07-02-2012,116.2,117.5,112,113.4,6305206,Tata Consumers
08-02-2012,113,119,113,117.8,6717339,Tata Consumers
09-02-2012,117.5,126.4,117,123.1,11787258,Tata Consumers
10-02-2012,123.1,124.8,117.8,119,5100633,Tata Consumers
13-02-2012,119.7,123.5,116.1,121.5,4462353,Tata Consumers
14-02-2012,121.4,122.8,119.5,120.8,2141133,Tata Consumers
15-02-2012,121.5,122.6,119.4,121,2467621,Tata Consumers
16-02-2012,120.5,123.6,117.3,120.9,3063855,Tata Consumers
17-02-2012,121.5,122.9,118.2,119.2,1751459,Tata Consumers
21-02-2012,120,123,119.3,120.8,2567921,Tata Consumers
22-02-2012,121.9,122.1,114.5,117.2,3550314,Tata Consumers
23-02-2012,117,122.8,116.1,120,6664371,Tata Consumers
24-02-2012,121,121.9,118.5,120,2583514,Tata Consumers
27-02-2012,119,120.2,112,113.1,1524588,Tata Consumers
28-02-2012,113.8,122.3,113.8,120.7,3650262,Tata Consumers
29-02-2012,122.2,128.8,121.9,125.6,6964341,Tata Consumers
01-03-2012,126,126.5,120.5,123.4,2169528,Tata Consumers
02-03-2012,124.3,124.3,119.9,120.6,1933023,Tata Consumers
05-03-2012,120.1,120.1,115,116,1627562,Tata Consumers
06-03-2012,115.2,120,113.3,113.8,2354718,Tata Consumers
07-03-2012,113.8,117.8,112.2,116.1,2513257,Tata Consumers
09-03-2012,117.6,118.9,116.8,118.2,1294468,Tata Consumers
12-03-2012,119,120,116.3,116.8,1064909,Tata Consumers
13-03-2012,117.5,119.8,117.1,118.1,1985125,Tata Consumers
14-03-2012,119.2,123.3,118.6,120.4,3780295,Tata Consumers
15-03-2012,121,121.2,115.4,116,1913587,Tata Consumers
16-03-2012,116.3,116.7,112.3,113,3007235,Tata Consumers
19-03-2012,113.9,115.2,108.1,109.7,1932912,Tata Consumers
20-03-2012,109,113.9,109,113.1,1510160,Tata Consumers
21-03-2012,113.6,115.8,112.9,114.7,1762594,Tata Consumers
22-03-2012,124,124,108.5,111,3284714,Tata Consumers
23-03-2012,115,115,109.8,112.7,1621699,Tata Consumers
26-03-2012,113.5,113.5,108.8,109.2,1876141,Tata Consumers
27-03-2012,110.1,111.6,108.1,110.1,1430659,Tata Consumers
28-03-2012,111,112,109.3,109.9,1258009,Tata Consumers
29-03-2012,109,110.6,106.3,108.3,3130838,Tata Consumers
30-03-2012,108.6,112.9,108.5,112.4,1601856,Tata Consumers
02-04-2012,112.5,116,111.3,115.4,1384543,Tata Consumers
03-04-2012,116.4,120.3,116.4,119,3673526,Tata Consumers
04-04-2012,120,120.2,117.2,117.7,1432817,Tata Consumers
09-04-2012,116.9,118.8,116.1,117,1352343,Tata Consumers
10-04-2012,117.5,118.5,112.5,117.4,1505824,Tata Consumers
11-04-2012,115.5,121,115.5,118.3,3346924,Tata Consumers
12-04-2012,119.1,122.3,118.1,121.2,2189471,Tata Consumers
13-04-2012,121.4,122.5,116.2,116.8,2171860,Tata Consumers
16-04-2012,117.7,119.2,116.2,118.5,699597,Tata Consumers
17-04-2012,118.6,119.8,117.2,119,1065048,Tata Consumers
18-04-2012,119.3,120.9,117.7,119.2,2490749,Tata Consumers
19-04-2012,119.9,124.8,118.5,124,4841334,Tata Consumers
20-04-2012,126,126,120.3,121.7,3365943,Tata Consumers
23-04-2012,123.7,123.7,116.9,117.4,2467260,Tata Consumers
24-04-2012,117.6,119.4,116.4,118.5,1144299,Tata Consumers
25-04-2012,118.7,119.4,115.3,116.7,1043981,Tata Consumers
26-04-2012,117.1,117.7,114.6,115.5,2275505,Tata Consumers
27-04-2012,115.7,117.7,114.5,115.7,773334,Tata Consumers
30-04-2012,119,119,116.3,116.9,1021693,Tata Consumers
02-05-2012,117.1,120.7,116.5,119.4,2329678,Tata Consumers
03-05-2012,119.7,120.5,117,117.5,1334337,Tata Consumers
04-05-2012,117.8,118.7,113.4,114.4,1259029,Tata Consumers
07-05-2012,117.8,117.8,108,116.2,812441,Tata Consumers
08-05-2012,116.4,117.2,111.8,112.9,663646,Tata Consumers
09-05-2012,112.1,114.4,109.8,110.5,946118,Tata Consumers
10-05-2012,111.1,113.3,110.9,112.5,1189412,Tata Consumers
11-05-2012,112.1,112.3,106.4,108.5,1402452,Tata Consumers
14-05-2012,108,109.2,101.6,103.1,1653547,Tata Consumers
15-05-2012,103,106.4,100.5,104.9,1356022,Tata Consumers
16-05-2012,103.7,108.9,102.2,107.9,1790142,Tata Consumers
17-05-2012,109,110.2,106.1,107.4,2015162,Tata Consumers
18-05-2012,105.8,107,104.6,105.6,944570,Tata Consumers
21-05-2012,106.1,108.1,105.6,106.8,837940,Tata Consumers
22-05-2012,107.7,108.5,104.7,107,902856,Tata Consumers
23-05-2012,107.3,109.8,102.5,107.9,3216009,Tata Consumers
24-05-2012,108.5,111.2,106.7,109.6,1544381,Tata Consumers
25-05-2012,109.5,109.5,107.4,108,992439,Tata Consumers
28-05-2012,107.5,111.9,107.5,111.1,760535,Tata Consumers
29-05-2012,112,113.2,109.5,110,947315,Tata Consumers
30-05-2012,110,110.5,107.1,107.6,507762,Tata Consumers
31-05-2012,107.6,109.3,106.4,107.6,1024425,Tata Consumers
01-06-2012,108.1,109.3,104.8,105.7,1100400,Tata Consumers
04-06-2012,104.1,105,102.4,104.6,1164412,Tata Consumers
05-06-2012,105.1,107.7,104.6,105.4,1107816,Tata Consumers
06-06-2012,106,108.9,105.8,107.9,1115088,Tata Consumers
07-06-2012,108.8,110,108.1,109.2,1147297,Tata Consumers
08-06-2012,108.2,112.7,107.2,112.1,2116151,Tata Consumers
11-06-2012,113.7,114.3,110.1,110.9,1346356,Tata Consumers
12-06-2012,110.5,113.2,109.6,112.1,717576,Tata Consumers
13-06-2012,110.8,112.8,107.9,108.5,1270402,Tata Consumers
14-06-2012,108.5,109.8,105.5,105.9,946884,Tata Consumers
15-06-2012,107.4,108,105.6,107.7,833731,Tata Consumers
18-06-2012,108.6,109.2,104.4,105.7,1077600,Tata Consumers
19-06-2012,105,106.8,104.2,104.9,1195595,Tata Consumers
20-06-2012,105.1,107.4,104.7,106.3,1347318,Tata Consumers
21-06-2012,106.3,108.3,105.6,107.7,1490853,Tata Consumers
22-06-2012,107.2,109.1,106.8,108.2,1130700,Tata Consumers
25-06-2012,108.6,111.5,108.5,109.5,1688608,Tata Consumers
26-06-2012,110,115.9,109.2,115.2,3537169,Tata Consumers
27-06-2012,116.8,118,115.6,117.2,3777776,Tata Consumers
28-06-2012,117.6,118.8,115.1,115.8,1557877,Tata Consumers
29-06-2012,116.9,118.3,115.6,116,1202974,Tata Consumers
02-07-2012,117,119.5,115.2,118,1424923,Tata Consumers
03-07-2012,118.6,119.9,116.7,119.6,1277595,Tata Consumers
04-07-2012,120.1,120.8,118,118.8,1440238,Tata Consumers
05-07-2012,118.9,120.1,118.3,119.5,841326,Tata Consumers
06-07-2012,118.1,119.5,117.5,117.8,914595,Tata Consumers
09-07-2012,115,117.9,113.7,114.2,1421548,Tata Consumers
10-07-2012,110,116.2,110,115.7,1060814,Tata Consumers
11-07-2012,114.7,117.5,114.7,116.5,2031355,Tata Consumers
12-07-2012,111.3,117.4,111.3,115.4,1803322,Tata Consumers
13-07-2012,111.6,116.5,111.6,114.2,631539,Tata Consumers
16-07-2012,113.8,115.4,113.3,114.5,907506,Tata Consumers
17-07-2012,114,116.9,114,116.4,1559903,Tata Consumers
18-07-2012,116,120,114.6,119.1,1921543,Tata Consumers
19-07-2012,119,122.4,119,121.4,2092817,Tata Consumers
20-07-2012,122.1,122.6,118.2,118.8,1990761,Tata Consumers
23-07-2012,118,119.4,115,115.7,871954,Tata Consumers
24-07-2012,115,124.2,115,123.4,4358964,Tata Consumers
25-07-2012,123,125,119,120.8,2974617,Tata Consumers
26-07-2012,120,123.3,119.3,120.1,2495002,Tata Consumers
27-07-2012,120,124,119.8,120.7,2010264,Tata Consumers
30-07-2012,121,123.4,119.2,122.7,1301962,Tata Consumers
31-07-2012,120,128,120,127,3491456,Tata Consumers
01-08-2012,126.7,129.3,126.2,127.1,1645936,Tata Consumers
02-08-2012,126,130.9,126,130.1,3704533,Tata Consumers
03-08-2012,129.5,132.3,129.1,131.2,2754756,Tata Consumers
06-08-2012,132.1,132.6,129.4,130,1166050,Tata Consumers
07-08-2012,129,130.9,128.2,129.9,1648078,Tata Consumers
08-08-2012,129,132.5,128.7,130.1,1507756,Tata Consumers
09-08-2012,129.4,133.3,128,131.3,2732118,Tata Consumers
10-08-2012,130.9,134.2,130.5,132.9,2352342,Tata Consumers
13-08-2012,133,136.7,133,135.2,3514187,Tata Consumers
14-08-2012,136,136.3,133,133.9,1906984,Tata Consumers
16-08-2012,134.1,136.2,133.6,133.9,1703869,Tata Consumers
17-08-2012,134,137.8,133.7,134.7,2944589,Tata Consumers
21-08-2012,135.5,135.9,132.2,132.9,1498330,Tata Consumers
22-08-2012,132.6,135.2,131.3,131.8,1621306,Tata Consumers
23-08-2012,132.3,133.6,130.5,131,2030186,Tata Consumers
24-08-2012,132,132,127.7,128.9,1520284,Tata Consumers
27-08-2012,129.4,132.3,128.2,128.5,1596773,Tata Consumers
28-08-2012,130,130,126.6,127.9,2256686,Tata Consumers
29-08-2012,128.2,128.9,125,125.2,1428400,Tata Consumers
30-08-2012,124.1,130.9,124,130.3,2511083,Tata Consumers
31-08-2012,130.3,132,129.2,129.8,1238269,Tata Consumers
03-09-2012,131.4,132.9,130,130.4,1334353,Tata Consumers
04-09-2012,131.1,132.5,130,131.6,2015686,Tata Consumers
05-09-2012,131.6,134.9,131,133.7,2265877,Tata Consumers
06-09-2012,135,136.4,133.8,135.6,3011491,Tata Consumers
07-09-2012,137.9,138.1,136.1,136.6,1773324,Tata Consumers
10-09-2012,137.9,137.9,135,135.4,1367931,Tata Consumers
11-09-2012,132,137,132,134.8,1275189,Tata Consumers
12-09-2012,135.6,136,133.7,134.4,894277,Tata Consumers
13-09-2012,134.4,135.7,132.5,133.9,2158447,Tata Consumers
14-09-2012,133.8,135.8,132.1,133.7,1560857,Tata Consumers
17-09-2012,135,136.3,128.1,128.5,2437711,Tata Consumers
18-09-2012,128,131.3,127.7,129.8,2354285,Tata Consumers
20-09-2012,129.5,130,127.1,127.4,1220738,Tata Consumers
21-09-2012,127.9,131.9,127.9,131.1,1323240,Tata Consumers
24-09-2012,131.1,132.3,128.4,128.8,865801,Tata Consumers
25-09-2012,129.5,131.1,128.5,128.9,1457469,Tata Consumers
26-09-2012,130,133.4,129,130.6,1433480,Tata Consumers
27-09-2012,131.8,132.6,130,131.7,1001599,Tata Consumers
28-09-2012,133,144.2,132.1,142.9,8868992,Tata Consumers
01-10-2012,143.8,147.3,142.9,145.7,6368524,Tata Consumers
03-10-2012,148.9,156.5,146.3,155.4,9645143,Tata Consumers
04-10-2012,155.6,156.5,150.6,151.9,4789280,Tata Consumers
05-10-2012,153.7,154.3,147.1,150.2,3319802,Tata Consumers
08-10-2012,150.3,157.9,150.2,155.6,7208920,Tata Consumers
09-10-2012,155.6,157.9,151.8,153.4,2947656,Tata Consumers
10-10-2012,154.8,157.4,152.3,156.2,4721884,Tata Consumers
11-10-2012,156.2,161.2,156,160.1,8658347,Tata Consumers
12-10-2012,160.1,163.5,160,161.3,2721618,Tata Consumers
15-10-2012,161.9,161.9,158.5,160,3043585,Tata Consumers
16-10-2012,160.5,164.4,159.5,161.3,3516939,Tata Consumers
17-10-2012,162.5,165,160.6,162.5,2690095,Tata Consumers
18-10-2012,163,164.5,161,162.1,1917975,Tata Consumers
19-10-2012,162.8,163.8,156.8,158,2079479,Tata Consumers
22-10-2012,156,161.9,156,159.6,2532870,Tata Consumers
23-10-2012,160.1,161,156.6,157,1381693,Tata Consumers
25-10-2012,157,158.2,152.1,154.9,2856121,Tata Consumers
26-10-2012,155.9,156.9,151,151.4,1997116,Tata Consumers
29-10-2012,154.2,154.2,147.2,148,2533641,Tata Consumers
30-10-2012,150,153.2,148,150.7,2265966,Tata Consumers
31-10-2012,152.4,152.6,148.8,150.2,2088725,Tata Consumers
01-11-2012,151.9,161.3,151.4,159.8,9321042,Tata Consumers
02-11-2012,160.5,161.9,157.6,158.3,2650292,Tata Consumers
05-11-2012,158.7,160.9,157.7,158.7,2593949,Tata Consumers
06-11-2012,159,160.2,157.4,157.9,1224178,Tata Consumers
07-11-2012,159,162.4,158.2,159.6,4066517,Tata Consumers
08-11-2012,158.5,167.9,157.9,167.4,6884754,Tata Consumers
09-11-2012,168.6,171.5,166.5,168.9,3242540,Tata Consumers
12-11-2012,168.9,171.2,168.2,168.8,1731275,Tata Consumers
13-11-2012,170,172.4,168.5,171.5,1426984,Tata Consumers
15-11-2012,171.7,181.5,170,178.9,8682652,Tata Consumers
16-11-2012,180,181.4,172.5,173.4,4742850,Tata Consumers
19-11-2012,174,174,162.5,164.2,6071387,Tata Consumers
20-11-2012,165,166.4,156.1,159,4152208,Tata Consumers
21-11-2012,160,164.3,157.2,160.9,5161857,Tata Consumers
22-11-2012,161,163.6,158.2,160,2824334,Tata Consumers
23-11-2012,160.9,164.4,160.2,163.4,3658856,Tata Consumers
26-11-2012,164.7,166.6,162.3,163.4,3080275,Tata Consumers
27-11-2012,166.5,166.5,162.1,163.1,3126602,Tata Consumers
29-11-2012,163.5,166,162.1,162.6,3999480,Tata Consumers
30-11-2012,163.2,168.5,163,166,3996804,Tata Consumers
03-12-2012,166.8,169.8,165.4,168.6,3160525,Tata Consumers
04-12-2012,168.4,169.5,165.2,166.3,1869928,Tata Consumers
05-12-2012,166.5,168.3,165.1,165.6,2272058,Tata Consumers
06-12-2012,167,167,164,165.8,1949278,Tata Consumers
07-12-2012,168.4,172.2,165.9,169.9,6204240,Tata Consumers
10-12-2012,171.4,173.7,170.5,172.9,4194870,Tata Consumers
11-12-2012,173,174.3,166.6,169.8,2509708,Tata Consumers
12-12-2012,170,172.8,167.8,172.1,1988850,Tata Consumers
13-12-2012,173.5,174.3,167.6,168.1,2915524,Tata Consumers
14-12-2012,168.2,169.7,166.6,168.8,1145592,Tata Consumers
17-12-2012,168.9,169.6,165.3,165.7,1487624,Tata Consumers
18-12-2012,167,167,163.5,165.2,2129858,Tata Consumers
19-12-2012,166.4,167.5,164.4,165.2,1973831,Tata Consumers
20-12-2012,165,165.4,162.3,163,1960923,Tata Consumers
21-12-2012,163,165.5,160.3,160.9,2415570,Tata Consumers
24-12-2012,161.7,162.6,160,160.7,1922825,Tata Consumers
26-12-2012,161.8,162.5,159.8,160.2,1645334,Tata Consumers
27-12-2012,160.4,162.5,159,159.7,5550194,Tata Consumers
28-12-2012,160.3,162.5,159.8,160.5,3540354,Tata Consumers
31-12-2012,160.5,161.8,159.6,160,1579057,Tata Consumers
01-01-2013,160.6,162.5,160.3,160.8,3237577,Tata Consumers
02-01-2013,161.5,167.3,161.3,166.7,7201391,Tata Consumers
03-01-2013,167.3,168.9,165.2,165.9,4841015,Tata Consumers
04-01-2013,166,166.4,163.2,164.2,1901621,Tata Consumers
07-01-2013,165,166.3,162,162.8,2340504,Tata Consumers
08-01-2013,163.4,165.2,162.5,163.8,3429376,Tata Consumers
09-01-2013,164.6,164.6,161.5,162.5,2427569,Tata Consumers
10-01-2013,162.8,163.7,160.4,161,1844488,Tata Consumers
11-01-2013,161.4,161.8,157.8,158.7,1919016,Tata Consumers
14-01-2013,159.1,159.9,155.7,159.5,2881113,Tata Consumers
15-01-2013,167,167,157.7,158.6,2480513,Tata Consumers
16-01-2013,158.6,160.1,155.7,156.5,2338646,Tata Consumers
17-01-2013,157,158.5,154.5,155,2079725,Tata Consumers
18-01-2013,155,156.9,152.4,153,1658186,Tata Consumers
21-01-2013,153,155.4,152.3,154,1572447,Tata Consumers
22-01-2013,154.4,156.1,150.6,151.9,2136770,Tata Consumers
23-01-2013,153.5,153.5,147.6,149,2379204,Tata Consumers
24-01-2013,149.4,150.3,143.6,145.5,2604987,Tata Consumers
25-01-2013,147,160,145,148,2744215,Tata Consumers
28-01-2013,148.7,150.9,145.1,147.7,1458221,Tata Consumers
29-01-2013,148,149.8,146.5,147.8,1843799,Tata Consumers
30-01-2013,148,149.4,143.2,143.9,2144014,Tata Consumers
31-01-2013,143.5,151.2,142.6,149.4,6700011,Tata Consumers
01-02-2013,151.5,152,145.4,146.8,3680233,Tata Consumers
04-02-2013,146.2,148.3,144.6,145.2,1415455,Tata Consumers
05-02-2013,145,145,139.5,141.5,2825282,Tata Consumers
06-02-2013,142,144.3,141.2,142.3,2986704,Tata Consumers
07-02-2013,142.3,148,142,144.9,3760231,Tata Consumers
08-02-2013,144.9,145.6,141.8,142.5,1408440,Tata Consumers
11-02-2013,143,143.8,140.5,140.8,1831532,Tata Consumers
12-02-2013,141,142.9,140.2,142.1,2145899,Tata Consumers
13-02-2013,142.5,144.8,141.1,141.6,1806217,Tata Consumers
14-02-2013,141.5,141.8,136.8,139.1,2418731,Tata Consumers
15-02-2013,138.3,142.3,137.8,141.1,2341701,Tata Consumers
18-02-2013,143.9,144.5,141.4,141.9,3031011,Tata Consumers
19-02-2013,142,146.8,142,146.4,2816601,Tata Consumers
20-02-2013,148,148.9,144.5,145.1,6359736,Tata Consumers
21-02-2013,143.8,143.8,137.4,138,4308771,Tata Consumers
22-02-2013,138.7,140.4,137.2,138.2,3963491,Tata Consumers
25-02-2013,139.4,139.4,132.2,133.4,3454472,Tata Consumers
26-02-2013,132,135,131.3,131.9,3431214,Tata Consumers
27-02-2013,132.9,134.1,130.3,132.2,2832343,Tata Consumers
28-02-2013,133.5,134.2,122.7,125.2,6711317,Tata Consumers
01-03-2013,126.7,129.4,126,128,3851148,Tata Consumers
04-03-2013,127.5,128.4,121.6,126.6,1957560,Tata Consumers
05-03-2013,127.4,132.4,127,132.1,3076756,Tata Consumers
06-03-2013,133,133.5,129.5,130.1,3317696,Tata Consumers
07-03-2013,130,132.7,130,131.7,2054577,Tata Consumers
08-03-2013,132.1,135,131.2,134.1,3047021,Tata Consumers
11-03-2013,134.4,135.4,132.1,132.8,1502207,Tata Consumers
12-03-2013,133.9,134.7,130.8,133.2,1986559,Tata Consumers
13-03-2013,132.5,134.7,131.5,133.5,2208924,Tata Consumers
14-03-2013,133.9,135.8,131.1,134.4,2600375,Tata Consumers
15-03-2013,134.4,136.6,132.5,133.4,2951545,Tata Consumers
18-03-2013,133,133,130.7,131.1,1395102,Tata Consumers
19-03-2013,131.1,132.2,127,130.2,3195668,Tata Consumers
20-03-2013,129.1,130.4,127,128.4,2640664,Tata Consumers
21-03-2013,128.6,128.6,123.5,124.6,2807473,Tata Consumers
22-03-2013,125,127.5,122.6,125.9,1442967,Tata Consumers
25-03-2013,127.3,129.3,122.8,123.6,3225051,Tata Consumers
26-03-2013,123.1,125.1,122,123.5,1828953,Tata Consumers
28-03-2013,124.1,129,122,127.9,2963777,Tata Consumers
01-04-2013,128.5,132.3,127.9,131.5,1832628,Tata Consumers
02-04-2013,131,134.7,130.9,134.2,1694920,Tata Consumers
03-04-2013,134.9,135.3,130.1,130.7,1515245,Tata Consumers
04-04-2013,129,130.5,126.8,127.4,1300935,Tata Consumers
05-04-2013,126,129,126,128.2,1052127,Tata Consumers
08-04-2013,127.1,134.3,127.1,132.8,2437204,Tata Consumers
09-04-2013,133.5,135,129.7,130.2,1762110,Tata Consumers
10-04-2013,130.9,131.8,128.5,131,1396238,Tata Consumers
11-04-2013,131.7,132.9,130.2,131.4,1396745,Tata Consumers
12-04-2013,130.2,132.9,130,131.8,1127803,Tata Consumers
15-04-2013,131.1,133.7,131.1,132.3,1391803,Tata Consumers
16-04-2013,131.5,135.2,131.5,133.7,2050330,Tata Consumers
17-04-2013,134.2,137.8,132.6,137.1,4670998,Tata Consumers
18-04-2013,137.8,139.3,136.5,138.8,2924016,Tata Consumers
22-04-2013,139,141.2,137,140.6,2041646,Tata Consumers
23-04-2013,141.3,141.3,136.7,138.4,998966,Tata Consumers
25-04-2013,138.4,139.5,135.5,136.1,2035505,Tata Consumers
26-04-2013,136.4,141,136.1,140.4,2279744,Tata Consumers
29-04-2013,141,144.7,140.9,144.3,3641202,Tata Consumers
30-04-2013,145,148,142.7,147.3,3713627,Tata Consumers
02-05-2013,146.8,149.9,145.9,149,3400457,Tata Consumers
03-05-2013,149.8,149.8,146.2,147.4,2503514,Tata Consumers
06-05-2013,147.6,149.8,146,147.6,1885775,Tata Consumers
07-05-2013,147.8,149.6,147,149.1,1337524,Tata Consumers
08-05-2013,149,151.8,149,151,1717318,Tata Consumers
09-05-2013,151.8,153.4,147.2,148.1,3362377,Tata Consumers
10-05-2013,148.1,149.2,145.1,146.2,1749193,Tata Consumers
13-05-2013,147.1,149.1,145.7,146.5,1966719,Tata Consumers
14-05-2013,146,146.5,139.6,141,2111690,Tata Consumers
15-05-2013,141.5,148.1,141.5,147.3,3704692,Tata Consumers
16-05-2013,146.5,148.4,142.8,143.3,1838806,Tata Consumers
17-05-2013,143.5,147.8,143.1,146.6,2294608,Tata Consumers
20-05-2013,146,147.9,143.3,144.1,1408332,Tata Consumers
21-05-2013,144.8,146.1,142,144.4,1245564,Tata Consumers
22-05-2013,144.7,146.3,141.9,142.7,1048831,Tata Consumers
23-05-2013,141.5,143,136.2,138.8,2023773,Tata Consumers
24-05-2013,139.2,142,137.3,141.3,830319,Tata Consumers
27-05-2013,141.7,144,141.2,143.7,1372887,Tata Consumers
28-05-2013,144.1,148.7,143.3,144.7,5651909,Tata Consumers
29-05-2013,145.5,145.8,140.9,143,3312025,Tata Consumers
30-05-2013,142.2,149.1,142.2,148,8696753,Tata Consumers
31-05-2013,149.5,149.8,144.7,145.9,3823348,Tata Consumers
03-06-2013,145.9,148.4,144.3,147.1,1446953,Tata Consumers
04-06-2013,147.8,152.2,147.1,149.9,3464825,Tata Consumers
05-06-2013,150.6,151.9,149.1,150.2,1965493,Tata Consumers
06-06-2013,149.7,150.9,147.4,149.6,1633085,Tata Consumers
07-06-2013,149,153,148.8,149.1,1955532,Tata Consumers
10-06-2013,150.1,151.3,145,146,2252773,Tata Consumers
11-06-2013,145.8,145.8,141.6,142.6,1193656,Tata Consumers
12-06-2013,142.8,145,135.3,141.6,4596668,Tata Consumers
13-06-2013,139.1,143.7,136.7,139.1,2083641,Tata Consumers
14-06-2013,140.4,143.5,138.8,140,2039325,Tata Consumers
17-06-2013,140,141,138.6,140.4,1301928,Tata Consumers
18-06-2013,141.9,144,141,142.9,1753310,Tata Consumers
19-06-2013,142.7,144.7,142.7,143.5,1036866,Tata Consumers
20-06-2013,141.3,143,139.3,140.8,1219143,Tata Consumers
21-06-2013,139.6,142.1,132.7,136.4,1769894,Tata Consumers
24-06-2013,135.8,136,130.3,133.4,2280723,Tata Consumers
25-06-2013,133.5,135.5,132.2,133.9,1516124,Tata Consumers
26-06-2013,135.6,135.6,131.8,133.5,1186410,Tata Consumers
27-06-2013,133.3,135,128,129.3,6997945,Tata Consumers
28-06-2013,132.5,135,131.5,134.4,1913234,Tata Consumers
01-07-2013,134.5,143.1,133.4,141.5,2581665,Tata Consumers
02-07-2013,141.5,142.8,139.1,140.1,1699358,Tata Consumers
03-07-2013,139,143.4,138.6,141.6,2268177,Tata Consumers
04-07-2013,142.9,144.5,141.5,143.5,2220317,Tata Consumers
05-07-2013,144.5,147.3,143.3,145.2,2429015,Tata Consumers
08-07-2013,144,148,142.8,147.5,1497219,Tata Consumers
09-07-2013,148,149.1,144.5,145.1,1688913,Tata Consumers
10-07-2013,145.8,149.8,145.6,149.1,2518478,Tata Consumers
11-07-2013,149.9,150.9,146.6,147.7,2026285,Tata Consumers
12-07-2013,148,149.5,145.6,147.6,1680043,Tata Consumers
15-07-2013,149,154.9,148.6,154.1,3099447,Tata Consumers
16-07-2013,152.5,155,151.3,153.8,2076273,Tata Consumers
17-07-2013,154.5,160.4,154.1,157.1,4769847,Tata Consumers
18-07-2013,157.6,158.3,153.4,155,2383891,Tata Consumers
19-07-2013,155.3,157.9,153.3,155.7,1816542,Tata Consumers
22-07-2013,155,158.5,153.4,154.6,1873632,Tata Consumers
23-07-2013,155,156.8,152.6,154.8,1633371,Tata Consumers
24-07-2013,154,156.5,151.2,153.6,1509224,Tata Consumers
25-07-2013,155.3,155.4,150.4,151.8,2094766,Tata Consumers
26-07-2013,153.1,157.8,151.5,156.7,3984763,Tata Consumers
29-07-2013,158.2,161.5,157.1,159.4,6209599,Tata Consumers
30-07-2013,160.5,163.6,155.3,158.9,7626988,Tata Consumers
31-07-2013,159.8,160.3,151.2,159.7,3344864,Tata Consumers
01-08-2013,161,164.2,144.2,147.1,7166956,Tata Consumers
02-08-2013,149.9,150.8,140.7,146.4,2949174,Tata Consumers
05-08-2013,149.8,149.8,142.1,142.8,1485475,Tata Consumers
06-08-2013,142.7,142.8,136,138,3028037,Tata Consumers
07-08-2013,138,143.5,136.2,141.9,1795135,Tata Consumers
08-08-2013,143,147.3,141.5,146.5,1669456,Tata Consumers
12-08-2013,147.8,149,144.3,145.5,1480481,Tata Consumers
13-08-2013,144.6,148.8,144.4,146.6,1470364,Tata Consumers
14-08-2013,146.9,149.4,145,147.7,1559833,Tata Consumers
16-08-2013,147,148.3,139.7,140.5,1628570,Tata Consumers
19-08-2013,142.8,143.3,136.7,141.7,2073385,Tata Consumers
20-08-2013,139,142.8,138.3,140.9,816055,Tata Consumers
21-08-2013,141.5,146.7,141,141.9,2395241,Tata Consumers
22-08-2013,141.8,146.6,141,146.3,1935560,Tata Consumers
23-08-2013,147.8,148.8,145.3,146.8,1072989,Tata Consumers
26-08-2013,147,147.5,143.1,144.1,1772634,Tata Consumers
27-08-2013,144.7,146.3,139.7,141.3,1910201,Tata Consumers
28-08-2013,141.5,141.5,131,136.1,4089680,Tata Consumers
29-08-2013,137,140.4,137,138,2463614,Tata Consumers
30-08-2013,138.1,140.7,136.7,139,1088398,Tata Consumers
02-09-2013,139.4,144.4,139.4,143.8,1184597,Tata Consumers
03-09-2013,144.1,145.2,140.7,141.6,1615075,Tata Consumers
04-09-2013,142,145.4,140.7,143.9,1006267,Tata Consumers
05-09-2013,145.8,148,143.6,147.2,1905598,Tata Consumers
06-09-2013,148.5,149.9,146.1,147,1464565,Tata Consumers
10-09-2013,149,149.2,145.6,146.7,1297746,Tata Consumers
11-09-2013,147,152,146.6,150.7,2053278,Tata Consumers
12-09-2013,152.2,153.2,148.2,150.8,1524759,Tata Consumers
13-09-2013,150.1,153,150.1,152.2,1277003,Tata Consumers
16-09-2013,153.8,153.9,147.8,150.1,1043593,Tata Consumers
17-09-2013,148,150.1,147.7,148.1,1036322,Tata Consumers
18-09-2013,148.5,149,146.8,147.7,622249,Tata Consumers
19-09-2013,151,151.9,149,150.6,1640655,Tata Consumers
20-09-2013,151,151.7,146.1,149,827487,Tata Consumers
23-09-2013,148,149.3,143.5,144.9,1352385,Tata Consumers
24-09-2013,143.3,146.5,142.5,143.2,1237964,Tata Consumers
25-09-2013,144.5,146.7,143.8,145.9,1636310,Tata Consumers
26-09-2013,145.9,147.4,143.3,146,1245218,Tata Consumers
27-09-2013,146,149.9,145.5,146.2,1936317,Tata Consumers
30-09-2013,146,146.1,143.2,143.9,785467,Tata Consumers
01-10-2013,144.1,150.6,144,149.8,1995226,Tata Consumers
03-10-2013,151,155.8,150.7,155.2,3537917,Tata Consumers
04-10-2013,155.3,156.1,152.2,153,1944288,Tata Consumers
07-10-2013,153.7,156.8,151.8,156.2,2133863,Tata Consumers
08-10-2013,157,157.8,155.2,155.8,1720413,Tata Consumers
09-10-2013,155.7,158.2,154.2,155.6,2049580,Tata Consumers
10-10-2013,156,160.8,155.9,160.2,3124853,Tata Consumers
11-10-2013,161.2,163.5,159,160.1,1880046,Tata Consumers
14-10-2013,160.9,161.5,157.7,159.5,1281419,Tata Consumers
15-10-2013,160,160.2,155.4,158.1,1145582,Tata Consumers
17-10-2013,159.1,162.9,158.3,162,2724697,Tata Consumers
18-10-2013,163.2,165,162.3,164.2,2540836,Tata Consumers
21-10-2013,164.5,165.4,159,159.6,3257249,Tata Consumers
22-10-2013,160.4,162.8,159.9,161.9,1598301,Tata Consumers
23-10-2013,162.1,162.6,157,158.8,1228667,Tata Consumers
24-10-2013,159,166.4,158,165.5,4943284,Tata Consumers
25-10-2013,166.2,168.4,163.1,163.9,4412267,Tata Consumers
28-10-2013,164,166.3,162.3,163.3,1058274,Tata Consumers
29-10-2013,163.3,164.2,160.3,162.4,2067392,Tata Consumers
30-10-2013,163,166,162.7,165,1918758,Tata Consumers
31-10-2013,165,167.1,163.1,164,3033400,Tata Consumers
01-11-2013,164,169.9,161.6,167.7,3726470,Tata Consumers
05-11-2013,168.5,169.8,165.9,167.6,1762917,Tata Consumers
06-11-2013,167.7,169,163.1,163.6,2080746,Tata Consumers
07-11-2013,164.4,167.9,159.1,160.4,2358582,Tata Consumers
08-11-2013,160.2,163,157.8,160.1,1175152,Tata Consumers
11-11-2013,160.4,161.3,155.1,156.6,1954941,Tata Consumers
12-11-2013,157.1,159.7,153.1,154.6,1842456,Tata Consumers
13-11-2013,155,155,141.1,144.3,11917625,Tata Consumers
14-11-2013,146.1,146.9,142.8,144,4246087,Tata Consumers
18-11-2013,142.5,148.4,142.5,147.7,5738832,Tata Consumers
19-11-2013,149,149.2,144.1,144.6,3835593,Tata Consumers
20-11-2013,146.3,147.8,144.8,145.4,2756146,Tata Consumers
21-11-2013,145.1,146.8,143.1,143.7,2997918,Tata Consumers
22-11-2013,144.4,145.2,141.1,141.8,2315264,Tata Consumers
25-11-2013,142.6,143.8,140.8,142.4,2305892,Tata Consumers
26-11-2013,142,146.8,141.6,145.5,2505101,Tata Consumers
27-11-2013,146.3,147.6,144,145.1,1855005,Tata Consumers
28-11-2013,145,148.4,145,147.7,3615167,Tata Consumers
29-11-2013,148,150.1,147.6,148.9,2020588,Tata Consumers
02-12-2013,149.2,150.9,149,149.3,2063513,Tata Consumers
03-12-2013,149,149.3,146.3,146.8,2227417,Tata Consumers
04-12-2013,146.5,148.4,145.1,145.6,1547460,Tata Consumers
05-12-2013,147.6,148.7,146.1,146.7,1565641,Tata Consumers
06-12-2013,146.8,147.8,145.8,146.2,1385102,Tata Consumers
09-12-2013,149.1,149.1,145.3,146.7,2508890,Tata Consumers
10-12-2013,146.8,149,146.7,147.5,1821331,Tata Consumers
11-12-2013,148,148,146.3,147,1285575,Tata Consumers
12-12-2013,146.8,148.5,146.2,146.8,1185509,Tata Consumers
13-12-2013,146,147.5,145,145.2,1102791,Tata Consumers
16-12-2013,145.3,145.5,142.2,143.5,1279705,Tata Consumers
17-12-2013,144.1,147.1,144.1,144.8,1678569,Tata Consumers
18-12-2013,145.3,148.8,145.3,148.2,1672571,Tata Consumers
19-12-2013,148.6,149.4,145.9,147.5,1833784,Tata Consumers
20-12-2013,147.2,153.9,146.6,153.1,5456617,Tata Consumers
23-12-2013,154.5,156.5,153.4,154.7,3101414,Tata Consumers
24-12-2013,155.4,157.7,153.7,157.3,2997231,Tata Consumers
26-12-2013,159,166.1,158,161.1,10232143,Tata Consumers
27-12-2013,160.8,162.9,156.4,158.1,3624182,Tata Consumers
30-12-2013,158.6,160.9,155.3,159.8,3188036,Tata Consumers
31-12-2013,159.5,161.5,158.2,160.5,2258565,Tata Consumers
01-01-2014,160.9,162.7,159.9,160.5,1958707,Tata Consumers
02-01-2014,160.5,161.8,153.8,155,2116255,Tata Consumers
03-01-2014,154.5,157,153.7,156.4,1816178,Tata Consumers
06-01-2014,157,158.6,155.1,156.8,1538685,Tata Consumers
07-01-2014,157,158.2,155.2,156.5,1244854,Tata Consumers
08-01-2014,157.1,159.3,156,157.1,2122772,Tata Consumers
09-01-2014,157.4,158.5,156.2,157.3,1740722,Tata Consumers
10-01-2014,158.1,160,154.8,156,2520546,Tata Consumers
13-01-2014,156.1,156.8,151.9,152.9,2340369,Tata Consumers
14-01-2014,153.1,154.5,150.3,152.1,2175698,Tata Consumers
15-01-2014,152.9,152.9,150.4,152.1,1117786,Tata Consumers
16-01-2014,152.3,152.9,148.5,149.1,2142240,Tata Consumers
17-01-2014,149.5,150.3,145.8,146.2,1884689,Tata Consumers
20-01-2014,146.3,149.3,146.3,148.3,2549468,Tata Consumers
21-01-2014,148.5,150.1,147.6,147.9,1992324,Tata Consumers
22-01-2014,148.4,152.2,148.1,149.9,4586839,Tata Consumers
23-01-2014,149.1,150.4,147.5,148.2,1191923,Tata Consumers
24-01-2014,147.3,147.9,143.7,144.3,2015494,Tata Consumers
27-01-2014,143,144.9,140.3,141.4,1798083,Tata Consumers
28-01-2014,140.9,143,138.4,139,2281455,Tata Consumers
29-01-2014,140,144.4,139.6,142.2,2441955,Tata Consumers
30-01-2014,141.8,144.8,139.7,140.5,4943283,Tata Consumers
31-01-2014,141.4,143,139.7,141,2555790,Tata Consumers
03-02-2014,140.9,143,140,140.7,2140205,Tata Consumers
04-02-2014,141.2,143.7,138.5,143.2,2866989,Tata Consumers
05-02-2014,143.2,144.9,142.6,143.1,1418289,Tata Consumers
06-02-2014,144.3,144.3,140.2,141.2,2905219,Tata Consumers
07-02-2014,142.5,144.5,141.8,143.4,2053488,Tata Consumers
10-02-2014,144.4,144.5,142.7,143.6,1411856,Tata Consumers
11-02-2014,144.2,145.9,143.1,144.9,1465761,Tata Consumers
12-02-2014,145.3,145.9,143.5,144.1,1486914,Tata Consumers
13-02-2014,144,144.9,141.2,141.8,1390278,Tata Consumers
14-02-2014,141.6,142.4,139.1,140.6,1060283,Tata Consumers
17-02-2014,140.6,141.4,137.7,138.9,1078151,Tata Consumers
18-02-2014,139.1,141,138.4,140.2,1294179,Tata Consumers
20-02-2014,139.4,142,139.2,141.1,784045,Tata Consumers
21-02-2014,141.3,143,141.2,142,1204144,Tata Consumers
24-02-2014,142.8,143,141.8,142.7,613301,Tata Consumers
25-02-2014,143.2,143.6,141,141.2,1034913,Tata Consumers
26-02-2014,141.7,141.9,139.1,139.8,1868445,Tata Consumers
28-02-2014,140.2,142.2,139.2,139.7,1852558,Tata Consumers
03-03-2014,140,141,135.3,136,2979960,Tata Consumers
04-03-2014,136.8,141.2,135.9,140.4,2995506,Tata Consumers
05-03-2014,141.5,142.3,139.5,140.9,2317544,Tata Consumers
06-03-2014,141.5,143,140.2,142.6,3010530,Tata Consumers
07-03-2014,143.5,144.4,141.3,143.3,2910251,Tata Consumers
10-03-2014,143.9,145.1,142.3,143.8,2127241,Tata Consumers
11-03-2014,143.8,146,143,145.2,2110986,Tata Consumers
12-03-2014,146.1,147.5,145.2,145.7,2109508,Tata Consumers
13-03-2014,146,146.9,141.9,142.6,1240884,Tata Consumers
14-03-2014,142,143.4,141,142.7,1237254,Tata Consumers
18-03-2014,142.7,144.8,142.6,143.2,926631,Tata Consumers
19-03-2014,143.2,143.8,141.1,141.3,1982788,Tata Consumers
20-03-2014,140.7,143.2,140.7,141.4,1578311,Tata Consumers
21-03-2014,143,146,142.5,143.4,2771806,Tata Consumers
24-03-2014,143.2,144.9,142.5,142.9,1239544,Tata Consumers
25-03-2014,142.6,144,142.4,142.9,1214418,Tata Consumers
26-03-2014,144,144.8,142.3,142.8,1763657,Tata Consumers
27-03-2014,143,143.8,141.3,141.8,3147980,Tata Consumers
28-03-2014,142.9,148.6,142.3,148,3912192,Tata Consumers
31-03-2014,150,152.7,148.1,150.1,4143774,Tata Consumers
01-04-2014,151.5,154.8,148.8,154.3,4863298,Tata Consumers
02-04-2014,155,155.7,152.1,153.5,2596842,Tata Consumers
03-04-2014,154,154.3,149.4,151.6,2346430,Tata Consumers
04-04-2014,152,153.8,150.2,152.2,1970278,Tata Consumers
07-04-2014,149.3,152.5,148.3,151.5,1476512,Tata Consumers
09-04-2014,152.8,156,152.5,154.4,3183552,Tata Consumers
10-04-2014,155.1,155.3,152.1,153.1,2017657,Tata Consumers
11-04-2014,152.2,154,151.8,152.8,1788771,Tata Consumers
15-04-2014,153.9,154.9,151.1,153.1,1464343,Tata Consumers
16-04-2014,153.3,154,150,150.5,1148162,Tata Consumers
17-04-2014,151,158.2,151,157.5,4644106,Tata Consumers
21-04-2014,158.3,160,155.6,156.2,2939902,Tata Consumers
22-04-2014,157,159.3,156.2,157.9,2243023,Tata Consumers
23-04-2014,157.9,159.4,155.1,156.1,3277200,Tata Consumers
25-04-2014,156.5,157,151.9,153,1867200,Tata Consumers
28-04-2014,153,154.6,151.8,152.9,1452937,Tata Consumers
29-04-2014,153,154.1,151,151.3,1294813,Tata Consumers
30-04-2014,152.5,153.5,146.5,149.5,2460179,Tata Consumers
02-05-2014,149.5,150.9,147.8,148.4,1207233,Tata Consumers
05-05-2014,148.6,148.6,146.4,146.7,1058888,Tata Consumers
06-05-2014,147.1,148.3,144.9,145.1,1231593,Tata Consumers
07-05-2014,145.1,146.4,144.2,144.6,979792,Tata Consumers
08-05-2014,145.1,145.6,142.1,142.5,1475651,Tata Consumers
09-05-2014,142.1,146,142.1,145,1219063,Tata Consumers
12-05-2014,145.8,146.7,144.2,144.6,1789879,Tata Consumers
13-05-2014,145.5,149.7,145.5,146.4,2352331,Tata Consumers
14-05-2014,147,148.5,145.4,147.3,1851834,Tata Consumers
15-05-2014,148,148.1,143.9,144.2,2208007,Tata Consumers
16-05-2014,146.4,147.5,143.3,144.8,3658879,Tata Consumers
19-05-2014,146,151.6,145.3,150.7,4970218,Tata Consumers
20-05-2014,153,154.9,151.1,153.5,3351574,Tata Consumers
21-05-2014,155.6,155.6,151.6,153.1,2539045,Tata Consumers
22-05-2014,154.5,157.4,153.4,155.6,3246095,Tata Consumers
23-05-2014,156,158.5,155.1,157.6,3014828,Tata Consumers
26-05-2014,158.5,163,152.8,156.5,5629757,Tata Consumers
27-05-2014,157.3,157.8,153,156.4,1748577,Tata Consumers
28-05-2014,157,158.2,154.8,156.3,1655825,Tata Consumers
29-05-2014,154.5,154.5,148,148.9,5050078,Tata Consumers
30-05-2014,150,151,145.4,149.1,4293795,Tata Consumers
02-06-2014,149.4,149.9,146.6,147.5,3308467,Tata Consumers
03-06-2014,148,151.9,147.8,150.3,3014557,Tata Consumers
04-06-2014,150,154,150,153,4764627,Tata Consumers
05-06-2014,154.3,154.8,151.2,154.1,2556595,Tata Consumers
06-06-2014,157,176.8,155.2,171.1,17064364,Tata Consumers
09-06-2014,173.9,175.5,170.1,171.2,8772925,Tata Consumers
10-06-2014,171.7,177.2,166.1,174.9,11693055,Tata Consumers
11-06-2014,175.8,176.1,165.1,169.4,7414725,Tata Consumers
12-06-2014,168.4,171.5,165.7,168.7,4131952,Tata Consumers
13-06-2014,170,174,161.2,163.7,6509643,Tata Consumers
16-06-2014,162.3,166.7,161.6,166,4149164,Tata Consumers
17-06-2014,166,168,163.7,167.1,2644231,Tata Consumers
18-06-2014,167,169,162.1,163.6,3059834,Tata Consumers
19-06-2014,164.6,165.4,161.3,162.9,2957708,Tata Consumers
20-06-2014,162.6,165.4,161.9,162.4,2474896,Tata Consumers
23-06-2014,166,171.2,164.8,168,8915917,Tata Consumers
24-06-2014,167.5,169.5,165.5,167.3,4394262,Tata Consumers
25-06-2014,166.3,170.8,166.3,169.5,4512185,Tata Consumers
26-06-2014,169,169.7,165.6,167.8,5084653,Tata Consumers
27-06-2014,168,173,168,171.1,5470675,Tata Consumers
30-06-2014,172.5,175,172.1,172.8,5884830,Tata Consumers
01-07-2014,173.4,176.6,171.5,174.8,5379012,Tata Consumers
02-07-2014,176.3,176.8,173.1,174.4,3796609,Tata Consumers
03-07-2014,175,175,168.4,169.2,5474004,Tata Consumers
04-07-2014,168.1,171.2,166,167.9,4246788,Tata Consumers
07-07-2014,168.1,169.6,166.7,167.1,2054919,Tata Consumers
08-07-2014,167.7,167.7,157.8,158.7,3349829,Tata Consumers
09-07-2014,158,159.6,152.8,155,3488714,Tata Consumers
10-07-2014,155.5,161.4,149.3,155.5,3284116,Tata Consumers
11-07-2014,154.8,156.3,149.2,149.8,3188567,Tata Consumers
14-07-2014,148.9,153.2,148.5,151.8,2443696,Tata Consumers
15-07-2014,152.4,154,151.5,153.8,1859780,Tata Consumers
16-07-2014,153.8,157.7,153.2,157.2,2539258,Tata Consumers
17-07-2014,157.3,161,156.3,160.4,2116223,Tata Consumers
18-07-2014,159.9,163,157.7,160.7,4974108,Tata Consumers
21-07-2014,161.5,162.5,158.8,159.2,1938059,Tata Consumers
22-07-2014,159.5,161.4,156.7,158.7,2700600,Tata Consumers
23-07-2014,159.5,159.7,155.7,156.8,3001729,Tata Consumers
24-07-2014,156.7,157.9,156,156.6,2894662,Tata Consumers
25-07-2014,156.2,157.4,152.6,153.5,3156927,Tata Consumers
28-07-2014,152.5,156.2,152.1,155.2,2789011,Tata Consumers
30-07-2014,156,156,152.5,152.9,2757448,Tata Consumers
31-07-2014,152.8,155.2,152.5,153.5,4155508,Tata Consumers
01-08-2014,152,156.9,151.8,154.3,2361557,Tata Consumers
04-08-2014,155.1,155.9,153.8,155.5,1677773,Tata Consumers
05-08-2014,154.1,155.6,152.5,154.9,1788911,Tata Consumers
06-08-2014,153.7,156.5,153.5,153.8,1890055,Tata Consumers
07-08-2014,153.6,155.1,152.7,154.2,1557133,Tata Consumers
08-08-2014,152.7,152.9,149.6,150.7,2393314,Tata Consumers
11-08-2014,150.7,153,150.7,151.9,1212104,Tata Consumers
12-08-2014,151.5,154.8,151.5,154.5,1282122,Tata Consumers
13-08-2014,153.1,154.3,150.3,151.2,1521138,Tata Consumers
14-08-2014,152.7,152.9,150.8,152.1,1220808,Tata Consumers
18-08-2014,152.2,155.4,151.6,154.4,1212265,Tata Consumers
19-08-2014,155.4,157.7,154.9,156.5,1835749,Tata Consumers
20-08-2014,156.6,159.5,156.3,158.5,3127760,Tata Consumers
21-08-2014,158.5,160.4,156.2,157.1,1803100,Tata Consumers
22-08-2014,158.5,158.5,155,155.5,1273200,Tata Consumers
25-08-2014,155.5,157.8,155,155.5,1498748,Tata Consumers
26-08-2014,154.4,155.5,151.4,153,954442,Tata Consumers
27-08-2014,153.4,154.9,152.5,153.1,1030109,Tata Consumers
28-08-2014,153.4,154,150,150.5,3046168,Tata Consumers
01-09-2014,151.1,154.4,151.1,153.9,1611331,Tata Consumers
02-09-2014,153,156.9,153,155.4,1903051,Tata Consumers
03-09-2014,156.8,156.8,153.6,154.3,1808768,Tata Consumers
04-09-2014,154,163.9,154,162.2,5685443,Tata Consumers
05-09-2014,163.8,164.5,160.1,162.3,4436559,Tata Consumers
08-09-2014,163.1,166.5,162.5,164.6,3403585,Tata Consumers
09-09-2014,165.1,166.3,162.6,165.2,2016606,Tata Consumers
10-09-2014,163.5,165,160.5,162.6,1964477,Tata Consumers
11-09-2014,162.9,169.9,161,167.4,6185414,Tata Consumers
12-09-2014,168,171.4,166.4,169.6,4325265,Tata Consumers
15-09-2014,169,170.9,166.4,167.2,2733612,Tata Consumers
16-09-2014,167.1,167.6,158,159.5,3786842,Tata Consumers
17-09-2014,160.7,162.7,156.9,161.6,2748845,Tata Consumers
18-09-2014,160.1,165.7,160.1,164.9,2243468,Tata Consumers
19-09-2014,165.7,172.9,164.1,168.6,6277667,Tata Consumers
22-09-2014,168,172,167.1,170.6,4342518,Tata Consumers
23-09-2014,170.2,171.8,163.7,164.5,3086572,Tata Consumers
24-09-2014,165.2,166.8,161.8,164.8,2219635,Tata Consumers
25-09-2014,165.4,165.7,159.1,160.3,2973253,Tata Consumers
26-09-2014,159,162,154.5,159.7,2924724,Tata Consumers
29-09-2014,160,161.9,158.3,159,2096263,Tata Consumers
30-09-2014,159.1,162.4,157.6,159.4,1917772,Tata Consumers
01-10-2014,160,162,158.4,158.9,1198264,Tata Consumers
07-10-2014,158.3,161.7,158,158.8,2284463,Tata Consumers
08-10-2014,158,161,157.8,160.3,1524087,Tata Consumers
09-10-2014,160.5,163.4,160.5,161.3,3216539,Tata Consumers
10-10-2014,160.7,163.9,158.7,160.3,3624666,Tata Consumers
13-10-2014,159.6,160,157.1,157.5,2022489,Tata Consumers
14-10-2014,158.4,159.3,156,156.4,1967222,Tata Consumers
16-10-2014,156.1,158.3,151.1,152.4,2254205,Tata Consumers
17-10-2014,152.8,153.9,150.8,153.4,3946921,Tata Consumers
20-10-2014,154.6,155.7,153.4,154.7,2073712,Tata Consumers
21-10-2014,154.1,156.4,153.4,155.6,2584790,Tata Consumers
22-10-2014,156.8,157.5,155.5,156.5,2010555,Tata Consumers
23-10-2014,157.6,159,157.1,158.7,432021,Tata Consumers
27-10-2014,159.3,159.3,156,156.3,1019575,Tata Consumers
28-10-2014,156.8,157.6,156.1,156.4,1153614,Tata Consumers
29-10-2014,157,158.3,156.6,157.3,1079352,Tata Consumers
30-10-2014,157.2,159,156.9,157.5,4589900,Tata Consumers
31-10-2014,158.9,161.2,158.1,160.1,4750346,Tata Consumers
03-11-2014,161,164.2,160.1,163.8,2713036,Tata Consumers
05-11-2014,164.8,165,160.5,161.7,2428509,Tata Consumers
07-11-2014,157.9,161.5,157,160.9,2600609,Tata Consumers
10-11-2014,161.1,162.6,157.3,157.8,1570697,Tata Consumers
11-11-2014,158.7,159.7,157.4,158.3,1662143,Tata Consumers
12-11-2014,158.9,158.9,155.3,155.9,1887415,Tata Consumers
13-11-2014,156.7,157,154,154.2,2038270,Tata Consumers
14-11-2014,155,156.2,153.7,155.3,2634731,Tata Consumers
17-11-2014,154.4,161.9,154.4,159.9,4643861,Tata Consumers
18-11-2014,160.5,161.4,158.6,159.4,1709932,Tata Consumers
19-11-2014,160.2,163.4,157.3,157.9,3713745,Tata Consumers
20-11-2014,157.1,158.1,154.6,157,1670273,Tata Consumers
21-11-2014,157.2,158.9,156.1,156.8,1541039,Tata Consumers
24-11-2014,157,158.3,155.8,157,1832296,Tata Consumers
25-11-2014,157.2,157.6,152.5,154.2,1704935,Tata Consumers
26-11-2014,154.1,155.8,153.3,155.3,1634296,Tata Consumers
27-11-2014,159.5,162.4,155.7,161,7062154,Tata Consumers
28-11-2014,162.3,163.9,159.7,161.3,3713876,Tata Consumers
01-12-2014,161.9,162.9,159.3,159.6,1893457,Tata Consumers
02-12-2014,159.7,164.3,157.2,163.4,3473392,Tata Consumers
03-12-2014,164.9,165.9,162.8,163.3,2826458,Tata Consumers
04-12-2014,163.7,164.2,161.4,163.4,1691661,Tata Consumers
05-12-2014,163.5,164.8,160.7,161.1,1451138,Tata Consumers
08-12-2014,161,161.5,157.7,158.3,1580445,Tata Consumers
09-12-2014,158.8,158.9,154.1,154.9,1339740,Tata Consumers
10-12-2014,154,157.4,154,156,1102295,Tata Consumers
11-12-2014,156,157.2,154.4,155.7,1006074,Tata Consumers
12-12-2014,155.2,157,152.5,153,1376256,Tata Consumers
15-12-2014,152.1,154.2,151.4,151.6,1510454,Tata Consumers
16-12-2014,150.7,152.2,143.3,144.3,2871674,Tata Consumers
17-12-2014,144.3,145.9,137.1,145,4975475,Tata Consumers
18-12-2014,146.5,149,146.4,147.5,1538715,Tata Consumers
19-12-2014,148.5,149.7,146.6,147.4,1456641,Tata Consumers
22-12-2014,147.6,148.3,145.6,147.5,1657451,Tata Consumers
23-12-2014,147.8,149.1,146.8,148.3,1396448,Tata Consumers
24-12-2014,149,149.9,146.1,146.9,6940283,Tata Consumers
26-12-2014,147.2,148,145.6,146.9,999836,Tata Consumers
29-12-2014,147.2,149.9,147.2,148.7,913003,Tata Consumers
30-12-2014,148.8,149.6,148.1,149.1,747441,Tata Consumers
31-12-2014,148.8,151.9,148.7,151,1347935,Tata Consumers
01-01-2015,151,151.8,150.4,150.7,535692,Tata Consumers
02-01-2015,150.9,153.2,150.6,152.5,2043127,Tata Consumers
05-01-2015,151.7,154.5,151.7,153,1873161,Tata Consumers
06-01-2015,152,152,147,148.2,2390258,Tata Consumers
07-01-2015,147.2,149.2,146,148.5,2770541,Tata Consumers
08-01-2015,149.9,154.5,149.5,153.7,2292977,Tata Consumers
09-01-2015,154.5,157.7,153.3,155.6,4013444,Tata Consumers
12-01-2015,156.4,158.7,155.2,157.4,1647105,Tata Consumers
13-01-2015,157.6,157.9,154.2,155.3,1558189,Tata Consumers
14-01-2015,155.1,157,153.8,154.9,1383172,Tata Consumers
15-01-2015,156.6,157.6,154.1,155.7,1183917,Tata Consumers
16-01-2015,155,155.8,153.8,154.3,1299810,Tata Consumers
19-01-2015,154.3,157.8,154.3,156.6,1000172,Tata Consumers
20-01-2015,156.8,157.5,155.6,156.4,1211357,Tata Consumers
21-01-2015,157.4,159.4,156.7,158,2696995,Tata Consumers
22-01-2015,157.1,160.6,157.1,158.9,2326838,Tata Consumers
23-01-2015,159.2,162.2,156.9,161.2,2437301,Tata Consumers
27-01-2015,161,162,158.6,159.4,1634586,Tata Consumers
28-01-2015,158.8,159.9,157.7,158.8,1819031,Tata Consumers
29-01-2015,159,160.8,157.3,158.3,2823390,Tata Consumers
30-01-2015,159,162.4,154.1,158.7,4094370,Tata Consumers
02-02-2015,157.9,167.8,157.8,163.6,5423705,Tata Consumers
03-02-2015,164,164.5,159.2,160.5,1927234,Tata Consumers
04-02-2015,160.7,163.1,157.7,158.6,1567779,Tata Consumers
05-02-2015,159.3,159.8,153.5,154.8,2403931,Tata Consumers
06-02-2015,154.4,154.7,151.6,152.4,1392578,Tata Consumers
09-02-2015,151.5,152.9,148.7,149.6,1470539,Tata Consumers
10-02-2015,148.9,153.2,148,151.6,1719968,Tata Consumers
11-02-2015,151.2,154.7,151.2,154.4,1131718,Tata Consumers
12-02-2015,155,156.8,153.2,155.2,1727098,Tata Consumers
13-02-2015,155.7,159,154.9,157.4,1565871,Tata Consumers
16-02-2015,157.9,158,154.8,155.2,696970,Tata Consumers
18-02-2015,155.5,158,155.1,156.9,1122120,Tata Consumers
19-02-2015,157.4,158.5,154.5,157,1377032,Tata Consumers
20-02-2015,157.8,162.3,156.6,159.7,2886605,Tata Consumers
23-02-2015,161,161.5,155.3,156,1614558,Tata Consumers
24-02-2015,156,157.3,153.6,155.6,1404899,Tata Consumers
25-02-2015,155.6,156.3,153.1,153.5,1546220,Tata Consumers
26-02-2015,153.9,154.5,151.9,152.6,2960597,Tata Consumers
27-02-2015,153.4,156.6,153.2,156.1,1540677,Tata Consumers
02-03-2015,155.5,158.9,155,158.4,1211587,Tata Consumers
03-03-2015,158.5,164.9,157.2,163.6,4314580,Tata Consumers
04-03-2015,164,164.4,157,158.4,2204041,Tata Consumers
05-03-2015,157.9,161.4,156.1,159.3,1419036,Tata Consumers
09-03-2015,159.1,162.9,157.3,159.1,2281047,Tata Consumers
10-03-2015,159.7,161,155.8,157.3,1354766,Tata Consumers
11-03-2015,157.4,159.5,156.7,157.9,1773712,Tata Consumers
12-03-2015,158.5,161.4,157.9,160,2130596,Tata Consumers
13-03-2015,161,161.1,153.6,154.9,2248388,Tata Consumers
16-03-2015,155,155.7,152.9,154.8,1343251,Tata Consumers
17-03-2015,155.3,157.3,155.3,156.7,1416285,Tata Consumers
18-03-2015,156.9,158.3,155.4,155.9,1268390,Tata Consumers
19-03-2015,156.7,157.4,152.7,153.9,1776564,Tata Consumers
20-03-2015,153.8,153.8,149,150,1834524,Tata Consumers
23-03-2015,149.8,150.6,146.9,147.2,1229406,Tata Consumers
24-03-2015,147.4,149,146.2,148,1328198,Tata Consumers
25-03-2015,148,149.4,147.8,149,1566031,Tata Consumers
26-03-2015,148.1,149.6,146.5,147.3,2029247,Tata Consumers
27-03-2015,148.5,149.2,142.7,145.8,2099157,Tata Consumers
30-03-2015,147.1,150.3,146.6,149.8,818899,Tata Consumers
31-03-2015,150.3,151.2,148.3,148.8,1383972,Tata Consumers
01-04-2015,148.8,152,148.8,151.1,575050,Tata Consumers
06-04-2015,152,152.1,149.8,151.5,843471,Tata Consumers
07-04-2015,152.4,152.4,149.9,151.1,1810409,Tata Consumers
08-04-2015,151.8,153.7,150.8,151.6,1142129,Tata Consumers
09-04-2015,152.4,153,151,152.1,852909,Tata Consumers
10-04-2015,152.7,162.5,152.1,161.2,6349564,Tata Consumers
13-04-2015,161.7,162.8,158.6,161.5,3122578,Tata Consumers
15-04-2015,161.5,163.5,157.9,159,4215595,Tata Consumers
16-04-2015,158.9,160.3,156.1,159.3,1373494,Tata Consumers
17-04-2015,159.3,161.2,157,157.6,1223180,Tata Consumers
20-04-2015,157.3,157.8,151.2,153.3,1753170,Tata Consumers
21-04-2015,152.9,154.7,149.7,150.2,3096387,Tata Consumers
22-04-2015,150.9,151.8,145.9,149.7,2719219,Tata Consumers
23-04-2015,151,152.5,149.9,150.2,2312755,Tata Consumers
24-04-2015,150.7,150.7,146.2,147.3,1179218,Tata Consumers
27-04-2015,147.7,148.2,141.4,142.2,3007045,Tata Consumers
28-04-2015,141.6,144.2,141,142,3701269,Tata Consumers
29-04-2015,142.3,143.4,141.5,142.6,1836583,Tata Consumers
30-04-2015,142.3,143.2,140.4,142.1,2456804,Tata Consumers
04-05-2015,143.4,144.9,142.6,143.6,1103984,Tata Consumers
05-05-2015,143.9,145.9,143.5,144.6,1785800,Tata Consumers
06-05-2015,144.3,145,138.8,139.8,2281538,Tata Consumers
07-05-2015,139,140.5,136.6,137.8,2366296,Tata Consumers
08-05-2015,139,141.9,138.3,141.1,1572681,Tata Consumers
11-05-2015,141.4,143.9,140.6,143.4,2341680,Tata Consumers
12-05-2015,143.3,145.5,139.4,142.9,3019872,Tata Consumers
13-05-2015,143.2,145.9,143.1,144.6,2227212,Tata Consumers
14-05-2015,145.1,146.9,143.7,146.3,1373721,Tata Consumers
15-05-2015,146.9,148.5,145.5,147.4,2232739,Tata Consumers
18-05-2015,147.8,150.5,147.7,148,1497623,Tata Consumers
19-05-2015,147.8,149.3,146.8,147.6,1138811,Tata Consumers
20-05-2015,147.5,148.8,144.6,146,1648427,Tata Consumers
21-05-2015,146.2,147.5,145.1,146.7,702795,Tata Consumers
22-05-2015,147,149.2,146.6,148,1010894,Tata Consumers
25-05-2015,147.5,149.5,146.8,147.5,872187,Tata Consumers
26-05-2015,146.8,149.7,146.8,148.8,1118631,Tata Consumers
27-05-2015,147.4,150,147.4,148.7,909189,Tata Consumers
28-05-2015,149.4,150.3,143,144.9,5132085,Tata Consumers
29-05-2015,143.1,146.7,143.1,146.3,1343454,Tata Consumers
01-06-2015,145.3,146.4,144.8,145.2,569531,Tata Consumers
02-06-2015,145,145.8,140,140.8,2077218,Tata Consumers
03-06-2015,140.6,141.2,136.5,137.4,2271136,Tata Consumers
04-06-2015,137.7,138.6,136,137.8,2132044,Tata Consumers
05-06-2015,137.9,139.7,136.9,138.5,756591,Tata Consumers
08-06-2015,138.8,138.8,134,134.9,1937914,Tata Consumers
09-06-2015,135,138.9,134,137.6,877704,Tata Consumers
10-06-2015,137.6,138.7,136,136.6,799419,Tata Consumers
11-06-2015,137,137.8,133.6,134.4,1586596,Tata Consumers
12-06-2015,133.6,134.5,125.7,128.2,2641286,Tata Consumers
15-06-2015,127.9,130.9,127.1,129.1,1933262,Tata Consumers
16-06-2015,129,129.5,126.8,128.7,1341209,Tata Consumers
17-06-2015,129.3,134.2,128.9,132.4,2239733,Tata Consumers
18-06-2015,133,133.9,132.3,132.6,970883,Tata Consumers
19-06-2015,133.2,136.2,132.7,133.8,1278156,Tata Consumers
22-06-2015,133.8,136.5,133.7,135,1019044,Tata Consumers
23-06-2015,135.6,135.9,133,133.9,2115793,Tata Consumers
24-06-2015,133.4,135.3,132.5,133.2,1696146,Tata Consumers
25-06-2015,132.9,136.4,132.6,135.7,2736280,Tata Consumers
26-06-2015,133.2,135,132.3,133.9,928889,Tata Consumers
29-06-2015,132,132,128.2,129.6,1397938,Tata Consumers
30-06-2015,129.8,132.8,129.2,132.2,4332991,Tata Consumers
01-07-2015,132.5,136.1,131.3,135.6,2667661,Tata Consumers
02-07-2015,135.5,138.1,135.1,137.1,1826569,Tata Consumers
03-07-2015,137.5,138.6,135.3,136.1,1032972,Tata Consumers
06-07-2015,133.1,135.6,132.2,135,1260314,Tata Consumers
07-07-2015,135.6,141.7,135.1,138.2,3133999,Tata Consumers
08-07-2015,136.1,138,134.2,134.9,1608817,Tata Consumers
09-07-2015,134.9,135.7,133.2,134,1049069,Tata Consumers
10-07-2015,134.8,135.6,133.8,134.6,1590741,Tata Consumers
13-07-2015,134.9,137.8,134.3,136.8,1720786,Tata Consumers
14-07-2015,137,138.2,135.8,137.1,1974367,Tata Consumers
15-07-2015,137.5,139.5,136.6,138.2,1530200,Tata Consumers
16-07-2015,139,139,136.6,138,804974,Tata Consumers
17-07-2015,138.9,140,137.3,139,2108950,Tata Consumers
20-07-2015,138.2,142.6,138.2,141.8,2394358,Tata Consumers
21-07-2015,140.1,141.9,136.9,137.5,1965237,Tata Consumers
22-07-2015,137,140,134.5,139.5,1310150,Tata Consumers
23-07-2015,140,142.2,139.4,140.9,2009103,Tata Consumers
24-07-2015,140.9,142.3,140.1,140.8,1542474,Tata Consumers
27-07-2015,140.6,140.6,136.8,137.6,1245996,Tata Consumers
28-07-2015,137.8,138.5,136.2,137.5,1294926,Tata Consumers
29-07-2015,138.2,138.9,137.3,138.7,1150281,Tata Consumers
30-07-2015,137.7,137.7,135.5,137.2,1848759,Tata Consumers
31-07-2015,136,142.8,135.4,140.2,2328615,Tata Consumers
03-08-2015,141.4,143.9,140.3,140.9,1673236,Tata Consumers
04-08-2015,143.4,144.8,141,143.3,2117898,Tata Consumers
05-08-2015,144.2,144.7,141.8,142.2,1550830,Tata Consumers
06-08-2015,142,147.3,141,143.8,3835649,Tata Consumers
07-08-2015,143,145,141.6,142,992867,Tata Consumers
10-08-2015,142,142.7,138.3,139,1248444,Tata Consumers
11-08-2015,139.2,140.8,136.2,137.7,1269206,Tata Consumers
13-08-2015,134.5,134.8,129.4,130,1074691,Tata Consumers
14-08-2015,131.2,133.7,129.8,132.1,1714304,Tata Consumers
17-08-2015,132.5,132.9,130.7,131,798673,Tata Consumers
18-08-2015,134.2,136.4,132.6,134.2,2189190,Tata Consumers
19-08-2015,134.5,134.8,131.5,133.8,1504926,Tata Consumers
20-08-2015,133.3,135,131.8,132.9,1354813,Tata Consumers
21-08-2015,131.5,132.2,127,130.4,1043785,Tata Consumers
24-08-2015,128.9,128.9,112.5,114.9,3763375,Tata Consumers
25-08-2015,116.1,119.4,108.6,117.6,5056575,Tata Consumers
26-08-2015,118,119.8,115.2,117.3,1404188,Tata Consumers
27-08-2015,119.3,119.5,115.9,116.4,6857158,Tata Consumers
28-08-2015,118.4,120.4,117,118.2,3490011,Tata Consumers
31-08-2015,117.8,120.2,116.9,119.6,2010188,Tata Consumers
01-09-2015,118.8,118.8,114.1,115.2,2716732,Tata Consumers
02-09-2015,116.1,119.4,115.5,118.9,1927201,Tata Consumers
03-09-2015,120.8,125,119,124.2,4688477,Tata Consumers
04-09-2015,124.6,124.6,116.8,120.2,2496844,Tata Consumers
07-09-2015,121.6,122.5,118.4,120.5,1349442,Tata Consumers
08-09-2015,121.4,122.1,117,121,1414288,Tata Consumers
09-09-2015,122.1,124.5,121.6,123.7,1569358,Tata Consumers
10-09-2015,122,124.6,120,123.8,1042265,Tata Consumers
11-09-2015,124.8,125.3,122.7,123.3,784377,Tata Consumers
14-09-2015,124.1,124.5,121.7,124.1,789201,Tata Consumers
16-09-2015,127,127,122.2,123.1,695624,Tata Consumers
18-09-2015,124,126,122.9,125.5,1284690,Tata Consumers
21-09-2015,123.1,126.2,123.1,125.5,623623,Tata Consumers
22-09-2015,126.2,127,122.9,123.9,1284630,Tata Consumers
23-09-2015,123.4,125.4,122.3,125,1055109,Tata Consumers
24-09-2015,124.8,126,123.7,124.2,1011551,Tata Consumers
28-09-2015,125,128,123.8,127.1,1253307,Tata Consumers
29-09-2015,126.5,127.6,123.1,126.6,1009942,Tata Consumers
30-09-2015,127.4,129.4,126.7,127.8,915110,Tata Consumers
01-10-2015,129,131.2,127.4,130.1,1218988,Tata Consumers
05-10-2015,131.5,132.5,130.1,131.9,746173,Tata Consumers
06-10-2015,132.5,132.6,129.6,130.6,1009128,Tata Consumers
07-10-2015,132.1,134,131.6,133.1,994870,Tata Consumers
08-10-2015,134.9,134.9,131.9,133.4,846622,Tata Consumers
09-10-2015,134,135.4,133.4,134.7,1317037,Tata Consumers
12-10-2015,135,136,133.9,134.6,566886,Tata Consumers
13-10-2015,134.6,134.7,131.7,132.3,1028678,Tata Consumers
14-10-2015,133,135,132.4,134,1428493,Tata Consumers
15-10-2015,134.2,135,133.2,134.7,591991,Tata Consumers
19-10-2015,133.6,135.1,133.3,134.7,405056,Tata Consumers
20-10-2015,134.7,141.9,134.7,139.4,2469431,Tata Consumers
21-10-2015,139.7,139.7,135.6,137.6,589717,Tata Consumers
23-10-2015,138.7,140,136.9,137.8,413539,Tata Consumers
26-10-2015,138.4,140.2,137.2,138.9,734224,Tata Consumers
27-10-2015,138.7,139.1,135.1,135.8,881996,Tata Consumers
28-10-2015,135.8,137,135,135.6,593469,Tata Consumers
29-10-2015,135.9,138.5,134.8,135.9,2084196,Tata Consumers
30-10-2015,137,137.3,131,133.5,774022,Tata Consumers
02-11-2015,134,135,131,132.7,621684,Tata Consumers
03-11-2015,133.3,134.2,130.8,131.8,519168,Tata Consumers
04-11-2015,132,133.5,131.4,131.8,557561,Tata Consumers
05-11-2015,131.8,132.6,127.5,128,892494,Tata Consumers
06-11-2015,126.8,128.3,124.8,125.9,858491,Tata Consumers
09-11-2015,124.9,129.5,123,128.8,1107840,Tata Consumers
10-11-2015,127.3,128.5,125.3,125.7,525833,Tata Consumers
13-11-2015,128,129,126.3,128,737584,Tata Consumers
16-11-2015,127.8,129.4,126.5,128.2,580961,Tata Consumers
17-11-2015,129.7,134,128.3,132.5,1152357,Tata Consumers
18-11-2015,133.7,133.7,128.1,128.8,922793,Tata Consumers
19-11-2015,129.6,131.4,129.3,130.9,488288,Tata Consumers
20-11-2015,131.1,136,131.1,133.8,1149754,Tata Consumers
23-11-2015,134.8,135,131.3,133,842444,Tata Consumers
24-11-2015,133,135.7,132.5,134.4,613392,Tata Consumers
26-11-2015,134.6,136.3,134.2,135,1904180,Tata Consumers
27-11-2015,134.9,138.4,134.9,137,1152280,Tata Consumers
30-11-2015,138,0,0,137,0,Tata Consumers
01-12-2015,138.1,139.1,135,136.3,911482,Tata Consumers
02-12-2015,136.4,137.8,135,136.2,565383,Tata Consumers
03-12-2015,136.1,136.8,134.2,134.9,689892,Tata Consumers
04-12-2015,134,135,132.8,133.7,758581,Tata Consumers
07-12-2015,134.1,135.8,134.1,135.4,476940,Tata Consumers
08-12-2015,135,138.5,134.5,135,1271238,Tata Consumers
09-12-2015,135.2,136.3,130.4,132.2,1152536,Tata Consumers
10-12-2015,132.2,135.8,131.9,135.3,704236,Tata Consumers
11-12-2015,135.3,135.8,131.2,133.2,836942,Tata Consumers
14-12-2015,131.9,135,131.7,134.4,773849,Tata Consumers
15-12-2015,134.9,134.9,132.8,133.9,589790,Tata Consumers
16-12-2015,134.4,138.9,134.2,136.6,1191657,Tata Consumers
17-12-2015,137.6,142.8,136.3,142.2,1707401,Tata Consumers
18-12-2015,142.5,144,141,141.9,1147660,Tata Consumers
21-12-2015,141.6,144.3,141.3,142.9,1040800,Tata Consumers
22-12-2015,143.6,144,140.3,141.2,609093,Tata Consumers
23-12-2015,142,142.8,141.1,142,561726,Tata Consumers
24-12-2015,143,146.5,142,144.8,1428993,Tata Consumers
28-12-2015,144.9,145.3,143.5,144.1,780709,Tata Consumers
29-12-2015,144.4,144.4,141.2,141.9,1260484,Tata Consumers
30-12-2015,142.5,147.4,141.5,146.4,1746109,Tata Consumers
31-12-2015,147,148,144.2,146.2,1464755,Tata Consumers
01-01-2016,146.1,148.8,145.5,146.4,781067,Tata Consumers
04-01-2016,145.9,147.2,142.3,143.7,950484,Tata Consumers
05-01-2016,144,149.5,142.2,148.4,1502760,Tata Consumers
06-01-2016,147.1,149.8,144.5,145.3,834054,Tata Consumers
07-01-2016,144.1,144.7,139,140.1,1034747,Tata Consumers
08-01-2016,140.7,146.8,140.1,144.5,1284440,Tata Consumers
11-01-2016,143.2,144,141,141.9,1201860,Tata Consumers
12-01-2016,142.4,143.5,138.1,139.9,1353097,Tata Consumers
13-01-2016,141.8,142,130.3,135.6,1907971,Tata Consumers
14-01-2016,132.1,136.3,131.2,134.1,1431102,Tata Consumers
15-01-2016,135,135.4,127.5,128.5,1756768,Tata Consumers
18-01-2016,128,129,121.1,121.9,2065711,Tata Consumers
19-01-2016,123,127,121.6,126.4,1411260,Tata Consumers
20-01-2016,124.6,124.6,120.5,122.6,1278069,Tata Consumers
21-01-2016,123.1,124.6,119.5,121.8,1322358,Tata Consumers
22-01-2016,123.9,126.9,122,125.6,1084192,Tata Consumers
25-01-2016,125.9,127,123.4,124.3,682689,Tata Consumers
27-01-2016,125,126,123.3,124.5,655053,Tata Consumers
28-01-2016,125,125.4,122.6,123.2,1539708,Tata Consumers
29-01-2016,124.1,127.5,123.4,126.5,925581,Tata Consumers
01-02-2016,126.8,128.3,125.2,126.6,592819,Tata Consumers
02-02-2016,127.4,127.7,123.6,124.3,734748,Tata Consumers
03-02-2016,123.1,124.8,121,121.8,877186,Tata Consumers
04-02-2016,123.1,123.4,120.4,121.6,1120485,Tata Consumers
05-02-2016,121.9,124,121.5,122.5,797137,Tata Consumers
08-02-2016,123.1,126.1,122.5,123.9,1227619,Tata Consumers
09-02-2016,123,124.4,120.1,120.8,1109232,Tata Consumers
10-02-2016,120.5,121,116.5,118.4,1654991,Tata Consumers
11-02-2016,112.7,115.8,102.4,105.3,5524328,Tata Consumers
12-02-2016,103.3,0,0,107,0,Tata Consumers
15-02-2016,105.1,108.5,105.1,106,1091675,Tata Consumers
16-02-2016,107.7,108.9,102.2,102.7,1341261,Tata Consumers
17-02-2016,103,104.6,101.1,104,1268061,Tata Consumers
18-02-2016,105.4,106.5,102.5,104.6,1429030,Tata Consumers
19-02-2016,105,108.2,104.3,107.3,1340622,Tata Consumers
22-02-2016,107.3,109.9,107,109.1,1151733,Tata Consumers
23-02-2016,109,109.5,105.1,106.7,1037357,Tata Consumers
24-02-2016,106.2,108.3,105,106.7,758132,Tata Consumers
25-02-2016,107.8,108.1,102.5,106.2,9364686,Tata Consumers
26-02-2016,108,108.5,103.8,104.8,2381968,Tata Consumers
29-02-2016,105,107.1,101.6,103.6,1639500,Tata Consumers
01-03-2016,104.2,109.5,104.2,108.9,1481271,Tata Consumers
02-03-2016,110,112.8,109.5,109.9,1220668,Tata Consumers
03-03-2016,110.5,111.3,108,109.5,1260507,Tata Consumers
04-03-2016,110,113.9,109.2,113.3,1377634,Tata Consumers
08-03-2016,114.3,116.4,113.1,115.7,1677380,Tata Consumers
09-03-2016,115.7,117.5,114.6,116.9,1555016,Tata Consumers
10-03-2016,117.8,118.1,115.4,116.5,1177827,Tata Consumers
11-03-2016,116.6,117.6,115.1,115.9,1170769,Tata Consumers
14-03-2016,116.1,117.4,113.9,115.7,1609295,Tata Consumers
15-03-2016,116,116.4,115,115.5,1082982,Tata Consumers
16-03-2016,115.7,116.1,114.1,115.1,964165,Tata Consumers
17-03-2016,116,117,115,115.8,1396728,Tata Consumers
18-03-2016,116.5,119.7,116,118.9,2062464,Tata Consumers
21-03-2016,119.2,120.9,118.8,119.9,839802,Tata Consumers
22-03-2016,121.1,123.3,120.5,121.4,1469400,Tata Consumers
23-03-2016,121.6,122.2,118.7,119.5,1230385,Tata Consumers
28-03-2016,120,121,118.5,119.4,1382616,Tata Consumers
29-03-2016,119.1,120.4,118.4,119.3,3588313,Tata Consumers
30-03-2016,119.9,125,119.5,121.4,1922207,Tata Consumers
31-03-2016,122,122.3,120.3,121.3,1627181,Tata Consumers
01-04-2016,122,124.2,120.2,122.6,1532533,Tata Consumers
04-04-2016,122.9,123.5,120.8,121.2,831737,Tata Consumers
05-04-2016,121,121.2,118,118.3,1663091,Tata Consumers
06-04-2016,119.6,120,115,118.9,1327276,Tata Consumers
07-04-2016,118.1,120.4,118.1,118.7,1147382,Tata Consumers
08-04-2016,118.5,119,117,117.7,648096,Tata Consumers
11-04-2016,118,120.3,117.9,119.5,1050521,Tata Consumers
12-04-2016,119.5,120.1,118.1,118.4,788617,Tata Consumers
13-04-2016,119.1,121.4,119,120.7,928735,Tata Consumers
18-04-2016,120.9,121,119.1,120,765331,Tata Consumers
20-04-2016,120.2,123.2,119.6,121.9,1572869,Tata Consumers
21-04-2016,122.4,122.8,119.6,120.1,892645,Tata Consumers
22-04-2016,119,121.9,119,120.3,716365,Tata Consumers
25-04-2016,120.4,121.9,120,121.2,782130,Tata Consumers
26-04-2016,120.6,122.5,120.6,121.8,984070,Tata Consumers
27-04-2016,122.5,124,122,122.4,1949554,Tata Consumers
28-04-2016,122.5,123.5,120,120.3,2142054,Tata Consumers
29-04-2016,121,121.1,119,120.1,869948,Tata Consumers
02-05-2016,119.4,121.8,119,121.1,717595,Tata Consumers
03-05-2016,121.6,122.6,119.2,119.5,1356187,Tata Consumers
04-05-2016,119.8,119.8,116.3,117,894057,Tata Consumers
05-05-2016,117,117.8,115.3,116.4,745000,Tata Consumers
06-05-2016,116.6,119.5,115.8,118.1,654231,Tata Consumers
09-05-2016,118.9,120.4,117.5,118.8,1207381,Tata Consumers
10-05-2016,119,120,118,118.2,526190,Tata Consumers
11-05-2016,117,118.3,116.3,117.3,622661,Tata Consumers
12-05-2016,117.8,119.2,117.3,119,596225,Tata Consumers
13-05-2016,118,120.7,118,119.6,1103386,Tata Consumers
16-05-2016,119.6,121,118.5,120.7,688646,Tata Consumers
17-05-2016,121,121.4,119.6,120.4,1068540,Tata Consumers
18-05-2016,120,121.8,119.6,121,641976,Tata Consumers
19-05-2016,120,122,119,120,1085102,Tata Consumers
20-05-2016,119.9,121.2,119.5,120.1,466672,Tata Consumers
23-05-2016,120.5,124.1,119.7,120.4,1396870,Tata Consumers
24-05-2016,121.7,122.2,119.7,121.8,1438192,Tata Consumers
25-05-2016,120,121,119.2,119.5,1787665,Tata Consumers
26-05-2016,120,120.3,118.2,118.6,1383549,Tata Consumers
27-05-2016,118.1,119.4,116.9,117.3,676137,Tata Consumers
30-05-2016,118,119.7,117.3,118,692008,Tata Consumers
31-05-2016,117.8,119.1,117.6,117.8,658231,Tata Consumers
01-06-2016,118.2,119.5,117.9,118.1,581341,Tata Consumers
02-06-2016,118.5,119.8,117.7,119.3,549738,Tata Consumers
03-06-2016,121,122.1,119.7,120.2,1783456,Tata Consumers
06-06-2016,120.4,121.2,118.6,119.3,866406,Tata Consumers
07-06-2016,119.4,120.4,118.9,119.4,690551,Tata Consumers
08-06-2016,119.3,126.5,118.9,124.4,2390316,Tata Consumers
09-06-2016,127.3,127.5,124.6,125,2825223,Tata Consumers
10-06-2016,125.3,126,122.7,123.7,900666,Tata Consumers
13-06-2016,122,129,122,128.2,4305954,Tata Consumers
14-06-2016,129.4,129.5,126,126.5,2902578,Tata Consumers
15-06-2016,127.3,128.2,126.6,127,1662070,Tata Consumers
16-06-2016,126.9,128.6,123.8,126.1,1489092,Tata Consumers
17-06-2016,126.5,128.4,124.7,125.7,1717907,Tata Consumers
20-06-2016,124.6,127.2,124.6,126.2,732869,Tata Consumers
21-06-2016,126.3,126.8,125.1,125.5,447117,Tata Consumers
22-06-2016,125.6,128.7,124.7,127.3,2792498,Tata Consumers
23-06-2016,127.5,128.2,125.6,126.8,1408701,Tata Consumers
24-06-2016,120.5,124.9,117.1,124.3,3585896,Tata Consumers
27-06-2016,124.8,126.4,124.3,126,2162032,Tata Consumers
28-06-2016,127.5,128.6,126.8,127.9,2563561,Tata Consumers
29-06-2016,128.2,130.9,128.1,129.7,2735697,Tata Consumers
30-06-2016,130.5,132,129.5,131.2,2810587,Tata Consumers
01-07-2016,132,136.8,131.5,134.9,5379977,Tata Consumers
04-07-2016,135.6,135.8,133.8,134.1,1144671,Tata Consumers
05-07-2016,134.3,136.2,133.2,133.9,942568,Tata Consumers
07-07-2016,133.5,136.4,133.5,134.5,2125346,Tata Consumers
08-07-2016,134.5,134.6,131.5,132.6,1296935,Tata Consumers
11-07-2016,134,135,132.7,133.1,1689644,Tata Consumers
12-07-2016,133.5,135.2,132.5,132.9,1612081,Tata Consumers
13-07-2016,132.9,133.8,131.1,132.2,1306338,Tata Consumers
14-07-2016,132.9,133.3,131.6,132.6,1093389,Tata Consumers
15-07-2016,134,134.5,132.3,132.6,1587827,Tata Consumers
18-07-2016,133,133.5,129.2,130,2283784,Tata Consumers
19-07-2016,131.5,131.5,128.8,130.1,3903542,Tata Consumers
20-07-2016,130.4,134.8,130.4,133.9,1887075,Tata Consumers
21-07-2016,134.8,134.8,131.2,131.8,1884426,Tata Consumers
22-07-2016,131.9,132.9,131.2,131.5,2012357,Tata Consumers
25-07-2016,131.8,134,131.2,133.5,1656721,Tata Consumers
26-07-2016,133.5,134.6,130.6,131.2,1271947,Tata Consumers
27-07-2016,131.5,138.8,131.5,137.5,3576969,Tata Consumers
28-07-2016,138,142.3,136.6,140.2,3754038,Tata Consumers
29-07-2016,140.9,144.7,139.2,142.2,3056272,Tata Consumers
01-08-2016,143,144.9,138.3,141,1987955,Tata Consumers
02-08-2016,141,141.8,138.1,138.4,1175233,Tata Consumers
03-08-2016,138.4,140.1,135.1,135.8,1451654,Tata Consumers
04-08-2016,136,139.4,135.5,138.3,1515003,Tata Consumers
05-08-2016,138.5,140.7,138.5,139.1,1427614,Tata Consumers
08-08-2016,138.6,143.5,138.4,142.9,2430227,Tata Consumers
09-08-2016,143.9,147,139.2,143.3,8549636,Tata Consumers
10-08-2016,144.3,144.5,137.3,137.8,3289526,Tata Consumers
11-08-2016,137.5,139.3,135.8,137.3,1140212,Tata Consumers
12-08-2016,137.8,139.5,136,137,1024054,Tata Consumers
16-08-2016,136.9,139.1,136.1,138.1,1518494,Tata Consumers
17-08-2016,138.8,139.4,137.2,137.7,778141,Tata Consumers
18-08-2016,138.5,139.6,137.9,138.9,901208,Tata Consumers
19-08-2016,139.9,141.9,138.8,141.3,2298138,Tata Consumers
22-08-2016,142,142.1,138,138.4,1398679,Tata Consumers
23-08-2016,138.7,141,138.4,139.6,1282978,Tata Consumers
24-08-2016,140.4,142.5,139.8,140.3,2956023,Tata Consumers
25-08-2016,143.4,145.5,140.1,140.5,4868511,Tata Consumers
26-08-2016,141,141.7,138.9,139.9,1468343,Tata Consumers
29-08-2016,140.6,141.2,137.8,139,1604324,Tata Consumers
30-08-2016,139.7,140.8,138.8,140.2,1832319,Tata Consumers
31-08-2016,140.1,141.6,140,140.3,1401308,Tata Consumers
01-09-2016,140.3,143.4,140,141.1,2493654,Tata Consumers
02-09-2016,141.4,142.6,141,141.6,1681308,Tata Consumers
06-09-2016,141.9,143.3,141.3,141.8,1300643,Tata Consumers
07-09-2016,141.8,144.2,141.3,142.2,2381717,Tata Consumers
08-09-2016,142.3,143.5,141.8,142.2,1155009,Tata Consumers
09-09-2016,142.2,142.7,138.8,139.7,1199464,Tata Consumers
12-09-2016,137.9,138.4,135,135.3,2248691,Tata Consumers
14-09-2016,135.2,138.2,135.1,137.5,1045853,Tata Consumers
15-09-2016,137.4,138.5,136.3,137,1451283,Tata Consumers
16-09-2016,138.4,141.7,137.9,139.9,3029995,Tata Consumers
19-09-2016,139.9,141.3,139,139.9,1362666,Tata Consumers
20-09-2016,139.7,140.4,137.5,138,1787917,Tata Consumers
21-09-2016,138,140.4,137.6,138.1,1635459,Tata Consumers
22-09-2016,139.2,140,137.7,138.9,1204798,Tata Consumers
23-09-2016,138.9,144,138.1,142.4,3538509,Tata Consumers
26-09-2016,143.5,144.3,140,140.7,2769361,Tata Consumers
27-09-2016,140.9,146.4,140.6,144.6,3316650,Tata Consumers
28-09-2016,148.1,149.2,145.6,146.8,6464628,Tata Consumers
29-09-2016,147.9,148,134.4,137,4753568,Tata Consumers
30-09-2016,137,140.9,136.2,139.6,1471713,Tata Consumers
03-10-2016,141,143.2,139.8,142.4,1927658,Tata Consumers
04-10-2016,142.5,143.3,138.8,141.8,2678079,Tata Consumers
05-10-2016,142,154.4,140.5,153.3,9741635,Tata Consumers
06-10-2016,154,155.5,148.6,150.9,6256632,Tata Consumers
07-10-2016,152.3,154.5,150.6,151.3,4097231,Tata Consumers
10-10-2016,151.9,154,151.1,151.7,2063455,Tata Consumers
13-10-2016,151.5,153,145.1,147.9,3116651,Tata Consumers
14-10-2016,149,154.2,147.4,153.2,3968866,Tata Consumers
17-10-2016,153,154.3,149.2,150.3,3180180,Tata Consumers
18-10-2016,151,152.7,150.8,151.9,2736835,Tata Consumers
19-10-2016,152,157.7,150.9,154.6,6685790,Tata Consumers
20-10-2016,156,156.7,152,152.4,2780284,Tata Consumers
21-10-2016,152.5,154.2,151.2,152.5,1751366,Tata Consumers
24-10-2016,152.9,156,152,154.1,2715234,Tata Consumers
25-10-2016,149.1,151.8,148.4,150,3234883,Tata Consumers
26-10-2016,148,151.2,144.1,145.4,3586046,Tata Consumers
27-10-2016,139.5,141.2,135.7,137.8,8524741,Tata Consumers
28-10-2016,138,141.3,138,140,2281364,Tata Consumers
01-11-2016,139.4,140.8,138.3,138.6,1497745,Tata Consumers
02-11-2016,138,138,134.5,135,2026448,Tata Consumers
03-11-2016,134.1,136.3,130.8,131.4,2063211,Tata Consumers
04-11-2016,131,132,126,126.9,4614456,Tata Consumers
07-11-2016,127.7,130.4,127.3,128,1948286,Tata Consumers
08-11-2016,130,131,126.6,127.5,2758553,Tata Consumers
09-11-2016,118,122.9,115,121.9,5272740,Tata Consumers
10-11-2016,124,127.1,123.7,125.4,2170482,Tata Consumers
11-11-2016,123,125.4,117.3,118.7,3058329,Tata Consumers
15-11-2016,119.8,119.8,114.3,117,2405650,Tata Consumers
16-11-2016,123.1,125.3,120.4,121.3,4703414,Tata Consumers
17-11-2016,121.7,122.8,115.2,118.6,1306586,Tata Consumers
18-11-2016,118.9,121,118.3,120.1,2008909,Tata Consumers
21-11-2016,120.1,121.8,114.9,115.7,1976322,Tata Consumers
22-11-2016,117.8,118.8,116.1,117.3,3411500,Tata Consumers
23-11-2016,118.8,118.9,116.9,117.7,2170944,Tata Consumers
24-11-2016,117.7,117.7,114.5,115.1,2220419,Tata Consumers
25-11-2016,116,119.2,115.6,118.5,1474301,Tata Consumers
28-11-2016,118.6,121.8,117.5,121,1738935,Tata Consumers
29-11-2016,122.8,124.2,121.5,122,1993986,Tata Consumers
30-11-2016,123,124.4,122.5,123.9,1616908,Tata Consumers
01-12-2016,124.7,124.7,121.6,121.9,1205710,Tata Consumers
02-12-2016,121.5,123.4,120.3,121.6,1343432,Tata Consumers
05-12-2016,121.5,124.9,121.1,123.7,1401882,Tata Consumers
06-12-2016,123.8,125.3,122.8,123.4,1486818,Tata Consumers
07-12-2016,124.4,124.5,120.8,122.3,1217621,Tata Consumers
08-12-2016,123,125.1,123,123.9,1090370,Tata Consumers
09-12-2016,124.4,124.6,123.5,123.9,920060,Tata Consumers
12-12-2016,123.9,125,122.1,123.4,760874,Tata Consumers
13-12-2016,124.1,125,123.1,123.4,502421,Tata Consumers
14-12-2016,123.9,124.8,122.4,122.8,826188,Tata Consumers
15-12-2016,122.5,126.9,122.2,124.5,2212399,Tata Consumers
16-12-2016,125,125,123,124.3,804735,Tata Consumers
19-12-2016,124.8,126.1,124,124.3,923038,Tata Consumers
20-12-2016,124.8,125,120.8,121.3,646197,Tata Consumers
21-12-2016,120.8,123,120.8,121.6,677057,Tata Consumers
22-12-2016,122.4,122.4,119,119.4,839802,Tata Consumers
23-12-2016,119.5,119.8,118,118.9,749376,Tata Consumers
26-12-2016,118.8,118.9,116.3,117,425216,Tata Consumers
27-12-2016,117,121.1,116.5,120.6,728501,Tata Consumers
28-12-2016,119.2,122,119.2,119.6,866902,Tata Consumers
29-12-2016,119.6,122.2,119.6,121.1,1025503,Tata Consumers
30-12-2016,121.1,123.3,121.1,122,1017447,Tata Consumers
02-01-2017,122.8,124.2,121.4,123.6,1102178,Tata Consumers
03-01-2017,122.8,125.4,122.8,124.5,580430,Tata Consumers
04-01-2017,125,126.1,123.8,124.5,656213,Tata Consumers
05-01-2017,124.8,125.7,124.6,125.2,503565,Tata Consumers
06-01-2017,125.4,127,124.1,124.7,1255021,Tata Consumers
09-01-2017,124.8,125.5,124,124.8,414927,Tata Consumers
10-01-2017,125.5,125.5,123.8,124.5,533212,Tata Consumers
11-01-2017,125,127.9,124.6,127.7,839283,Tata Consumers
12-01-2017,128.3,128.4,124.1,125.2,1403598,Tata Consumers
13-01-2017,126.9,130.9,126.7,128.4,3617760,Tata Consumers
16-01-2017,128.2,128.4,127,127.7,538746,Tata Consumers
17-01-2017,128.6,129.4,126.6,127.6,851814,Tata Consumers
18-01-2017,128,130.5,127.7,128.7,1059940,Tata Consumers
19-01-2017,129.8,131.6,129.2,130.5,1308883,Tata Consumers
20-01-2017,130.3,131.4,126,126.4,961631,Tata Consumers
23-01-2017,127.6,128.4,126.6,127.9,746313,Tata Consumers
24-01-2017,128.8,129,126.9,128.5,996229,Tata Consumers
25-01-2017,129.3,129.3,127.5,128.4,909771,Tata Consumers
27-01-2017,128.4,130,128.4,129.2,759876,Tata Consumers
30-01-2017,129.1,131.8,128.1,130.5,1256759,Tata Consumers
31-01-2017,130.5,132,128.5,128.9,1614154,Tata Consumers
01-02-2017,129.1,130.7,127.4,130.1,1221969,Tata Consumers
02-02-2017,132.5,138.8,132.4,137.7,6652685,Tata Consumers
03-02-2017,138.2,143.9,137.1,141.9,3569132,Tata Consumers
06-02-2017,141.9,144.8,141.2,142.8,2127506,Tata Consumers
07-02-2017,142.1,145.8,140.1,141.7,2205918,Tata Consumers
08-02-2017,142,146.9,141.4,146.2,2162887,Tata Consumers
09-02-2017,146,147.2,143.1,143.9,1726818,Tata Consumers
10-02-2017,144,145.5,142.6,144,1367413,Tata Consumers
13-02-2017,144.9,146.9,141.3,142,2224197,Tata Consumers
14-02-2017,142.4,143.7,140,141.2,1395593,Tata Consumers
15-02-2017,140.9,142.9,138,138.8,1193620,Tata Consumers
16-02-2017,139.2,140.7,138.1,140.1,942382,Tata Consumers
17-02-2017,140.9,142,139.7,140.2,952450,Tata Consumers
20-02-2017,141,142.6,139.8,141.6,1517679,Tata Consumers
21-02-2017,142.2,143.2,141,141.6,1671915,Tata Consumers
22-02-2017,142.6,142.8,139.6,140,1296093,Tata Consumers
23-02-2017,140.1,140.9,138.7,139.3,1340126,Tata Consumers
27-02-2017,139,140.5,138.4,138.9,1129032,Tata Consumers
28-02-2017,139.2,139.9,136.8,138.1,1513693,Tata Consumers
01-03-2017,138.5,145.8,138.3,143.6,4919352,Tata Consumers
02-03-2017,145.5,145.8,140.1,141.1,1765255,Tata Consumers
03-03-2017,141.1,144.2,140.1,143.4,1672938,Tata Consumers
06-03-2017,144,145.2,142.1,143.3,2043052,Tata Consumers
07-03-2017,143,144.2,142.2,142.8,727617,Tata Consumers
08-03-2017,142.4,143,140.1,141.4,1103877,Tata Consumers
09-03-2017,140.6,142.4,140.2,140.8,1073015,Tata Consumers
10-03-2017,140.9,142.3,136.8,137.1,1671172,Tata Consumers
14-03-2017,140.2,140.4,138.6,139.5,838219,Tata Consumers
15-03-2017,139.6,142.1,139.3,140.9,1279451,Tata Consumers
16-03-2017,141.6,145.5,141.4,144.7,3987646,Tata Consumers
17-03-2017,145.7,145.7,142.3,144.8,1898811,Tata Consumers
20-03-2017,144.8,147.5,144.8,146.5,2675495,Tata Consumers
21-03-2017,147,148.5,145.1,145.9,2955856,Tata Consumers
22-03-2017,145.6,145.6,142.2,143.1,2306755,Tata Consumers
23-03-2017,143.9,152.5,143.2,151.6,6422298,Tata Consumers
24-03-2017,152.9,153.2,150.5,151.2,3485991,Tata Consumers
27-03-2017,151,151.9,148,148.6,2933289,Tata Consumers
28-03-2017,149.9,153.9,148,150.6,2740120,Tata Consumers
29-03-2017,151.7,153,149.5,150.6,2092924,Tata Consumers
30-03-2017,151.5,152.8,149.7,150.2,3022795,Tata Consumers
31-03-2017,151.5,152.1,150.1,150.6,1193137,Tata Consumers
03-04-2017,150.7,153.5,150.3,151.9,1788548,Tata Consumers
05-04-2017,152.8,154.8,151,152.7,2011288,Tata Consumers
06-04-2017,152.9,154.4,151.3,153.1,2295942,Tata Consumers
07-04-2017,152.8,154.5,150,150.6,1444642,Tata Consumers
10-04-2017,151.5,152.3,149.4,151,1857915,Tata Consumers
11-04-2017,151.5,153.8,151.1,153.4,2064221,Tata Consumers
12-04-2017,154,154,150.3,151.8,1907247,Tata Consumers
13-04-2017,152,153,149.8,150.5,1272204,Tata Consumers
17-04-2017,151,151,148.6,149.5,830703,Tata Consumers
18-04-2017,149.1,152.5,147.5,148.2,1563947,Tata Consumers
19-04-2017,147.9,150.8,147.5,150.2,1092317,Tata Consumers
20-04-2017,150.3,153.6,150.3,152.2,1540540,Tata Consumers
21-04-2017,153.5,153.9,149.7,151.3,1293698,Tata Consumers
24-04-2017,151,153.3,151,152,1079887,Tata Consumers
25-04-2017,152.4,153.2,151,151.7,945527,Tata Consumers
26-04-2017,152.5,156.6,151.6,153.8,4161713,Tata Consumers
27-04-2017,155,155.4,151.6,152.1,1388038,Tata Consumers
28-04-2017,153.4,154.7,152,153.1,1132516,Tata Consumers
02-05-2017,154.3,161.5,153.8,157.7,6827849,Tata Consumers
03-05-2017,158.9,158.9,155.6,156.2,1523044,Tata Consumers
04-05-2017,156.3,158.3,154.8,155.4,1653237,Tata Consumers
05-05-2017,156.5,156.5,151.1,152.3,1349536,Tata Consumers
08-05-2017,152.8,154.2,152,152.6,1239593,Tata Consumers
09-05-2017,153.2,155.2,152.6,154.1,939148,Tata Consumers
10-05-2017,154.9,156.4,153.9,154.9,1186929,Tata Consumers
11-05-2017,155,156.2,153.2,154,589464,Tata Consumers
12-05-2017,154,154.8,151.7,152.7,940916,Tata Consumers
15-05-2017,152.7,155,152.5,154.6,1012554,Tata Consumers
16-05-2017,154.6,155.5,153,154.5,1306020,Tata Consumers
17-05-2017,154,154.7,152.5,152.9,1161590,Tata Consumers
18-05-2017,152,152.6,147,147.5,1233917,Tata Consumers
19-05-2017,149.5,153.8,148.4,149.5,2744849,Tata Consumers
22-05-2017,149.8,151.2,147.2,147.8,1098727,Tata Consumers
23-05-2017,148.1,148.4,143.7,144.8,1355129,Tata Consumers
24-05-2017,145.2,146.1,140.2,141.7,1755862,Tata Consumers
25-05-2017,143.5,144.7,142.1,143.1,1842806,Tata Consumers
26-05-2017,144,147.3,143.5,146.9,1417686,Tata Consumers
29-05-2017,147.2,147.5,143.9,145.4,977041,Tata Consumers
30-05-2017,145,146.2,143.7,145.6,1513053,Tata Consumers
31-05-2017,148.6,151,147.6,149.4,3325237,Tata Consumers
01-06-2017,148.4,154,148.3,152.4,2952069,Tata Consumers
02-06-2017,153.1,158.4,152.2,154.9,3603942,Tata Consumers
05-06-2017,155.1,156.5,152.9,155,1647207,Tata Consumers
06-06-2017,155,155.7,152.2,153,1290705,Tata Consumers
07-06-2017,152.7,156.4,152.4,155.6,1943703,Tata Consumers
08-06-2017,155.1,156.9,153.4,154.6,1479812,Tata Consumers
09-06-2017,154.9,155.7,152.8,154.4,1319642,Tata Consumers
12-06-2017,153.5,154.5,151.8,152.1,1438107,Tata Consumers
13-06-2017,152.5,157.7,151.7,156.5,3463217,Tata Consumers
14-06-2017,157,160.5,155.1,158.5,4815053,Tata Consumers
15-06-2017,158.5,162.8,157.6,159.1,3647423,Tata Consumers
16-06-2017,160,161.8,157.7,158.2,1968954,Tata Consumers
19-06-2017,159,159.6,155.9,156.4,1362450,Tata Consumers
20-06-2017,156.8,158.7,155.6,156.9,1212404,Tata Consumers
21-06-2017,156.8,159.4,156.1,156.8,2770731,Tata Consumers
22-06-2017,157,158.6,154,154.8,2216575,Tata Consumers
23-06-2017,154.6,155,149.8,151.2,1980476,Tata Consumers
27-06-2017,151.2,152,145.8,147.4,1465569,Tata Consumers
28-06-2017,147.3,150.2,146.4,149.2,2135161,Tata Consumers
29-06-2017,150,151.7,147.9,148.5,2280933,Tata Consumers
30-06-2017,148,151.7,147.1,150.7,1854572,Tata Consumers
03-07-2017,152.5,155.7,150.8,151.6,8680232,Tata Consumers
04-07-2017,153.7,154.2,149.8,150.1,3080845,Tata Consumers
05-07-2017,151.5,157.1,150,156.2,5849123,Tata Consumers
06-07-2017,156.5,157.8,152.8,153.4,4873097,Tata Consumers
07-07-2017,153.2,158.9,153.1,157.8,6442241,Tata Consumers
10-07-2017,158.5,167.9,157.1,166.6,4758424,Tata Consumers
11-07-2017,167.1,172.8,167.1,169.5,12571250,Tata Consumers
12-07-2017,171.1,174.8,169,173.8,10623109,Tata Consumers
13-07-2017,175.4,176.7,171.2,175.4,5222043,Tata Consumers
14-07-2017,175.9,175.9,172.1,174.2,2831387,Tata Consumers
17-07-2017,174.3,179.3,172.6,177,4882663,Tata Consumers
18-07-2017,176.1,178.7,173.1,173.8,3264325,Tata Consumers
19-07-2017,173.8,177.4,173.7,175.2,4161102,Tata Consumers
20-07-2017,175.4,176.3,170.3,171.3,2791324,Tata Consumers
21-07-2017,171.9,173.9,169.7,172.2,4670938,Tata Consumers
24-07-2017,172.2,174.3,169.5,170,2636591,Tata Consumers
25-07-2017,170.5,172.3,169.2,171.2,2103806,Tata Consumers
26-07-2017,172,175.4,170.8,172.2,3803339,Tata Consumers
27-07-2017,173.9,173.9,167.7,168.4,2370296,Tata Consumers
28-07-2017,167.9,170.7,166.9,169.2,2290563,Tata Consumers
31-07-2017,169.5,172.4,168.4,169.6,1896521,Tata Consumers
01-08-2017,171,171.8,166.8,167.5,2140964,Tata Consumers
02-08-2017,168,168.6,164.2,165.1,2009220,Tata Consumers
03-08-2017,166,169.4,164.5,166.7,2895078,Tata Consumers
04-08-2017,164.7,167.6,163.9,166.5,2298689,Tata Consumers
07-08-2017,167,171.7,167,170.5,2548868,Tata Consumers
08-08-2017,171.8,171.8,165.6,166,2372930,Tata Consumers
09-08-2017,165.5,166.9,160.5,162.1,1267995,Tata Consumers
10-08-2017,161.9,163.5,153.2,156,2470478,Tata Consumers
11-08-2017,155.1,164.8,152.1,164.2,6027593,Tata Consumers
14-08-2017,166,180.3,165.1,178.8,9368807,Tata Consumers
16-08-2017,182.5,196.8,181.5,193.9,29191015,Tata Consumers
17-08-2017,194,197.4,189.8,190.6,10381703,Tata Consumers
18-08-2017,189.8,196.4,188.1,194.4,10030010,Tata Consumers
21-08-2017,196.7,203,194.4,196.2,15744338,Tata Consumers
22-08-2017,197.2,199.5,188.9,189.9,7466196,Tata Consumers
23-08-2017,191.5,197.5,189.2,196.6,7522673,Tata Consumers
24-08-2017,197.3,198.3,193.7,194.3,4587179,Tata Consumers
28-08-2017,195,196.3,192.1,193.3,3684762,Tata Consumers
29-08-2017,193,197.5,189.4,190.4,5679382,Tata Consumers
30-08-2017,193,198.2,192.4,197.1,7173447,Tata Consumers
31-08-2017,198.5,200.7,196.1,198,7760949,Tata Consumers
01-09-2017,198.3,200.7,196.3,197.6,3401210,Tata Consumers
04-09-2017,198,198.4,190.5,193.3,4372250,Tata Consumers
05-09-2017,194.3,197.4,193.3,196.7,3442385,Tata Consumers
06-09-2017,195.1,207.2,194.6,206,14490021,Tata Consumers
07-09-2017,208,209.3,204.8,205.8,5862028,Tata Consumers
08-09-2017,206.1,210.8,205.5,206.9,6430260,Tata Consumers
11-09-2017,209.2,211.1,207.3,209.3,3393087,Tata Consumers
12-09-2017,212,213.7,210.2,212.1,4884083,Tata Consumers
13-09-2017,214.7,215,206.2,207.3,4637092,Tata Consumers
14-09-2017,208.5,213.8,207.4,212.1,2980684,Tata Consumers
15-09-2017,211,213.7,208.9,210.6,2608124,Tata Consumers
18-09-2017,212.7,215,210.7,213.3,2491966,Tata Consumers
19-09-2017,213,220.2,212.9,216.2,9580786,Tata Consumers
20-09-2017,216.4,216.9,213.1,213.7,2906933,Tata Consumers
21-09-2017,214,214.8,207.3,212.2,2914695,Tata Consumers
22-09-2017,211,211,200,201.2,3851873,Tata Consumers
25-09-2017,201.5,202,192.3,196.7,4019965,Tata Consumers
26-09-2017,196,206.5,195.3,204.7,5546594,Tata Consumers
27-09-2017,206.5,207,196.7,198.6,3331256,Tata Consumers
28-09-2017,199.1,204.5,198.7,203.2,4602566,Tata Consumers
29-09-2017,204.5,209.9,203.4,205.8,3721338,Tata Consumers
03-10-2017,207.3,210.6,205,206.5,1985873,Tata Consumers
04-10-2017,207.3,207.7,203.2,205,1964885,Tata Consumers
05-10-2017,205,210.6,204.6,209.5,2228532,Tata Consumers
06-10-2017,210,212.3,208.7,209.6,2534607,Tata Consumers
09-10-2017,209.7,211.4,207.7,208.3,1653094,Tata Consumers
10-10-2017,209.5,211.2,207.7,208.5,2125747,Tata Consumers
11-10-2017,209.5,216,205.6,209.4,6891689,Tata Consumers
12-10-2017,211,212.9,208,212,3902627,Tata Consumers
13-10-2017,211,214.2,209.3,210.3,3171251,Tata Consumers
16-10-2017,210.3,211.9,207.1,209.6,2658347,Tata Consumers
17-10-2017,210.4,213.4,209.1,210.3,3269191,Tata Consumers
18-10-2017,211.5,211.5,205.6,206.8,4687271,Tata Consumers
19-10-2017,207.9,208,203.7,203.9,532661,Tata Consumers
23-10-2017,205.5,207.5,202.6,203.1,2952899,Tata Consumers
24-10-2017,204,210.3,203.6,209.7,3568231,Tata Consumers
25-10-2017,211,211.5,203,205.3,2640192,Tata Consumers
26-10-2017,205,210.9,203.4,209.8,4964383,Tata Consumers
27-10-2017,211.3,221.8,209.8,220.5,8891566,Tata Consumers
30-10-2017,225,230.3,222.5,226.8,13953152,Tata Consumers
31-10-2017,227,228.3,223.2,227,5175219,Tata Consumers
01-11-2017,227,231.4,226.4,227.8,3608627,Tata Consumers
02-11-2017,227.9,231.3,223.4,226.4,7866167,Tata Consumers
03-11-2017,227,227.9,224.4,225.3,1920643,Tata Consumers
06-11-2017,224.9,236.9,224,234.7,6994467,Tata Consumers
07-11-2017,235,235.5,221.3,225,5306883,Tata Consumers
08-11-2017,226,228,222.6,224.5,3299527,Tata Consumers
09-11-2017,225.8,241.6,225.3,240.5,11299727,Tata Consumers
10-11-2017,240.7,244,234.7,236.2,7726311,Tata Consumers
13-11-2017,236.3,239.8,232.9,234.4,2923051,Tata Consumers
14-11-2017,234.7,248,228.4,246.7,15847309,Tata Consumers
15-11-2017,237.9,253.4,237.9,250.9,17805319,Tata Consumers
16-11-2017,254,254.7,247.2,252,6292626,Tata Consumers
17-11-2017,252.3,260.8,250.8,259.9,6857865,Tata Consumers
20-11-2017,261.2,276.3,259.3,274.9,13458563,Tata Consumers
21-11-2017,275.9,280.8,271.2,273.2,12063135,Tata Consumers
22-11-2017,273.5,275.9,267.8,274.1,5015906,Tata Consumers
23-11-2017,273.2,277,270.5,274.8,3371088,Tata Consumers
24-11-2017,275.1,280,275.1,278.7,3855810,Tata Consumers
27-11-2017,277.5,278.4,274.3,277.5,2208868,Tata Consumers
28-11-2017,277,289.8,276.5,287.8,11258640,Tata Consumers
29-11-2017,287.3,290.7,278.3,280.2,6464166,Tata Consumers
30-11-2017,278.9,292.2,277.6,287.1,9944314,Tata Consumers
01-12-2017,288.5,293.6,282.6,283.6,7150041,Tata Consumers
04-12-2017,285,286.5,276.4,279.1,5784862,Tata Consumers
05-12-2017,279.4,283.8,278.2,280,4876970,Tata Consumers
06-12-2017,278.9,283,273.6,275,4358618,Tata Consumers
07-12-2017,276,284.9,275.7,284.8,3820082,Tata Consumers
08-12-2017,287.6,289.9,285.1,288.5,4297335,Tata Consumers
11-12-2017,290,299.6,285.9,298.4,8045275,Tata Consumers
12-12-2017,298.6,298.6,286.7,287.8,6874578,Tata Consumers
13-12-2017,290,292.5,282.2,284.5,6799578,Tata Consumers
14-12-2017,288,288.3,279.2,284.3,5575066,Tata Consumers
15-12-2017,289,290,286.2,286.9,3036814,Tata Consumers
18-12-2017,280,294,275.1,290.9,5912782,Tata Consumers
19-12-2017,292,301.5,291.7,300.7,8383608,Tata Consumers
20-12-2017,301,303.8,297.8,300.9,4692403,Tata Consumers
21-12-2017,302.3,303,298.2,300.2,2280137,Tata Consumers
22-12-2017,301,306.4,299.7,302.8,4703911,Tata Consumers
26-12-2017,303.7,307.7,300.6,306,3956481,Tata Consumers
27-12-2017,305.5,308.8,302.5,305.6,3315278,Tata Consumers
28-12-2017,306.5,309.3,303.6,306.6,4620000,Tata Consumers
29-12-2017,308.1,318,306.4,316.4,6874520,Tata Consumers
01-01-2018,317.8,317.8,311.8,312.9,1602814,Tata Consumers
02-01-2018,314.3,315,307.6,311.2,2014415,Tata Consumers
03-01-2018,311.9,315.2,310.2,311.2,2073353,Tata Consumers
04-01-2018,312,313.5,307.3,312.3,2703849,Tata Consumers
05-01-2018,312.3,315.9,310.4,313,1896601,Tata Consumers
08-01-2018,314.7,319.2,312.2,317.6,2171903,Tata Consumers
09-01-2018,317.6,319.7,314,315.3,2411068,Tata Consumers
10-01-2018,315,319.1,312.6,314.1,2517494,Tata Consumers
11-01-2018,314,316.7,311.8,313.3,3481728,Tata Consumers
12-01-2018,315.1,328.4,315,325.8,14484043,Tata Consumers
15-01-2018,327.7,328.8,321.7,323,4519030,Tata Consumers
16-01-2018,323,326.9,311.5,316.4,4683847,Tata Consumers
17-01-2018,313.9,317,307.6,313.6,3742677,Tata Consumers
18-01-2018,315.1,315.8,301.4,305.5,3408593,Tata Consumers
19-01-2018,306,310,301,308.4,3653286,Tata Consumers
22-01-2018,307.1,315,306.6,308.9,3278437,Tata Consumers
23-01-2018,310.7,310.7,304.1,307.2,4416130,Tata Consumers
24-01-2018,306,310.7,302.8,304.3,2154759,Tata Consumers
25-01-2018,304,311.3,301.7,304.3,3631793,Tata Consumers
29-01-2018,305.3,306.8,300.7,301.8,1806919,Tata Consumers
30-01-2018,301,307.3,299.5,304,2590100,Tata Consumers
31-01-2018,302.9,303.7,286.1,290.7,5397599,Tata Consumers
01-02-2018,290.3,294.9,278.6,288.4,4593306,Tata Consumers
02-02-2018,284,285,260.3,274.9,6697007,Tata Consumers
05-02-2018,265.1,276.9,255.2,273.1,6833906,Tata Consumers
06-02-2018,259,270.3,253.3,266.7,7044561,Tata Consumers
07-02-2018,270,284.4,270,280.2,8055761,Tata Consumers
08-02-2018,282,286.5,276.1,280.5,5863983,Tata Consumers
09-02-2018,271.1,279.8,271.1,278.3,3121544,Tata Consumers
12-02-2018,282.4,289.6,279.7,285.1,4583181,Tata Consumers
14-02-2018,288,289,280.9,282,2455660,Tata Consumers
15-02-2018,284.4,285.3,276,279.1,1807307,Tata Consumers
16-02-2018,280.3,282.8,274.2,275.6,1925414,Tata Consumers
19-02-2018,277,277.1,263,268,2620461,Tata Consumers
20-02-2018,268.7,274.2,261.7,262.9,5120799,Tata Consumers
21-02-2018,265,268.9,262.2,266.6,3638163,Tata Consumers
22-02-2018,266,269.9,261.1,262.2,5466484,Tata Consumers
23-02-2018,264.2,271.9,263,270.7,3895920,Tata Consumers
26-02-2018,273.6,274.8,271.6,273.5,3672359,Tata Consumers
27-02-2018,275,279.7,273.1,275,4778178,Tata Consumers
28-02-2018,273,277,272,275.5,2808234,Tata Consumers
01-03-2018,275,277.4,274.1,274.9,2322191,Tata Consumers
05-03-2018,274.8,277,270.6,275.7,4680138,Tata Consumers
06-03-2018,276.7,283.1,271.5,274.2,6601857,Tata Consumers
07-03-2018,272,274.5,265.2,268.9,4847214,Tata Consumers
08-03-2018,270.5,274.2,265,273.4,2246589,Tata Consumers
09-03-2018,275.9,275.9,266.6,268.4,1614381,Tata Consumers
12-03-2018,270,276.7,269.7,276.1,2583575,Tata Consumers
13-03-2018,278.1,281.3,273.2,278.2,3095190,Tata Consumers
14-03-2018,275.3,281.3,275.3,278.5,2056369,Tata Consumers
15-03-2018,278,284.4,277.3,279.6,2877987,Tata Consumers
16-03-2018,280.8,282.7,271.1,272.4,2762357,Tata Consumers
19-03-2018,272.6,273,258.4,260.6,3665423,Tata Consumers
20-03-2018,259.7,263.7,255.1,262.1,2855717,Tata Consumers
21-03-2018,265.3,266.3,262.2,263.2,1477158,Tata Consumers
22-03-2018,264.7,264.7,257.6,258.9,1681596,Tata Consumers
23-03-2018,251.1,258.9,250,257.9,2297852,Tata Consumers
26-03-2018,258.1,263.5,253.7,262.2,2440719,Tata Consumers
27-03-2018,264,265.8,260.8,263.8,3071911,Tata Consumers
28-03-2018,261.3,264,257.5,258.8,2283408,Tata Consumers
02-04-2018,259.4,278.4,259.4,277,6610831,Tata Consumers
03-04-2018,276,277.6,271.7,274.8,2613360,Tata Consumers
04-04-2018,276.7,279.1,269.6,270.3,3283985,Tata Consumers
05-04-2018,274.6,277,271.5,273,2658707,Tata Consumers
06-04-2018,274.8,275.7,271,272.7,1852060,Tata Consumers
09-04-2018,275,281.7,273,277.8,4623765,Tata Consumers
10-04-2018,280.2,280.7,274.1,275.5,2190930,Tata Consumers
11-04-2018,276.1,276.4,271.5,273.9,1996390,Tata Consumers
12-04-2018,273.9,277.8,271.7,273.9,2149205,Tata Consumers
13-04-2018,274,277.4,271.8,275.5,2196800,Tata Consumers
16-04-2018,274,280.2,272.6,279.7,3030999,Tata Consumers
17-04-2018,282,285.3,277.5,281,5799262,Tata Consumers
18-04-2018,282.3,287.5,279.3,284.1,4719061,Tata Consumers
19-04-2018,286,288.7,283.6,286.2,2434183,Tata Consumers
20-04-2018,286,288.8,283.7,286.3,2523492,Tata Consumers
23-04-2018,287.7,287.8,282.7,283.6,1687369,Tata Consumers
24-04-2018,283,288,281.8,283.2,2131466,Tata Consumers
25-04-2018,283.1,291.3,282.1,289.1,4804882,Tata Consumers
26-04-2018,292.5,293.7,288.8,291.2,4942803,Tata Consumers
27-04-2018,293.5,294.4,291.1,292.1,1858644,Tata Consumers
30-04-2018,293.9,298.5,292.1,297.6,3046154,Tata Consumers
02-05-2018,297.4,300,289.4,292.8,1857277,Tata Consumers
03-05-2018,292.8,292.8,283.1,286.7,2561225,Tata Consumers
04-05-2018,287.1,291.5,282.3,287.8,1399442,Tata Consumers
07-05-2018,288.8,295.5,287,294.2,1848551,Tata Consumers
08-05-2018,296,296.2,287.3,289.7,1720983,Tata Consumers
09-05-2018,289.6,294.4,288.6,292,1820409,Tata Consumers
10-05-2018,293,293,283.5,285.3,1446384,Tata Consumers
11-05-2018,284.4,290.5,284.4,287.5,1974327,Tata Consumers
14-05-2018,280,281.4,251.9,255.9,16822847,Tata Consumers
15-05-2018,256.5,259.5,240.8,242.7,9298329,Tata Consumers
16-05-2018,240,245.6,237.3,241.1,6328483,Tata Consumers
17-05-2018,243.5,249.3,242.5,247.5,7108750,Tata Consumers
18-05-2018,248.3,249,243.4,244.7,3297714,Tata Consumers
21-05-2018,244.1,248.4,240.6,243.6,3180360,Tata Consumers
22-05-2018,244,251.1,244,247.2,3175432,Tata Consumers
23-05-2018,246.5,252.4,245.6,250.2,4295785,Tata Consumers
24-05-2018,251,255.5,247.3,254.5,2921253,Tata Consumers
25-05-2018,252.2,259.4,252.2,257.9,2071496,Tata Consumers
28-05-2018,254.7,262.2,254.7,260.7,2649349,Tata Consumers
29-05-2018,257.4,262.7,257,257.5,2235734,Tata Consumers
30-05-2018,254,266,253.2,264.5,4154146,Tata Consumers
31-05-2018,267,272,260.7,269.2,3469905,Tata Consumers
01-06-2018,269.7,269.7,258.6,263.3,2622839,Tata Consumers
04-06-2018,265,265.4,253.5,255.3,1819147,Tata Consumers
05-06-2018,255.5,264.7,254.8,263.8,4208120,Tata Consumers
06-06-2018,262.8,266.7,260.4,265.8,2052017,Tata Consumers
07-06-2018,266.9,269.7,263.3,267.1,1527128,Tata Consumers
08-06-2018,263.7,269.4,263.6,267,1104173,Tata Consumers
11-06-2018,265.6,271.3,262.7,263.7,3538690,Tata Consumers
12-06-2018,262.8,268.4,262.8,267.6,1206633,Tata Consumers
13-06-2018,267,270.5,265.4,269.6,1232644,Tata Consumers
14-06-2018,269.8,278.8,268.2,277.8,3646744,Tata Consumers
15-06-2018,279.2,281,271.5,272.2,3133233,Tata Consumers
18-06-2018,271.6,276.9,269.2,275.4,1541522,Tata Consumers
19-06-2018,274.7,274.7,266.1,267.1,6224725,Tata Consumers
20-06-2018,263.7,264.8,257,260.9,3367252,Tata Consumers
21-06-2018,258.1,262.4,255.5,258.2,3020580,Tata Consumers
22-06-2018,257.9,263.6,256.5,262.1,2459832,Tata Consumers
25-06-2018,260.1,267,260.1,264.5,2103452,Tata Consumers
26-06-2018,264.8,269.7,263.3,267.4,2208389,Tata Consumers
27-06-2018,265.1,268.4,261.2,265.6,2234204,Tata Consumers
28-06-2018,263,268.3,261.5,264,4511203,Tata Consumers
29-06-2018,262.7,270.2,262.7,269.4,2077927,Tata Consumers
02-07-2018,271,273.1,263.3,264.5,3661633,Tata Consumers
03-07-2018,264.5,284.5,262.7,281,6676660,Tata Consumers
04-07-2018,281,281,275.4,277.3,3598212,Tata Consumers
05-07-2018,277.5,282.4,270,271.3,2338411,Tata Consumers
06-07-2018,269.8,273.3,265.7,266.3,2022333,Tata Consumers
09-07-2018,268.3,276.2,267,275.3,2267486,Tata Consumers
10-07-2018,275.9,277.8,272.6,274.8,1284523,Tata Consumers
11-07-2018,274.8,275.5,267.5,269.8,1407688,Tata Consumers
12-07-2018,270.4,272.5,264.4,265.2,2250217,Tata Consumers
13-07-2018,265,265.8,257.6,258.9,3357333,Tata Consumers
16-07-2018,257.9,257.9,242.1,243.3,3454849,Tata Consumers
17-07-2018,241.6,251.9,240.3,247.9,3158004,Tata Consumers
18-07-2018,248.4,249.6,232.7,238.7,3343525,Tata Consumers
19-07-2018,239.7,243.3,228.6,233.1,4223216,Tata Consumers
20-07-2018,231.3,241,231.3,238.6,3003282,Tata Consumers
23-07-2018,238.9,244.3,235.3,243.3,2351769,Tata Consumers
24-07-2018,244,249.2,241.9,246.3,2278457,Tata Consumers
25-07-2018,248.5,248.5,235.8,236.9,2310430,Tata Consumers
26-07-2018,235.9,243,234.5,239.1,3996921,Tata Consumers
27-07-2018,241,244,239.2,242.3,1581985,Tata Consumers
30-07-2018,243.7,247,240.9,242.2,1867720,Tata Consumers
31-07-2018,243.4,249.7,241.5,246.9,4422342,Tata Consumers
01-08-2018,248.7,255,234.4,235.7,13272609,Tata Consumers
02-08-2018,232.5,238.1,230.4,235.5,5700851,Tata Consumers
03-08-2018,236,239,232,234.7,3357945,Tata Consumers
06-08-2018,235.2,240.5,234.2,239.5,2560616,Tata Consumers
07-08-2018,241,241.6,235.3,237.6,1963538,Tata Consumers
08-08-2018,237.3,240.5,235.1,236.4,1807313,Tata Consumers
09-08-2018,236.7,239.9,235.3,237.3,1127248,Tata Consumers
10-08-2018,237.3,238,231.1,233.6,2035594,Tata Consumers
13-08-2018,233,236.5,232.3,234.6,1948583,Tata Consumers
14-08-2018,235,238.5,235,237.6,1885288,Tata Consumers
16-08-2018,236.1,242,236,239.4,2551480,Tata Consumers
17-08-2018,240.8,244.5,239.2,243,2838238,Tata Consumers
20-08-2018,244,247,243,245.2,1690225,Tata Consumers
21-08-2018,246.9,246.9,239.3,240.6,3272005,Tata Consumers
23-08-2018,240.3,240.6,233.1,235.5,1553953,Tata Consumers
24-08-2018,234.5,237.2,230.2,231,1838417,Tata Consumers
27-08-2018,231.8,239.4,231.1,237.1,1990020,Tata Consumers
28-08-2018,237,239.3,231.3,233.4,2374782,Tata Consumers
29-08-2018,233.9,237.7,232.7,234.6,1394661,Tata Consumers
30-08-2018,235.4,237.3,232.1,236,1921327,Tata Consumers
31-08-2018,237,239.8,233,234.3,3353833,Tata Consumers
03-09-2018,236,243.6,235.1,236.7,5242852,Tata Consumers
04-09-2018,238.2,238.2,222.6,223.7,3554859,Tata Consumers
05-09-2018,222,224.6,215.2,222.4,3023097,Tata Consumers
06-09-2018,224,225,218.2,221.1,1738824,Tata Consumers
07-09-2018,221,224.5,219.1,223,1232507,Tata Consumers
10-09-2018,222.5,235.2,220.7,222,7514106,Tata Consumers
11-09-2018,222.5,225.4,214.9,216,3508990,Tata Consumers
12-09-2018,216.4,223.7,212.7,222.7,4570939,Tata Consumers
14-09-2018,223.5,236.7,223.3,234,6377909,Tata Consumers
17-09-2018,233.2,238,230.3,236.6,3170894,Tata Consumers
18-09-2018,237.9,239.3,233.5,235.1,2614794,Tata Consumers
19-09-2018,236,237.2,233.5,234.9,1362058,Tata Consumers
21-09-2018,235,237,228,234.6,5395319,Tata Consumers
24-09-2018,233.6,239.2,230.8,233.3,3423509,Tata Consumers
25-09-2018,233.3,236.8,232,236.1,2349368,Tata Consumers
26-09-2018,240,240,232.5,234.3,2240909,Tata Consumers
27-09-2018,234.6,236.8,231.1,233.3,5082859,Tata Consumers
28-09-2018,234.1,236,230.2,233.8,3069914,Tata Consumers
01-10-2018,234.6,234.6,221.1,230.9,1534749,Tata Consumers
03-10-2018,230,237.5,225.8,227.6,1708590,Tata Consumers
04-10-2018,223.5,227.8,216.2,218.2,1728786,Tata Consumers
05-10-2018,217,218.6,205.9,209.2,3519515,Tata Consumers
08-10-2018,208,222.3,206.9,215.2,4642146,Tata Consumers
09-10-2018,215.5,219.2,209.6,216.5,1844462,Tata Consumers
10-10-2018,215,229.7,215,228.4,2919278,Tata Consumers
11-10-2018,215,229.7,215,224.6,1293881,Tata Consumers
12-10-2018,226.3,232.4,225.5,229.1,1165527,Tata Consumers
15-10-2018,229.7,237,226.8,234.9,1224339,Tata Consumers
16-10-2018,237.1,237.7,233.1,235.5,1723113,Tata Consumers
17-10-2018,237.7,240.8,229.5,231.1,2945914,Tata Consumers
19-10-2018,230.3,232.7,225.5,227.2,1527904,Tata Consumers
22-10-2018,229.5,231.6,222,223.3,3529711,Tata Consumers
23-10-2018,221.1,222.2,214.8,218.3,1416279,Tata Consumers
24-10-2018,220.1,221.3,217.1,219.8,2171956,Tata Consumers
25-10-2018,217.9,224.7,216,222.1,3288126,Tata Consumers
26-10-2018,223,223,215.8,217.6,1254856,Tata Consumers
29-10-2018,217,221.5,217,220,966687,Tata Consumers
30-10-2018,220.9,228.8,219.4,227.3,2230812,Tata Consumers
31-10-2018,218.2,220.9,205,217.9,9609975,Tata Consumers
01-11-2018,218,220.5,216.4,217.8,2117862,Tata Consumers
02-11-2018,220,223.5,216.9,217.7,1701852,Tata Consumers
05-11-2018,217.5,221.4,217.1,219.8,977010,Tata Consumers
06-11-2018,220.8,221.8,213.2,213.8,1114288,Tata Consumers
09-11-2018,215,215.6,208.6,209.5,3291284,Tata Consumers
12-11-2018,211,217,210.2,214.7,2554231,Tata Consumers
13-11-2018,214,221.2,211.8,220,1773622,Tata Consumers
14-11-2018,220.6,221.5,216.5,217.4,1316163,Tata Consumers
15-11-2018,218,222.5,216.7,221.5,1146455,Tata Consumers
16-11-2018,221.5,224.3,218.6,221.8,817962,Tata Consumers
19-11-2018,222,225.5,221.5,224.2,904579,Tata Consumers
20-11-2018,223,224.9,215,216,913551,Tata Consumers
21-11-2018,215,220.5,215,219,1168853,Tata Consumers
22-11-2018,219,219.7,214.8,215.9,967411,Tata Consumers
26-11-2018,217.5,218.9,213,217.7,1452206,Tata Consumers
27-11-2018,219,220,214,217.8,1863491,Tata Consumers
28-11-2018,217.4,221.5,215.2,216,977424,Tata Consumers
29-11-2018,217,220.7,213.9,218.8,2173966,Tata Consumers
30-11-2018,216.3,220.6,216.3,218.7,1044674,Tata Consumers
03-12-2018,218.5,219.2,214.3,214.8,1099033,Tata Consumers
04-12-2018,214.8,216.8,208.8,209.5,1908684,Tata Consumers
05-12-2018,209,212.5,205.4,211.7,3055629,Tata Consumers
06-12-2018,210.5,211.7,207,208.2,1270790,Tata Consumers
07-12-2018,208.6,209.5,203.3,206.6,1422582,Tata Consumers
10-12-2018,203,209.6,197.1,198.2,2514120,Tata Consumers
11-12-2018,195,203.8,195,202.9,1818568,Tata Consumers
12-12-2018,203.2,213.9,203,213,1755046,Tata Consumers
13-12-2018,213.4,215.7,210.3,212.4,1196911,Tata Consumers
14-12-2018,212,213.4,210,212.4,860565,Tata Consumers
17-12-2018,212.8,213.4,209.5,210.1,1303397,Tata Consumers
18-12-2018,209.8,213.5,209,210.1,1395195,Tata Consumers
19-12-2018,210.6,214.7,209.6,210.2,2459567,Tata Consumers
20-12-2018,209.5,213.1,208.6,210.2,1263237,Tata Consumers
21-12-2018,211,219.6,210.8,215.4,5654362,Tata Consumers
24-12-2018,215.6,224,215.4,219.1,5808490,Tata Consumers
26-12-2018,220.4,220.4,212.4,218.6,1598566,Tata Consumers
27-12-2018,221.8,224.9,215.2,220.1,9509683,Tata Consumers
28-12-2018,221.8,223.3,219.6,220.8,2263147,Tata Consumers
31-12-2018,222,223.7,218.9,219.4,965858,Tata Consumers
01-01-2019,220,221.1,218.1,219.1,716275,Tata Consumers
02-01-2019,219,220.4,213.6,214.6,1081778,Tata Consumers
03-01-2019,215,215.4,209.9,210.1,2096553,Tata Consumers
04-01-2019,210.6,214.9,210,213.8,1213181,Tata Consumers
07-01-2019,214.6,217,214,215,871903,Tata Consumers
08-01-2019,214.6,216.2,212.7,215.2,590293,Tata Consumers
09-01-2019,216,216.7,210.7,212.6,908322,Tata Consumers
10-01-2019,212.1,215.2,212.1,214.2,715378,Tata Consumers
11-01-2019,214,215.3,211.3,211.9,698106,Tata Consumers
14-01-2019,211.8,214.3,209.7,213.5,1036107,Tata Consumers
15-01-2019,213.1,215.3,212.6,214.3,649313,Tata Consumers
16-01-2019,214.4,219.2,213.9,216.5,1088457,Tata Consumers
17-01-2019,216.5,218.8,215.1,218.2,1267904,Tata Consumers
18-01-2019,218.4,218.5,213.7,216.3,771653,Tata Consumers
21-01-2019,216.2,217,210,210.5,1005521,Tata Consumers
22-01-2019,209.7,212.6,209.2,212.1,682384,Tata Consumers
23-01-2019,211.5,214.8,210,210.6,937183,Tata Consumers
24-01-2019,212.1,212.7,209.5,210.8,1059068,Tata Consumers
25-01-2019,211,212.1,206.1,207.1,1723705,Tata Consumers
28-01-2019,207,210.3,201.4,209.3,1629992,Tata Consumers
29-01-2019,210,210.4,202.2,204.9,1325502,Tata Consumers
30-01-2019,203.8,206.6,201.9,204.5,1407845,Tata Consumers
31-01-2019,205.8,206,200.8,203.8,2584783,Tata Consumers
01-02-2019,203.8,207.8,201.7,204.1,948332,Tata Consumers
04-02-2019,203.5,204.5,198,199.9,1115503,Tata Consumers
05-02-2019,198.5,200.1,179.3,186,8331711,Tata Consumers
06-02-2019,184,189.8,178.1,188.5,3459646,Tata Consumers
07-02-2019,188.3,192.5,186.7,191.1,1968302,Tata Consumers
08-02-2019,190,191.5,184.4,185.7,1280248,Tata Consumers
11-02-2019,185.9,186,177.1,179.8,3460117,Tata Consumers
12-02-2019,179.1,189,178.6,186.6,2805228,Tata Consumers
13-02-2019,187,187.7,182.9,185,1618836,Tata Consumers
14-02-2019,183.2,190.4,183,188.9,997833,Tata Consumers
15-02-2019,191,191,184.2,186.2,1624523,Tata Consumers
19-02-2019,182.6,188.8,182.3,184.5,984628,Tata Consumers
20-02-2019,184.5,189.3,184.5,188.7,993170,Tata Consumers
21-02-2019,188,194.9,187.6,190.7,2511829,Tata Consumers
22-02-2019,190,192.1,188.1,189.3,1243941,Tata Consumers
25-02-2019,190.1,193.2,188.6,191.1,1373833,Tata Consumers
26-02-2019,189.8,192.3,185.4,191.7,1271388,Tata Consumers
27-02-2019,192,195,190.1,192.7,1816786,Tata Consumers
28-02-2019,192.4,195,191.6,193.7,1090108,Tata Consumers
01-03-2019,194,197.9,193.2,197.3,1292085,Tata Consumers
05-03-2019,197.6,199.9,196.6,197.6,1910560,Tata Consumers
06-03-2019,198.5,203.3,196.1,198,1716592,Tata Consumers
07-03-2019,198.8,199.9,196.2,196.6,933729,Tata Consumers
08-03-2019,196,197.6,192.6,193.2,1542933,Tata Consumers
11-03-2019,192.1,203,192.1,202.5,3592265,Tata Consumers
12-03-2019,204.5,206.2,203.2,204.9,1991333,Tata Consumers
13-03-2019,206,208.8,202.3,202.9,2690181,Tata Consumers
14-03-2019,204,211.8,203,206.2,6563662,Tata Consumers
15-03-2019,207.4,208.6,202.4,203.2,2025761,Tata Consumers
18-03-2019,204.9,205,198.6,200.3,1608207,Tata Consumers
19-03-2019,200.6,205.5,200.3,203.3,1792277,Tata Consumers
20-03-2019,203.9,204,197.2,198.1,2158406,Tata Consumers
22-03-2019,199.3,201.9,195.2,195.8,1298095,Tata Consumers
25-03-2019,195,199.5,193.6,196.7,1658129,Tata Consumers
26-03-2019,195.7,197.5,194.1,196.1,1154541,Tata Consumers
27-03-2019,196.5,200.2,195.1,196.6,1962815,Tata Consumers
28-03-2019,197.5,200.6,196.8,199,1586111,Tata Consumers
29-03-2019,199,206.2,198.9,204,2889335,Tata Consumers
01-04-2019,204.6,209.3,204.2,208.1,1915582,Tata Consumers
02-04-2019,208,214.7,207.6,211.9,3913611,Tata Consumers
03-04-2019,212.7,213.2,207.4,208.4,2330970,Tata Consumers
04-04-2019,208.4,212.4,205.7,211.4,2089235,Tata Consumers
05-04-2019,211.4,215.5,210.1,211.3,2761691,Tata Consumers
08-04-2019,212,214.7,210,211.7,1557504,Tata Consumers
09-04-2019,211.9,211.9,208,210.3,827540,Tata Consumers
10-04-2019,208.1,211.9,207.8,208.8,1142036,Tata Consumers
11-04-2019,208.7,215.3,208.6,214.6,2439649,Tata Consumers
12-04-2019,216,217.3,213.1,215.2,2620746,Tata Consumers
15-04-2019,216.5,218.7,213.9,216.7,2673514,Tata Consumers
16-04-2019,217.4,217.4,214.6,215.7,1143488,Tata Consumers
18-04-2019,215.7,216.8,207.3,208.9,2818804,Tata Consumers
22-04-2019,208.2,213.5,208,209.4,2003793,Tata Consumers
23-04-2019,209.8,210.9,204,209.6,3217791,Tata Consumers
24-04-2019,204,212,200.7,208.9,9668429,Tata Consumers
25-04-2019,209.4,212.9,207.3,211.2,3228599,Tata Consumers
26-04-2019,213,216.9,209.7,213.2,2510185,Tata Consumers
30-04-2019,211,213.1,207.3,209.2,2370602,Tata Consumers
02-05-2019,208.1,210.1,205.1,206.3,2271545,Tata Consumers
03-05-2019,205.9,207.5,203.4,204,1639544,Tata Consumers
06-05-2019,202.9,206,202.1,202.7,1068557,Tata Consumers
07-05-2019,203.1,206,198.8,199.8,1453964,Tata Consumers
08-05-2019,200,202.3,198.3,199.5,1452184,Tata Consumers
09-05-2019,199.3,201,195.1,198.6,1365985,Tata Consumers
10-05-2019,198.6,201.4,197.6,198.5,1246805,Tata Consumers
13-05-2019,197.3,204.3,197,199.9,2827684,Tata Consumers
14-05-2019,202,204.9,197.3,200.3,4190535,Tata Consumers
15-05-2019,202.3,204.9,198.1,199.3,2581825,Tata Consumers
16-05-2019,207,223,197.2,220.8,27398307,Tata Consumers
17-05-2019,220,238.3,218.6,235.4,17955568,Tata Consumers
20-05-2019,239.8,242,231.5,235.9,7507001,Tata Consumers
21-05-2019,235,237,229.7,232.5,4396346,Tata Consumers
22-05-2019,233,236,230.2,234.1,3274093,Tata Consumers
23-05-2019,238,238,229.2,230.3,3287277,Tata Consumers
24-05-2019,230.7,236.4,227.9,234.9,2395433,Tata Consumers
27-05-2019,237.2,237.5,232.3,233.4,1832951,Tata Consumers
28-05-2019,235.4,243.8,233.8,237.3,4121336,Tata Consumers
29-05-2019,236.9,239.9,232.4,234.4,2445735,Tata Consumers
30-05-2019,234.1,238.2,233,236.9,1442935,Tata Consumers
31-05-2019,237,246.3,235.4,244,6568324,Tata Consumers
03-06-2019,245,247.4,242.3,245,3279574,Tata Consumers
04-06-2019,244.6,258.7,244,253.5,10943654,Tata Consumers
06-06-2019,253,257.4,246.8,252.5,5822991,Tata Consumers
07-06-2019,251.5,259.9,247.7,257,6012221,Tata Consumers
10-06-2019,257,259.1,250.7,252.7,3098985,Tata Consumers
11-06-2019,253.5,256.7,250.6,255.4,2440220,Tata Consumers
12-06-2019,254.8,257.5,253.3,255.2,2028664,Tata Consumers
13-06-2019,255.2,255.9,251.2,253.9,1232935,Tata Consumers
14-06-2019,253,254.9,246.1,247.1,1914763,Tata Consumers
17-06-2019,246.5,251.8,243.4,245.7,1818946,Tata Consumers
18-06-2019,246.3,248.7,245.1,247.8,1752118,Tata Consumers
19-06-2019,248.6,250.2,243.2,245.3,2503805,Tata Consumers
20-06-2019,244.9,256.8,244.7,255.9,4602715,Tata Consumers
21-06-2019,255.9,264,253.5,261.8,3760383,Tata Consumers
24-06-2019,261,263,256.8,260,2281154,Tata Consumers
25-06-2019,260,260.7,256.9,259.2,1699986,Tata Consumers
26-06-2019,260,275,258.3,272.7,8391203,Tata Consumers
27-06-2019,274,277.4,269.3,273.8,3685617,Tata Consumers
28-06-2019,273.8,273.8,267.5,269.7,2322676,Tata Consumers
01-07-2019,270.1,272.7,268.5,271.6,1425361,Tata Consumers
02-07-2019,273.3,275,269.5,271.8,1702477,Tata Consumers
03-07-2019,271,273.9,270,271.7,1027844,Tata Consumers
04-07-2019,272.2,273,268.6,269.7,2067702,Tata Consumers
05-07-2019,270,272.2,263.3,266.6,1804483,Tata Consumers
08-07-2019,265,267,260.6,263.6,1429701,Tata Consumers
09-07-2019,263.1,266.3,261.5,263.6,1723027,Tata Consumers
10-07-2019,263.3,264.7,250.3,251.7,2861877,Tata Consumers
11-07-2019,253,259.6,252.2,256,2071153,Tata Consumers
12-07-2019,255,260.2,253.2,258,1087977,Tata Consumers
15-07-2019,260,260,253.5,254.3,1832470,Tata Consumers
16-07-2019,254.3,261,254,259.6,1245709,Tata Consumers
17-07-2019,258.7,263.5,256,257,2631378,Tata Consumers
18-07-2019,256.7,258.8,254.3,255.1,1082809,Tata Consumers
19-07-2019,256,256.4,245.6,248.9,2750857,Tata Consumers
22-07-2019,249,255.5,247.1,251.6,1740529,Tata Consumers
23-07-2019,250,253.3,249,250.4,1441755,Tata Consumers
24-07-2019,250,252.1,248,249.9,1761267,Tata Consumers
25-07-2019,249.8,254.6,249.3,251.6,1509879,Tata Consumers
26-07-2019,252,260.5,250.4,258.4,2006636,Tata Consumers
29-07-2019,258.5,260,252.6,256,1208093,Tata Consumers
30-07-2019,257,259.2,247.7,249.7,1577476,Tata Consumers
31-07-2019,247,254.5,245.7,251.6,1479989,Tata Consumers
01-08-2019,252,262.5,250.5,258.8,5362278,Tata Consumers
02-08-2019,258.7,269.8,254.4,265.6,3587924,Tata Consumers
05-08-2019,264.4,266.4,259.7,260.9,2298112,Tata Consumers
06-08-2019,262,273.2,262,270.6,2899938,Tata Consumers
07-08-2019,271.3,274.4,268.4,269.4,1761095,Tata Consumers
08-08-2019,271.5,272.7,266.9,270.9,1823157,Tata Consumers
09-08-2019,272,273.9,264.8,265.5,2192096,Tata Consumers
13-08-2019,264.5,268.1,261.8,263.6,1060200,Tata Consumers
14-08-2019,264.1,269.7,261.2,267,1331862,Tata Consumers
16-08-2019,265.9,269.5,263.8,266.9,823258,Tata Consumers
19-08-2019,267.4,271,266.2,268.2,1332431,Tata Consumers
20-08-2019,269,270.4,263.7,265.9,600434,Tata Consumers
21-08-2019,266,266,259.6,261.5,1222492,Tata Consumers
22-08-2019,261,262.9,256.7,258.7,864809,Tata Consumers
23-08-2019,259.6,267.3,256.9,266,1376595,Tata Consumers
26-08-2019,269.3,273.9,265.8,269.1,1791288,Tata Consumers
27-08-2019,270,271.3,264.9,266.4,1420227,Tata Consumers
28-08-2019,270,281.3,267.6,280.1,7632634,Tata Consumers
29-08-2019,281,282,271.5,274.6,4231503,Tata Consumers
30-08-2019,275.5,280.5,274.9,278.5,2714305,Tata Consumers
03-09-2019,277,279.6,270.2,271.2,1619484,Tata Consumers
04-09-2019,272,272.9,262.4,267,2261160,Tata Consumers
05-09-2019,268,269.3,263.5,264.5,1401218,Tata Consumers
06-09-2019,265,266.3,259.6,262.8,1255736,Tata Consumers
09-09-2019,263.5,267.4,261.7,263.8,2640504,Tata Consumers
11-09-2019,266,267.8,257.2,259.4,2667978,Tata Consumers
12-09-2019,259.8,263.9,258.2,262.3,2744024,Tata Consumers
13-09-2019,263.9,264.5,256,259,3050128,Tata Consumers
16-09-2019,256.5,259.4,255.7,257.5,1044609,Tata Consumers
17-09-2019,258,260.8,255,256.3,2237086,Tata Consumers
18-09-2019,258,261.4,253.5,259.8,2360120,Tata Consumers
19-09-2019,259.7,259.7,250.7,254.5,3546569,Tata Consumers
20-09-2019,254.1,270.7,250,267.4,4803062,Tata Consumers
23-09-2019,266,277,265.2,273.7,9811055,Tata Consumers
24-09-2019,274,277.5,272,275,2160946,Tata Consumers
25-09-2019,274.5,281.3,271.3,279.5,3273970,Tata Consumers
26-09-2019,281.9,284.9,277.2,279.9,4937972,Tata Consumers
27-09-2019,279.9,287.7,278.6,282,4289026,Tata Consumers
30-09-2019,282,282,275.4,276,2057195,Tata Consumers
01-10-2019,276,276.9,267.4,270.7,3532083,Tata Consumers
03-10-2019,270,274.4,268.5,272.8,1509727,Tata Consumers
04-10-2019,274.1,274.9,262.7,266.2,3182068,Tata Consumers
07-10-2019,267.8,269.1,262.9,265.7,1072461,Tata Consumers
09-10-2019,266.1,271.7,264.3,270,2022400,Tata Consumers
10-10-2019,269.9,272.5,265.1,266.7,880540,Tata Consumers
11-10-2019,268.3,273.9,265.9,272.1,3586098,Tata Consumers
14-10-2019,274,277.8,273,275.8,2040226,Tata Consumers
15-10-2019,277.5,278.5,273.8,277.8,1009890,Tata Consumers
16-10-2019,277.9,279,273.7,275.6,814304,Tata Consumers
17-10-2019,276.4,280.3,271.8,279.5,1981158,Tata Consumers
18-10-2019,279.4,285.2,275.8,282,3298797,Tata Consumers
22-10-2019,283.4,287.9,280.6,281.8,1998064,Tata Consumers
23-10-2019,284,284.6,277,278.9,1218611,Tata Consumers
24-10-2019,279,285,278.1,281.1,1320404,Tata Consumers
25-10-2019,282,282,277.4,279.6,1338263,Tata Consumers
27-10-2019,279.6,281.7,278.2,280,277638,Tata Consumers
29-10-2019,281.9,288,278.7,283.4,2690746,Tata Consumers
30-10-2019,288,295,284.7,291.8,5628792,Tata Consumers
31-10-2019,290,319.8,283.7,317,21060789,Tata Consumers
01-11-2019,316.8,322.5,304.3,305,9141707,Tata Consumers
04-11-2019,305.1,312.3,301.4,306.6,5879974,Tata Consumers
05-11-2019,306.6,308.2,299.6,300.5,2621087,Tata Consumers
06-11-2019,300,305.8,299,299.9,3708046,Tata Consumers
07-11-2019,300.5,302.5,296.3,300.9,2003799,Tata Consumers
08-11-2019,299,299,294,295.2,4689759,Tata Consumers
11-11-2019,292,297.5,292,295,3794293,Tata Consumers
13-11-2019,296.2,296.7,287.4,289.5,2579434,Tata Consumers
14-11-2019,287,296.9,285.3,295.5,4984429,Tata Consumers
15-11-2019,295.6,302.5,295.6,297.8,3644187,Tata Consumers
18-11-2019,296.5,307,296.5,305.3,3635065,Tata Consumers
19-11-2019,306.5,308.4,300.9,302.5,1672538,Tata Consumers
20-11-2019,304.9,307.9,301,306.8,2044550,Tata Consumers
21-11-2019,306.8,312,300.4,301.8,2983373,Tata Consumers
22-11-2019,303,303,296.7,299.6,2167799,Tata Consumers
25-11-2019,299.9,305.7,299.1,302.2,1483132,Tata Consumers
26-11-2019,303.8,305.1,298.1,299.5,2171513,Tata Consumers
27-11-2019,301,308.7,298.7,307.4,2647248,Tata Consumers
28-11-2019,308.1,321.8,307.5,318.7,8388284,Tata Consumers
29-11-2019,318,324.9,314.6,323.2,4891923,Tata Consumers
03-12-2019,316.2,316.8,310.2,314.4,1564692,Tata Consumers
04-12-2019,312.2,320,311.7,318.9,1659772,Tata Consumers
05-12-2019,321.3,322,312.5,315.6,2887465,Tata Consumers
06-12-2019,316,319.9,312.5,313.8,1692801,Tata Consumers
09-12-2019,312.1,317,311.6,315.5,1118398,Tata Consumers
10-12-2019,316,317,311.4,312.9,1292439,Tata Consumers
11-12-2019,311.5,315.5,309.4,314.4,1854516,Tata Consumers
12-12-2019,314.6,327.6,314.4,323.6,5568413,Tata Consumers
13-12-2019,323.9,330.1,321.6,328.1,4606412,Tata Consumers
16-12-2019,329,329.4,320.6,322.3,2144758,Tata Consumers
17-12-2019,323.8,329.9,322.6,325.2,2918086,Tata Consumers
18-12-2019,325,326.5,304.6,312.4,4790723,Tata Consumers
19-12-2019,312.4,316.4,309.1,314,5360691,Tata Consumers
20-12-2019,313.4,315,311.3,312.7,1799384,Tata Consumers
23-12-2019,318.2,322.9,313.7,314.9,6065714,Tata Consumers
24-12-2019,315.1,318.4,312.5,315.4,1933222,Tata Consumers
26-12-2019,315,319.7,312.1,312.9,3323173,Tata Consumers
27-12-2019,314,319.5,313,318.5,2357762,Tata Consumers
30-12-2019,318.5,322.8,317.1,321.4,2910244,Tata Consumers
31-12-2019,321.4,326,319.6,321.4,2616389,Tata Consumers
01-01-2020,321.4,324.8,318.7,323.9,1514293,Tata Consumers
02-01-2020,323.6,327.5,321.1,323.4,3091351,Tata Consumers
03-01-2020,323.8,323.8,317,318.2,1718884,Tata Consumers
06-01-2020,315.3,318.2,310.4,312.1,1712158,Tata Consumers
07-01-2020,314,319.4,312,314.9,2146089,Tata Consumers
08-01-2020,312.2,317.4,311.5,316.3,1521535,Tata Consumers
09-01-2020,318.1,330,317.4,328.6,4302141,Tata Consumers
10-01-2020,329.9,343.3,329.1,341.4,10109760,Tata Consumers
13-01-2020,343,353.9,342.1,353,7399348,Tata Consumers
14-01-2020,360.5,392,358,389.6,44997621,Tata Consumers
15-01-2020,389.5,396,385,391.5,24437080,Tata Consumers
16-01-2020,392.5,393,382.2,384.3,12118796,Tata Consumers
17-01-2020,383.7,384,376.6,380.3,5495593,Tata Consumers
20-01-2020,380.3,385.5,377.1,383.2,7618479,Tata Consumers
21-01-2020,382,389.4,379.1,385.8,5981471,Tata Consumers
22-01-2020,388.9,388.9,382.2,385.1,4148230,Tata Consumers
23-01-2020,385,399.5,383.4,393.3,11073810,Tata Consumers
24-01-2020,394.8,394.8,383.8,384.6,6033580,Tata Consumers
27-01-2020,383.8,389.4,380.5,382.4,3735041,Tata Consumers
28-01-2020,382.8,387.6,378.3,380.7,2710063,Tata Consumers
29-01-2020,384.9,393.3,382.3,383.5,6500722,Tata Consumers
30-01-2020,385.7,385.8,380.2,381.6,2297423,Tata Consumers
31-01-2020,382.6,386.7,380,383.4,2681230,Tata Consumers
01-02-2020,383,388.5,370,374.9,2431652,Tata Consumers
03-02-2020,373.8,382,367.5,378.9,3318729,Tata Consumers
04-02-2020,384,384,375.6,379.9,5327138,Tata Consumers
05-02-2020,382,408,381,394.6,23579395,Tata Consumers
06-02-2020,396,397.4,387.4,392.1,4985380,Tata Consumers
07-02-2020,391.1,404,390.6,396.7,11308676,Tata Consumers
10-02-2020,398.5,398.5,388.4,392.3,3145276,Tata Consumers
11-02-2020,395,399,389.3,390.6,4171668,Tata Consumers
12-02-2020,391.7,396.8,391.6,395.2,4018932,Tata Consumers
13-02-2020,394.6,397.9,389.6,392.6,2860031,Tata Consumers
14-02-2020,393,400,390.5,396.9,4733600,Tata Consumers
17-02-2020,397.7,401.9,375.9,381.1,9537335,Tata Consumers
18-02-2020,380,386.5,373.2,382,7402772,Tata Consumers
19-02-2020,383,386.4,377.6,383.2,4326781,Tata Consumers
20-02-2020,383.2,385,379.1,380.5,5137245,Tata Consumers
24-02-2020,378.9,379.9,367.8,369.1,3017687,Tata Consumers
25-02-2020,370.5,374,365.6,369,3659466,Tata Consumers
26-02-2020,367.6,370.2,361.2,365.7,2808589,Tata Consumers
27-02-2020,364.1,365.7,360.3,363.3,1827751,Tata Consumers
28-02-2020,358,358,341.6,346.2,4494646,Tata Consumers
02-03-2020,351.1,355.3,333.6,338.8,3837169,Tata Consumers
03-03-2020,340.6,357.7,340.6,355.3,4204156,Tata Consumers
04-03-2020,356.2,357.6,339,349.2,2331888,Tata Consumers
05-03-2020,353.8,357.1,347,348.5,1890082,Tata Consumers
06-03-2020,340,346.9,334.2,344.5,4469801,Tata Consumers
09-03-2020,338,340.9,319.2,330.1,5653412,Tata Consumers
11-03-2020,326.9,337.8,325,327.9,3475868,Tata Consumers
12-03-2020,320,320,297.2,303.5,5405030,Tata Consumers
13-03-2020,273.6,327.8,258,324.3,7428604,Tata Consumers
16-03-2020,305.3,314.3,296.6,300.3,3695163,Tata Consumers
17-03-2020,305,308.7,282,283.9,3307865,Tata Consumers
18-03-2020,285,288.6,262,267.5,4038726,Tata Consumers
19-03-2020,258,265.5,232.3,250.8,6319923,Tata Consumers
20-03-2020,247,273.4,244.5,264.2,3907691,Tata Consumers
23-03-2020,240,247.9,225,226.5,2922955,Tata Consumers
24-03-2020,249.2,256.1,213.7,249.1,6054692,Tata Consumers
25-03-2020,248.1,282.5,246.9,277.2,3964419,Tata Consumers
26-03-2020,279.5,293.6,263.5,279.1,3335026,Tata Consumers
27-03-2020,290,295,279.3,284.8,2980927,Tata Consumers
30-03-2020,282.5,284,272.7,281.4,2901726,Tata Consumers
31-03-2020,291.5,297,284.9,294.9,3270034,Tata Consumers
01-04-2020,292.9,304,277.4,280,5532600,Tata Consumers
03-04-2020,286,286,264,267.2,5990376,Tata Consumers
07-04-2020,280,286.8,271,284.6,6492026,Tata Consumers
08-04-2020,282.7,296,276.7,294.4,5331494,Tata Consumers
09-04-2020,301.4,319,300.2,309.1,7699408,Tata Consumers
13-04-2020,315,315,301.1,305.1,3699875,Tata Consumers
15-04-2020,311.1,322.8,305,315.7,5721837,Tata Consumers
16-04-2020,317.9,333.7,315.7,324.1,8211111,Tata Consumers
17-04-2020,335,336.4,316.9,324.5,4845929,Tata Consumers
20-04-2020,324.6,332.9,321.2,324.7,3621444,Tata Consumers
21-04-2020,318,320,311,312.4,3462477,Tata Consumers
22-04-2020,314.7,335.5,310,330.2,4645157,Tata Consumers
23-04-2020,338,339.8,325.3,330,3747888,Tata Consumers
24-04-2020,323,336.9,323,326.1,5438859,Tata Consumers
27-04-2020,332,351.4,331.3,349.4,7426428,Tata Consumers
28-04-2020,352.9,355.6,340.5,342.9,3767231,Tata Consumers
29-04-2020,343,356,343,354,3653520,Tata Consumers
30-04-2020,360,361.4,349.9,351.6,4760235,Tata Consumers
04-05-2020,340,347.2,333,335,3385502,Tata Consumers
05-05-2020,339,342.9,327.9,329.5,2833278,Tata Consumers
06-05-2020,331.5,341.2,325.7,335.6,3642689,Tata Consumers
07-05-2020,336,344.6,328.8,341.3,3605559,Tata Consumers
08-05-2020,347,355.5,344.1,348.8,3247803,Tata Consumers
11-05-2020,353.9,365,349.1,355,4792046,Tata Consumers
12-05-2020,354.5,363.3,346.7,358.7,3258000,Tata Consumers
13-05-2020,375,375,348.5,356.4,8536960,Tata Consumers
14-05-2020,350,364.5,350,362.8,5120949,Tata Consumers
15-05-2020,353.1,367.8,349.1,352.2,9452903,Tata Consumers
18-05-2020,351.2,355.8,343.4,347.1,4181455,Tata Consumers
19-05-2020,350.9,363,349.3,358.1,5696557,Tata Consumers
20-05-2020,359.6,363.8,356.6,360.8,3489683,Tata Consumers
21-05-2020,363.9,366.4,355.3,360.3,3883273,Tata Consumers
22-05-2020,361.6,367,356.2,362.5,3958853,Tata Consumers
26-05-2020,366.8,376.5,360,372,7728762,Tata Consumers
27-05-2020,374.6,375.7,362.2,368.6,3384200,Tata Consumers
28-05-2020,368,373.4,366,371.2,3390919,Tata Consumers
29-05-2020,370.6,382.8,357.4,366.9,63552596,Tata Consumers
01-06-2020,368.5,369.4,359.5,362.9,9637219,Tata Consumers
02-06-2020,362.9,370,361.3,367.5,2638814,Tata Consumers
03-06-2020,372,372,364.6,366.7,4027688,Tata Consumers
04-06-2020,369.5,383.5,366,381.5,4535656,Tata Consumers
05-06-2020,384,387.8,377,379.8,3140726,Tata Consumers
08-06-2020,384,386,377.6,379.5,1565959,Tata Consumers
09-06-2020,382,388.9,379.5,384.3,2635662,Tata Consumers
10-06-2020,386,394,380.2,384.7,3409853,Tata Consumers
11-06-2020,386,386.5,374.4,375.8,2856042,Tata Consumers
12-06-2020,365.1,373.1,365.1,371,3179903,Tata Consumers
15-06-2020,371.5,380,366.4,370,2293579,Tata Consumers
16-06-2020,376,378,360.3,369.1,2343185,Tata Consumers
17-06-2020,366,373.3,366,369.6,2556996,Tata Consumers
18-06-2020,367.8,374,365,372.2,1929542,Tata Consumers
19-06-2020,373.9,383,373.4,377.3,4249130,Tata Consumers
22-06-2020,383,385.2,377.6,381.1,2623145,Tata Consumers
23-06-2020,383.9,391.9,382,390.9,3834537,Tata Consumers
24-06-2020,391.9,394.9,379.4,383.1,3889495,Tata Consumers
25-06-2020,380,389.4,377.6,384,1961942,Tata Consumers
26-06-2020,387.1,389,382.5,385.7,1759164,Tata Consumers
29-06-2020,387.1,392.3,382.2,386.6,2764410,Tata Consumers
30-06-2020,388,391.8,385.9,387.5,1861565,Tata Consumers
01-07-2020,385,388.5,380.5,384.5,1611560,Tata Consumers
02-07-2020,385,395,384.6,390.8,2607208,Tata Consumers
03-07-2020,395,402.3,392.7,396.5,3223338,Tata Consumers
06-07-2020,400.1,408.5,397.3,405.7,4073356,Tata Consumers
07-07-2020,408.4,414.4,403.7,412.7,4088132,Tata Consumers
08-07-2020,416.2,436.3,414.9,432.4,6978409,Tata Consumers
09-07-2020,433.1,437.3,428.9,433.4,2808388,Tata Consumers
10-07-2020,429.6,437.8,428.7,430.1,3765369,Tata Consumers
13-07-2020,430.1,433.6,422,424.5,2552387,Tata Consumers
14-07-2020,420,426.5,417.5,419.4,3232206,Tata Consumers
15-07-2020,422.9,423.1,411.4,413.1,2076567,Tata Consumers
16-07-2020,415.4,415.8,407.2,410.3,2027081,Tata Consumers
17-07-2020,411.4,424.5,411,423,2740799,Tata Consumers
20-07-2020,426.7,426.7,418,423.1,1680913,Tata Consumers
21-07-2020,424,424.8,408.4,409.5,2752464,Tata Consumers
22-07-2020,410,417.4,404,407,2620408,Tata Consumers
23-07-2020,409.6,412.4,402.7,404.4,2992497,Tata Consumers
24-07-2020,404.7,415,402.4,408.5,3124083,Tata Consumers
27-07-2020,408.5,414,404.3,408.5,3132821,Tata Consumers
28-07-2020,410,416.4,409,413.1,3500424,Tata Consumers
29-07-2020,417,429.9,417,427.7,5938179,Tata Consumers
30-07-2020,430.4,432,421.6,424.9,1866344,Tata Consumers
31-07-2020,425,434,425,428.1,3115208,Tata Consumers
03-08-2020,429,440,427.7,434.1,2917293,Tata Consumers
04-08-2020,439.4,452.3,436,449.8,6816093,Tata Consumers
05-08-2020,465,471.8,440.3,447.6,20178367,Tata Consumers
06-08-2020,450,489,449.1,484.8,15882667,Tata Consumers
07-08-2020,487.6,530,482.7,518.6,30560093,Tata Consumers
10-08-2020,521,526,510.7,520.3,6832826,Tata Consumers
11-08-2020,524.5,527.9,514.3,515.9,4690415,Tata Consumers
12-08-2020,515.2,522,509.2,517.6,3883868,Tata Consumers
13-08-2020,520,543,518.6,539.1,7877240,Tata Consumers
14-08-2020,542,544.5,530.6,537.5,5922027,Tata Consumers
17-08-2020,541.2,548,538.3,543.8,5044208,Tata Consumers
18-08-2020,545.6,553.4,542.5,545.8,3328165,Tata Consumers
19-08-2020,547.5,551.1,542.4,548.2,3597625,Tata Consumers
20-08-2020,541.4,553.2,540.1,549.3,4812376,Tata Consumers
21-08-2020,553,557,544.2,545.8,2953395,Tata Consumers
24-08-2020,546.5,550,543.6,545.6,2123227,Tata Consumers
25-08-2020,547.4,547.7,541.3,545.6,1850495,Tata Consumers
26-08-2020,544.9,561.4,544.7,549.2,5778039,Tata Consumers
27-08-2020,552.8,553.9,543.5,544.7,2572198,Tata Consumers
28-08-2020,547.9,555.9,544,547.1,2692947,Tata Consumers
31-08-2020,549,552.4,528.2,532.4,5543930,Tata Consumers
01-09-2020,526,549.8,526,548.5,3854981,Tata Consumers
02-09-2020,552,556,542.1,549.9,4042692,Tata Consumers
03-09-2020,548.5,592,548.5,578.5,12052262,Tata Consumers
04-09-2020,569,587.4,566.6,569.1,6464047,Tata Consumers
07-09-2020,570,572,542,545.3,5254308,Tata Consumers
08-09-2020,547.2,548.7,533.7,538.4,3891955,Tata Consumers
09-09-2020,534,540.9,529.2,534.8,4392057,Tata Consumers
10-09-2020,538,548.9,534.2,546.6,3787088,Tata Consumers
11-09-2020,549.8,553,541,548.4,3451646,Tata Consumers
14-09-2020,552,555.2,543.4,546.5,2809333,Tata Consumers
15-09-2020,547,550.5,540.5,542.4,1813411,Tata Consumers
16-09-2020,542,546.4,537.6,542.4,2127939,Tata Consumers
17-09-2020,542,552,533.2,548.3,3725336,Tata Consumers
18-09-2020,551.1,553.3,537.3,540.6,9395458,Tata Consumers
21-09-2020,540.6,542.3,502,507.8,3886373,Tata Consumers
22-09-2020,504.5,511.7,490.4,504.4,5113531,Tata Consumers
23-09-2020,506,510.9,490,493.6,4284384,Tata Consumers
24-09-2020,489.9,492.9,478,488.7,9647490,Tata Consumers
25-09-2020,498.8,512,495.3,509.8,5153485,Tata Consumers
28-09-2020,514,522,503.6,517,5554225,Tata Consumers
29-09-2020,519.6,527,500.1,503.3,4918426,Tata Consumers
30-09-2020,507,515.5,495.6,500,6252290,Tata Consumers
01-10-2020,508.6,511.2,499.1,509.1,3070369,Tata Consumers
05-10-2020,513.4,513.4,502.1,503.6,2023148,Tata Consumers
06-10-2020,507,513.5,502.9,505.6,2973464,Tata Consumers
07-10-2020,507,511,501.6,505.1,2157279,Tata Consumers
08-10-2020,506.8,508.3,485,488.3,5419804,Tata Consumers
09-10-2020,490.2,493.1,470.1,471.3,6721697,Tata Consumers
12-10-2020,474.5,483.6,470.4,474.7,4422571,Tata Consumers
13-10-2020,473.8,477.5,467.1,469,2260828,Tata Consumers
14-10-2020,468.7,491.4,463.6,489.8,8021661,Tata Consumers
15-10-2020,493,494.2,471,474.1,4700097,Tata Consumers
16-10-2020,478.8,486.7,475.1,477.1,4313466,Tata Consumers
19-10-2020,481.9,484.3,472.1,475.9,3162082,Tata Consumers
20-10-2020,476,484,475.2,477.9,2736592,Tata Consumers
21-10-2020,479.7,482.3,459,465.3,4907270,Tata Consumers
22-10-2020,465.7,470.5,460.5,466.2,3460945,Tata Consumers
23-10-2020,470,474,466.2,472.8,2619244,Tata Consumers
26-10-2020,474.9,484.3,470.2,477,6102542,Tata Consumers
27-10-2020,478,501.7,478,498.8,10455347,Tata Consumers
28-10-2020,501.8,504.8,489.6,492.9,5195487,Tata Consumers
29-10-2020,488.6,495.4,484.3,492,4366108,Tata Consumers
30-10-2020,494,500.3,488.9,492.9,4403239,Tata Consumers
02-11-2020,494,498.2,488.3,493.8,6105178,Tata Consumers
03-11-2020,497.8,504.6,488.3,489.5,8103580,Tata Consumers
04-11-2020,491,498.6,489,492.8,5024804,Tata Consumers
05-11-2020,497,509.2,495.9,506.5,5208756,Tata Consumers
06-11-2020,507.8,510.4,501.5,504.2,3209659,Tata Consumers
09-11-2020,511,517.9,505.5,509.9,6179187,Tata Consumers
10-11-2020,511.2,513.5,495,498.4,3255303,Tata Consumers
11-11-2020,499.5,504.9,495,503.5,2912596,Tata Consumers
12-11-2020,505,512.5,502.2,508.8,2737879,Tata Consumers
13-11-2020,509.8,519,508.2,513.3,4005435,Tata Consumers
17-11-2020,518,521.9,513.1,518.3,2774413,Tata Consumers
18-11-2020,518.3,524,514,516.9,3693589,Tata Consumers
19-11-2020,515.9,528,512.3,515.6,3655576,Tata Consumers
20-11-2020,520.3,523.8,515.6,519.1,2767344,Tata Consumers
23-11-2020,520,534.9,519,521.7,5314636,Tata Consumers
24-11-2020,524.2,530.7,521.7,526.9,4070241,Tata Consumers
25-11-2020,529.3,529.4,508.4,514.8,2941845,Tata Consumers
26-11-2020,516.5,523.6,505.1,519.9,3566655,Tata Consumers
27-11-2020,520.8,545.3,520.6,538,18853563,Tata Consumers
01-12-2020,554,554,525.3,529.3,5105352,Tata Consumers
02-12-2020,532,541.8,530.1,539.3,3694795,Tata Consumers
03-12-2020,541,552.9,540,550.4,3859218,Tata Consumers
04-12-2020,552,566.9,549.8,563.5,4170295,Tata Consumers
07-12-2020,564,570,561,567.9,3707125,Tata Consumers
08-12-2020,570,570,558,562.8,2866169,Tata Consumers
09-12-2020,564,570,560.4,565.5,2567264,Tata Consumers
10-12-2020,562,584.7,560.2,579.9,4578520,Tata Consumers
11-12-2020,584.8,589.4,570.6,576.4,3441778,Tata Consumers
14-12-2020,579.8,583,572.1,577,2482828,Tata Consumers
15-12-2020,577,580.7,566.5,571.3,3411634,Tata Consumers
16-12-2020,574.9,585.2,573.7,583.6,3686970,Tata Consumers
17-12-2020,585,593.4,575.6,577.3,3608243,Tata Consumers
18-12-2020,578,581.9,567.5,573.6,5068565,Tata Consumers
21-12-2020,574,580,553.7,562.8,4816486,Tata Consumers
22-12-2020,559.8,578.1,551,576,3264707,Tata Consumers
23-12-2020,577.8,606.9,573.1,605.3,7582654,Tata Consumers
24-12-2020,615,616.1,597.1,601,5295707,Tata Consumers
28-12-2020,607.7,612,599.2,602.5,2351027,Tata Consumers
29-12-2020,607.7,607.7,593.2,598.6,2114428,Tata Consumers
30-12-2020,598.8,604,590.1,594.4,2297999,Tata Consumers
31-12-2020,597.5,599.8,587,589.9,2322873,Tata Consumers
01-01-2021,593,606.8,591,601.5,3606724,Tata Consumers
04-01-2021,607,607,597.5,604,2120531,Tata Consumers
05-01-2021,604,614.3,601.1,609.6,3813409,Tata Consumers
06-01-2021,613,613.8,595.4,605,2167700,Tata Consumers
07-01-2021,609.7,610.3,598.6,600.9,2195640,Tata Consumers
08-01-2021,606.8,612.5,602.6,609.6,3458752,Tata Consumers
11-01-2021,613,632.8,609.5,629,6360644,Tata Consumers
12-01-2021,632.6,634.9,620,624.3,4562628,Tata Consumers
13-01-2021,626.8,633,611.3,620.4,3660044,Tata Consumers
14-01-2021,622.9,623,608.7,614,3576000,Tata Consumers
15-01-2021,610,613.5,595,602.4,4492648,Tata Consumers
18-01-2021,601.5,601.5,581,584.8,3346718,Tata Consumers
19-01-2021,590,591,577.4,582.7,5743934,Tata Consumers
20-01-2021,588,602.7,583.6,596.7,6156865,Tata Consumers
21-01-2021,603.4,612.8,590.1,595.3,4506198,Tata Consumers
22-01-2021,599.2,606.9,582.6,584.8,4307126,Tata Consumers
25-01-2021,587.8,589.9,570,573.6,2016556,Tata Consumers
27-01-2021,573,588.6,566.6,572.7,3662455,Tata Consumers
28-01-2021,571.9,576,561.5,564.6,4769073,Tata Consumers
29-01-2021,574,574,554.3,559.8,3593336,Tata Consumers
01-02-2021,563,588.8,554.4,584.2,4707518,Tata Consumers
02-02-2021,590,596.4,567.2,575.4,5713446,Tata Consumers
03-02-2021,589,598,571,580.2,10599727,Tata Consumers
04-02-2021,585,590,577.6,588.1,3816120,Tata Consumers
05-02-2021,593.9,600,589.2,592.5,5918498,Tata Consumers
08-02-2021,595,604.8,594.9,597.1,3970852,Tata Consumers
09-02-2021,597,607.5,594.6,598.7,3072281,Tata Consumers
10-02-2021,600.8,606,597.3,600.8,2435907,Tata Consumers
11-02-2021,603.3,622,598.4,610.4,7033762,Tata Consumers
12-02-2021,616.2,616.2,603.5,607.5,3621853,Tata Consumers
15-02-2021,608,625.5,607.4,623.1,3234989,Tata Consumers
16-02-2021,629.9,635,617.6,628.4,6418986,Tata Consumers
17-02-2021,636,645.7,624.3,632.2,8556599,Tata Consumers
18-02-2021,637.5,643.4,621.2,624,4457424,Tata Consumers
19-02-2021,624,626.1,610.5,617,3013104,Tata Consumers
22-02-2021,619,623.6,612,618.3,3020000,Tata Consumers
23-02-2021,619.9,635,616,627.5,4222282,Tata Consumers
24-02-2021,654,654,615,626,10479819,Tata Consumers
25-02-2021,628.9,639.2,624.4,628.5,4977348,Tata Consumers
26-02-2021,625,625.9,604.5,609.2,5547291,Tata Consumers
01-03-2021,614.9,628.5,609.2,624.6,2530243,Tata Consumers
02-03-2021,628.5,636,622,632.4,3051386,Tata Consumers
03-03-2021,635,648,633,636.9,3601961,Tata Consumers
04-03-2021,634.9,643.9,628.8,631.1,2621353,Tata Consumers
05-03-2021,633.7,643.5,618,622.7,2839628,Tata Consumers
08-03-2021,626.9,628.2,615,616.1,1939925,Tata Consumers
09-03-2021,618.8,620.9,602,611.7,3065358,Tata Consumers
10-03-2021,616.8,623.7,615,621,2778304,Tata Consumers
12-03-2021,623,624.8,613.4,615.3,1884687,Tata Consumers
15-03-2021,617.1,618.8,602.4,607.7,2765589,Tata Consumers
16-03-2021,611.6,618,608.5,610.7,2480801,Tata Consumers
17-03-2021,612,612.4,600.1,603.4,2263020,Tata Consumers
18-03-2021,606,608.2,587,594.9,3387208,Tata Consumers
19-03-2021,590,607.7,577.1,600.3,4874177,Tata Consumers
22-03-2021,603,623.1,596.3,620.6,3154483,Tata Consumers
23-03-2021,621,640,620.6,634.1,4940745,Tata Consumers
24-03-2021,632.8,639.2,624.7,629.1,2938251,Tata Consumers
25-03-2021,634,634.2,611,614.9,2981311,Tata Consumers
26-03-2021,620,635,615.1,628.3,3557256,Tata Consumers
30-03-2021,630.9,637.6,617.6,628.9,19895352,Tata Consumers
31-03-2021,630,645.7,630,638.9,4424477,Tata Consumers
01-04-2021,641,653,640.7,650.2,3844057,Tata Consumers
05-04-2021,652,652,639.2,645,3568896,Tata Consumers
06-04-2021,645.2,679,638.1,674.6,7636739,Tata Consumers
07-04-2021,675,675,659.2,665.8,3898156,Tata Consumers
08-04-2021,667.1,677.2,666.8,670.7,2477848,Tata Consumers
09-04-2021,670,685,665,679.8,2566543,Tata Consumers
12-04-2021,675,675.6,650,655.6,4201041,Tata Consumers
13-04-2021,657,677.9,656,664,3065417,Tata Consumers
15-04-2021,662.8,674,647.2,659.3,3193956,Tata Consumers
16-04-2021,662.8,676.6,660.3,671.3,2708331,Tata Consumers
19-04-2021,662,668.8,651.5,664.1,2620095,Tata Consumers
20-04-2021,677.4,698,666.3,680.1,8230341,Tata Consumers
22-04-2021,680.7,680.7,663,665.5,3013453,Tata Consumers
23-04-2021,667,675.7,661,664.6,2329094,Tata Consumers
26-04-2021,667,675,662.1,670.2,1845322,Tata Consumers
27-04-2021,675,679.9,668.1,673.7,2258769,Tata Consumers
28-04-2021,677,693,675,677.2,3900923,Tata Consumers
29-04-2021,678.4,680.5,666,671.9,3247095,Tata Consumers
30-04-2021,671,678,665.1,669.5,2206232,Tata Consumers
03-05-2021,661.9,682.5,661,677.1,1985777,Tata Consumers
04-05-2021,681,686.3,641.6,645.3,7400792,Tata Consumers
05-05-2021,649,656,640.1,649.1,3332318,Tata Consumers
06-05-2021,652,655,638.2,653.1,4000163,Tata Consumers
07-05-2021,636,642,614,629,14598653,Tata Consumers
10-05-2021,627,637,621,633.2,5026811,Tata Consumers
11-05-2021,628,649.9,625,641.6,4619231,Tata Consumers
12-05-2021,645,646.7,631.1,640.1,3137276,Tata Consumers
14-05-2021,640.5,649.5,638.1,645.2,2927148,Tata Consumers
17-05-2021,646,657.4,640.1,653.3,2659352,Tata Consumers
18-05-2021,658,658,648,653,2267368,Tata Consumers
19-05-2021,652,661,650.7,653.2,3202046,Tata Consumers
20-05-2021,656,656,640.1,644.9,2102743,Tata Consumers
21-05-2021,645.1,652.5,644.3,649.7,1833201,Tata Consumers
24-05-2021,650,654.7,638.5,640.1,2669967,Tata Consumers
25-05-2021,641,652,641,650,2085253,Tata Consumers
26-05-2021,652,655,640.7,641.9,2314694,Tata Consumers
27-05-2021,643.5,652,641.2,648.6,3543940,Tata Consumers
28-05-2021,650.5,657.7,646.3,655,2881977,Tata Consumers
31-05-2021,660,665,650.2,663.9,3417033,Tata Consumers
01-06-2021,665.8,667.3,656.8,665.8,2355484,Tata Consumers
02-06-2021,665.5,674.8,660.2,673.6,3021421,Tata Consumers
03-06-2021,676,683,673.3,680,2485855,Tata Consumers
04-06-2021,680.9,690,675,687,2398771,Tata Consumers
07-06-2021,690,707,687.3,700,3511853,Tata Consumers
08-06-2021,705.2,715.4,701.6,710.5,3981598,Tata Consumers
09-06-2021,712.3,714.9,700.8,702.9,3039558,Tata Consumers
10-06-2021,704.3,718.8,704,707.7,2571253,Tata Consumers
11-06-2021,714.2,717.4,709.5,715.4,2171601,Tata Consumers
14-06-2021,715.4,717,702.6,714.8,1798953,Tata Consumers
15-06-2021,718,724.1,715.4,719.5,2387652,Tata Consumers
16-06-2021,724,737.8,721,735.9,4134529,Tata Consumers
17-06-2021,730.6,747.3,724.9,745,4167585,Tata Consumers
18-06-2021,746,747.5,732.1,739.8,3762934,Tata Consumers
21-06-2021,729,744,727.9,742.6,1594856,Tata Consumers
22-06-2021,748,758.8,742.4,756.7,3346784,Tata Consumers
23-06-2021,760,765,751.9,757.9,2952360,Tata Consumers
24-06-2021,762,763.8,754,757.5,1668843,Tata Consumers
25-06-2021,755,763.5,753.5,757.6,1588289,Tata Consumers
28-06-2021,762,769.7,759,765.7,1486902,Tata Consumers
29-06-2021,766.4,771.9,755.9,758.1,1506378,Tata Consumers
30-06-2021,765,768.4,749.4,754.4,1733070,Tata Consumers
01-07-2021,755.8,760,750,756.1,1914434,Tata Consumers
02-07-2021,757.9,768.8,753.2,763.6,1916135,Tata Consumers
05-07-2021,770.5,771.5,765,766.3,1020895,Tata Consumers
06-07-2021,768,769,758,762.6,1411602,Tata Consumers
07-07-2021,759,766.1,751.3,763.1,2104914,Tata Consumers
08-07-2021,763,766,757,763.3,1540033,Tata Consumers
09-07-2021,763,772.8,759.7,766,1151792,Tata Consumers
12-07-2021,771,786.9,769.1,775.9,2992685,Tata Consumers
13-07-2021,780.9,780.9,766.7,772.9,1500414,Tata Consumers
14-07-2021,773.6,776.7,763.4,768.2,1094262,Tata Consumers
15-07-2021,769,774.6,763.5,772.4,965602,Tata Consumers
16-07-2021,772.4,775,761.4,763,980383,Tata Consumers
19-07-2021,761,770,758.6,765.6,1695546,Tata Consumers
20-07-2021,762,768,747,757.1,2195159,Tata Consumers
22-07-2021,763.5,765.9,755.1,764.2,1464419,Tata Consumers
23-07-2021,767.2,777,766,775.2,2021122,Tata Consumers
26-07-2021,780.3,786,770.8,776.4,2154261,Tata Consumers
27-07-2021,780.4,788.2,764,769.8,2001824,Tata Consumers
28-07-2021,769,770,739.2,754.9,3112462,Tata Consumers
29-07-2021,755,759.9,748.5,751.2,1742057,Tata Consumers
30-07-2021,752,762,745.2,756.3,1613176,Tata Consumers
02-08-2021,763,771,756.6,759.6,2054226,Tata Consumers
03-08-2021,760,770.8,759.6,767.7,2946289,Tata Consumers
04-08-2021,770,770,755.2,758.8,5426419,Tata Consumers
05-08-2021,761,770.7,757.3,768.4,2469893,Tata Consumers
06-08-2021,773,798.4,772,781.4,7849735,Tata Consumers
09-08-2021,783.5,783.5,763,764.9,1661739,Tata Consumers
10-08-2021,765.9,774.6,761.1,771.9,1429806,Tata Consumers
11-08-2021,771.9,774.2,752,765,1391781,Tata Consumers
12-08-2021,765.7,776.2,763,774.3,880420,Tata Consumers
13-08-2021,777,810.8,774.3,807.5,7956492,Tata Consumers
16-08-2021,807.4,815.5,800.1,802.2,2604160,Tata Consumers
17-08-2021,805,835,805,832.8,7580699,Tata Consumers
18-08-2021,839.3,844.9,830.2,841.4,3048603,Tata Consumers
20-08-2021,833,852.4,826.7,847.3,3782381,Tata Consumers
23-08-2021,849.7,849.7,823,832.5,2161681,Tata Consumers
24-08-2021,833.5,840.5,827,836.9,1170096,Tata Consumers
25-08-2021,836.1,850.7,833.3,836,1777820,Tata Consumers
26-08-2021,842,856.8,834.6,853.3,2464570,Tata Consumers
27-08-2021,854,860.9,844,848,2366396,Tata Consumers
30-08-2021,850,862.8,850,860.5,1875514,Tata Consumers
31-08-2021,862,867.7,856.5,865,2132008,Tata Consumers
01-09-2021,871.1,874.7,852.3,867.5,2051666,Tata Consumers
02-09-2021,866.4,875,862.1,871.5,1314628,Tata Consumers
03-09-2021,873.6,873.6,862.2,869.9,1075187,Tata Consumers
06-09-2021,869.9,877.7,863,870.1,985142,Tata Consumers
07-09-2021,870,889,865,868.3,2840271,Tata Consumers
08-09-2021,874.3,881.4,855.6,879.8,1601842,Tata Consumers
09-09-2021,875,887.6,872.6,875.6,1685368,Tata Consumers
13-09-2021,876.8,884,870.7,882.1,1064009,Tata Consumers
14-09-2021,884.8,885.9,877.6,881.3,622424,Tata Consumers
15-09-2021,885,887.4,870.5,871.6,1945751,Tata Consumers
16-09-2021,873.5,883,871.4,874,1294536,Tata Consumers
17-09-2021,879.9,881,866.3,874.2,1829129,Tata Consumers
20-09-2021,870.1,877,855,857,1081450,Tata Consumers
21-09-2021,855,864.5,851,858.9,1478291,Tata Consumers
22-09-2021,862,863.4,851.9,854.2,982114,Tata Consumers
23-09-2021,857.2,859.8,849.1,850.7,1464265,Tata Consumers
24-09-2021,850.7,852,834,836.8,2846056,Tata Consumers
27-09-2021,837.1,842.4,829,835.1,1433229,Tata Consumers
28-09-2021,837,837.4,817,822.7,1933307,Tata Consumers
29-09-2021,824.5,829.4,811,823.5,2156442,Tata Consumers
30-09-2021,823,824,810.9,813.6,1622014,Tata Consumers
01-10-2021,812.9,820,796,801.3,1989799,Tata Consumers
04-10-2021,805.1,817.3,801.8,814.3,1709463,Tata Consumers
05-10-2021,815,819.2,799.7,801.5,3499870,Tata Consumers
06-10-2021,809.4,834,803,820.7,5215518,Tata Consumers
07-10-2021,828,830.7,821.4,824.6,1500439,Tata Consumers
08-10-2021,826.9,829,812.5,818.8,1747911,Tata Consumers
11-10-2021,821.4,826.5,813,816.3,1772719,Tata Consumers
12-10-2021,817.5,823,813.6,816.2,1246493,Tata Consumers
13-10-2021,820,854,818.1,848.2,7233280,Tata Consumers
14-10-2021,860,860,846,849.6,2352197,Tata Consumers
18-10-2021,863,863,842.1,844,1914236,Tata Consumers
19-10-2021,849,862,840.1,843.3,1915361,Tata Consumers
20-10-2021,841,851.9,822.6,827,1535158,Tata Consumers
21-10-2021,837.2,838.8,808,814.8,2257911,Tata Consumers
22-10-2021,818.7,821.8,790,795.3,2948977,Tata Consumers
25-10-2021,793,800.6,773.6,789,2954698,Tata Consumers
26-10-2021,786.1,811.9,786.1,808.9,1776800,Tata Consumers
27-10-2021,812,821.2,809.7,818.8,1930632,Tata Consumers
28-10-2021,818,822.6,806,809.7,1822874,Tata Consumers
29-10-2021,807,818.5,794.2,809.5,2220844,Tata Consumers
01-11-2021,821.5,830,806,824.9,1552830,Tata Consumers
02-11-2021,827.9,836,822.8,833.8,1251565,Tata Consumers
03-11-2021,833,839,820.1,826.9,1044563,Tata Consumers
04-11-2021,834,834.6,826,827.4,175837,Tata Consumers
08-11-2021,830,838.2,817.1,836.4,891122,Tata Consumers
09-11-2021,835.9,841.5,826,835.7,1481130,Tata Consumers
10-11-2021,837.1,846,830.8,842.4,1371873,Tata Consumers
11-11-2021,842.2,842.2,823.4,837.7,1411243,Tata Consumers
12-11-2021,842.3,852.9,840,847.9,1180441,Tata Consumers
15-11-2021,852.5,858,847.5,852.6,1190768,Tata Consumers
16-11-2021,855.9,858,830.1,833.4,1669041,Tata Consumers
17-11-2021,833.9,847.4,832.5,836.4,1439354,Tata Consumers
18-11-2021,837.2,843,822.3,832.1,1132067,Tata Consumers
22-11-2021,832.1,839.1,807.5,812.8,1951384,Tata Consumers
23-11-2021,802,823.9,802,821,1025086,Tata Consumers
24-11-2021,824,830,796,799,1634131,Tata Consumers
25-11-2021,799,810.5,795.6,807.8,1767252,Tata Consumers
26-11-2021,800.2,805,763.2,766.7,2616604,Tata Consumers
29-11-2021,766.8,774.9,749.3,766,1584564,Tata Consumers
30-11-2021,765,789.7,764.2,778.6,3529356,Tata Consumers
01-12-2021,789.9,790.9,767.5,772.8,1263844,Tata Consumers
02-12-2021,772.8,780.9,763.6,773.3,1766820,Tata Consumers
03-12-2021,767.5,781,767.1,774.3,1408239,Tata Consumers
06-12-2021,777,778,745.6,747.6,1654143,Tata Consumers
07-12-2021,758.4,765.5,744,760.7,1741795,Tata Consumers
08-12-2021,758.6,773.7,758.6,772.2,1002435,Tata Consumers
09-12-2021,773,779.1,766.1,777.5,935828,Tata Consumers
10-12-2021,781.7,782,765.4,769.7,1412794,Tata Consumers
13-12-2021,774,777.3,752,754.1,1944410,Tata Consumers
14-12-2021,753,754,732.4,739.5,2333787,Tata Consumers
15-12-2021,742,750.5,735.2,746.3,1676700,Tata Consumers
16-12-2021,747,750,735.3,740.3,1452909,Tata Consumers
17-12-2021,738,738.8,721.1,726.4,1693819,Tata Consumers
20-12-2021,717.5,719.6,696.6,709.6,2520192,Tata Consumers
21-12-2021,710.6,725.6,704.8,705.7,2695789,Tata Consumers
22-12-2021,706.2,717.6,703.8,715,1035751,Tata Consumers
23-12-2021,720,729.6,712.3,726.8,1095354,Tata Consumers
24-12-2021,729,729,714,719,931510,Tata Consumers
27-12-2021,710,724.5,706.8,718.5,691930,Tata Consumers
28-12-2021,722.3,729.6,719.4,727,819253,Tata Consumers
29-12-2021,728,728.9,720,726.7,783940,Tata Consumers
30-12-2021,729,737.9,725.3,728,2230935,Tata Consumers
31-12-2021,730,745,729.1,743.5,865277,Tata Consumers
03-01-2022,747,749.4,740,748,925699,Tata Consumers
04-01-2022,752,756.7,731.1,738.9,2352482,Tata Consumers
05-01-2022,740.3,743.5,726.5,733.6,2076552,Tata Consumers
06-01-2022,733,735,722.6,725.5,2077754,Tata Consumers
07-01-2022,725.5,744.7,725.1,736.1,2107056,Tata Consumers
10-01-2022,740.5,743,731,731.9,1592097,Tata Consumers
11-01-2022,736.5,743.6,730.8,738.7,1905347,Tata Consumers
12-01-2022,743,743.3,733.2,736.1,1817215,Tata Consumers
13-01-2022,737,739.5,723.6,730.2,1604671,Tata Consumers
14-01-2022,730.2,777,727,762.5,8733345,Tata Consumers
17-01-2022,768,771.4,759.3,765.1,1857366,Tata Consumers
18-01-2022,763.8,770,728.4,731.5,2674149,Tata Consumers
19-01-2022,735,738,714,717.7,2426249,Tata Consumers
20-01-2022,728.1,746.3,717.2,723.5,5297725,Tata Consumers
21-01-2022,721,743,712,726.6,4854277,Tata Consumers
24-01-2022,725,725,688.5,691.5,3114690,Tata Consumers
25-01-2022,690,710,675,707.8,2030546,Tata Consumers
27-01-2022,700,709.5,687.5,706,3118535,Tata Consumers
28-01-2022,706.5,729.9,706.5,717.9,2074152,Tata Consumers
31-01-2022,726,737,722.1,727.3,1682459,Tata Consumers
01-02-2022,732,739,717.1,736.1,2063749,Tata Consumers
02-02-2022,741.6,744.9,734.6,742.5,1771997,Tata Consumers
03-02-2022,750,769,733.4,738.1,8154082,Tata Consumers
04-02-2022,741,746.6,722.2,733.8,1931658,Tata Consumers
07-02-2022,729,736.8,702.1,704.8,1908753,Tata Consumers
08-02-2022,705.1,710,691.4,697.1,2410446,Tata Consumers
09-02-2022,706,709,696.6,700.2,2206837,Tata Consumers
10-02-2022,706.3,711,699,706.7,1770292,Tata Consumers
11-02-2022,695,703.1,690,701,2013324,Tata Consumers
14-02-2022,689,700.8,684.1,694.3,2069409,Tata Consumers
15-02-2022,693,706,689.2,702,2209622,Tata Consumers
16-02-2022,705.5,708.4,696.1,701,1217196,Tata Consumers
17-02-2022,701.5,726.2,701.5,720.4,3442092,Tata Consumers
18-02-2022,715.6,724.6,712.2,717.5,1686289,Tata Consumers
21-02-2022,710.5,721.4,704.5,713.2,1542807,Tata Consumers
22-02-2022,690,716.9,690,715.2,1861977,Tata Consumers
23-02-2022,715,731.2,714.1,723.3,1816654,Tata Consumers
24-02-2022,699,714.6,674.1,677.7,3091298,Tata Consumers
25-02-2022,690,713.4,685.6,709.5,1771881,Tata Consumers
28-02-2022,699.5,720.8,694.6,718.6,1935344,Tata Consumers
02-03-2022,712,718.6,701.6,711,1938441,Tata Consumers
03-03-2022,712.2,718.8,684.6,687.1,2112330,Tata Consumers
04-03-2022,688.4,688.4,657.5,670,2833168,Tata Consumers
07-03-2022,659,673.5,650.2,659.9,2137318,Tata Consumers
08-03-2022,659,687.8,658,683.7,2850859,Tata Consumers
09-03-2022,685,705.9,678.3,699.2,1920634,Tata Consumers
10-03-2022,705.6,727.5,705.6,724.2,2574455,Tata Consumers
11-03-2022,724.3,726.1,707.5,716.5,2305707,Tata Consumers
14-03-2022,720,724,709.7,722.3,1584725,Tata Consumers
15-03-2022,724,774,723.8,748.6,9386502,Tata Consumers
16-03-2022,754,755.6,740.6,747.9,1959778,Tata Consumers
17-03-2022,758,774.5,754.3,772.3,3099238,Tata Consumers
21-03-2022,772,773.9,745.3,747.8,1889226,Tata Consumers
22-03-2022,750,758,731.4,752.9,3047970,Tata Consumers
23-03-2022,759.5,760,745.1,748.8,1103251,Tata Consumers
24-03-2022,748,751.6,738.7,740.5,1179087,Tata Consumers
25-03-2022,740,740,708.6,733.4,2968621,Tata Consumers
28-03-2022,734,746.2,728.2,741.3,1833105,Tata Consumers
29-03-2022,742,747.8,735.6,743.2,985708,Tata Consumers
30-03-2022,750,782.8,749,765.9,8328100,Tata Consumers
31-03-2022,768,780,765.9,777.4,2892133,Tata Consumers
01-04-2022,780,792.5,779,789.8,3082307,Tata Consumers
04-04-2022,792,795,781.8,788.1,1565651,Tata Consumers
05-04-2022,791,810,788.2,806.7,2912280,Tata Consumers
06-04-2022,810.5,812.5,797.1,809.3,2004175,Tata Consumers
07-04-2022,809,818.3,802.1,804.9,1965237,Tata Consumers
08-04-2022,810.5,819.9,804,817.7,1406219,Tata Consumers
11-04-2022,817.7,824,809.5,821.5,1231236,Tata Consumers
12-04-2022,821.5,822.9,802.6,812.1,1193490,Tata Consumers
13-04-2022,812.1,823.5,811.1,817.6,1036739,Tata Consumers
18-04-2022,816.2,824.9,809,822.3,1480954,Tata Consumers
19-04-2022,825,836.9,784.9,791.4,2460482,Tata Consumers
20-04-2022,800,813.5,792.1,810.5,1522453,Tata Consumers
21-04-2022,812,822,804.3,820.1,1344250,Tata Consumers
22-04-2022,818,821.6,803.1,815.6,1880668,Tata Consumers
25-04-2022,802,809.9,789.6,792.8,1193621,Tata Consumers
26-04-2022,798.3,824.4,795,822.1,1285209,Tata Consumers
27-04-2022,814.9,817.9,796.3,798.6,1186809,Tata Consumers
28-04-2022,810.9,819,799.6,811.7,1802590,Tata Consumers
29-04-2022,815,835.3,813,823.8,2268921,Tata Consumers
02-05-2022,823.3,828.7,810,824.4,1439813,Tata Consumers
04-05-2022,824.4,832,800.8,803.3,1817504,Tata Consumers
05-05-2022,810,812,772.5,776.4,5079723,Tata Consumers
06-05-2022,770,778.5,763,765,2003395,Tata Consumers
09-05-2022,763,768,754,758.3,1742459,Tata Consumers
10-05-2022,759.5,772.5,743.1,745.8,1326184,Tata Consumers
11-05-2022,745.8,758.8,738,744.1,1287768,Tata Consumers
12-05-2022,742,748,728,738.1,1488552,Tata Consumers
13-05-2022,747,761.3,735.1,737.6,1481400,Tata Consumers
16-05-2022,739,744.5,730,735.5,829085,Tata Consumers
17-05-2022,737,742.8,721.1,734.3,2536701,Tata Consumers
18-05-2022,736.9,757.9,733.8,754.3,2750146,Tata Consumers
19-05-2022,745,746.5,718.7,721.3,1504820,Tata Consumers
20-05-2022,735,742.8,731.4,739.6,1205301,Tata Consumers
23-05-2022,745,748.8,728.1,729.7,970827,Tata Consumers
24-05-2022,735,738,710,715.2,1513724,Tata Consumers
25-05-2022,719.7,724,710.1,716.2,822598,Tata Consumers
26-05-2022,722.3,724.9,698,722.3,1339748,Tata Consumers
27-05-2022,730,731.6,722.6,725.5,1039408,Tata Consumers
30-05-2022,731,753,729.1,750.2,1145649,Tata Consumers
31-05-2022,753,780,743,759.8,6125585,Tata Consumers
01-06-2022,760,780.5,757.8,761.1,1641729,Tata Consumers
02-06-2022,757,760.5,747,758.3,630109,Tata Consumers
03-06-2022,760,771,752.1,753.9,1747685,Tata Consumers
06-06-2022,756.8,770,745.3,763.7,1441390,Tata Consumers
07-06-2022,762,762,746.1,756.6,1346609,Tata Consumers
08-06-2022,754.4,764.9,739.1,757.2,2461233,Tata Consumers
09-06-2022,749,759.2,742.3,754.4,882672,Tata Consumers
10-06-2022,750,771.4,747.1,756.6,3230970,Tata Consumers
13-06-2022,752,754.2,726,736,1455794,Tata Consumers
14-06-2022,734,749,731.7,735.9,1209734,Tata Consumers
15-06-2022,739,746.5,732.5,737.8,842942,Tata Consumers
16-06-2022,748.8,748.8,719.1,725,1060953,Tata Consumers
17-06-2022,723.1,728.5,708.8,711.7,1329315,Tata Consumers
20-06-2022,718.5,722.8,705,716.9,1028878,Tata Consumers
21-06-2022,720,733,720,727.3,816577,Tata Consumers
22-06-2022,727,727,707,709,1190195,Tata Consumers
23-06-2022,710,719.7,706.8,718.5,714841,Tata Consumers
24-06-2022,722,735,720.1,729,1013159,Tata Consumers
27-06-2022,735.1,737.1,724.5,729.4,695465,Tata Consumers
28-06-2022,730,740,722.1,736.9,878300,Tata Consumers
29-06-2022,730.1,743.8,716,720,1741451,Tata Consumers
30-06-2022,722,722,703.1,706.4,2030048,Tata Consumers
01-07-2022,700,723,697,719.6,954981,Tata Consumers
04-07-2022,723,731.9,714.6,730.2,1281683,Tata Consumers
05-07-2022,732,739.3,726.1,729.1,1367769,Tata Consumers
06-07-2022,721.3,751.9,721.3,750,1351519,Tata Consumers
07-07-2022,753,759.6,750,754.9,2064199,Tata Consumers
08-07-2022,756.5,764.4,755.1,761.4,1456394,Tata Consumers
11-07-2022,761.6,770,758.4,765.9,1287117,Tata Consumers
12-07-2022,760,762,752.2,756.5,609080,Tata Consumers
13-07-2022,758,768,757,762.6,697646,Tata Consumers
14-07-2022,765,778.8,759.3,765.9,1697611,Tata Consumers
15-07-2022,766.3,792.7,766.3,790.6,3002946,Tata Consumers
18-07-2022,797.8,798,787.8,794.4,1335985,Tata Consumers
19-07-2022,790.9,793.4,784.2,787.3,1184051,Tata Consumers
20-07-2022,791,801.2,787.5,795,1173216,Tata Consumers
21-07-2022,795,820.7,793.4,818.3,2245980,Tata Consumers
22-07-2022,818.3,824,801.2,804.1,1746104,Tata Consumers
25-07-2022,804.1,813.8,801.3,808,940240,Tata Consumers
26-07-2022,805.9,809.7,788.3,790.9,1146412,Tata Consumers
27-07-2022,790,803.7,787.1,801.6,1056918,Tata Consumers
28-07-2022,804,809.9,798.6,806.6,1192580,Tata Consumers
29-07-2022,809,814.7,803.8,811.7,867439,Tata Consumers
01-08-2022,812,814.5,799.5,811.1,1269287,Tata Consumers
02-08-2022,813,826,806.3,811.6,2161684,Tata Consumers
03-08-2022,811.6,815.4,801.6,812.8,908414,Tata Consumers
04-08-2022,792.3,798,781.1,789.3,15358133,Tata Consumers
05-08-2022,785.1,793.4,782.1,784.8,2109882,Tata Consumers
08-08-2022,781.5,793.9,781,788.7,947150,Tata Consumers
10-08-2022,788.7,793.7,786.4,790.6,1185175,Tata Consumers
11-08-2022,794.6,798.6,771.6,773.5,3371339,Tata Consumers
12-08-2022,773.5,775.9,760.6,763.5,2257305,Tata Consumers
16-08-2022,767.3,780.6,765.3,779.5,1804736,Tata Consumers
17-08-2022,780.5,796.6,780.5,793.5,3021532,Tata Consumers
18-08-2022,793,813.8,791,807.9,3191360,Tata Consumers
19-08-2022,807.2,809.5,784.1,787,1767351,Tata Consumers
22-08-2022,785.9,797,780.1,794,2166778,Tata Consumers
23-08-2022,791.9,811.7,787,809.4,1890327,Tata Consumers
24-08-2022,805,813,798.5,805.7,1355374,Tata Consumers
25-08-2022,808,811.9,797.5,801.9,1267482,Tata Consumers
26-08-2022,805.9,810.8,798.8,802,1254230,Tata Consumers
29-08-2022,790,816.7,783.9,806.2,2181301,Tata Consumers
30-08-2022,809,814,806.3,809.7,2692962,Tata Consumers
01-09-2022,809.7,842,806,838.4,6228307,Tata Consumers
02-09-2022,845,847,830.7,833.7,1885440,Tata Consumers
05-09-2022,834,841.2,829.1,837.5,1553679,Tata Consumers
06-09-2022,841.7,845.8,816,818.3,2620566,Tata Consumers
07-09-2022,815,827.5,814.1,825.1,1321905,Tata Consumers
08-09-2022,829.3,831.6,815,819.1,1094898,Tata Consumers
09-09-2022,827,827,813.2,816.3,884012,Tata Consumers
12-09-2022,820.4,831,820.4,825.5,1300582,Tata Consumers
13-09-2022,830,852,829.7,849,3310733,Tata Consumers
14-09-2022,842.9,861.2,838.6,840.3,3818926,Tata Consumers
15-09-2022,844.5,848,830.2,837.4,1697675,Tata Consumers
16-09-2022,839.7,839.7,791.2,795.2,4786431,Tata Consumers
19-09-2022,799.2,802.2,787.4,793,1707558,Tata Consumers
20-09-2022,797,812.9,796,804.2,1547208,Tata Consumers
21-09-2022,804.2,811,798.1,804.2,1082534,Tata Consumers
22-09-2022,800.6,807.8,788,803.2,1255234,Tata Consumers
23-09-2022,803,806.3,779.5,781.6,1229421,Tata Consumers
26-09-2022,779,786,762,780.9,1431943,Tata Consumers
27-09-2022,784.8,801.4,781.1,797.9,1830866,Tata Consumers
28-09-2022,796,804.2,790.1,793.7,1415083,Tata Consumers
29-09-2022,797.7,803.7,790.3,792.6,1136839,Tata Consumers
30-09-2022,791,806,787,802.9,1436359,Tata Consumers
03-10-2022,802.9,804.8,776,778,1652675,Tata Consumers
04-10-2022,786.8,792.5,781.2,785.2,1238967,Tata Consumers
06-10-2022,790,799.6,784.1,794.3,2067042,Tata Consumers
07-10-2022,787.9,793.9,779.1,780.9,1053907,Tata Consumers
10-10-2022,769.3,775.1,755,757.2,2334168,Tata Consumers
11-10-2022,758,759.9,740.3,742.6,1956824,Tata Consumers
12-10-2022,745.5,759,738.8,757.4,1372962,Tata Consumers
13-10-2022,755,760.2,749.2,757.4,1198492,Tata Consumers
14-10-2022,769,769,760,761.3,1278730,Tata Consumers
17-10-2022,761.3,772,757.3,763.2,940646,Tata Consumers
18-10-2022,767,776,763.6,774.4,1361691,Tata Consumers
19-10-2022,774.5,777,761.1,764.6,1115277,Tata Consumers
20-10-2022,761.6,772,755.5,770.7,955562,Tata Consumers
21-10-2022,773,780.9,755.1,761.7,1692279,Tata Consumers
25-10-2022,770,776.8,764.7,767,871995,Tata Consumers
27-10-2022,774.8,779.5,759.6,770.1,1692389,Tata Consumers
28-10-2022,773.5,773.5,759.5,761.4,1598314,Tata Consumers
31-10-2022,765.2,772.5,761.9,770.2,997865,Tata Consumers
01-11-2022,773,784.5,767.4,774.9,1893673,Tata Consumers
02-11-2022,776,778.2,764.7,768.1,1073726,Tata Consumers
03-11-2022,768.1,770,756.7,762.8,1573795,Tata Consumers
04-11-2022,761,767,759.2,764.3,940199,Tata Consumers
07-11-2022,768.2,776.5,764.3,772.2,1004208,Tata Consumers
09-11-2022,778.5,781.8,765.9,770.2,1256533,Tata Consumers
10-11-2022,770,771.7,762.1,768.7,839329,Tata Consumers
11-11-2022,772.6,779.9,770.1,773.2,921004,Tata Consumers
14-11-2022,773.4,775,766.5,767.8,708750,Tata Consumers
15-11-2022,767.8,774,763.5,772.8,756436,Tata Consumers
16-11-2022,772.8,774.2,764.8,769.6,1071710,Tata Consumers
17-11-2022,766,789.5,766,786,2944879,Tata Consumers
18-11-2022,789.4,793,769.3,775.7,1417103,Tata Consumers
21-11-2022,774.3,775.5,762.3,771,760664,Tata Consumers
22-11-2022,771,776.9,766.2,771.3,868523,Tata Consumers
23-11-2022,773.1,776,765,770.2,875779,Tata Consumers
24-11-2022,787.9,795,781.3,792.8,6211909,Tata Consumers
25-11-2022,798.8,799.5,780,789.2,2385612,Tata Consumers
28-11-2022,789,808.9,785,804.3,2043706,Tata Consumers
29-11-2022,805,811.9,803.1,805.1,1278339,Tata Consumers
30-11-2022,805.1,822,804.3,818.1,3390682,Tata Consumers
01-12-2022,821.9,821.9,810.2,813.2,966282,Tata Consumers
02-12-2022,810,812.5,792.2,795.6,2882169,Tata Consumers
05-12-2022,795.6,803,788.6,800.5,1540201,Tata Consumers
06-12-2022,800,800,793.6,797.7,826214,Tata Consumers
07-12-2022,799.9,806.5,797.1,799.4,2020441,Tata Consumers
08-12-2022,800.6,808,796.5,804.2,805216,Tata Consumers
09-12-2022,804.2,809.9,801,803.3,1080966,Tata Consumers
12-12-2022,803,813,799.2,810.1,948219,Tata Consumers
13-12-2022,812,814.5,804.7,807.6,1224742,Tata Consumers
14-12-2022,808.4,817,807.4,815.5,971275,Tata Consumers
15-12-2022,815.4,815.5,802.1,804.9,783051,Tata Consumers
16-12-2022,803.3,805,795,801.6,849333,Tata Consumers
19-12-2022,801.2,810,798.5,808.9,1120217,Tata Consumers
20-12-2022,808.5,810,800.1,808.3,677159,Tata Consumers
21-12-2022,809,811.9,801,802.6,811513,Tata Consumers
22-12-2022,802.8,809,787,798.7,1017965,Tata Consumers
23-12-2022,793.1,797.9,775.8,779,1216647,Tata Consumers
26-12-2022,779,783.7,773,775.3,1014226,Tata Consumers
27-12-2022,778.8,781,770.6,777.9,601101,Tata Consumers
28-12-2022,778,782.9,773.2,780.2,610240,Tata Consumers
29-12-2022,779,779,763.1,776.1,1691955,Tata Consumers
30-12-2022,778,782.3,765,767,715796,Tata Consumers
02-01-2023,769.9,771,758.1,762.3,1061086,Tata Consumers
03-01-2023,765,767.9,759.1,767.2,785495,Tata Consumers
04-01-2023,767.5,767.5,759.4,762.3,1004383,Tata Consumers
05-01-2023,762,781,760.1,763.9,3198519,Tata Consumers
06-01-2023,763.8,770.9,759.1,761.4,603050,Tata Consumers
09-01-2023,765.2,768.8,761.1,767,729173,Tata Consumers
10-01-2023,767,772.8,764.6,769.3,873061,Tata Consumers
11-01-2023,772,772.8,755.5,759.3,688374,Tata Consumers
12-01-2023,760,763.9,752,754.3,763021,Tata Consumers
13-01-2023,755.1,757.6,750,752.9,1067599,Tata Consumers
16-01-2023,752.1,755,745.1,747.3,838829,Tata Consumers
17-01-2023,744,752.8,741.6,750.1,1427736,Tata Consumers
18-01-2023,750,752.7,746.6,750.5,747592,Tata Consumers
19-01-2023,750.2,752.8,737.6,738.5,1140422,Tata Consumers
20-01-2023,738,742.9,736,738.5,878832,Tata Consumers
23-01-2023,739.2,743.9,734,742.5,682160,Tata Consumers
24-01-2023,743.9,749.5,740,740.9,653737,Tata Consumers
25-01-2023,740.4,742.5,731.2,740.1,868627,Tata Consumers
27-01-2023,740.1,745.9,725.7,735.3,772860,Tata Consumers
30-01-2023,736,740.4,727.6,735.7,1295677,Tata Consumers
31-01-2023,736,739.4,725.1,729.5,2189899,Tata Consumers
01-02-2023,737.3,748.4,731.3,740.8,933031,Tata Consumers
02-02-2023,738.8,742.8,732.8,737.2,704702,Tata Consumers
03-02-2023,737.2,741,720.5,726.6,1752697,Tata Consumers
06-02-2023,728.4,732.5,721,729.8,852170,Tata Consumers
07-02-2023,731.8,735,722,728.2,1244247,Tata Consumers
08-02-2023,731.9,731.9,721.1,724.4,1521104,Tata Consumers
09-02-2023,724.5,726.4,720.8,722,688243,Tata Consumers
10-02-2023,722,728,719.2,726.6,651630,Tata Consumers
13-02-2023,726.6,729.5,716,717.8,599763,Tata Consumers
14-02-2023,718,723.8,715,721,563171,Tata Consumers
15-02-2023,721.1,729.8,717.2,728.1,727403,Tata Consumers
16-02-2023,732.2,735.5,728.1,732.6,837121,Tata Consumers
17-02-2023,731.2,734.8,724.2,726.3,624402,Tata Consumers
20-02-2023,727,729.5,718.6,721.8,1316763,Tata Consumers
21-02-2023,725.5,730,722.1,726.2,673449,Tata Consumers
22-02-2023,726,734,719.9,721.5,1690647,Tata Consumers
23-02-2023,723,725,715,716.1,1165270,Tata Consumers
24-02-2023,717,721.4,713.6,716.2,1040351,Tata Consumers
27-02-2023,720,720.5,700,710.3,1064436,Tata Consumers
28-02-2023,712,717.8,705.6,715.3,2395442,Tata Consumers
01-03-2023,713,716.9,709.6,715.3,991540,Tata Consumers
02-03-2023,716.9,718.4,705.9,707.4,969963,Tata Consumers
03-03-2023,709,713.3,706.2,709.9,873264,Tata Consumers
06-03-2023,713,718.8,710,713.6,739338,Tata Consumers
08-03-2023,713,723.2,710.8,720.5,1026628,Tata Consumers
09-03-2023,722.9,722.9,708.1,709.3,905544,Tata Consumers
10-03-2023,707,710.2,701.4,704.4,970983,Tata Consumers
13-03-2023,705,707.3,691.8,694.2,1158330,Tata Consumers
14-03-2023,696,700,689.5,693.3,1501579,Tata Consumers
15-03-2023,696,700,686.6,687.6,1119482,Tata Consumers
16-03-2023,689,696.5,689,694,974834,Tata Consumers
17-03-2023,698,708.7,694.4,706.2,2111478,Tata Consumers
20-03-2023,691,706.8,691,702.6,1018438,Tata Consumers
21-03-2023,704.1,706,700,700.9,721243,Tata Consumers
22-03-2023,701,716.2,701,710.9,776214,Tata Consumers
23-03-2023,711.6,714,705.8,707.2,587643,Tata Consumers
24-03-2023,707,709.7,698.9,702.4,960470,Tata Consumers
27-03-2023,706.9,707.4,697.2,699.4,3695292,Tata Consumers
28-03-2023,690,699.7,690,696.1,1113702,Tata Consumers
29-03-2023,696.1,703,694.8,697.6,1160832,Tata Consumers
31-03-2023,700.2,711,698.6,708.9,972962,Tata Consumers
03-04-2023,710,718.5,709.3,717.1,797533,Tata Consumers
05-04-2023,717,728.4,715,727.4,947741,Tata Consumers
06-04-2023,727.3,731.5,722.5,730.5,738748,Tata Consumers
10-04-2023,727,730.7,720,720.7,916628,Tata Consumers
11-04-2023,726,726,715.7,717.3,776167,Tata Consumers
12-04-2023,720.9,723.6,716.4,718.4,702063,Tata Consumers
13-04-2023,722,723.7,717.7,719.6,502380,Tata Consumers
17-04-2023,717,719.3,711.5,713.2,1180651,Tata Consumers
18-04-2023,716.2,719.9,706.7,707.1,1323608,Tata Consumers
19-04-2023,708,708.9,698.3,700.9,1235220,Tata Consumers
20-04-2023,699,704.4,696.5,703.4,1263116,Tata Consumers
21-04-2023,703.4,705,697,700.4,966029,Tata Consumers
24-04-2023,706,735,706,732.6,6009290,Tata Consumers
25-04-2023,736,738,728.4,734.5,1783879,Tata Consumers
26-04-2023,734,749,724,746.7,3725680,Tata Consumers
27-04-2023,743,755.3,742.2,754,1664942,Tata Consumers
28-04-2023,758,765,751.5,763.9,1261145,Tata Consumers
02-05-2023,768,783.1,765,779.6,1438425,Tata Consumers
03-05-2023,777.9,786.9,774.7,781.4,1189150,Tata Consumers
04-05-2023,773,782.7,768.9,775.5,1001352,Tata Consumers
05-05-2023,777.9,782.2,775,776.3,617459,Tata Consumers
08-05-2023,776.8,789.8,776.4,788.9,1048005,Tata Consumers
09-05-2023,789.7,792.2,785,789,652399,Tata Consumers
10-05-2023,789,792,784.8,791.2,476497,Tata Consumers
11-05-2023,791.2,791.5,786,789.5,968940,Tata Consumers
12-05-2023,788,795.3,784.8,789.1,747655,Tata Consumers
15-05-2023,789,791.4,784.2,787,803643,Tata Consumers
16-05-2023,787.5,789.7,784.8,786.3,658173,Tata Consumers
17-05-2023,786.3,786.6,772.9,778.3,907649,Tata Consumers
18-05-2023,783.4,786,775,776.3,1004449,Tata Consumers
19-05-2023,771.9,771.9,756.5,765.5,1233831,Tata Consumers
22-05-2023,765.5,768,760.2,766.1,548104,Tata Consumers
23-05-2023,766.1,771.6,762.1,770.1,826476,Tata Consumers
24-05-2023,767.4,774.6,765.6,771.2,861728,Tata Consumers
25-05-2023,765.1,782.5,765.1,780.3,980266,Tata Consumers
26-05-2023,784,791,781.2,789.7,961268,Tata Consumers
29-05-2023,791,797,790.3,794.3,1171159,Tata Consumers
30-05-2023,792.6,797,788.3,790.9,601270,Tata Consumers
31-05-2023,787.1,800,787.1,798.7,2201928,Tata Consumers
01-06-2023,798.9,801.5,789.4,793.7,703293,Tata Consumers
02-06-2023,795.5,799.9,793,796.1,697200,Tata Consumers
05-06-2023,797,800.5,790.6,792.5,774985,Tata Consumers
06-06-2023,793,796,784.5,792.1,744002,Tata Consumers
07-06-2023,794,824,791.5,823.1,3971089,Tata Consumers
08-06-2023,824.8,824.8,805.2,807.1,1117198,Tata Consumers
09-06-2023,810.7,811.9,799,801,835145,Tata Consumers
12-06-2023,803,807.9,799.4,800.8,3168760,Tata Consumers
13-06-2023,802.4,821.1,802.4,819.9,2697513,Tata Consumers
14-06-2023,822.8,865,816,862.5,7652583,Tata Consumers
15-06-2023,864,872.4,856,865,3106263,Tata Consumers
16-06-2023,868,870.5,852.1,862.8,1754715,Tata Consumers
19-06-2023,866.5,870,854.9,857,1308412,Tata Consumers
20-06-2023,857,867,847.3,858.9,1178858,Tata Consumers
21-06-2023,859,877.2,853.1,860.2,1439299,Tata Consumers
22-06-2023,862,862,840.6,841.9,988651,Tata Consumers
23-06-2023,842,846.2,831.7,840.9,806171,Tata Consumers
26-06-2023,854,866,847.9,862.6,3022935,Tata Consumers
27-06-2023,864,868.1,852.6,854.2,1131450,Tata Consumers
28-06-2023,854.5,860,851,855,914411,Tata Consumers
30-06-2023,850.1,863.6,850.1,860.9,1394632,Tata Consumers
03-07-2023,867,867,856.5,858.9,1226135,Tata Consumers
04-07-2023,858.7,861.7,852.2,855.6,759030,Tata Consumers
05-07-2023,859,861.3,841.2,845.9,2537154,Tata Consumers
06-07-2023,845.9,847.6,841.4,845.1,2363769,Tata Consumers
07-07-2023,845.1,852.5,831.8,833.3,1811594,Tata Consumers
10-07-2023,841.5,841.5,822,825.7,1177214,Tata Consumers
11-07-2023,826,843,825.8,840.3,2167322,Tata Consumers
12-07-2023,845,847.8,838.8,843.3,1435731,Tata Consumers
13-07-2023,847,849,835.2,837.4,985928,Tata Consumers
14-07-2023,839,852.8,833.6,851.5,1705168,Tata Consumers
17-07-2023,855.1,860.7,849.4,852.6,1200820,Tata Consumers
18-07-2023,854.2,863,848.5,858.7,1412514,Tata Consumers
19-07-2023,865,865,854.4,860.5,952601,Tata Consumers
20-07-2023,860,875,854.6,873.1,1381298,Tata Consumers
21-07-2023,873.7,876.4,849.6,852.4,1230534,Tata Consumers
24-07-2023,854,867,848.9,863.1,1149904,Tata Consumers
25-07-2023,863.1,869.5,856,868.6,873678,Tata Consumers
26-07-2023,874,884,869.6,873.9,1940116,Tata Consumers
27-07-2023,876,880,847.7,850.1,3203072,Tata Consumers
28-07-2023,854.3,860.4,842,859.4,2365708,Tata Consumers
31-07-2023,859.4,860.9,852.5,859.3,1454789,Tata Consumers
01-08-2023,861.9,863.3,853.1,856.8,987812,Tata Consumers
02-08-2023,855,855,838.2,843.1,1604731,Tata Consumers
03-08-2023,840,841.7,832.6,835.4,1375222,Tata Consumers
04-08-2023,837.1,841.6,832.3,834.8,887582,Tata Consumers
07-08-2023,837,840.7,829.5,837.8,1106208,Tata Consumers
08-08-2023,839,853.1,833.8,847.5,1252297,Tata Consumers
09-08-2023,851,862.5,847.7,860.2,1704615,Tata Consumers
10-08-2023,861.2,863.2,848,850.6,941390,Tata Consumers
11-08-2023,849.7,853.9,835,836.9,909080,Tata Consumers
14-08-2023,838.9,845.9,829.7,844.7,754694,Tata Consumers
16-08-2023,840.9,843.5,836.8,840.7,360863,Tata Consumers
17-08-2023,835,846,835,844.3,1105325,Tata Consumers
18-08-2023,845,849,835.5,842.6,1145798,Tata Consumers
21-08-2023,846,849.4,840.8,848.5,680778,Tata Consumers
22-08-2023,847,851.6,844,848.8,782931,Tata Consumers
23-08-2023,848,848,840.4,844.6,516482,Tata Consumers
24-08-2023,845,854.8,842.1,844.2,1482572,Tata Consumers
25-08-2023,840,846.2,830.2,832.6,1149261,Tata Consumers
28-08-2023,832.5,843,828.3,841.8,649996,Tata Consumers
29-08-2023,841,844,836,838.3,606053,Tata Consumers
30-08-2023,841,849.3,838.7,848.4,604884,Tata Consumers
31-08-2023,848.4,851.5,829.1,834.4,2025392,Tata Consumers
01-09-2023,833,847.4,833,844.2,661741,Tata Consumers
04-09-2023,844,849,837,846.1,705024,Tata Consumers
05-09-2023,847,852.4,843.1,846.3,745626,Tata Consumers
06-09-2023,845.8,883,845.5,878.9,3618782,Tata Consumers
07-09-2023,865.7,867,854,858.7,3458930,Tata Consumers
08-09-2023,864,864.9,851.8,853.1,901217,Tata Consumers
11-09-2023,855.5,865,854.8,862.6,1039583,Tata Consumers
12-09-2023,867,874,856,864.8,1795152,Tata Consumers
13-09-2023,862,891.3,860.2,889.3,2812359,Tata Consumers
14-09-2023,895,897.7,881,884.6,2205160,Tata Consumers
15-09-2023,887.6,889.8,873.5,875.9,1104866,Tata Consumers
18-09-2023,883,886,875.9,881,1084407,Tata Consumers
20-09-2023,880.8,880.9,865,869.7,924868,Tata Consumers
21-09-2023,869,874,861.2,871,1165593,Tata Consumers
22-09-2023,871,889.9,870.1,877.8,1518828,Tata Consumers
25-09-2023,882,905.6,870.6,900.6,2700627,Tata Consumers
26-09-2023,907.6,909.9,891.5,895.2,2064298,Tata Consumers
27-09-2023,899,904,886.9,888.9,1233749,Tata Consumers
28-09-2023,894.8,896,870.1,876.5,1801983,Tata Consumers
29-09-2023,885.9,885.9,873.7,876.9,817204,Tata Consumers
03-10-2023,870,879.6,864.1,871.9,1183376,Tata Consumers
04-10-2023,867,869.9,855,864.8,623081,Tata Consumers
05-10-2023,866.1,869.3,857.5,860.2,749977,Tata Consumers
06-10-2023,861,877.5,861,874.8,960117,Tata Consumers
09-10-2023,868,883.9,866.8,880.7,1200788,Tata Consumers
10-10-2023,885,892.4,881.8,888.8,870512,Tata Consumers
11-10-2023,895,897.2,886.2,888.4,1062565,Tata Consumers
12-10-2023,888.9,894.2,883.2,892.4,775364,Tata Consumers
13-10-2023,890.3,918,888.9,913.4,5120134,Tata Consumers
16-10-2023,917.8,917.8,906.1,908.6,1524935,Tata Consumers
17-10-2023,912.1,928,905.2,907.9,3228492,Tata Consumers
18-10-2023,912.5,915,892.1,895.7,1218914,Tata Consumers
19-10-2023,896,900.4,879.1,895.4,1430475,Tata Consumers
20-10-2023,892,901.8,888.7,899,2295312,Tata Consumers
23-10-2023,898.8,906.1,880.3,883.1,973113,Tata Consumers
25-10-2023,883.3,894.5,882.4,890,1531972,Tata Consumers
26-10-2023,883.3,887,872,880.4,1966650,Tata Consumers
27-10-2023,880,894.5,876,891.1,797507,Tata Consumers
30-10-2023,886,896,880.2,893.6,1147541,Tata Consumers
31-10-2023,899.5,903.4,892,900.5,1082510,Tata Consumers
01-11-2023,906,920,895.7,903.2,2678745,Tata Consumers
02-11-2023,910.2,917.7,903.6,911.3,1082513,Tata Consumers
03-11-2023,912,919.3,911.3,913.7,901911,Tata Consumers
06-11-2023,916.8,923.7,916,918.7,742374,Tata Consumers
07-11-2023,920,923.7,913,922.1,819721,Tata Consumers
08-11-2023,922.5,929.5,914.2,916.3,1090425,Tata Consumers
09-11-2023,916.3,919,898.4,902.9,3194352,Tata Consumers
10-11-2023,902.9,916.9,896.5,912.7,3846444,Tata Consumers
13-11-2023,914,920.5,907.1,916.6,904887,Tata Consumers
15-11-2023,921.4,932,916.4,929.6,1564164,Tata Consumers
16-11-2023,933,933,918,920.1,1315309,Tata Consumers
17-11-2023,922,934,921,930.9,961365,Tata Consumers
20-11-2023,935.5,940.9,928.2,930.9,1169030,Tata Consumers
21-11-2023,906,931.5,906,927.7,804344,Tata Consumers
22-11-2023,931.5,939.8,922.3,928.3,885449,Tata Consumers
23-11-2023,929.2,937.7,927,933,907511,Tata Consumers
24-11-2023,934.7,936.9,924,926.9,521207,Tata Consumers
28-11-2023,925,935,924.8,931.9,904835,Tata Consumers
29-11-2023,935,937.9,930,933.6,1047897,Tata Consumers
30-11-2023,932,948.2,932,940.8,2982505,Tata Consumers
01-12-2023,945.9,952.9,939.8,942.9,1129388,Tata Consumers
04-12-2023,954,956.5,942,946.7,1112904,Tata Consumers
05-12-2023,946.7,954.2,944.2,950.1,792716,Tata Consumers
06-12-2023,954,963,948.9,951.7,982484,Tata Consumers
07-12-2023,952,959.6,950.1,956.9,933106,Tata Consumers
08-12-2023,960,961.9,943.8,946.6,649090,Tata Consumers
11-12-2023,949.9,953,944.1,950.5,476174,Tata Consumers
12-12-2023,953.1,962,943.6,948.8,732063,Tata Consumers
13-12-2023,948,959.7,946.5,957.3,899820,Tata Consumers
14-12-2023,960.8,960.8,944.1,950.5,1980762,Tata Consumers
15-12-2023,960,960,948.9,954.7,1155502,Tata Consumers
18-12-2023,956,958.2,945.3,949.7,999922,Tata Consumers
19-12-2023,953,978,949.2,966.2,3897491,Tata Consumers
20-12-2023,975,1010,966.2,976.3,4465789,Tata Consumers
21-12-2023,976,983.9,963.1,979.3,1588905,Tata Consumers
22-12-2023,986,998.3,979.7,992.8,1491449,Tata Consumers
26-12-2023,993,1017,992.8,1007.4,1804990,Tata Consumers
27-12-2023,1015,1029,1010.1,1026.8,1799498,Tata Consumers
28-12-2023,1030.8,1050,1025.3,1041,2052402,Tata Consumers
29-12-2023,1054,1094,1047.7,1086.8,5017576,Tata Consumers
01-01-2024,1093.9,1093.9,1076,1080.1,936544,Tata Consumers
02-01-2024,1086.4,1103.1,1079.5,1097.8,2635193,Tata Consumers
03-01-2024,1098,1099.1,1082.7,1085,1100701,Tata Consumers
04-01-2024,1088.1,1128.6,1086.2,1125.6,2777186,Tata Consumers
05-01-2024,1125,1131.2,1117.1,1123,1207155,Tata Consumers
08-01-2024,1125.1,1129,1094.7,1105,1722755,Tata Consumers
09-01-2024,1106,1120.2,1106,1111.7,998355,Tata Consumers
10-01-2024,1112,1117.7,1101,1114,933127,Tata Consumers
11-01-2024,1117,1125,1112.1,1119.3,1084035,Tata Consumers
12-01-2024,1125.5,1165.6,1123.9,1159,6018282,Tata Consumers
15-01-2024,1190,1191,1134.8,1150.8,4237485,Tata Consumers
16-01-2024,1152.6,1162.6,1142,1143.7,1449691,Tata Consumers
17-01-2024,1134,1153,1131.9,1138.6,1272932,Tata Consumers
18-01-2024,1135,1150,1122.5,1146.8,1218211,Tata Consumers
19-01-2024,1156.8,1165.6,1146.7,1161.7,900162,Tata Consumers
23-01-2024,1159,1166,1138.3,1145.7,933643,Tata Consumers
24-01-2024,1145.6,1161,1134,1159,1040096,Tata Consumers
25-01-2024,1160,1163.7,1132.4,1136.8,1125321,Tata Consumers
29-01-2024,1136.8,1149.2,1135,1141.1,1588430,Tata Consumers
30-01-2024,1145,1147.2,1120.7,1122.9,798009,Tata Consumers
31-01-2024,1125,1127.5,1112,1118,2428738,Tata Consumers
01-02-2024,1118,1134.9,1108,1129.7,4728358,Tata Consumers
02-02-2024,1132,1170.7,1132,1162.8,1741322,Tata Consumers
05-02-2024,1169.9,1177,1146.3,1150.8,1266268,Tata Consumers
06-02-2024,1142.1,1166.8,1142.1,1163.6,1219085,Tata Consumers
07-02-2024,1168.1,1175,1153.1,1166.2,864874,Tata Consumers
08-02-2024,1160,1162.9,1125,1137.9,2477973,Tata Consumers
09-02-2024,1142,1149.4,1119.9,1129.3,917196,Tata Consumers
12-02-2024,1130.1,1134.4,1075,1122.2,898953,Tata Consumers
13-02-2024,1123,1141.3,1118.2,1137.8,886148,Tata Consumers
14-02-2024,1135.1,1139.9,1120,1135.6,1206706,Tata Consumers
15-02-2024,1140.1,1146.8,1127.3,1131.4,1278358,Tata Consumers
16-02-2024,1135,1149.4,1132.4,1147.5,1213292,Tata Consumers
19-02-2024,1150,1164.3,1144.5,1155,961914,Tata Consumers
20-02-2024,1154.5,1159,1138.8,1154.4,1056193,Tata Consumers
21-02-2024,1155,1171.9,1150.1,1160.8,1445959,Tata Consumers
22-02-2024,1161,1164.8,1142.5,1159.5,1689403,Tata Consumers
23-02-2024,1158,1165.6,1155.2,1160.3,1280859,Tata Consumers
26-02-2024,1159,1182.8,1149.5,1177.1,1292210,Tata Consumers
27-02-2024,1182,1189.7,1175,1183.6,1584564,Tata Consumers
28-02-2024,1189.8,1205,1163.1,1168,2170054,Tata Consumers
29-02-2024,1167,1199,1150.6,1190.1,2722341,Tata Consumers
01-03-2024,1204,1213.7,1194.3,1201,1804771,Tata Consumers
04-03-2024,1207,1214,1190,1203.3,790960,Tata Consumers
05-03-2024,1206.9,1211.9,1196,1200.6,867925,Tata Consumers
06-03-2024,1203.8,1223,1192,1220.1,1367260,Tata Consumers
07-03-2024,1228,1268.9,1216.8,1261.6,3522952,Tata Consumers
11-03-2024,1263,1269,1209,1220.7,2609165,Tata Consumers
12-03-2024,1227.5,1227.9,1209.2,1215.2,1089396,Tata Consumers
13-03-2024,1215.5,1217.4,1170.7,1179,2050756,Tata Consumers
14-03-2024,1160.1,1205.1,1160.1,1198.4,2211062,Tata Consumers
15-03-2024,1200,1219.9,1175.9,1212.2,2843465,Tata Consumers
18-03-2024,1213.1,1217.7,1184.3,1187,803158,Tata Consumers
19-03-2024,1184.9,1184.9,1139.9,1146.3,2152306,Tata Consumers
20-03-2024,1143.1,1153.4,1111.7,1124.1,2070193,Tata Consumers
21-03-2024,1134,1139,1121.5,1134,1901034,Tata Consumers
22-03-2024,1134,1140,1119,1122.8,1696377,Tata Consumers
26-03-2024,1105.4,1121.1,1105.4,1112.6,2407110,Tata Consumers
27-03-2024,1115.4,1117,1084.1,1091.1,1962948,Tata Consumers
28-03-2024,1103.9,1109,1093.7,1096.2,6721940,Tata Consumers
01-04-2024,1100,1104.4,1083.1,1086.9,2229535,Tata Consumers
02-04-2024,1091.8,1133.4,1085.1,1131.2,5107047,Tata Consumers
03-04-2024,1129,1129,1112.8,1119.5,1133287,Tata Consumers
04-04-2024,1132.8,1132.9,1108.6,1118,2403608,Tata Consumers
05-04-2024,1116,1124.9,1111,1115.6,627856,Tata Consumers
08-04-2024,1120,1140.5,1117,1137.4,1833218,Tata Consumers
09-04-2024,1141,1141,1121.5,1125.6,1184800,Tata Consumers
10-04-2024,1130,1151.5,1118.7,1145.3,1374918,Tata Consumers
12-04-2024,1144.4,1156.7,1134.5,1149.5,2006949,Tata Consumers
15-04-2024,1125,1136.7,1111,1130.7,1990224,Tata Consumers
16-04-2024,1117,1138.9,1114,1135.7,1051408,Tata Consumers
18-04-2024,1143,1159,1127.6,1134.6,2573549,Tata Consumers
19-04-2024,1104.5,1150.6,1104.1,1138.1,2160942,Tata Consumers
22-04-2024,1141,1177.8,1141,1171,2299311,Tata Consumers
23-04-2024,1173,1179.9,1152,1173.4,1930671,Tata Consumers
24-04-2024,1106,1137.7,1104,1110.2,6447489,Tata Consumers
25-04-2024,1116,1116,1077.4,1106.3,6233672,Tata Consumers
26-04-2024,1111.8,1111.8,1084.1,1102.7,3426210,Tata Consumers
29-04-2024,1108.9,1110.4,1088.9,1098.5,2254895,Tata Consumers
30-04-2024,1099.9,1114.3,1095.7,1108.4,2504796,Tata Consumers
02-05-2024,1114,1114,1081.1,1091.2,3423995,Tata Consumers
03-05-2024,1095,1114.9,1089.8,1094.3,2935813,Tata Consumers
06-05-2024,1105,1109.7,1090.1,1098.2,1076304,Tata Consumers
07-05-2024,1095.1,1121.6,1090.1,1099.4,2614541,Tata Consumers
08-05-2024,1102.4,1117.9,1095.2,1115.1,1071294,Tata Consumers
09-05-2024,1114,1114.7,1078,1085.1,1743688,Tata Consumers
10-05-2024,1088,1094,1067.7,1091,1080599,Tata Consumers
13-05-2024,1086.1,1101,1076.1,1097,933422,Tata Consumers
14-05-2024,1096,1098.4,1082.2,1085.5,1194960,Tata Consumers
15-05-2024,1086,1090.9,1056,1068.9,1920081,Tata Consumers
16-05-2024,1071,1102.6,1057.9,1099.8,2665288,Tata Consumers
17-05-2024,1093,1101.2,1089.2,1095.2,1069069,Tata Consumers
21-05-2024,1089,1097.6,1089,1094,906092,Tata Consumers
22-05-2024,1100,1122,1094,1120.4,2032291,Tata Consumers
23-05-2024,1127.5,1131.2,1104,1118,2087340,Tata Consumers
24-05-2024,1111,1111,1096,1098.3,1424791,Tata Consumers
27-05-2024,1099,1110,1086.7,1087.9,1881215,Tata Consumers
28-05-2024,1089,1098,1080,1095.6,981637,Tata Consumers
29-05-2024,1085,1090,1068,1071.3,1526469,Tata Consumers
30-05-2024,1071,1074.5,1052,1067.2,2743237,Tata Consumers
31-05-2024,1069.7,1070.8,1048.3,1060.3,4787041,Tata Consumers
03-06-2024,1076.4,1082.9,1063.4,1069.2,1323788,Tata Consumers
04-06-2024,1069.2,1092.6,1028.9,1087,3223165,Tata Consumers
05-06-2024,1109,1160,1093.2,1142.4,6089603,Tata Consumers
06-06-2024,1148,1148,1119.6,1139.9,2655137,Tata Consumers
07-06-2024,1149,1149,1131.6,1135.7,1877248,Tata Consumers
10-06-2024,1139,1143.5,1125.7,1133.1,1392359,Tata Consumers
11-06-2024,1133.1,1144.8,1126.7,1135.6,805013,Tata Consumers
12-06-2024,1142,1142,1123.5,1124.7,773116,Tata Consumers
13-06-2024,1130,1133,1104.1,1114.6,1605436,Tata Consumers
14-06-2024,1114.6,1125,1110.1,1112.5,1107470,Tata Consumers
18-06-2024,1112.5,1128.3,1112.5,1126.9,1161864,Tata Consumers
19-06-2024,1129.7,1130.9,1103,1105.6,1201455,Tata Consumers
20-06-2024,1108.1,1108.4,1096.1,1103.3,1223872,Tata Consumers
21-06-2024,1103.3,1105,1081.8,1084.9,1634958,Tata Consumers
24-06-2024,1080.2,1104,1077.2,1102,912255,Tata Consumers
25-06-2024,1108.2,1108.2,1090,1094.6,932314,Tata Consumers
26-06-2024,1095.1,1099.8,1083.1,1086.9,1003738,Tata Consumers
27-06-2024,1090.1,1096.5,1077.9,1085.6,2272855,Tata Consumers
28-06-2024,1085.6,1104,1085,1097.5,1129490,Tata Consumers
01-07-2024,1090.1,1097.5,1088,1094.6,767705,Tata Consumers
02-07-2024,1096,1110,1080,1105,2026189,Tata Consumers
03-07-2024,1114,1148.6,1112.1,1146.4,4406793,Tata Consumers
04-07-2024,1147.6,1154.8,1133.3,1135.2,2113837,Tata Consumers
05-07-2024,1135.4,1151,1132.7,1137.4,1281630,Tata Consumers
08-07-2024,1138,1164,1136,1150.8,1958676,Tata Consumers
09-07-2024,1161.4,1168.5,1140,1142.2,1545936,Tata Consumers
10-07-2024,1142.2,1156.8,1130,1150.8,1015150,Tata Consumers
11-07-2024,1150.6,1153.4,1125.5,1131.4,1883264,Tata Consumers
12-07-2024,1135,1154,1130.1,1152.3,1092749,Tata Consumers
15-07-2024,1152.5,1157,1139.8,1148.8,1201063,Tata Consumers
16-07-2024,1148.8,1179,1142.8,1176.3,2152821,Tata Consumers
18-07-2024,1175,1194.6,1170,1193.4,2559563,Tata Consumers
19-07-2024,1200,1200.1,1183,1188,1385064,Tata Consumers
22-07-2024,1185,1210.9,1182.3,1204.8,1698551,Tata Consumers
23-07-2024,1215,1262.6,1200.3,1256.9,5140297,Tata Consumers
24-07-2024,1257,1257.7,1217.4,1231.3,3325998,Tata Consumers
25-07-2024,1232,1235,1208.9,1223.6,2498031,Tata Consumers
26-07-2024,1216.1,1219,1205.4,1213.7,802492,Tata Consumers
29-07-2024,1215,1222,1185,1201.4,1944124,Tata Consumers
30-07-2024,1206,1211.4,1189.2,1194.9,1331004,Tata Consumers
31-07-2024,1193,1193,1167,1189,2994289,Tata Consumers
01-08-2024,1189,1216,1188,1208.4,1675363,Tata Consumers
02-08-2024,1200,1220,1190,1193.7,1262150,Tata Consumers
05-08-2024,1176,1213.6,1151,1199.4,3718458,Tata Consumers
06-08-2024,1200,1212.1,1182.9,1185.6,1304014,Tata Consumers
07-08-2024,1182.6,1207.8,1182.6,1199.6,759323,Tata Consumers
08-08-2024,1192,1195,1174,1178.3,1298997,Tata Consumers
09-08-2024,1188.9,1188.9,1180,1186.2,489864,Tata Consumers
12-08-2024,1176,1184.4,1166.1,1170.8,787584,Tata Consumers
13-08-2024,1172.7,1182.8,1167.6,1178.8,785371,Tata Consumers
14-08-2024,1187,1187.1,1158.7,1167.6,991108,Tata Consumers
16-08-2024,1168,1190.7,1168,1187.8,831846,Tata Consumers
19-08-2024,1198,1200,1171.6,1177.4,682374,Tata Consumers
20-08-2024,1183,1183,1166.8,1171.2,673329,Tata Consumers
21-08-2024,1172,1181,1167.1,1177.6,802420,Tata Consumers
22-08-2024,1184.1,1209.9,1181,1205.8,2041300,Tata Consumers
23-08-2024,1212,1215,1194.9,1196.8,852159,Tata Consumers
26-08-2024,1205,1221.9,1194.1,1220.1,1045317,Tata Consumers
27-08-2024,1220,1220.6,1208,1209.6,483025,Tata Consumers
28-08-2024,1210,1215.4,1196.6,1201.2,779730,Tata Consumers
29-08-2024,1201.2,1208.9,1185.3,1198.5,1062444,Tata Consumers
30-08-2024,1195,1207.5,1195,1200.2,2550399,Tata Consumers
02-09-2024,1200,1227,1197.2,1199.7,1852516,Tata Consumers
03-09-2024,1209,1218.4,1196.3,1199,1884428,Tata Consumers
04-09-2024,1196.1,1199,1175,1195,1633635,Tata Consumers
05-09-2024,1199.5,1206.9,1185.7,1188.7,1062421,Tata Consumers
06-09-2024,1188,1191.8,1168.8,1173.9,989655,Tata Consumers
09-09-2024,1173.9,1196,1169.9,1192.1,1969830,Tata Consumers
10-09-2024,1200,1213,1196.3,1204.2,1815998,Tata Consumers
11-09-2024,1209.9,1219,1201.3,1204.4,1837013,Tata Consumers
12-09-2024,1210,1226,1199.4,1222.8,2635403,Tata Consumers
13-09-2024,1226,1227,1208.1,1210.3,1569211,Tata Consumers
16-09-2024,1220,1223.8,1207,1218.5,984584,Tata Consumers
17-09-2024,1223,1234.3,1212.2,1220.3,1450593,Tata Consumers
18-09-2024,1220.3,1223.4,1194,1200.9,930896,Tata Consumers
19-09-2024,1207,1225.6,1204.1,1215.3,2737652,Tata Consumers
20-09-2024,1220,1231,1213.4,1216.9,3533125,Tata Consumers
23-09-2024,1222,1233.7,1210.3,1211.6,2818001,Tata Consumers
24-09-2024,1216,1227.9,1210.1,1211.7,3393528,Tata Consumers
25-09-2024,1213.9,1216,1182.1,1189.6,2448744,Tata Consumers
26-09-2024,1195,1217,1191.2,1213.5,2323705,Tata Consumers
27-09-2024,1214,1215.7,1199,1201.6,2177204,Tata Consumers
30-09-2024,1195,1213.7,1195,1197,1223096,Tata Consumers
01-10-2024,1197,1205.5,1191.6,1196.3,892381,Tata Consumers
03-10-2024,1186,1190,1150.2,1152.8,1912206,Tata Consumers
04-10-2024,1150,1154.8,1125.2,1130.4,1773781,Tata Consumers
07-10-2024,1130.4,1142.7,1107,1111.4,1542124,Tata Consumers
08-10-2024,1111.4,1124.4,1105.5,1119.1,1738272,Tata Consumers
09-10-2024,1127,1132,1110,1117.8,1322027,Tata Consumers
10-10-2024,1117.8,1129,1111.4,1114.2,1176370,Tata Consumers
11-10-2024,1118,1122.4,1101.7,1113.1,569469,Tata Consumers
14-10-2024,1120,1138,1105.6,1113.6,513799,Tata Consumers
15-10-2024,1116,1119,1106.1,1115.3,768815,Tata Consumers
16-10-2024,1115.2,1120,1102.1,1114,738403,Tata Consumers
17-10-2024,1113,1117,1087.7,1090.2,975432,Tata Consumers
18-10-2024,1090.2,1098.2,1072.1,1093.3,953926,Tata Consumers
21-10-2024,1047,1059.5,986.4,1017.1,11484692,Tata Consumers
22-10-2024,1023.3,1023.9,994.5,998.3,2742491,Tata Consumers
23-10-2024,1000,1016.8,995,1014.6,1936612,Tata Consumers
24-10-2024,1018,1022.1,994.9,996.5,2014701,Tata Consumers
25-10-2024,996.9,1003.6,970.5,973.1,2258366,Tata Consumers
28-10-2024,973.1,983.4,964,975.9,2364081,Tata Consumers
29-10-2024,991.3,1026.9,988.2,1022.8,1281750,Tata Consumers
30-10-2024,991.3,1027,988.2,1022.7,2048134,Tata Consumers
31-10-2024,1025,1027.9,997.1,1002.6,1381633,Tata Consumers
04-11-2024,998,1001,976.1,994.6,1427199,Tata Consumers
05-11-2024,985.1,1013.1,985.1,1000.8,1163041,Tata Consumers
06-11-2024,1002,1010.7,997.9,1007.1,683591,Tata Consumers
07-11-2024,1007.5,1010,983.6,984.9,1144864,Tata Consumers
08-11-2024,989,997.3,975.4,993,973252,Tata Consumers
11-11-2024,993.2,998,973.3,976,1108758,Tata Consumers
12-11-2024,976,986.4,965.6,967.6,968082,Tata Consumers
13-11-2024,965,970,950,952.8,948691,Tata Consumers
14-11-2024,950,955.3,922,925,1950720,Tata Consumers
18-11-2024,929.8,942.5,916,930.8,2193819,Tata Consumers
19-11-2024,935,940.5,915.1,917.2,1844903,Tata Consumers
21-11-2024,917.2,922,900.5,911.7,1550618,Tata Consumers
22-11-2024,916.3,948.5,912.9,945.2,1427895,Tata Consumers
25-11-2024,950,962.8,946.6,955.7,2468847,Tata Consumers
26-11-2024,960,967.5,952,963.6,638057,Tata Consumers
27-11-2024,964,965.1,952.7,960.1,786040,Tata Consumers
28-11-2024,960,972.7,938.3,941.1,1834887,Tata Consumers
29-11-2024,941.8,964.4,941.5,958.7,1482253,Tata Consumers
02-12-2024,958.7,962.9,947.3,957,916920,Tata Consumers
03-12-2024,958.1,959.8,948.7,955,1346981,Tata Consumers
04-12-2024,956,963.9,949.7,961.2,1236061,Tata Consumers
05-12-2024,965,971,946.3,966.5,2043341,Tata Consumers
06-12-2024,970,976.4,964.1,974.5,1893714,Tata Consumers
09-12-2024,974,974,931.5,934,3679131,Tata Consumers
10-12-2024,938.5,938.6,925.2,926.8,1990270,Tata Consumers
11-12-2024,931.4,943,929.4,935.1,1356603,Tata Consumers
12-12-2024,937,938.5,916,921.3,1913140,Tata Consumers
13-12-2024,919.3,931,907.4,929.7,1278151,Tata Consumers
16-12-2024,929.7,934.7,917,920.4,848667,Tata Consumers
17-12-2024,920.4,922,900,904.9,1597108,Tata Consumers
18-12-2024,905,916.9,904.5,909.4,1154541,Tata Consumers
19-12-2024,908,918,901.1,907.1,2589001,Tata Consumers
20-12-2024,907,916.5,882.9,889.5,2441036,Tata Consumers
23-12-2024,895,906,890,902.8,1054695,Tata Consumers
24-12-2024,905,913,896.8,907.3,1038280,Tata Consumers
26-12-2024,908,911.4,898.6,901,595956,Tata Consumers
27-12-2024,902,911.4,899,908,870974,Tata Consumers
30-12-2024,908,912,898.7,903.5,1830048,Tata Consumers
31-12-2024,899,917.2,893.1,914.7,1120133,Tata Consumers
01-01-2025,913,922.5,911,920.3,641424,Tata Consumers
02-01-2025,921,931.3,913.1,929.7,1705632,Tata Consumers
03-01-2025,932.7,941.9,926,939.5,1832664,Tata Consumers
06-01-2025,935,955,929.1,946.9,2692614,Tata Consumers
07-01-2025,952,972,949.8,955,2413582,Tata Consumers
08-01-2025,955,963.9,945.5,961.6,1235226,Tata Consumers
09-01-2025,957.5,982.8,954.5,970.1,2130681,Tata Consumers
10-01-2025,965.2,980,959,972.8,1443387,Tata Consumers
13-01-2025,945.2,969.1,945,965.5,1876479,Tata Consumers
14-01-2025,965.7,977,958.6,963.2,1558290,Tata Consumers
15-01-2025,963.2,963.2,944.6,955.6,3190709,Tata Consumers
16-01-2025,960,960,926.1,937.7,2019985,Tata Consumers
17-01-2025,942,959.4,935.4,954.5,677451,Tata Consumers
20-01-2025,960,968.6,944.5,960.3,702848,Tata Consumers
21-01-2025,961.1,978,957.9,972.1,2281022,Tata Consumers
22-01-2025,976.9,981.7,958.2,967.4,1759236,Tata Consumers
23-01-2025,967.4,993.5,961.2,983.9,1235360,Tata Consumers
24-01-2025,988.8,1004,986.4,992.4,2201712,Tata Consumers
27-01-2025,989.1,998.4,960,965.8,1806238,Tata Consumers
28-01-2025,971,979.3,958,961.3,1647098,Tata Consumers
29-01-2025,961.3,966.7,938,960.5,1479070,Tata Consumers
30-01-2025,966,975,953,966.7,1706978,Tata Consumers
31-01-2025,970,1031.2,967.9,1024.7,5028986,Tata Consumers
03-02-2025,1067.4,1074.5,1033.7,1036.3,1298543,Tata Consumers
04-02-2025,1040,1043.8,1019.1,1034.2,2251233,Tata Consumers
05-02-2025,1035.1,1035.3,1010.6,1015.3,1628436,Tata Consumers
06-02-2025,1020.4,1026.3,1010.2,1023.4,1172479,Tata Consumers
07-02-2025,1031.9,1031.9,1012.6,1021.2,941811,Tata Consumers
10-02-2025,1020,1036.9,1015.8,1027.5,1418998,Tata Consumers
11-02-2025,1029.9,1035.5,1009.1,1013.8,1204012,Tata Consumers
12-02-2025,1019,1039,1010.1,1029.8,1082392,Tata Consumers
13-02-2025,1029.8,1037,1016.9,1022.8,1169309,Tata Consumers
14-02-2025,1027.9,1037.9,1018,1022.6,2032391,Tata Consumers
17-02-2025,1022,1027.5,1005.1,1023.3,925113,Tata Consumers
18-02-2025,1019.1,1028,1018.6,1027,789814,Tata Consumers
19-02-2025,1024,1032.9,1021.3,1025.3,782204,Tata Consumers
20-02-2025,1020,1030.3,1003.7,1008.9,878748,Tata Consumers
21-02-2025,1008,1013.7,991.5,1004,1330146,Tata Consumers
24-02-2025,990,1011.1,990,1002.4,1002365,Tata Consumers
25-02-2025,994,1010,993.2,1004.9,1663313,Tata Consumers
27-02-2025,1005,1010.2,998.3,1008,1362115,Tata Consumers
28-02-2025,995,1001.5,957.4,963.7,5082193,Tata Consumers
03-03-2025,963.7,970,948.4,953.9,1323481,Tata Consumers
04-03-2025,945.1,957.9,943.2,954.6,1916433,Tata Consumers
05-03-2025,948.5,966,948,956.8,2773457,Tata Consumers
06-03-2025,964,965,943.1,958.2,2421530,Tata Consumers
07-03-2025,957,967.4,950.2,962.1,945675,Tata Consumers
10-03-2025,960,969.3,953,957.3,1660207,Tata Consumers
11-03-2025,956,962.4,930.1,959.9,2748541,Tata Consumers
12-03-2025,951.7,961.8,943.4,945.5,1619168,Tata Consumers
13-03-2025,950,955,940.2,946.1,907521,Tata Consumers
17-03-2025,946.1,956.5,934.6,941.4,993027,Tata Consumers
18-03-2025,941.1,950.6,938.2,946.9,2343994,Tata Consumers
19-03-2025,947.5,959.9,945.3,949.9,1650477,Tata Consumers
20-03-2025,953.1,967.7,950.3,965.9,2403031,Tata Consumers
21-03-2025,968,972.2,956.6,961.2,3155551,Tata Consumers
24-03-2025,965.3,976.2,956.5,970.5,1475967,Tata Consumers
25-03-2025,979,979.9,959,970.7,1569597,Tata Consumers
26-03-2025,975,976.3,957,959.7,1399118,Tata Consumers
27-03-2025,963,980.4,952.5,973.6,2585170,Tata Consumers
28-03-2025,975.5,1015,975,1001.9,2313101,Tata Consumers
01-04-2025,1003,1014.6,989.3,992.3,1045548,Tata Consumers
02-04-2025,1018,1073.2,1015,1062.7,8717812,Tata Consumers
03-04-2025,1049.9,1075.3,1048.1,1071,1595000,Tata Consumers
04-04-2025,1065.5,1095.6,1062.9,1087.9,4089261,Tata Consumers
07-04-2025,1019,1077.7,1019,1047.4,3200820,Tata Consumers
08-04-2025,1056,1073.5,1044.8,1069.8,1444712,Tata Consumers
09-04-2025,1062,1093,1060.1,1089.8,2274161,Tata Consumers
11-04-2025,1125,1126,1093.8,1097.9,1888677,Tata Consumers
15-04-2025,1108.3,1111,1094.1,1103.4,1023355,Tata Consumers
16-04-2025,1094.1,1108.9,1086.8,1105.9,679360,Tata Consumers
17-04-2025,1104,1133.8,1094.5,1120.2,1541674,Tata Consumers
21-04-2025,1120.2,1129.5,1102.4,1121,692767,Tata Consumers
22-04-2025,1121.7,1149,1118.2,1136.7,1231830,Tata Consumers
23-04-2025,1143,1156.6,1132.6,1150.1,1760325,Tata Consumers
24-04-2025,1151,1168.9,1098.3,1161.3,5766752,Tata Consumers
25-04-2025,1160.2,1165,1130.7,1155.7,1451946,Tata Consumers
28-04-2025,1146.1,1162.5,1145,1155.2,663435,Tata Consumers
29-04-2025,1155.2,1174.1,1149.9,1168.9,1439143,Tata Consumers
30-04-2025,1174.7,1180.5,1152.4,1165.8,1477319,Tata Consumers
02-05-2025,1157,1176.2,1151,1156.8,825657,Tata Consumers
05-05-2025,1155.5,1173.6,1153,1161.5,1359727,Tata Consumers
06-05-2025,1161.5,1173.5,1152.6,1155.3,1382140,Tata Consumers
07-05-2025,1140,1162.3,1136.4,1146,1792683,Tata Consumers
08-05-2025,1136,1140,1107.5,1116,2692162,Tata Consumers
09-05-2025,1098,1118.6,1086.4,1113.7,815694,Tata Consumers
12-05-2025,1123,1155,1123,1145.6,748637,Tata Consumers
13-05-2025,1145.3,1150.3,1116.2,1118.6,1096797,Tata Consumers
14-05-2025,1118.6,1128.9,1115.8,1120.4,1386813,Tata Consumers
15-05-2025,1120.4,1159.2,1105.5,1147.2,2064096,Tata Consumers
16-05-2025,1154.9,1173.5,1144,1168,1336653,Tata Consumers
19-05-2025,1168,1169.7,1143,1149.3,786128,Tata Consumers
20-05-2025,1149,1155.2,1126.8,1128.5,825451,Tata Consumers
21-05-2025,1128.5,1153.5,1123.8,1138.8,619421,Tata Consumers
22-05-2025,1138.8,1138.8,1115.5,1126.7,1414277,Tata Consumers
23-05-2025,1126.5,1152,1124,1140.8,897235,Tata Consumers
26-05-2025,1137,1153.4,1137,1146.3,616370,Tata Consumers
27-05-2025,1146.6,1149.8,1127.2,1138.4,901912,Tata Consumers
28-05-2025,1138.4,1138.8,1119,1121.4,492483,Tata Consumers
29-05-2025,1115.7,1118.1,1098.2,1109.8,2556089,Tata Consumers
30-05-2025,1109.8,1119.8,1101.6,1106.3,2475644,Tata Consumers
02-06-2025,1100,1125,1099.2,1120.4,907133,Tata Consumers
03-06-2025,1116.1,1123.2,1110.1,1114.6,795876,Tata Consumers
04-06-2025,1110,1125.9,1110,1124.4,635699,Tata Consumers
05-06-2025,1124.5,1127.1,1108.2,1111.9,1044950,Tata Consumers
06-06-2025,1111.9,1123.9,1109.4,1115.6,503186,Tata Consumers
09-06-2025,1115.6,1122.5,1110.2,1121.2,467790,Tata Consumers
10-06-2025,1121.2,1128.6,1112.7,1115.1,460271,Tata Consumers
11-06-2025,1115.2,1119,1102,1104.3,862130,Tata Consumers
12-06-2025,1108.9,1108.9,1080,1085.1,941294,Tata Consumers
13-06-2025,1066.6,1080.6,1066.6,1078.4,614108,Tata Consumers
16-06-2025,1074,1085,1073.6,1083.4,439929,Tata Consumers
17-06-2025,1083.4,1094,1065.5,1071.6,664517,Tata Consumers
18-06-2025,1066.4,1075.8,1059,1065.2,545933,Tata Consumers
19-06-2025,1065.2,1091.6,1061.6,1088.3,2816398,Tata Consumers
20-06-2025,1088.3,1103,1082.7,1100.2,2084108,Tata Consumers
23-06-2025,1090,1112,1090,1109.4,758904,Tata Consumers
24-06-2025,1112,1116.9,1104.4,1107.7,1134930,Tata Consumers
25-06-2025,1107.7,1133.9,1106.6,1126.5,1564437,Tata Consumers
26-06-2025,1122,1150,1119.1,1145.4,2236678,Tata Consumers
27-06-2025,1144,1147.2,1120,1124.3,622376,Tata Consumers
30-06-2025,1124,1126.7,1090.6,1098.9,1836286,Tata Consumers
