Date,Open,High,Low,Close,Volume,Company
03-07-2006,94.4,94.8,92.6,93.1,73641,Tata Chemicals
04-07-2006,94.8,94.8,92.2,92.2,93418,Tata Chemicals
05-07-2006,93,93,91.7,92.5,49389,Tata Chemicals
06-07-2006,91.7,95.2,91.7,93.4,221626,Tata Chemicals
07-07-2006,94.4,95.2,93.1,93.7,384766,Tata Chemicals
10-07-2006,93.9,94.6,93,93.9,68486,Tata Chemicals
11-07-2006,93.7,95.6,93.5,95.2,259563,Tata Chemicals
12-07-2006,92.6,95.7,92.6,94.9,122078,Tata Chemicals
13-07-2006,95.5,95.7,93.2,93.8,72513,Tata Chemicals
14-07-2006,92.7,93.8,91.6,92.6,91132,Tata Chemicals
17-07-2006,91.8,92.4,90.4,90.7,92296,Tata Chemicals
18-07-2006,92.5,92.6,89.4,90.1,97233,Tata Chemicals
19-07-2006,91.3,92.2,85.6,86,158746,Tata Chemicals
20-07-2006,87.7,88.6,86.8,87.4,109326,Tata Chemicals
21-07-2006,87.4,88.2,85.8,87.6,93527,Tata Chemicals
24-07-2006,87.6,87.6,83,85.8,108298,Tata Chemicals
25-07-2006,89.5,89.5,86,86.9,67223,Tata Chemicals
26-07-2006,87.6,90.3,86.7,89.8,136758,Tata Chemicals
27-07-2006,90.6,91.7,87.3,89.3,503174,Tata Chemicals
28-07-2006,90.8,92.6,87.4,87.9,172308,Tata Chemicals
31-07-2006,92.4,92.4,87.8,88.6,148688,Tata Chemicals
01-08-2006,88.6,89.5,87.9,88.6,129306,Tata Chemicals
02-08-2006,86.9,91.6,86.9,90.3,336350,Tata Chemicals
03-08-2006,90.8,91.6,88.7,89.5,236958,Tata Chemicals
04-08-2006,89.9,90.8,88.2,88.7,164013,Tata Chemicals
07-08-2006,88.6,89.9,87.8,89.5,105533,Tata Chemicals
08-08-2006,88.7,90.3,88.7,90.1,93203,Tata Chemicals
09-08-2006,90.4,93,89.9,92.6,290787,Tata Chemicals
10-08-2006,93.1,95.9,92.8,94.8,312500,Tata Chemicals
11-08-2006,101.4,101.4,94,94.8,140891,Tata Chemicals
14-08-2006,96.1,96.6,94.6,94.9,360742,Tata Chemicals
16-08-2006,96.5,96.9,94.8,95.1,268879,Tata Chemicals
17-08-2006,96.5,96.5,93.1,93.5,211412,Tata Chemicals
18-08-2006,93.7,95.2,93.3,93.6,170704,Tata Chemicals
21-08-2006,94.8,94.8,91.8,93.9,262176,Tata Chemicals
22-08-2006,94.4,95.8,94.4,95.2,223419,Tata Chemicals
23-08-2006,94.8,97.5,94.4,95.3,464044,Tata Chemicals
24-08-2006,94.8,96.4,94,96.1,284597,Tata Chemicals
25-08-2006,96.6,98.9,96.1,98,640272,Tata Chemicals
28-08-2006,99.6,99.6,97.9,98.1,239643,Tata Chemicals
29-08-2006,99.2,99.2,97.9,97.9,109145,Tata Chemicals
30-08-2006,99.2,99.9,97.8,99.3,338765,Tata Chemicals
31-08-2006,100.8,102.6,98.5,99.1,1041528,Tata Chemicals
01-09-2006,100.7,101.2,99.6,100.2,164996,Tata Chemicals
04-09-2006,100.1,102.7,100.1,102.4,461133,Tata Chemicals
05-09-2006,102.7,103.1,100.6,101.1,222673,Tata Chemicals
06-09-2006,101,102.1,100.2,101.4,211553,Tata Chemicals
07-09-2006,100.6,101,98.8,99,221384,Tata Chemicals
08-09-2006,99.2,99.8,98.5,99.4,274865,Tata Chemicals
11-09-2006,99.1,99.6,94,94.7,154033,Tata Chemicals
12-09-2006,94.9,95.6,93,95.3,118532,Tata Chemicals
13-09-2006,96.9,97,95.7,96.7,87624,Tata Chemicals
14-09-2006,98.3,98.7,97.1,98,125135,Tata Chemicals
15-09-2006,98.8,99.4,97.1,97.7,276790,Tata Chemicals
18-09-2006,98.8,99,97.5,98.1,184998,Tata Chemicals
19-09-2006,99,100.3,98.4,99.7,355840,Tata Chemicals
20-09-2006,99.6,101.9,98.8,101.4,306797,Tata Chemicals
21-09-2006,102.2,104.4,102.1,104.2,603354,Tata Chemicals
22-09-2006,104.1,104.5,102.3,103.5,242234,Tata Chemicals
25-09-2006,101.5,103.8,101.5,103,126188,Tata Chemicals
26-09-2006,101.4,103.5,101.4,101.7,79571,Tata Chemicals
27-09-2006,102.7,102.9,101.4,101.5,87795,Tata Chemicals
28-09-2006,101.9,105.8,101.9,105,602296,Tata Chemicals
29-09-2006,105,107.6,104.5,106.3,374684,Tata Chemicals
03-10-2006,107.6,108.1,105.4,106,233560,Tata Chemicals
04-10-2006,106.6,106.6,104.6,105.8,197243,Tata Chemicals
05-10-2006,106.3,107.1,105.2,105.8,106255,Tata Chemicals
06-10-2006,107.8,107.8,105.6,105.8,167184,Tata Chemicals
09-10-2006,105.6,106.7,104.1,104.5,171308,Tata Chemicals
10-10-2006,105.8,105.8,102.4,102.8,124349,Tata Chemicals
11-10-2006,102.8,103.9,100.1,100.6,136178,Tata Chemicals
12-10-2006,101.4,103.2,100.5,101.9,1030268,Tata Chemicals
13-10-2006,103.2,103.5,99.3,100.9,225290,Tata Chemicals
16-10-2006,101.4,102.2,100.1,100.9,115030,Tata Chemicals
17-10-2006,101,101.8,99.4,99.7,173564,Tata Chemicals
18-10-2006,99.3,102.1,98.9,101.5,338902,Tata Chemicals
19-10-2006,103.6,103.6,99.4,99.9,105054,Tata Chemicals
20-10-2006,99.7,101.4,97,99.1,368415,Tata Chemicals
23-10-2006,99.6,100.8,99,100.4,83253,Tata Chemicals
26-10-2006,99.2,102.5,99.2,101.3,557609,Tata Chemicals
27-10-2006,102.2,103.8,102,103.3,179933,Tata Chemicals
30-10-2006,103.6,104.2,102.3,104.1,176862,Tata Chemicals
31-10-2006,104.1,105,101.4,101.7,152614,Tata Chemicals
01-11-2006,101.9,103.6,101.9,103,248835,Tata Chemicals
02-11-2006,103.4,103.4,100.3,100.8,80545,Tata Chemicals
03-11-2006,100.5,101.8,99,100,97722,Tata Chemicals
06-11-2006,100,100.7,99.5,99.9,90566,Tata Chemicals
07-11-2006,100.5,102.5,100.1,101.6,199262,Tata Chemicals
08-11-2006,101.8,101.8,99.7,100.4,63980,Tata Chemicals
09-11-2006,100.1,101.8,100.1,101.1,92227,Tata Chemicals
10-11-2006,101,102.3,101,102.1,90559,Tata Chemicals
13-11-2006,101.9,103.8,101.4,102.3,292424,Tata Chemicals
14-11-2006,104.3,104.3,100.7,101.1,166556,Tata Chemicals
15-11-2006,101.4,101.4,100.1,100.4,115458,Tata Chemicals
16-11-2006,100.9,101.3,98.8,99.1,187959,Tata Chemicals
17-11-2006,99.1,100.2,95.9,98.9,349034,Tata Chemicals
20-11-2006,97.4,100.5,97.4,99.3,204698,Tata Chemicals
21-11-2006,100.1,100.1,98.8,99.2,111126,Tata Chemicals
22-11-2006,98.8,100,98.8,99.3,352962,Tata Chemicals
23-11-2006,100,101.4,99,100.1,347726,Tata Chemicals
24-11-2006,99.3,100.7,98.8,99.4,82682,Tata Chemicals
27-11-2006,98.8,99.6,98.8,99.5,103479,Tata Chemicals
28-11-2006,99.5,100.7,98.3,99.7,137216,Tata Chemicals
29-11-2006,98.5,99.9,97,97.3,222785,Tata Chemicals
30-11-2006,98.3,98.8,96.2,96.6,306531,Tata Chemicals
01-12-2006,96.1,98.2,96.1,96.9,154513,Tata Chemicals
04-12-2006,94.8,98.5,94.8,96.9,163538,Tata Chemicals
05-12-2006,97.4,98.1,96.6,96.9,189720,Tata Chemicals
06-12-2006,97.9,98.3,96.1,96.9,223636,Tata Chemicals
07-12-2006,95.3,98.2,95.3,97.9,140037,Tata Chemicals
08-12-2006,97.9,98.2,96.1,96.2,76305,Tata Chemicals
11-12-2006,96.1,96.5,94.4,94.6,312892,Tata Chemicals
12-12-2006,94.8,95.3,90.2,91.4,541712,Tata Chemicals
13-12-2006,91.4,92.5,88.4,92.1,158654,Tata Chemicals
14-12-2006,92.2,97.9,92,96.5,239118,Tata Chemicals
15-12-2006,97.4,99.5,97.3,98.9,498130,Tata Chemicals
18-12-2006,97.5,99.6,97.2,99.3,115754,Tata Chemicals
19-12-2006,98.9,99.4,97.4,99.2,290259,Tata Chemicals
20-12-2006,100.9,100.9,98.1,100.1,425978,Tata Chemicals
21-12-2006,100.3,100.3,97.9,98.2,56262,Tata Chemicals
22-12-2006,98.3,99.1,97,97.9,40460,Tata Chemicals
26-12-2006,97.9,98.3,97,97.2,87264,Tata Chemicals
27-12-2006,100,100,96.4,96.8,520099,Tata Chemicals
28-12-2006,97,97.2,95.8,96,231133,Tata Chemicals
29-12-2006,96.5,96.5,94.9,95.1,181281,Tata Chemicals
02-01-2007,95.1,97,94.8,95.5,76527,Tata Chemicals
03-01-2007,96.5,96.5,94.7,95,218044,Tata Chemicals
04-01-2007,95.6,96.5,95.2,96,374406,Tata Chemicals
05-01-2007,96.5,97.6,95.9,96.4,117520,Tata Chemicals
08-01-2007,96.4,96.4,95.5,95.8,85860,Tata Chemicals
09-01-2007,95.2,96.5,93.9,94.2,84415,Tata Chemicals
10-01-2007,94.7,94.9,92.6,93.8,77274,Tata Chemicals
11-01-2007,94.8,95.5,93.7,94.8,133151,Tata Chemicals
12-01-2007,95.2,97.4,95.2,96.9,225351,Tata Chemicals
15-01-2007,97.8,98.1,96.6,96.9,151877,Tata Chemicals
16-01-2007,97.4,97.5,96.7,97,41576,Tata Chemicals
17-01-2007,97,100,97,99.1,336495,Tata Chemicals
18-01-2007,99.2,100.2,98.3,99.5,246580,Tata Chemicals
19-01-2007,99.8,100.1,98.8,99.2,156760,Tata Chemicals
22-01-2007,99.2,99.2,98.5,98.8,83514,Tata Chemicals
23-01-2007,98.4,99.6,97.4,99,163284,Tata Chemicals
24-01-2007,98.4,99.9,95.5,99.2,74061,Tata Chemicals
25-01-2007,98.8,100.3,98.8,99.9,237091,Tata Chemicals
29-01-2007,100.3,102.7,100.1,100.9,285937,Tata Chemicals
31-01-2007,101,101.8,99.7,100.1,183756,Tata Chemicals
01-02-2007,100.5,102.7,98.6,101.2,108354,Tata Chemicals
02-02-2007,102.4,105.3,102.3,104.9,420854,Tata Chemicals
05-02-2007,105.8,106.9,105,106.4,422088,Tata Chemicals
06-02-2007,107.1,107.1,105.9,106.7,281904,Tata Chemicals
07-02-2007,106.7,107.1,105.5,106.7,429913,Tata Chemicals
08-02-2007,107.1,107.1,104.3,106.1,120144,Tata Chemicals
09-02-2007,105.2,105.7,101.4,101.8,80411,Tata Chemicals
12-02-2007,101.8,101.8,98.5,98.8,80019,Tata Chemicals
13-02-2007,98.8,100.4,97.5,99.6,43633,Tata Chemicals
14-02-2007,98.8,99.2,97,97.5,60832,Tata Chemicals
15-02-2007,99.2,101.6,99.1,100.9,91730,Tata Chemicals
19-02-2007,100.9,101.9,99.5,99.9,58868,Tata Chemicals
20-02-2007,99.2,100.7,98.9,99.7,63279,Tata Chemicals
21-02-2007,100.5,100.5,97.3,97.8,96559,Tata Chemicals
22-02-2007,98.1,101.9,97.5,99.8,153276,Tata Chemicals
23-02-2007,99.8,100.8,95.3,95.9,111795,Tata Chemicals
26-02-2007,97,98.3,96.2,97.8,81994,Tata Chemicals
27-02-2007,99.6,100.1,96.3,97,68715,Tata Chemicals
28-02-2007,94.8,96.6,89.1,94.5,149105,Tata Chemicals
01-03-2007,94.8,96,93.9,94.9,45408,Tata Chemicals
02-03-2007,95.7,96.5,93.9,94.6,56213,Tata Chemicals
05-03-2007,93,93.9,88.2,92.5,104263,Tata Chemicals
06-03-2007,93,93.5,90.4,91.8,53056,Tata Chemicals
07-03-2007,91.9,93,89.2,89.5,109356,Tata Chemicals
08-03-2007,89.9,91.3,87.1,88.6,221937,Tata Chemicals
09-03-2007,89.9,90.6,86.3,86.8,110321,Tata Chemicals
12-03-2007,88.2,88.2,83.8,84,214470,Tata Chemicals
13-03-2007,84,84.8,82.5,83.4,196272,Tata Chemicals
14-03-2007,82.9,85,82.5,84,185045,Tata Chemicals
15-03-2007,84,86.3,84,85.4,166313,Tata Chemicals
16-03-2007,86.8,86.8,83.4,84.1,42827,Tata Chemicals
19-03-2007,85.5,85.8,83.6,85.6,53511,Tata Chemicals
20-03-2007,86.1,86.8,85.1,86.5,144369,Tata Chemicals
21-03-2007,86.9,88,86.4,86.9,45465,Tata Chemicals
22-03-2007,87.8,93.7,87.8,93,316198,Tata Chemicals
23-03-2007,93,93.9,89.9,91.5,39306,Tata Chemicals
26-03-2007,92.2,92.6,90.2,90.4,75261,Tata Chemicals
28-03-2007,89.1,90.8,89.1,90.3,109071,Tata Chemicals
29-03-2007,89.6,91.2,89.6,90.9,56537,Tata Chemicals
30-03-2007,91.2,92.2,90.5,91.5,49328,Tata Chemicals
02-04-2007,89.1,91.1,88.4,88.9,45605,Tata Chemicals
03-04-2007,89.1,89.1,88.6,88.9,43520,Tata Chemicals
04-04-2007,98.8,98.8,88.8,89.1,44224,Tata Chemicals
05-04-2007,88.2,89.3,88,88.3,75610,Tata Chemicals
09-04-2007,89.9,89.9,88.1,88.4,112981,Tata Chemicals
10-04-2007,90.8,91.2,89.1,89.3,115043,Tata Chemicals
11-04-2007,89.1,93,89.1,92.4,227046,Tata Chemicals
12-04-2007,92.5,94.6,91.3,92.7,168157,Tata Chemicals
13-04-2007,92.6,94.4,91.3,93,240091,Tata Chemicals
16-04-2007,93,94.4,92.8,93.8,59457,Tata Chemicals
17-04-2007,94.4,94.7,91.6,92.8,269325,Tata Chemicals
18-04-2007,92.6,93.5,92.6,92.9,33709,Tata Chemicals
19-04-2007,90.4,96.9,90.4,95.2,474017,Tata Chemicals
20-04-2007,97.9,97.9,93.5,94,170473,Tata Chemicals
23-04-2007,94.9,95.5,94,94.4,56115,Tata Chemicals
24-04-2007,94.5,96.6,93.5,95.8,134152,Tata Chemicals
25-04-2007,95.8,99.3,94.1,97.3,304435,Tata Chemicals
26-04-2007,97.9,98.8,94.9,96.5,283858,Tata Chemicals
27-04-2007,96.3,96.5,94.8,95.1,60760,Tata Chemicals
30-04-2007,95.1,97,94.6,96.1,154394,Tata Chemicals
03-05-2007,97,100,97,98.9,306288,Tata Chemicals
04-05-2007,100.1,100.3,97,97.5,99845,Tata Chemicals
07-05-2007,98.8,101.8,97.6,100.8,269180,Tata Chemicals
08-05-2007,101.4,103.1,100.9,101.5,312580,Tata Chemicals
09-05-2007,100.7,101,98.9,100.4,110253,Tata Chemicals
10-05-2007,100.4,104.8,100.4,103.6,500372,Tata Chemicals
11-05-2007,102.6,104.1,101.1,101.5,170746,Tata Chemicals
14-05-2007,102.3,103.4,101.4,101.7,86403,Tata Chemicals
15-05-2007,102.7,102.8,100.1,100.6,149092,Tata Chemicals
16-05-2007,101.4,101.9,100.6,101.4,131015,Tata Chemicals
17-05-2007,102.2,107.3,102,106.3,620313,Tata Chemicals
18-05-2007,106.7,107.1,104.5,105.4,343393,Tata Chemicals
21-05-2007,105.6,111.6,105.4,110.8,668903,Tata Chemicals
22-05-2007,111.1,114.2,110.5,113.4,816893,Tata Chemicals
23-05-2007,111.3,116.9,111.3,113.6,726291,Tata Chemicals
24-05-2007,112.4,113.5,111.8,112.8,256651,Tata Chemicals
25-05-2007,101.9,112.4,101.9,111.5,242740,Tata Chemicals
28-05-2007,112,115.1,112,112.9,360586,Tata Chemicals
29-05-2007,114.1,114.1,112.8,112.9,170558,Tata Chemicals
30-05-2007,113.3,115.2,110.5,113.2,697422,Tata Chemicals
31-05-2007,114.6,115.7,112.8,113,419639,Tata Chemicals
01-06-2007,113.7,113.7,110.2,110.8,419915,Tata Chemicals
04-06-2007,111.1,111.3,107.6,107.9,153931,Tata Chemicals
05-06-2007,107.6,107.9,106,107.6,165361,Tata Chemicals
06-06-2007,109.6,109.6,105.4,105.9,155725,Tata Chemicals
07-06-2007,105.8,106.9,105.5,106.2,254180,Tata Chemicals
08-06-2007,104.9,106.3,104.4,105.9,152917,Tata Chemicals
11-06-2007,107.1,107.8,105.6,105.9,141562,Tata Chemicals
12-06-2007,106.6,106.7,104.9,105.9,213510,Tata Chemicals
13-06-2007,101.6,108.2,101.6,106.5,173928,Tata Chemicals
14-06-2007,107.1,108,105.8,107.5,78714,Tata Chemicals
15-06-2007,108,109.8,107.2,108.3,99116,Tata Chemicals
18-06-2007,107.4,108.8,107.2,107.8,45892,Tata Chemicals
19-06-2007,106.9,108,106.7,107.5,20564,Tata Chemicals
20-06-2007,106.7,108,106.3,106.9,65638,Tata Chemicals
21-06-2007,106.9,107.6,106,106.5,55085,Tata Chemicals
22-06-2007,107.6,108.7,105.9,108,335492,Tata Chemicals
25-06-2007,110.7,111.6,108.3,109.6,730427,Tata Chemicals
26-06-2007,110.7,112.4,110.7,112,283857,Tata Chemicals
27-06-2007,112,112.4,107.8,108.8,217402,Tata Chemicals
28-06-2007,108.6,111.6,108,110.2,404879,Tata Chemicals
29-06-2007,111.1,111.1,107.4,109.7,120114,Tata Chemicals
02-07-2007,110.2,112,109.8,111.9,187184,Tata Chemicals
03-07-2007,113.3,113.7,110.7,111.5,601722,Tata Chemicals
04-07-2007,111.9,111.9,110.3,111.6,305176,Tata Chemicals
05-07-2007,111.6,112.4,109.8,111.5,389218,Tata Chemicals
06-07-2007,110.6,110.6,105.9,106.3,182974,Tata Chemicals
09-07-2007,108.3,108.3,106.3,106.5,134582,Tata Chemicals
10-07-2007,106.3,107.4,105.4,106.5,198360,Tata Chemicals
11-07-2007,105.8,107.9,105.5,107.4,137733,Tata Chemicals
12-07-2007,108.5,108.9,105.9,106.7,183995,Tata Chemicals
13-07-2007,107.6,109.1,107.4,107.9,342559,Tata Chemicals
16-07-2007,121.3,121.3,108.6,111.4,691196,Tata Chemicals
17-07-2007,112.4,114.6,111.6,112.1,628843,Tata Chemicals
18-07-2007,112.4,114.6,111.1,112,267391,Tata Chemicals
19-07-2007,112.4,117.5,111.1,116.6,1392735,Tata Chemicals
20-07-2007,117.7,119,116.3,116.8,919873,Tata Chemicals
23-07-2007,116.8,117.7,115.1,117.2,363112,Tata Chemicals
24-07-2007,117.3,118.1,114.8,115.3,572029,Tata Chemicals
25-07-2007,113.8,116,111.8,113.5,475870,Tata Chemicals
26-07-2007,112.9,116.3,112,113.1,540750,Tata Chemicals
27-07-2007,111.6,111.9,108.6,110.3,233537,Tata Chemicals
30-07-2007,110.9,113.7,108.6,112.6,299226,Tata Chemicals
31-07-2007,113.3,117.2,112.9,116,676924,Tata Chemicals
01-08-2007,110.3,114.6,109.8,110.3,117680,Tata Chemicals
02-08-2007,109.3,111.8,109.3,110.3,269503,Tata Chemicals
03-08-2007,111.1,112.4,111.1,112.4,149208,Tata Chemicals
06-08-2007,109.4,111.9,108.7,110.9,58928,Tata Chemicals
07-08-2007,113.3,115.5,111.3,113.6,145725,Tata Chemicals
08-08-2007,114.6,115.1,112,112.8,186908,Tata Chemicals
09-08-2007,114.6,115,111.1,112.1,134656,Tata Chemicals
10-08-2007,110.2,112.4,107.8,111.1,80791,Tata Chemicals
13-08-2007,111.1,112,110.6,111.4,46668,Tata Chemicals
14-08-2007,111.4,112.7,110.7,111.9,28927,Tata Chemicals
16-08-2007,109.3,111.6,105.8,108.5,149534,Tata Chemicals
17-08-2007,107.1,108.9,102.3,103.7,219711,Tata Chemicals
20-08-2007,105.8,111.9,105.8,110.5,318487,Tata Chemicals
21-08-2007,111.1,113.3,104.1,104.8,250563,Tata Chemicals
22-08-2007,105.4,107.1,101.9,106.3,109197,Tata Chemicals
23-08-2007,107.4,108.4,103.2,103.9,68292,Tata Chemicals
24-08-2007,103.9,108,101.9,107.4,83788,Tata Chemicals
27-08-2007,108,109.3,107.1,108.8,87384,Tata Chemicals
28-08-2007,109.1,109.1,107.1,108.3,46267,Tata Chemicals
29-08-2007,107.1,109.6,105.4,109.1,64489,Tata Chemicals
30-08-2007,109.8,110.7,108.3,110.3,247356,Tata Chemicals
31-08-2007,110.2,112.4,108.5,111.1,631269,Tata Chemicals
03-09-2007,111.1,112.5,110.8,111.1,87758,Tata Chemicals
04-09-2007,111.1,113.8,110.7,112.2,368748,Tata Chemicals
05-09-2007,113.3,113.3,111.1,111.3,169282,Tata Chemicals
06-09-2007,113.8,114.2,109.7,110.5,133224,Tata Chemicals
07-09-2007,111.8,111.8,110.1,110.3,212026,Tata Chemicals
10-09-2007,109.4,111.9,109.1,110.4,56001,Tata Chemicals
11-09-2007,111.5,121.3,110.7,115.1,580002,Tata Chemicals
12-09-2007,115.9,118.1,115.5,116,840914,Tata Chemicals
13-09-2007,116.4,116.8,113.5,113.9,320210,Tata Chemicals
14-09-2007,113.5,115.4,111.6,112.2,254371,Tata Chemicals
17-09-2007,114.4,114.4,111.3,112.5,260234,Tata Chemicals
18-09-2007,112.9,115.6,111.6,113.8,422060,Tata Chemicals
19-09-2007,116.4,118.4,114.2,118,739748,Tata Chemicals
20-09-2007,118.4,126.7,116,124,1289248,Tata Chemicals
21-09-2007,124.6,125.7,121.3,122,685334,Tata Chemicals
24-09-2007,122.6,123.9,117.5,122.3,1005002,Tata Chemicals
25-09-2007,123.5,126.1,121,124.8,893848,Tata Chemicals
26-09-2007,127.4,128.4,125.1,127.4,1341198,Tata Chemicals
27-09-2007,129.1,131.4,126.1,128.4,1406242,Tata Chemicals
28-09-2007,128.7,132.3,128.7,131.7,472440,Tata Chemicals
01-10-2007,131.8,137.3,130.4,135.9,658485,Tata Chemicals
03-10-2007,136.8,140.7,129.2,134.4,884038,Tata Chemicals
04-10-2007,135.4,141.4,133.8,138.3,854163,Tata Chemicals
05-10-2007,138.9,138.9,136.2,137.1,432312,Tata Chemicals
08-10-2007,137.1,137.5,130.2,133.7,422611,Tata Chemicals
09-10-2007,129.9,136.6,129.6,134.5,172871,Tata Chemicals
10-10-2007,135.6,137.7,133.6,135.4,460266,Tata Chemicals
11-10-2007,135.8,136.7,131.2,134.1,137940,Tata Chemicals
12-10-2007,134,136,129,129.7,211683,Tata Chemicals
15-10-2007,131.7,135.8,130.1,134.9,208180,Tata Chemicals
16-10-2007,134.5,137.1,131.5,132.9,208958,Tata Chemicals
17-10-2007,126.1,133.2,123.4,132.4,310923,Tata Chemicals
18-10-2007,133.2,138.9,132.7,136.9,1029932,Tata Chemicals
19-10-2007,137.2,137.2,127.9,132.3,320717,Tata Chemicals
22-10-2007,131.3,138.1,128.5,137.4,268721,Tata Chemicals
23-10-2007,140.6,146.2,138.2,141.9,684599,Tata Chemicals
24-10-2007,143.7,143.7,138.9,142.5,307049,Tata Chemicals
25-10-2007,142.8,149.9,141.1,148.3,561917,Tata Chemicals
26-10-2007,149.8,149.8,146.1,148.1,354664,Tata Chemicals
29-10-2007,149.5,149.5,143.3,144.7,147034,Tata Chemicals
30-10-2007,145.5,149.5,141.1,143.9,474076,Tata Chemicals
31-10-2007,144.6,145.1,140.4,141.8,1581252,Tata Chemicals
01-11-2007,143.3,143.6,136.1,141.2,870573,Tata Chemicals
02-11-2007,136.7,139.8,134.5,138.7,138462,Tata Chemicals
05-11-2007,137.4,143.3,136.8,138.9,330323,Tata Chemicals
06-11-2007,141.1,144.6,139.2,141.3,382558,Tata Chemicals
07-11-2007,141.5,143.1,140.7,141.2,245698,Tata Chemicals
08-11-2007,138.9,143.3,138,141.5,307093,Tata Chemicals
09-11-2007,142.4,144.1,139.8,142.8,63894,Tata Chemicals
12-11-2007,139.4,141.8,136.7,139.8,344973,Tata Chemicals
13-11-2007,138.9,143.3,138.9,142,245938,Tata Chemicals
14-11-2007,143.7,145,139,140.4,781931,Tata Chemicals
15-11-2007,141.1,144.9,140.2,141,1422067,Tata Chemicals
16-11-2007,141.5,148.1,140.7,143.9,931228,Tata Chemicals
19-11-2007,145.5,146.4,142,142.4,459284,Tata Chemicals
20-11-2007,142.9,144.2,135.8,137.9,450212,Tata Chemicals
21-11-2007,138.4,138.9,132.3,133.9,344350,Tata Chemicals
22-11-2007,132.3,136.2,127.9,131.6,716360,Tata Chemicals
23-11-2007,134.4,136.2,132.8,135.1,588128,Tata Chemicals
26-11-2007,137.8,137.9,134.5,135.5,535950,Tata Chemicals
27-11-2007,136.7,141.5,135.8,138.4,612203,Tata Chemicals
28-11-2007,139.4,145,139.4,140.9,1255413,Tata Chemicals
29-11-2007,141.8,143.4,134.9,136.1,1421530,Tata Chemicals
30-11-2007,137.6,141.5,136.9,137.6,420742,Tata Chemicals
03-12-2007,138,144.3,138,143.4,444903,Tata Chemicals
04-12-2007,145,153,143.7,149.9,1606471,Tata Chemicals
05-12-2007,153.7,158.7,151.7,156.3,2386404,Tata Chemicals
06-12-2007,156.5,165.3,156.5,158.8,1756391,Tata Chemicals
07-12-2007,159.6,163,156.8,160.8,1430084,Tata Chemicals
10-12-2007,162,172.4,161.4,169.2,2285894,Tata Chemicals
11-12-2007,169.8,171.5,167.3,168.7,1498801,Tata Chemicals
12-12-2007,168.4,175,164,170.4,1665394,Tata Chemicals
13-12-2007,171.3,171.8,165,166.5,682818,Tata Chemicals
14-12-2007,168.8,169.8,164.5,168.4,375477,Tata Chemicals
17-12-2007,169.7,174.4,163.4,164.5,861624,Tata Chemicals
19-12-2007,173.3,177.9,172,173.8,1298106,Tata Chemicals
20-12-2007,176.4,176.4,168,169.4,1145795,Tata Chemicals
24-12-2007,172,173.7,169.8,170.3,427461,Tata Chemicals
26-12-2007,171.9,184.3,171.1,178.4,1053074,Tata Chemicals
27-12-2007,183,185.6,175,178.4,1291880,Tata Chemicals
28-12-2007,174.6,185.2,174.2,181.5,554742,Tata Chemicals
31-12-2007,183.4,184.3,181.2,182.1,328834,Tata Chemicals
01-01-2008,185.2,188.3,181.7,186.6,523405,Tata Chemicals
02-01-2008,187.4,189.1,183,188.2,300345,Tata Chemicals
03-01-2008,187.4,190,184.7,185.8,233995,Tata Chemicals
04-01-2008,189.6,189.6,183,184.1,774861,Tata Chemicals
07-01-2008,179.5,187.4,178.6,180.3,502649,Tata Chemicals
08-01-2008,181.6,182.5,168,170.5,608831,Tata Chemicals
09-01-2008,174.6,174.6,163.7,164.7,730143,Tata Chemicals
10-01-2008,175.9,175.9,162.7,163.3,522347,Tata Chemicals
11-01-2008,165.3,165.3,159.7,160.9,472334,Tata Chemicals
14-01-2008,161.6,164.5,159.2,161,465501,Tata Chemicals
15-01-2008,163,166.2,161.4,162.9,1710492,Tata Chemicals
16-01-2008,163.1,163.1,156.6,158.2,389469,Tata Chemicals
17-01-2008,163.1,163.1,152.1,158.3,399620,Tata Chemicals
18-01-2008,156.5,158.7,147.3,149.7,265751,Tata Chemicals
21-01-2008,149.9,149.9,127,134.9,842743,Tata Chemicals
22-01-2008,132.3,136.7,100.2,125.4,658173,Tata Chemicals
23-01-2008,128.5,140.7,127.9,133.4,813015,Tata Chemicals
24-01-2008,141,141,120.4,130.4,534475,Tata Chemicals
25-01-2008,134,144.5,130.1,141.9,266093,Tata Chemicals
28-01-2008,138.4,150.7,134.5,147.2,275082,Tata Chemicals
29-01-2008,146.2,155.6,145.5,151.9,261942,Tata Chemicals
30-01-2008,150.7,156.1,142.1,145.3,731106,Tata Chemicals
31-01-2008,144.6,152,130.1,135.4,1406421,Tata Chemicals
01-02-2008,141.5,147.6,126.6,128.2,1514484,Tata Chemicals
04-02-2008,130.1,138.9,130.1,137,1295741,Tata Chemicals
05-02-2008,136.7,137.9,132.7,135.8,341985,Tata Chemicals
06-02-2008,131.8,136.6,128.3,135.5,842111,Tata Chemicals
07-02-2008,136.2,141.7,130.5,132.1,1005875,Tata Chemicals
08-02-2008,134.4,137.1,127.5,130.2,592930,Tata Chemicals
11-02-2008,131,132.6,121.8,124.1,850278,Tata Chemicals
12-02-2008,126.1,127.9,119,120,430368,Tata Chemicals
13-02-2008,122.6,123,116.8,117.9,880705,Tata Chemicals
14-02-2008,121.7,126.1,119.5,123.1,1138565,Tata Chemicals
15-02-2008,121.3,128.5,121.2,127.3,945965,Tata Chemicals
18-02-2008,130.3,130.3,126.6,128.2,262292,Tata Chemicals
19-02-2008,130.3,141,130.1,133.2,426444,Tata Chemicals
20-02-2008,132.3,135.4,130.3,131.4,272509,Tata Chemicals
21-02-2008,134.5,134.5,130.5,132,192555,Tata Chemicals
22-02-2008,130.1,134.4,129.2,132.4,360745,Tata Chemicals
25-02-2008,134.4,134.5,131.8,133.8,266180,Tata Chemicals
26-02-2008,133.6,138.1,133.6,137.3,326158,Tata Chemicals
27-02-2008,139.5,145.1,138.1,143,872572,Tata Chemicals
28-02-2008,143.1,146.8,141.6,145.2,1081388,Tata Chemicals
29-02-2008,144.3,148.4,141.5,145.2,1154367,Tata Chemicals
03-03-2008,139.4,145,139.2,141.6,259494,Tata Chemicals
04-03-2008,142,144.5,134.1,140.7,1447411,Tata Chemicals
05-03-2008,140.3,145.5,140.3,143.2,1151577,Tata Chemicals
07-03-2008,136.7,144.8,133.6,141.4,991647,Tata Chemicals
10-03-2008,139.3,144.2,135.1,142.3,303329,Tata Chemicals
11-03-2008,141.1,145.5,140.2,142.3,976063,Tata Chemicals
12-03-2008,147.7,149,143.7,146,1049324,Tata Chemicals
13-03-2008,143.7,143.7,131.4,133.5,565429,Tata Chemicals
14-03-2008,132.3,134.5,128.4,130.8,414277,Tata Chemicals
17-03-2008,128.4,131.2,120.8,121.8,379481,Tata Chemicals
18-03-2008,123,126.1,119,120.9,456779,Tata Chemicals
19-03-2008,123.5,126.5,114.6,118.4,403628,Tata Chemicals
24-03-2008,121.3,121.3,113.1,114.8,206435,Tata Chemicals
25-03-2008,115.8,122.6,115.8,121.4,534894,Tata Chemicals
26-03-2008,121.7,122.6,120,120.9,289131,Tata Chemicals
27-03-2008,123.4,123.4,116.8,120.3,745358,Tata Chemicals
28-03-2008,123.3,129.6,120,127.8,431852,Tata Chemicals
31-03-2008,125.7,128.7,122.8,123.7,270966,Tata Chemicals
01-04-2008,127,128.7,123.5,127.6,718031,Tata Chemicals
02-04-2008,131.6,132.7,126.7,127.5,857469,Tata Chemicals
03-04-2008,127.6,131.4,125.7,129.2,535031,Tata Chemicals
04-04-2008,134.5,134.5,128.7,132.3,738476,Tata Chemicals
07-04-2008,132.3,138,129.7,137.5,432976,Tata Chemicals
08-04-2008,136.7,138.8,135.4,136.5,98918,Tata Chemicals
09-04-2008,136.7,140.9,135.1,137.9,378266,Tata Chemicals
10-04-2008,138,143.3,136.7,142.4,455206,Tata Chemicals
11-04-2008,143.7,145.5,141.5,145.1,208191,Tata Chemicals
15-04-2008,144.6,145.5,143.3,144.8,155765,Tata Chemicals
16-04-2008,147.2,147.6,144.6,145.9,454104,Tata Chemicals
17-04-2008,148.3,153,146.4,151.4,559995,Tata Chemicals
21-04-2008,152.4,164.3,151.5,162.5,1003954,Tata Chemicals
22-04-2008,159.6,167.3,159.6,165.8,964990,Tata Chemicals
23-04-2008,166.7,168.1,160.4,164.4,1177302,Tata Chemicals
24-04-2008,164.5,165.7,153.1,155.6,670846,Tata Chemicals
25-04-2008,155.6,160.6,155.2,156.2,388338,Tata Chemicals
28-04-2008,157.8,161.2,155.3,156.8,454299,Tata Chemicals
29-04-2008,156.6,163.8,156.6,160.4,458057,Tata Chemicals
30-04-2008,164,164,157,158.2,181158,Tata Chemicals
02-05-2008,162.1,162.1,156.5,158.7,287127,Tata Chemicals
05-05-2008,158.7,159.6,157.3,158.4,151198,Tata Chemicals
06-05-2008,158.7,160.4,153.4,154.4,164469,Tata Chemicals
07-05-2008,155.2,155.2,149.6,150.4,158281,Tata Chemicals
08-05-2008,150.4,151.7,147.3,150.9,90192,Tata Chemicals
09-05-2008,151.2,153.9,144.7,145.9,189517,Tata Chemicals
12-05-2008,144.6,153.4,143.3,151.4,402583,Tata Chemicals
13-05-2008,152.1,155.6,146.8,148,285652,Tata Chemicals
14-05-2008,146.5,155,146.5,153.8,716014,Tata Chemicals
15-05-2008,165.3,165.3,153.9,154.7,536704,Tata Chemicals
16-05-2008,154.8,165.7,154.8,163.3,1071337,Tata Chemicals
20-05-2008,148.4,173,148.4,169.6,1094700,Tata Chemicals
21-05-2008,168.4,176.8,164.6,174.9,925015,Tata Chemicals
22-05-2008,172.8,174.5,165.4,167,1049636,Tata Chemicals
23-05-2008,168.8,173.7,168.2,169.3,571264,Tata Chemicals
26-05-2008,168.2,169.8,163.1,164,261005,Tata Chemicals
27-05-2008,165.3,170.2,163.6,167.1,364627,Tata Chemicals
28-05-2008,167.8,181.6,167.8,180.7,1625905,Tata Chemicals
29-05-2008,181.2,194.2,178.1,180.6,1547498,Tata Chemicals
30-05-2008,184.2,184.2,173.5,178.5,567492,Tata Chemicals
02-06-2008,180.3,180.7,172.9,174.3,293489,Tata Chemicals
03-06-2008,170.2,171.5,163.2,164.2,777648,Tata Chemicals
04-06-2008,164.7,165.8,153.9,155.4,485079,Tata Chemicals
05-06-2008,156.5,158.3,150.6,156.3,546328,Tata Chemicals
06-06-2008,158.7,161.5,154.8,156.2,917927,Tata Chemicals
09-06-2008,148.6,158.1,148.6,154.5,394618,Tata Chemicals
10-06-2008,151.2,156.3,146.8,152,606038,Tata Chemicals
11-06-2008,151.7,156.5,151.7,155.1,222576,Tata Chemicals
12-06-2008,154.3,158.3,149.9,157.1,271439,Tata Chemicals
13-06-2008,160.1,164.9,155.3,162.1,963497,Tata Chemicals
16-06-2008,162.7,167.1,153.9,155.4,445590,Tata Chemicals
17-06-2008,154.3,163.4,153,162.7,602028,Tata Chemicals
18-06-2008,163.1,165.9,161,162.5,605997,Tata Chemicals
19-06-2008,160.4,163.1,156.4,160.6,338509,Tata Chemicals
20-06-2008,160.9,160.9,151.4,153.3,360292,Tata Chemicals
23-06-2008,148.2,152.2,142.4,143.8,418064,Tata Chemicals
24-06-2008,143.3,143.3,125.7,134,1909781,Tata Chemicals
25-06-2008,132.2,135.4,128.6,131.3,1093635,Tata Chemicals
26-06-2008,132.3,141.8,130.1,138.9,2213990,Tata Chemicals
27-06-2008,134.5,134.7,127.9,128.5,918421,Tata Chemicals
30-06-2008,128.3,131.1,125.7,126.5,408870,Tata Chemicals
01-07-2008,127.4,128.8,119.5,121.1,315350,Tata Chemicals
02-07-2008,121.3,131.8,117.4,128.7,700619,Tata Chemicals
03-07-2008,128.7,128.8,119.1,120.7,353998,Tata Chemicals
04-07-2008,119.9,124.3,119.1,122,432652,Tata Chemicals
07-07-2008,122.1,127.4,119,121.2,633942,Tata Chemicals
08-07-2008,119,123.1,116.8,120.1,595880,Tata Chemicals
09-07-2008,123.5,128.8,123.1,127.9,518208,Tata Chemicals
10-07-2008,126.8,135.4,125.6,133.5,461919,Tata Chemicals
11-07-2008,134.3,138.6,130.1,134.6,785562,Tata Chemicals
14-07-2008,132.3,137.6,131.9,135.8,292473,Tata Chemicals
15-07-2008,133.2,134.9,121.7,122.3,567203,Tata Chemicals
16-07-2008,122.3,126,115.1,116.6,688417,Tata Chemicals
17-07-2008,121.5,123.9,118.3,119.5,595777,Tata Chemicals
18-07-2008,118.8,118.8,111.2,112.1,956515,Tata Chemicals
21-07-2008,113.8,116.4,110.5,115.3,470751,Tata Chemicals
22-07-2008,115.3,121.2,114.6,119.9,592577,Tata Chemicals
23-07-2008,124.6,130.5,124,130.1,768448,Tata Chemicals
24-07-2008,131.8,138.1,129.2,135.4,692940,Tata Chemicals
25-07-2008,127.9,136.7,127.9,135.3,433801,Tata Chemicals
28-07-2008,132.4,139.5,132.4,136.9,665137,Tata Chemicals
29-07-2008,136.2,137.1,130.5,133.4,518404,Tata Chemicals
30-07-2008,136.2,136.9,134,135.8,225802,Tata Chemicals
31-07-2008,135.8,142.9,134.5,140.9,1212275,Tata Chemicals
01-08-2008,139.5,147.5,138,145.8,1108853,Tata Chemicals
04-08-2008,147.3,153.4,146.4,152.3,737428,Tata Chemicals
05-08-2008,152.6,153.9,142.4,145.9,761175,Tata Chemicals
06-08-2008,148.6,149.9,142,142.9,445955,Tata Chemicals
07-08-2008,141.5,146.7,141.5,143.7,340892,Tata Chemicals
08-08-2008,142.9,154.3,142.9,152.9,1134196,Tata Chemicals
11-08-2008,156.1,159,151.4,153.4,1062041,Tata Chemicals
12-08-2008,154.6,155,148.2,149.1,679824,Tata Chemicals
13-08-2008,149.4,149.4,137.2,139.3,2033462,Tata Chemicals
14-08-2008,139.3,144.6,136.7,140.8,2065996,Tata Chemicals
18-08-2008,140.7,142.7,139.2,140.5,254223,Tata Chemicals
19-08-2008,139.9,141,135.1,139.8,326082,Tata Chemicals
20-08-2008,142.4,142.4,139,140.6,356923,Tata Chemicals
21-08-2008,141,143.3,137.2,138.9,575686,Tata Chemicals
22-08-2008,138.9,139.8,136.1,137.3,457409,Tata Chemicals
25-08-2008,140.8,140.8,136.7,137.7,1308146,Tata Chemicals
26-08-2008,136.7,138.9,135,137.7,243925,Tata Chemicals
27-08-2008,140.2,140.2,137.9,138.6,505857,Tata Chemicals
28-08-2008,139.2,142.5,137.7,139.3,992621,Tata Chemicals
29-08-2008,138,146.3,138,145.7,497585,Tata Chemicals
01-09-2008,145.1,147.7,141.1,145,299833,Tata Chemicals
02-09-2008,145.1,147.4,144.3,146,406949,Tata Chemicals
04-09-2008,144.6,147.2,143.3,145.6,513329,Tata Chemicals
05-09-2008,145.5,148.1,140.7,142.6,576222,Tata Chemicals
08-09-2008,145.5,145.5,138.4,138.9,439667,Tata Chemicals
09-09-2008,139.3,141,134.3,135.4,308914,Tata Chemicals
10-09-2008,134.5,137.1,131.9,132.7,320923,Tata Chemicals
11-09-2008,131.8,132.7,127.9,130.1,482679,Tata Chemicals
12-09-2008,131.9,131.9,121.7,124.9,425939,Tata Chemicals
15-09-2008,123.3,123.3,115.1,119.2,337598,Tata Chemicals
16-09-2008,116.8,121.9,115.1,121.1,200873,Tata Chemicals
17-09-2008,122.6,122.6,116.8,118.8,372193,Tata Chemicals
18-09-2008,114.6,117.1,108.5,114.9,688156,Tata Chemicals
19-09-2008,119.8,123.5,116.8,122,408075,Tata Chemicals
22-09-2008,123,124.6,119.2,120.1,248694,Tata Chemicals
23-09-2008,118.3,120.8,116.3,116.9,295796,Tata Chemicals
24-09-2008,117.1,123.9,117.1,122.5,719002,Tata Chemicals
25-09-2008,121.7,123.5,117.1,119.1,726024,Tata Chemicals
26-09-2008,119.9,119.9,108.1,109.7,857826,Tata Chemicals
29-09-2008,111.1,111.1,94.6,96.9,1790634,Tata Chemicals
30-09-2008,94.8,101.9,91.7,99.8,1290957,Tata Chemicals
01-10-2008,101.4,101.9,94.9,100.4,964530,Tata Chemicals
03-10-2008,99.2,99.6,93,93.7,604017,Tata Chemicals
06-10-2008,93,93,81.6,83,714617,Tata Chemicals
07-10-2008,86,86.2,77.7,79.4,1182215,Tata Chemicals
08-10-2008,77,78.5,72.8,76.4,548953,Tata Chemicals
10-10-2008,75,76.7,67.3,70.7,559192,Tata Chemicals
13-10-2008,72.8,77.2,71.9,74,423647,Tata Chemicals
14-10-2008,78.7,80.2,73.2,74.2,1019332,Tata Chemicals
15-10-2008,73.4,73.5,69.3,70.5,784443,Tata Chemicals
16-10-2008,68.4,74.7,65.3,73.7,684973,Tata Chemicals
17-10-2008,71.3,76.7,71.3,72.7,282325,Tata Chemicals
20-10-2008,71.9,75.6,71.9,74.1,403338,Tata Chemicals
21-10-2008,75.7,80.1,74.2,78,502672,Tata Chemicals
22-10-2008,77.6,81,73.2,74.9,545773,Tata Chemicals
23-10-2008,71.4,72.5,62.2,63.4,740991,Tata Chemicals
24-10-2008,63,63,55.5,56.6,517781,Tata Chemicals
27-10-2008,58.2,60.2,52,53.7,558105,Tata Chemicals
29-10-2008,61.7,64.6,57.1,58.7,816599,Tata Chemicals
31-10-2008,60,71.9,60,70,1543168,Tata Chemicals
03-11-2008,69.3,75,69.3,73.4,857765,Tata Chemicals
04-11-2008,73.8,81.8,72,80.2,987039,Tata Chemicals
05-11-2008,83.8,83.8,76.7,78.2,852400,Tata Chemicals
06-11-2008,75,76.7,70.8,71.3,516797,Tata Chemicals
07-11-2008,70.6,74,69.7,72.2,509920,Tata Chemicals
10-11-2008,74.1,78.5,73.2,77.7,408018,Tata Chemicals
11-11-2008,77.2,78.7,74.6,75.8,606981,Tata Chemicals
12-11-2008,75,77.5,73.2,76.1,781842,Tata Chemicals
14-11-2008,77.6,78,70.2,71.4,1283951,Tata Chemicals
17-11-2008,73.5,73.5,68.1,69.7,1250932,Tata Chemicals
18-11-2008,69.2,69.2,64.3,68.5,905177,Tata Chemicals
19-11-2008,68.3,69.7,67.1,67.8,614663,Tata Chemicals
21-11-2008,61.6,63.2,58.6,60.5,1024462,Tata Chemicals
24-11-2008,60.4,62.5,59.1,62,923275,Tata Chemicals
25-11-2008,63.3,64.7,59.5,61.1,826429,Tata Chemicals
26-11-2008,63,63,60.1,61.2,787302,Tata Chemicals
28-11-2008,60.8,66.6,59.7,65.3,614243,Tata Chemicals
01-12-2008,65.8,68.7,63,63.6,340823,Tata Chemicals
02-12-2008,63.1,64.6,61.5,63.6,521568,Tata Chemicals
03-12-2008,64.8,65.7,63.1,63.8,432388,Tata Chemicals
04-12-2008,64.4,67.5,64.4,67.1,300556,Tata Chemicals
05-12-2008,66.6,68.8,63.6,64.3,416340,Tata Chemicals
08-12-2008,68.1,68.8,64.7,65.4,244955,Tata Chemicals
10-12-2008,65.7,68.8,65.7,68.5,306057,Tata Chemicals
11-12-2008,69.8,71.9,67.9,70.4,632496,Tata Chemicals
12-12-2008,68.6,70,67.1,69.4,195027,Tata Chemicals
15-12-2008,66.2,75.8,58.6,74.4,570547,Tata Chemicals
16-12-2008,74.5,77.1,71.2,72.6,748871,Tata Chemicals
17-12-2008,73.2,73.8,68.3,69,337160,Tata Chemicals
18-12-2008,69.7,72.7,67.5,71.4,292143,Tata Chemicals
19-12-2008,71.2,73.1,70.1,71,521651,Tata Chemicals
22-12-2008,71.5,73.1,67.9,68.5,332386,Tata Chemicals
23-12-2008,68.2,68.2,66.6,67.6,383631,Tata Chemicals
24-12-2008,67,70.5,65.8,69.2,694376,Tata Chemicals
26-12-2008,69.7,72.3,68.9,69.5,263800,Tata Chemicals
29-12-2008,69.2,71.5,68.1,70.4,348138,Tata Chemicals
30-12-2008,71,72.9,70.1,71.9,227409,Tata Chemicals
31-12-2008,72.3,74,71.5,72.9,284599,Tata Chemicals
01-01-2009,73.2,74.4,72.9,74.1,119178,Tata Chemicals
02-01-2009,75,76.7,74.1,75.3,364714,Tata Chemicals
05-01-2009,75.4,76.9,74.5,75.9,331150,Tata Chemicals
06-01-2009,76.3,78.5,74.6,78.1,553198,Tata Chemicals
07-01-2009,79,81.1,75,77.2,809715,Tata Chemicals
09-01-2009,75.8,76.2,71.4,73.3,294477,Tata Chemicals
12-01-2009,73.4,76,72.8,73.5,175333,Tata Chemicals
13-01-2009,74.1,74.7,71.5,72.2,120630,Tata Chemicals
14-01-2009,73.2,74.5,72.2,73.4,171766,Tata Chemicals
15-01-2009,71.1,73,69.2,70.5,155803,Tata Chemicals
16-01-2009,72.5,73.2,70.4,72.7,163796,Tata Chemicals
19-01-2009,72.8,77.1,72.6,72.8,78828,Tata Chemicals
20-01-2009,71.4,72.3,70.2,70.8,288868,Tata Chemicals
21-01-2009,70.3,71.4,68.4,69,190459,Tata Chemicals
22-01-2009,69,69.7,67,68.1,131037,Tata Chemicals
23-01-2009,67.9,68.7,64.8,65.9,252153,Tata Chemicals
27-01-2009,66.1,67.9,65.7,67.5,150633,Tata Chemicals
28-01-2009,68.8,69.7,67.4,68.9,233944,Tata Chemicals
30-01-2009,68.3,68.5,67,67.5,353022,Tata Chemicals
02-02-2009,67.5,69.4,66.6,67,330832,Tata Chemicals
03-02-2009,68.2,68.2,64.4,65.9,265607,Tata Chemicals
04-02-2009,66.6,67,64.2,64.6,194012,Tata Chemicals
05-02-2009,65.7,65.7,62.7,63.6,173466,Tata Chemicals
06-02-2009,65.3,65.7,64,64.4,226503,Tata Chemicals
09-02-2009,64.8,65.8,64.8,65.3,442447,Tata Chemicals
10-02-2009,66,67.8,65.5,66.5,275848,Tata Chemicals
11-02-2009,65.7,67.2,65.3,66.2,418283,Tata Chemicals
12-02-2009,66.6,68.8,64.9,65.8,679625,Tata Chemicals
13-02-2009,67,67,65.4,66.1,509153,Tata Chemicals
16-02-2009,65.8,66.3,63.7,64,122747,Tata Chemicals
17-02-2009,63.3,63.9,60.4,62.1,176057,Tata Chemicals
18-02-2009,61.7,63.4,60.9,62.1,257854,Tata Chemicals
19-02-2009,63,63.5,60.2,60.7,145215,Tata Chemicals
20-02-2009,60.4,61.3,59.5,60.1,149918,Tata Chemicals
24-02-2009,59.9,59.9,57.6,57.9,186822,Tata Chemicals
25-02-2009,58.9,59.5,57.4,57.7,289562,Tata Chemicals
26-02-2009,57.4,58,56,56.4,532323,Tata Chemicals
27-02-2009,56.4,56.6,54.5,54.7,422413,Tata Chemicals
02-03-2009,54.7,54.7,50.9,51.3,461305,Tata Chemicals
03-03-2009,49.9,51.8,49.5,50.1,467684,Tata Chemicals
04-03-2009,50.3,51.6,49.4,49.7,371679,Tata Chemicals
05-03-2009,49.8,50.6,46.9,47.5,719603,Tata Chemicals
06-03-2009,45.4,47.1,44.1,46.1,516834,Tata Chemicals
09-03-2009,46.5,47.1,43.8,44.1,620752,Tata Chemicals
12-03-2009,45.7,46.3,43.9,44.3,1492477,Tata Chemicals
13-03-2009,45.2,48.2,42,47.7,1963534,Tata Chemicals
16-03-2009,50.3,50.3,47.6,48.2,808568,Tata Chemicals
17-03-2009,50.3,50.6,48.5,49.6,1133198,Tata Chemicals
18-03-2009,50.6,52,49.8,51.4,656562,Tata Chemicals
19-03-2009,50.3,52.9,50.1,50.8,1092374,Tata Chemicals
20-03-2009,51.6,52.6,50.5,52.3,376609,Tata Chemicals
23-03-2009,51.9,55.8,51.9,55.5,538386,Tata Chemicals
24-03-2009,59,61.1,56,59.2,1246904,Tata Chemicals
25-03-2009,59.1,59.5,57.2,59.1,258056,Tata Chemicals
26-03-2009,60.8,63.2,59.5,62.3,913783,Tata Chemicals
27-03-2009,63.5,65.2,62.3,64,405398,Tata Chemicals
30-03-2009,64.7,67.2,61.2,61.7,842786,Tata Chemicals
31-03-2009,61.8,63.3,60,62.4,754705,Tata Chemicals
01-04-2009,62.6,64.5,61.7,63.1,342537,Tata Chemicals
02-04-2009,63.9,67.4,63.9,66.5,888946,Tata Chemicals
06-04-2009,66.6,70.1,66.2,68,519707,Tata Chemicals
08-04-2009,67.6,69.2,64.9,68.4,727503,Tata Chemicals
09-04-2009,69.4,71.4,68.1,69.2,771189,Tata Chemicals
13-04-2009,70,74.8,69.5,74,724248,Tata Chemicals
15-04-2009,73.2,77.3,72.4,75.1,965410,Tata Chemicals
16-04-2009,76.5,77.2,72.4,73.7,737903,Tata Chemicals
17-04-2009,74.8,75.8,69.8,70.7,842963,Tata Chemicals
20-04-2009,70.5,74.1,70.5,73.6,418733,Tata Chemicals
21-04-2009,73.6,73.6,70.3,71.7,498232,Tata Chemicals
22-04-2009,73.1,74.1,70.3,70.6,1088094,Tata Chemicals
23-04-2009,71.9,72.8,70.2,72,468112,Tata Chemicals
24-04-2009,72.8,74.4,71.9,73.9,324983,Tata Chemicals
27-04-2009,74.5,75.2,71.8,73.9,344941,Tata Chemicals
28-04-2009,74.1,74.2,72.3,72.7,230435,Tata Chemicals
29-04-2009,73.3,75.8,72.8,75.6,371405,Tata Chemicals
04-05-2009,77.2,82.6,75.6,82.3,887440,Tata Chemicals
05-05-2009,83.4,85.5,80.6,83.9,568847,Tata Chemicals
06-05-2009,84.7,86.2,81.7,82.2,500934,Tata Chemicals
07-05-2009,83.3,84.2,79.8,82.8,629312,Tata Chemicals
08-05-2009,82.5,83.6,80.8,81.8,462975,Tata Chemicals
11-05-2009,81.8,85.9,79.8,80.4,365340,Tata Chemicals
12-05-2009,79.4,79.8,77.2,77.8,740981,Tata Chemicals
13-05-2009,78.5,80.7,78,79.6,372123,Tata Chemicals
14-05-2009,78,79.6,75.9,79,474819,Tata Chemicals
15-05-2009,79.4,82,78.7,80.9,570732,Tata Chemicals
18-05-2009,86,89.5,84.7,89.3,3262,Tata Chemicals
19-05-2009,89.5,94.5,83.8,88.6,538754,Tata Chemicals
20-05-2009,88.6,100.1,88.6,96.1,489888,Tata Chemicals
21-05-2009,94.8,108.9,94.8,107.1,1074660,Tata Chemicals
22-05-2009,108,110,97.5,99.4,971304,Tata Chemicals
25-05-2009,100.5,103.2,99.2,99.8,701224,Tata Chemicals
26-05-2009,100.8,104.2,91.8,93.4,1799759,Tata Chemicals
27-05-2009,94.8,98.7,94.8,97.8,400202,Tata Chemicals
28-05-2009,98.7,101.9,98,99.9,807965,Tata Chemicals
29-05-2009,101.4,103.5,94.4,95.4,1549173,Tata Chemicals
01-06-2009,97,100.1,94.9,95.4,2300351,Tata Chemicals
02-06-2009,96.1,97.9,95,97.4,1963115,Tata Chemicals
03-06-2009,98.8,104.4,98.3,100.2,2084098,Tata Chemicals
04-06-2009,100.2,106.3,98.5,105.8,2327420,Tata Chemicals
05-06-2009,107.6,108.4,103.2,104.1,1759827,Tata Chemicals
08-06-2009,104.1,105.1,97.6,98.1,1170227,Tata Chemicals
09-06-2009,99.2,102.3,96.8,101.7,933709,Tata Chemicals
10-06-2009,103.2,108,101.9,106.8,1194106,Tata Chemicals
11-06-2009,108,116.4,106.8,115.2,3071167,Tata Chemicals
12-06-2009,116.4,118.6,107.1,108.5,1829036,Tata Chemicals
15-06-2009,107.6,109.3,102.3,106.2,1015675,Tata Chemicals
16-06-2009,105.8,109.6,103.6,108.5,1054072,Tata Chemicals
17-06-2009,109.8,112.9,105.8,107,1063722,Tata Chemicals
18-06-2009,107.1,107.9,99.6,101.8,604062,Tata Chemicals
19-06-2009,102.3,105.6,101.5,103.3,1093491,Tata Chemicals
22-06-2009,104.1,107.8,103.7,104.6,441360,Tata Chemicals
23-06-2009,103.6,104.9,100.6,101.4,600074,Tata Chemicals
24-06-2009,102.3,104.5,100.6,102.8,422496,Tata Chemicals
25-06-2009,103.6,104.3,97.9,99,1372959,Tata Chemicals
26-06-2009,99.6,101.9,99.2,100.5,583424,Tata Chemicals
29-06-2009,101.4,102.1,98.3,99,624115,Tata Chemicals
30-06-2009,101.4,101.4,95.2,95.8,585262,Tata Chemicals
01-07-2009,97,97.8,95.7,97.4,370237,Tata Chemicals
02-07-2009,98.3,100.5,96.9,97.4,774948,Tata Chemicals
03-07-2009,94.8,100.4,94.8,99.6,321308,Tata Chemicals
06-07-2009,100.9,101.4,93.5,94,506124,Tata Chemicals
07-07-2009,94.8,96.1,93.1,93.8,380822,Tata Chemicals
08-07-2009,94.4,94.4,88.3,89.6,664205,Tata Chemicals
09-07-2009,89.9,91.9,89.5,90.7,449380,Tata Chemicals
10-07-2009,91.3,92.5,86.5,87.9,596094,Tata Chemicals
13-07-2009,86.4,89.5,85.6,86.6,0,Tata Chemicals
14-07-2009,85.5,87.1,83.3,86.1,761822,Tata Chemicals
15-07-2009,88.1,91.5,87.1,90.9,1135286,Tata Chemicals
16-07-2009,92.5,92.5,89.2,90.3,927689,Tata Chemicals
17-07-2009,90.8,91.8,90.3,91.1,592474,Tata Chemicals
20-07-2009,92.6,93.4,91.4,92.7,285432,Tata Chemicals
21-07-2009,92.6,94.4,92.5,93.7,677875,Tata Chemicals
22-07-2009,94.8,95.2,92.7,93.3,789620,Tata Chemicals
23-07-2009,94.4,97.3,93.5,96.5,894790,Tata Chemicals
24-07-2009,97.4,102.1,97.4,101.1,702639,Tata Chemicals
27-07-2009,101.9,103.9,100,101.2,629216,Tata Chemicals
28-07-2009,102.2,108.3,101,107.6,1210547,Tata Chemicals
29-07-2009,106.3,110,101.4,107.8,1180893,Tata Chemicals
30-07-2009,106.3,107.5,102.6,105.6,1317597,Tata Chemicals
31-07-2009,106.7,114.4,106.7,112.1,1914294,Tata Chemicals
03-08-2009,113.1,114.2,108.3,113.4,697266,Tata Chemicals
04-08-2009,114.2,114.6,110.5,112.7,684989,Tata Chemicals
05-08-2009,112.7,114.6,109.4,113.6,872844,Tata Chemicals
06-08-2009,113.6,117.3,111.6,115.2,1907219,Tata Chemicals
07-08-2009,116,119,111.8,113.6,1646094,Tata Chemicals
10-08-2009,114.6,115.4,107.8,109.3,604130,Tata Chemicals
11-08-2009,107.6,114.4,107.6,113.1,567306,Tata Chemicals
12-08-2009,110.7,116.3,109.8,114.7,772172,Tata Chemicals
13-08-2009,116.8,119.9,116,117.2,1067419,Tata Chemicals
14-08-2009,118.2,119,112.9,114.4,547202,Tata Chemicals
17-08-2009,112.4,114,107.4,108.8,457615,Tata Chemicals
18-08-2009,108.7,111.1,107,107.6,856323,Tata Chemicals
19-08-2009,114.6,114.6,105.9,107.5,724885,Tata Chemicals
20-08-2009,109.8,109.8,106.8,107.7,581532,Tata Chemicals
21-08-2009,107.1,110,106.3,109,468830,Tata Chemicals
24-08-2009,110.4,114.1,109.8,113.1,839329,Tata Chemicals
25-08-2009,112.9,114.6,110.6,111.1,403208,Tata Chemicals
26-08-2009,112.5,113.3,111.2,112,216724,Tata Chemicals
27-08-2009,112.9,112.9,109.9,110.4,351566,Tata Chemicals
28-08-2009,110.7,112.9,109.8,110.2,328565,Tata Chemicals
31-08-2009,109.7,111.3,108.5,109.4,281130,Tata Chemicals
01-09-2009,111.5,112.3,107.2,107.7,502942,Tata Chemicals
02-09-2009,106.3,109.5,105.8,106.3,221310,Tata Chemicals
03-09-2009,107.1,109.2,106.5,107,528912,Tata Chemicals
04-09-2009,108.5,110.1,107.8,108.9,453579,Tata Chemicals
07-09-2009,110.2,112.7,109.5,112,341822,Tata Chemicals
08-09-2009,113.8,116.8,111.6,114.2,1117355,Tata Chemicals
09-09-2009,114.2,115.5,110.4,111.9,555484,Tata Chemicals
10-09-2009,113.7,134.3,112.3,115,1517369,Tata Chemicals
11-09-2009,116,117.5,112.7,113.8,771901,Tata Chemicals
14-09-2009,114.2,114.5,111.4,111.9,236115,Tata Chemicals
15-09-2009,114.2,117.3,112.5,116.8,488974,Tata Chemicals
16-09-2009,117.7,121.3,117.7,120.8,1147267,Tata Chemicals
17-09-2009,122.6,123,115.6,117,820442,Tata Chemicals
18-09-2009,117,120.7,115.7,118.7,493447,Tata Chemicals
22-09-2009,119.9,120.5,118.2,118.7,228386,Tata Chemicals
23-09-2009,118.4,119.7,115.2,115.9,478266,Tata Chemicals
24-09-2009,114.6,119,113.1,117.3,567262,Tata Chemicals
25-09-2009,116.8,122,114.6,121,428699,Tata Chemicals
29-09-2009,122.9,124.3,121.3,123,589283,Tata Chemicals
30-09-2009,123.3,125,123.1,124.1,605010,Tata Chemicals
01-10-2009,123.9,125.6,123.5,124.4,377886,Tata Chemicals
05-10-2009,123.9,124.3,121.9,122.6,197753,Tata Chemicals
06-10-2009,123.5,124.3,119,121.8,245654,Tata Chemicals
07-10-2009,121.9,127.8,121.8,124.4,561155,Tata Chemicals
08-10-2009,125.5,126.4,122.7,123.2,288071,Tata Chemicals
09-10-2009,123.5,124.8,122.4,123.8,283007,Tata Chemicals
12-10-2009,124.3,124.3,121.3,122.2,192760,Tata Chemicals
14-10-2009,123,125.4,122.8,124.4,228640,Tata Chemicals
15-10-2009,126.2,129.6,125.7,128.8,642416,Tata Chemicals
16-10-2009,129.2,130.3,127.4,129.4,227486,Tata Chemicals
20-10-2009,128.7,129.2,125.7,126.6,180674,Tata Chemicals
21-10-2009,125.9,127.2,123.6,124.4,158379,Tata Chemicals
22-10-2009,123.5,125.9,121.8,123.5,164887,Tata Chemicals
23-10-2009,125.6,125.9,123.5,124.7,130283,Tata Chemicals
26-10-2009,125.7,125.7,122.6,123.7,92780,Tata Chemicals
27-10-2009,122,124.3,119.7,120.4,288223,Tata Chemicals
28-10-2009,120.8,121.3,117.8,118.6,395985,Tata Chemicals
29-10-2009,117.3,117.7,109.6,110.7,641737,Tata Chemicals
30-10-2009,112.4,117.7,110.9,115.9,755478,Tata Chemicals
03-11-2009,116,116,112.7,113.8,379217,Tata Chemicals
04-11-2009,113.3,116.8,113.3,116.3,201474,Tata Chemicals
05-11-2009,115.5,117.1,114.4,116.5,114712,Tata Chemicals
06-11-2009,117.5,124.3,116.2,122.6,706106,Tata Chemicals
09-11-2009,124.3,124.3,118.4,122.5,517069,Tata Chemicals
10-11-2009,124.3,124.3,121,121.8,216188,Tata Chemicals
11-11-2009,122.4,129.5,121,126.2,430782,Tata Chemicals
12-11-2009,126.2,127.5,124.8,125.8,272853,Tata Chemicals
13-11-2009,127.9,127.9,122.8,123.8,137575,Tata Chemicals
16-11-2009,124.3,126,123.9,124.4,125100,Tata Chemicals
17-11-2009,124.5,126.5,123.6,125.4,92403,Tata Chemicals
18-11-2009,124,126.5,124,124.5,146563,Tata Chemicals
19-11-2009,124.5,125.4,120.8,121.5,145865,Tata Chemicals
20-11-2009,120.4,126.3,120.4,125.3,293475,Tata Chemicals
23-11-2009,125.3,125.6,122.7,124,210123,Tata Chemicals
24-11-2009,124.3,128.5,123.5,127.4,303542,Tata Chemicals
25-11-2009,128,129.2,124.8,125.4,200088,Tata Chemicals
26-11-2009,124.8,126.8,123.6,124.5,159385,Tata Chemicals
27-11-2009,123,125.2,120.4,122.4,180946,Tata Chemicals
30-11-2009,124.6,125.6,123.2,124,92480,Tata Chemicals
01-12-2009,123.5,132.2,123.5,129.6,467039,Tata Chemicals
02-12-2009,130.5,135.7,128.4,134.6,944614,Tata Chemicals
03-12-2009,136.7,140.6,135.9,139.1,1501946,Tata Chemicals
04-12-2009,139.8,142.9,139.3,140.5,610517,Tata Chemicals
07-12-2009,141.6,141.8,137.1,139,396133,Tata Chemicals
08-12-2009,138.9,144.8,138.7,143.4,815697,Tata Chemicals
09-12-2009,143.5,143.5,140.3,141.5,584646,Tata Chemicals
10-12-2009,141.1,141.9,138.5,140,287594,Tata Chemicals
11-12-2009,140.4,141.5,138.5,138.9,350829,Tata Chemicals
14-12-2009,138.7,140.2,138.3,139.1,142406,Tata Chemicals
15-12-2009,137.5,141.8,137.1,138.2,220931,Tata Chemicals
16-12-2009,137.3,141.2,136.7,139.9,280455,Tata Chemicals
17-12-2009,140,145,139.9,144.3,543702,Tata Chemicals
18-12-2009,144.2,145.9,140.1,140.9,307415,Tata Chemicals
21-12-2009,141.1,143.3,138.7,138.9,136299,Tata Chemicals
22-12-2009,140.6,141,136.9,138.2,174575,Tata Chemicals
23-12-2009,138.9,142.3,138.9,141.4,230638,Tata Chemicals
24-12-2009,143.3,143.3,141,142.1,168245,Tata Chemicals
29-12-2009,142.4,142.8,141,141.7,276488,Tata Chemicals
30-12-2009,142.4,148.5,141.6,146.6,1337339,Tata Chemicals
31-12-2009,149,150.6,140.7,141.9,1385159,Tata Chemicals
04-01-2010,143.3,144,140.8,143.4,378946,Tata Chemicals
05-01-2010,144.6,146.4,143.8,145.5,372564,Tata Chemicals
06-01-2010,146.5,148.2,144.6,144.8,346131,Tata Chemicals
07-01-2010,144.6,145.5,141.1,141.8,280690,Tata Chemicals
08-01-2010,142,144.4,138.9,139.8,459436,Tata Chemicals
11-01-2010,140.7,143,139.6,141,493177,Tata Chemicals
12-01-2010,141.1,141.7,136.2,136.8,428327,Tata Chemicals
13-01-2010,134.5,139.5,134.5,139,265723,Tata Chemicals
14-01-2010,136.7,140.8,136.7,139.2,151074,Tata Chemicals
15-01-2010,139.3,140.9,137.1,137.6,606691,Tata Chemicals
18-01-2010,138.9,141,134.9,140,469837,Tata Chemicals
19-01-2010,141,142.9,138.9,139.6,1149658,Tata Chemicals
20-01-2010,141,141,137.1,138,348568,Tata Chemicals
21-01-2010,138.9,140,136.2,137.1,475080,Tata Chemicals
22-01-2010,136.1,138.3,131,136.9,510921,Tata Chemicals
25-01-2010,133.2,136.9,132.9,135,479301,Tata Chemicals
27-01-2010,134.5,136.1,127.5,128.5,564238,Tata Chemicals
28-01-2010,130.1,132.1,123.7,124.8,375265,Tata Chemicals
29-01-2010,124.7,132.1,121.7,130.9,1034264,Tata Chemicals
01-02-2010,132.3,135.8,130.8,134.9,344871,Tata Chemicals
02-02-2010,135.7,136.4,130.1,130.8,270664,Tata Chemicals
03-02-2010,132.3,134,132.3,133.4,156459,Tata Chemicals
04-02-2010,132.3,134.7,130.3,131.5,241081,Tata Chemicals
05-02-2010,130.1,130.1,123,126.1,685783,Tata Chemicals
08-02-2010,125.7,129.6,125.7,129,198850,Tata Chemicals
09-02-2010,130.5,132.1,128.3,131.1,159208,Tata Chemicals
10-02-2010,131.8,132.6,127.6,127.9,212529,Tata Chemicals
11-02-2010,128.7,129.6,126.3,126.9,1097283,Tata Chemicals
15-02-2010,126.1,128.6,124.3,124.9,287666,Tata Chemicals
16-02-2010,126.1,126.5,123.9,126.1,249619,Tata Chemicals
17-02-2010,127.9,127.9,125.7,126.7,581539,Tata Chemicals
18-02-2010,127,132,126.1,128.7,939893,Tata Chemicals
19-02-2010,131,133.8,124.3,130.5,1907164,Tata Chemicals
22-02-2010,131.4,134.4,124.6,125.9,745210,Tata Chemicals
23-02-2010,126.1,127.5,125,125.6,238825,Tata Chemicals
24-02-2010,125.3,126.9,124.6,125.3,431693,Tata Chemicals
25-02-2010,126.9,127.8,120.7,123.9,4982823,Tata Chemicals
26-02-2010,122.6,130.1,122.6,127,797002,Tata Chemicals
02-03-2010,127.9,129.1,125.4,126,314206,Tata Chemicals
03-03-2010,126.3,132.6,125.9,131.8,882404,Tata Chemicals
04-03-2010,132.3,136.2,131.6,135.7,949782,Tata Chemicals
05-03-2010,136.4,136.8,134.7,135.8,365930,Tata Chemicals
08-03-2010,137.1,140.8,135.8,140.1,772302,Tata Chemicals
09-03-2010,139.1,140.4,136.7,137.4,355029,Tata Chemicals
10-03-2010,136.7,138.9,135.5,137.4,218241,Tata Chemicals
11-03-2010,133,137.8,133,136,394758,Tata Chemicals
12-03-2010,136.2,137,133.6,134.5,111084,Tata Chemicals
15-03-2010,133.7,137.9,133.6,137.5,321232,Tata Chemicals
16-03-2010,137.5,138.8,135.4,137.9,266249,Tata Chemicals
17-03-2010,137.2,139.7,137.2,138.4,311927,Tata Chemicals
18-03-2010,138.9,140.2,136.7,137.3,200586,Tata Chemicals
19-03-2010,137.6,137.6,135.4,135.8,190372,Tata Chemicals
22-03-2010,133.7,138.7,133.7,136.6,409070,Tata Chemicals
23-03-2010,138.8,138.8,136.7,137.4,302209,Tata Chemicals
25-03-2010,136.7,136.7,132.3,133.4,601690,Tata Chemicals
26-03-2010,135.7,139.4,134.1,138.5,445653,Tata Chemicals
29-03-2010,138.9,141.5,136.9,141,542578,Tata Chemicals
30-03-2010,141.9,142.9,139.1,141,892845,Tata Chemicals
31-03-2010,141.1,146.3,140.3,144.7,1078434,Tata Chemicals
01-04-2010,145.1,145.5,140.7,141.3,727386,Tata Chemicals
05-04-2010,142.5,143.7,141.1,142.5,337201,Tata Chemicals
06-04-2010,143.3,144.2,142,142.7,122515,Tata Chemicals
07-04-2010,144.1,144.1,141.3,142.5,174308,Tata Chemicals
08-04-2010,140.9,145.5,140.9,142.3,519906,Tata Chemicals
09-04-2010,142.1,144,141.5,142.8,124676,Tata Chemicals
12-04-2010,144,146.8,143.4,143.8,479100,Tata Chemicals
13-04-2010,144.6,148,142.9,147.1,354311,Tata Chemicals
15-04-2010,147.7,148.1,143.7,144.8,398831,Tata Chemicals
16-04-2010,143.7,145.9,142,144.2,309212,Tata Chemicals
19-04-2010,143.3,143.6,139.9,142.5,266109,Tata Chemicals
20-04-2010,143.5,144.6,142.5,143.5,164006,Tata Chemicals
21-04-2010,144.2,145.7,143.4,144.3,137987,Tata Chemicals
22-04-2010,143.3,146.7,143.3,145.9,369629,Tata Chemicals
23-04-2010,146.8,151.5,146.4,150.1,951227,Tata Chemicals
26-04-2010,151.1,153.7,148.3,152.5,680711,Tata Chemicals
27-04-2010,151.7,156,151.2,155.4,595266,Tata Chemicals
28-04-2010,153.9,155.4,150.6,151.5,390992,Tata Chemicals
29-04-2010,151.3,154.1,151.3,152.4,188407,Tata Chemicals
30-04-2010,152.6,157.2,152.6,156,410243,Tata Chemicals
03-05-2010,153.7,156.9,153.7,155.9,260807,Tata Chemicals
04-05-2010,156.1,157,150,150.9,206400,Tata Chemicals
05-05-2010,149.9,152,146.5,151.2,224656,Tata Chemicals
06-05-2010,151.9,151.9,147.7,149.2,124441,Tata Chemicals
07-05-2010,148.1,148.6,143.7,144.9,167803,Tata Chemicals
10-05-2010,146,150.8,145.9,149.8,275566,Tata Chemicals
11-05-2010,149.9,151.9,147.9,148.4,198983,Tata Chemicals
12-05-2010,148.1,149.7,145.9,147.4,314292,Tata Chemicals
13-05-2010,147.7,149.2,146.1,147.9,441523,Tata Chemicals
14-05-2010,148.9,149.9,146.9,147.7,196175,Tata Chemicals
17-05-2010,147,150.4,143.8,149.8,240802,Tata Chemicals
18-05-2010,149.2,152.1,149.2,149.7,224091,Tata Chemicals
19-05-2010,148.6,151.5,145.1,145.7,205919,Tata Chemicals
20-05-2010,146.4,147.3,142,142.9,146557,Tata Chemicals
21-05-2010,141.6,141.6,138.2,139.9,357737,Tata Chemicals
24-05-2010,142,143.2,131.5,134.5,480242,Tata Chemicals
25-05-2010,130.1,134.1,130.1,131.3,476310,Tata Chemicals
26-05-2010,132.3,135.8,131.6,134.2,486602,Tata Chemicals
27-05-2010,134.5,146.8,132.4,144.6,893899,Tata Chemicals
28-05-2010,145.5,145.8,138.4,140.7,367394,Tata Chemicals
31-05-2010,139,143.2,139,141.8,476540,Tata Chemicals
01-06-2010,142.4,143.5,137.6,139.4,377893,Tata Chemicals
02-06-2010,139.8,140.6,134.9,136,493613,Tata Chemicals
03-06-2010,138.5,139.5,137.2,138.8,348082,Tata Chemicals
04-06-2010,139.3,141.5,137.5,140.9,311742,Tata Chemicals
07-06-2010,137.6,140.2,134.3,138.6,378555,Tata Chemicals
08-06-2010,139.9,140.8,135.4,136.1,177607,Tata Chemicals
09-06-2010,136.7,137.8,134.8,135.6,267263,Tata Chemicals
10-06-2010,135,138,135,137.7,176450,Tata Chemicals
11-06-2010,139.3,139.3,136.3,137.2,168746,Tata Chemicals
14-06-2010,139.3,139.3,137.4,139,156435,Tata Chemicals
15-06-2010,140.2,142.2,138.9,140.9,547363,Tata Chemicals
16-06-2010,141.8,142.2,137.9,138.5,413737,Tata Chemicals
17-06-2010,137.2,139.1,136.2,137.4,327160,Tata Chemicals
18-06-2010,137.1,137.6,135.5,136.1,191524,Tata Chemicals
21-06-2010,138.9,140.5,136.8,139.9,465195,Tata Chemicals
22-06-2010,140.2,140.4,138.5,138.9,249774,Tata Chemicals
23-06-2010,138.9,143.2,137.9,141.3,345612,Tata Chemicals
24-06-2010,142.4,145.2,141.6,144.8,710950,Tata Chemicals
25-06-2010,145.1,146.3,143,143.8,294842,Tata Chemicals
28-06-2010,145.1,145.1,143.6,144.2,194733,Tata Chemicals
29-06-2010,144.6,149.4,143.1,146.6,864235,Tata Chemicals
30-06-2010,147.7,149.6,144.6,147.4,831865,Tata Chemicals
01-07-2010,146.2,147.6,145.2,145.5,316856,Tata Chemicals
02-07-2010,143.1,144.1,140.7,142.2,303986,Tata Chemicals
05-07-2010,141.9,145.2,141.5,142.8,416554,Tata Chemicals
06-07-2010,143.7,144.6,142.4,143.6,278125,Tata Chemicals
07-07-2010,143.3,144.1,141.9,143.2,320084,Tata Chemicals
08-07-2010,143.7,145,142.9,143.4,380909,Tata Chemicals
09-07-2010,144.9,145.3,143.5,144.2,356011,Tata Chemicals
12-07-2010,144.6,146.2,142.9,144.6,266764,Tata Chemicals
13-07-2010,144.7,146.3,143.8,145,339961,Tata Chemicals
14-07-2010,146.3,146.3,143.1,143.4,226929,Tata Chemicals
15-07-2010,143.2,144.6,142.9,143.3,271863,Tata Chemicals
16-07-2010,143,144.5,142.6,143.4,280849,Tata Chemicals
19-07-2010,140.7,144.6,140.7,143.5,152171,Tata Chemicals
20-07-2010,144.2,144.4,142.9,143.3,217561,Tata Chemicals
21-07-2010,143.5,145.7,143.3,144.9,388858,Tata Chemicals
22-07-2010,145.1,145.8,143.4,143.8,281130,Tata Chemicals
23-07-2010,145.3,145.3,143.1,144.3,457368,Tata Chemicals
26-07-2010,144.5,145.4,143.9,144.7,185829,Tata Chemicals
27-07-2010,144.8,145.3,144.2,144.6,153615,Tata Chemicals
28-07-2010,145,145.8,143.8,144.4,324531,Tata Chemicals
29-07-2010,145.5,145.9,140.7,142,1072875,Tata Chemicals
30-07-2010,142.1,150.2,142.1,148.5,1150743,Tata Chemicals
02-08-2010,149.8,156,149.8,155.5,1190859,Tata Chemicals
03-08-2010,156.5,156.5,153.5,154.1,317349,Tata Chemicals
04-08-2010,154.1,154.3,152,153.2,174327,Tata Chemicals
05-08-2010,152.6,153.8,149.1,149.9,594862,Tata Chemicals
06-08-2010,151.2,159.3,150.4,156.8,1449265,Tata Chemicals
09-08-2010,157.8,163.5,157.4,162.2,1047705,Tata Chemicals
10-08-2010,163.2,163.6,158.8,159.5,698277,Tata Chemicals
11-08-2010,159.5,164.7,158.9,159.7,679779,Tata Chemicals
12-08-2010,158.7,161.2,158,158.9,625459,Tata Chemicals
13-08-2010,158.9,162,158.9,160.1,318825,Tata Chemicals
16-08-2010,161.9,169.7,161.8,169,1767332,Tata Chemicals
17-08-2010,169.8,172.4,169.7,170.9,1121419,Tata Chemicals
18-08-2010,172.3,178.3,171.9,177.1,1634094,Tata Chemicals
19-08-2010,178.6,181.8,172,176.9,1182500,Tata Chemicals
20-08-2010,176.4,178,172.6,174.8,353655,Tata Chemicals
23-08-2010,175.5,179.6,173.3,178.7,627753,Tata Chemicals
24-08-2010,179.7,180.1,174.6,176.8,460680,Tata Chemicals
25-08-2010,175.1,178.4,172.4,174.8,741652,Tata Chemicals
26-08-2010,175.3,176.7,171.2,172.1,327817,Tata Chemicals
27-08-2010,172.6,176.2,166.2,168.4,506939,Tata Chemicals
30-08-2010,171,173.7,168.6,170.7,247278,Tata Chemicals
31-08-2010,170.5,175.3,168,174.3,482115,Tata Chemicals
01-09-2010,175.5,176.1,172.9,174.8,273045,Tata Chemicals
02-09-2010,175.9,177.6,174,174.7,186990,Tata Chemicals
03-09-2010,175.9,182.5,175.2,181,1244473,Tata Chemicals
06-09-2010,183,187.2,182.3,184.6,826632,Tata Chemicals
07-09-2010,185.6,185.6,180.9,182.1,250124,Tata Chemicals
08-09-2010,181.7,184.5,179.7,180.4,473894,Tata Chemicals
09-09-2010,181.4,188.3,181.4,187.5,1147818,Tata Chemicals
13-09-2010,189.6,191.4,188.3,189.4,594320,Tata Chemicals
14-09-2010,189.8,190.4,185.7,186.6,464431,Tata Chemicals
15-09-2010,186.9,189,184.4,185.4,239539,Tata Chemicals
16-09-2010,186.2,187.3,181.4,182,301865,Tata Chemicals
17-09-2010,183.6,183.7,181,181.9,575065,Tata Chemicals
20-09-2010,181.9,185,181.3,183.4,379929,Tata Chemicals
21-09-2010,185.2,185.6,177.7,178.8,636709,Tata Chemicals
22-09-2010,180.2,180.2,174.2,175.3,660829,Tata Chemicals
23-09-2010,176.4,177.5,173.8,174.6,320961,Tata Chemicals
24-09-2010,175.1,180.1,174.3,179.6,538019,Tata Chemicals
27-09-2010,180.2,183.9,178.8,181.1,731495,Tata Chemicals
28-09-2010,181.7,182.5,177.3,179.1,305814,Tata Chemicals
29-09-2010,179.5,180.6,175.5,176.2,256522,Tata Chemicals
30-09-2010,175.5,178.6,173.1,176.2,674780,Tata Chemicals
01-10-2010,176.8,179,176.4,177.1,529343,Tata Chemicals
04-10-2010,177.1,179.6,175.9,177.3,890738,Tata Chemicals
05-10-2010,178.1,178.5,174.6,175.3,943271,Tata Chemicals
06-10-2010,177.6,183.8,176.1,182.7,1703575,Tata Chemicals
07-10-2010,185.2,187.1,180.4,181.7,1118859,Tata Chemicals
08-10-2010,182.7,183.4,179.2,181,542325,Tata Chemicals
11-10-2010,182.4,187.1,181.9,186.4,867386,Tata Chemicals
12-10-2010,187.4,187.8,183.8,185.9,714086,Tata Chemicals
13-10-2010,187.3,188,185.6,186.3,585424,Tata Chemicals
14-10-2010,186.7,192.4,184.9,191.5,1928351,Tata Chemicals
15-10-2010,193,193.7,188.9,190.2,1214575,Tata Chemicals
18-10-2010,191.8,191.8,185.2,187.5,482069,Tata Chemicals
19-10-2010,189.8,190.6,185.2,185.9,522520,Tata Chemicals
20-10-2010,185.6,188.5,183.9,187.4,650980,Tata Chemicals
21-10-2010,188.7,193,187.4,190.4,850206,Tata Chemicals
22-10-2010,191.8,192.1,186.9,189.3,349418,Tata Chemicals
25-10-2010,190,191.8,189.3,189.9,218608,Tata Chemicals
26-10-2010,190.5,196,189.7,194,962124,Tata Chemicals
27-10-2010,194.1,196.9,191.9,193.1,1105230,Tata Chemicals
28-10-2010,193.6,194.4,185.4,187.6,892483,Tata Chemicals
29-10-2010,188.7,189.9,170.2,172.2,2129977,Tata Chemicals
01-11-2010,174.2,175.5,165,170.3,1723052,Tata Chemicals
02-11-2010,173.7,174.1,170.3,173.6,574795,Tata Chemicals
03-11-2010,174.4,181.9,174.1,179.5,1879250,Tata Chemicals
04-11-2010,180.2,183.7,178.8,183,1075062,Tata Chemicals
05-11-2010,184.1,184.7,181.9,182.9,84196,Tata Chemicals
08-11-2010,183.5,183.5,179.5,181.1,370684,Tata Chemicals
09-11-2010,181.7,182.2,177.3,179.1,676322,Tata Chemicals
10-11-2010,179.5,182.1,179.5,180.9,306994,Tata Chemicals
11-11-2010,182.3,182.5,175.6,177.4,275230,Tata Chemicals
12-11-2010,175.5,178.5,171.7,172.4,324197,Tata Chemicals
15-11-2010,172.4,174.9,166.2,169.8,511483,Tata Chemicals
16-11-2010,166.6,172.8,165.3,166.4,361466,Tata Chemicals
18-11-2010,166.7,169.3,162.3,168.1,356961,Tata Chemicals
19-11-2010,169.2,172.6,163.1,164.1,876274,Tata Chemicals
22-11-2010,164.6,171.5,161,167.2,327257,Tata Chemicals
23-11-2010,166.2,169.2,162.3,167.6,428272,Tata Chemicals
24-11-2010,168.2,169.7,160.8,162.6,349681,Tata Chemicals
25-11-2010,163.6,165.2,153.6,157,1165026,Tata Chemicals
26-11-2010,157.6,160.7,150.4,155.2,525796,Tata Chemicals
29-11-2010,155.6,159.6,152.2,158.6,343422,Tata Chemicals
30-11-2010,158.7,158.7,154.3,156.5,663882,Tata Chemicals
01-12-2010,156.5,165.5,156.1,164.7,423515,Tata Chemicals
02-12-2010,166.2,167.9,161.4,163.1,435856,Tata Chemicals
03-12-2010,164.3,164.3,157.5,159.7,276275,Tata Chemicals
06-12-2010,161.8,161.8,158.7,159.3,127046,Tata Chemicals
07-12-2010,159.2,160.1,154.8,156.4,309140,Tata Chemicals
08-12-2010,154.8,158.3,149.9,156.7,613534,Tata Chemicals
09-12-2010,158,160.3,145.5,153.4,808550,Tata Chemicals
10-12-2010,154.2,158.7,149.9,157.4,401835,Tata Chemicals
13-12-2010,157.4,160.4,155.2,159.3,162264,Tata Chemicals
14-12-2010,159.6,164.9,159.4,164.5,326146,Tata Chemicals
15-12-2010,164.9,165.5,160.3,161.7,256092,Tata Chemicals
16-12-2010,162,166,160.5,164.2,322428,Tata Chemicals
20-12-2010,164.2,167.4,161.4,164.8,361215,Tata Chemicals
21-12-2010,168.8,168.8,164.6,165.3,386458,Tata Chemicals
22-12-2010,166,171.7,166,171.1,908101,Tata Chemicals
23-12-2010,172,176.3,171.5,173.9,690320,Tata Chemicals
24-12-2010,172.4,174.5,170.4,172.8,386608,Tata Chemicals
27-12-2010,175,176.3,172.9,173.4,234420,Tata Chemicals
28-12-2010,172.2,173.4,170.4,171,315476,Tata Chemicals
29-12-2010,171.6,172.3,170.3,170.7,165957,Tata Chemicals
30-12-2010,171.5,172.6,169.3,171.7,410008,Tata Chemicals
31-12-2010,171.5,174.5,171.5,173.7,312024,Tata Chemicals
03-01-2011,173.7,179.5,173.7,178.4,446136,Tata Chemicals
04-01-2011,179.5,181.6,178.6,179.9,602129,Tata Chemicals
05-01-2011,181.2,181.2,174.6,175.8,264724,Tata Chemicals
06-01-2011,176.8,176.8,167.7,169.8,808716,Tata Chemicals
07-01-2011,168,173.2,164,166,418592,Tata Chemicals
10-01-2011,166.8,168.9,161.9,164.7,298051,Tata Chemicals
11-01-2011,165.3,169.7,162.3,167.5,350132,Tata Chemicals
12-01-2011,169.8,170.6,165.8,168.6,294182,Tata Chemicals
13-01-2011,169.3,173.5,167.3,168.4,290819,Tata Chemicals
14-01-2011,169.7,170.9,165.8,168.3,266197,Tata Chemicals
17-01-2011,168.4,170.5,164.1,166.8,311381,Tata Chemicals
18-01-2011,168.8,169.2,165.6,167.1,168968,Tata Chemicals
19-01-2011,168,170.7,166.3,167.3,204799,Tata Chemicals
20-01-2011,167,168.3,165.4,165.9,152744,Tata Chemicals
21-01-2011,166.7,169.2,164.1,164.6,138819,Tata Chemicals
24-01-2011,164.5,165.7,163.6,164.5,117149,Tata Chemicals
25-01-2011,165.3,167.5,164.5,165,202191,Tata Chemicals
27-01-2011,164.5,166.2,153.5,155,996829,Tata Chemicals
28-01-2011,154.3,155.2,148.6,152.1,586295,Tata Chemicals
31-01-2011,149.9,156.5,147.8,154.7,232956,Tata Chemicals
01-02-2011,155.5,157.3,150,151,187551,Tata Chemicals
02-02-2011,151.2,153,146.6,147.7,324430,Tata Chemicals
03-02-2011,148.1,152.5,144.8,151.7,397508,Tata Chemicals
04-02-2011,151.9,153.7,147,148,272252,Tata Chemicals
07-02-2011,148.1,149.3,146.1,146.5,158543,Tata Chemicals
08-02-2011,147.7,147.7,142,143.7,153856,Tata Chemicals
09-02-2011,142,143.6,137.1,138.3,284718,Tata Chemicals
10-02-2011,136.7,139.8,133.3,134.1,368691,Tata Chemicals
11-02-2011,135.4,137.7,134.2,137,503598,Tata Chemicals
14-02-2011,138.4,140.6,137.3,140,476641,Tata Chemicals
15-02-2011,140.4,142.8,138.7,141.3,454353,Tata Chemicals
16-02-2011,140.1,143.2,139.2,139.9,283359,Tata Chemicals
17-02-2011,138.7,143.8,138.7,141.9,368197,Tata Chemicals
18-02-2011,142.5,146.7,142,144.2,711531,Tata Chemicals
21-02-2011,145.3,149.6,143.3,149,427637,Tata Chemicals
22-02-2011,147.7,151.9,147.4,148.1,428130,Tata Chemicals
23-02-2011,134.5,149.5,134.5,148,142902,Tata Chemicals
24-02-2011,148,149.9,140.3,142.1,320372,Tata Chemicals
25-02-2011,143.3,144.5,139.6,142,280143,Tata Chemicals
28-02-2011,143.3,145.4,138.9,141.8,404077,Tata Chemicals
01-03-2011,143.8,148.2,142.9,147.2,271074,Tata Chemicals
03-03-2011,144.2,148.1,143.3,145.6,227673,Tata Chemicals
04-03-2011,145.9,147.5,143.3,146.1,451293,Tata Chemicals
07-03-2011,143.8,144.9,142.4,143.7,185082,Tata Chemicals
08-03-2011,142.9,145.4,142.9,143.8,363324,Tata Chemicals
09-03-2011,145.5,145.8,144.4,144.8,391556,Tata Chemicals
10-03-2011,145.1,145.1,142.2,143.7,221295,Tata Chemicals
11-03-2011,139.3,147.6,139.3,144.9,241646,Tata Chemicals
14-03-2011,145.1,145.5,142.4,143.2,246874,Tata Chemicals
15-03-2011,137.5,141.4,137.5,140.8,170671,Tata Chemicals
16-03-2011,141.9,142.3,140.7,141.3,449213,Tata Chemicals
17-03-2011,140.8,144.6,140.7,144,688867,Tata Chemicals
18-03-2011,146.4,146.4,141.2,142,264603,Tata Chemicals
21-03-2011,142.9,142.9,136.2,139.3,373423,Tata Chemicals
22-03-2011,140.7,143.7,139.3,140.6,248568,Tata Chemicals
23-03-2011,141,142.2,140.4,141,220524,Tata Chemicals
24-03-2011,141.6,144.6,141.2,144.2,562882,Tata Chemicals
25-03-2011,145.9,147.7,144.7,147.1,709804,Tata Chemicals
28-03-2011,147.7,148.6,145.1,146.2,275415,Tata Chemicals
29-03-2011,147.9,147.9,144.1,145.1,288095,Tata Chemicals
30-03-2011,146,148.1,145.5,147.8,407892,Tata Chemicals
31-03-2011,148.6,154.8,145.5,150.8,857164,Tata Chemicals
01-04-2011,152.2,153.9,150.1,152.4,235814,Tata Chemicals
04-04-2011,155.6,155.6,152.5,153.9,292001,Tata Chemicals
05-04-2011,154.3,156.9,151.9,156.1,212209,Tata Chemicals
06-04-2011,157.1,157.8,153.1,154.8,176871,Tata Chemicals
07-04-2011,153.5,159.6,153.5,158.8,272956,Tata Chemicals
08-04-2011,160.1,160.1,155.2,156.8,785305,Tata Chemicals
11-04-2011,156.3,158.5,154.1,156.7,105017,Tata Chemicals
13-04-2011,162.7,162.7,158.5,159.9,643448,Tata Chemicals
15-04-2011,161.3,163.9,159.8,162.3,554397,Tata Chemicals
18-04-2011,163.6,164.2,159.9,160.8,379465,Tata Chemicals
19-04-2011,161.1,162.9,157.6,161.5,194629,Tata Chemicals
20-04-2011,162.7,168,162.3,167.2,656531,Tata Chemicals
21-04-2011,169.2,169.7,164.9,168.6,517244,Tata Chemicals
25-04-2011,168.6,168.9,164.5,166.8,140668,Tata Chemicals
26-04-2011,165.8,169.3,165,168.3,140548,Tata Chemicals
27-04-2011,168.4,172.8,166.7,171.7,451772,Tata Chemicals
28-04-2011,173.3,173.7,167.1,167.7,352126,Tata Chemicals
29-04-2011,167.5,169.2,162.7,166,218049,Tata Chemicals
02-05-2011,167.3,167.3,162.5,164.1,163411,Tata Chemicals
03-05-2011,165.2,165.2,160.8,162.5,154015,Tata Chemicals
04-05-2011,162.5,162.5,158.9,159.5,136805,Tata Chemicals
05-05-2011,159.9,161.8,157,158.7,161693,Tata Chemicals
06-05-2011,160.7,163.1,157.6,162.2,185287,Tata Chemicals
09-05-2011,164.7,164.7,161.4,161.8,101589,Tata Chemicals
10-05-2011,161.5,162.6,160.6,161.8,95172,Tata Chemicals
11-05-2011,165.6,165.6,161.1,164.4,129026,Tata Chemicals
12-05-2011,166.2,166.2,163.1,164.5,170650,Tata Chemicals
13-05-2011,164.5,165.4,158.7,164.9,118388,Tata Chemicals
16-05-2011,164,164.7,160.3,161,162312,Tata Chemicals
17-05-2011,160.5,161.7,157.3,158.1,146839,Tata Chemicals
18-05-2011,160.2,160.9,155.9,160.2,111247,Tata Chemicals
19-05-2011,160.5,161.3,156.4,157.3,138898,Tata Chemicals
20-05-2011,157.3,160.5,157.1,159.6,76967,Tata Chemicals
23-05-2011,159.6,159.6,152.6,154.8,578936,Tata Chemicals
24-05-2011,154.8,156.1,151.4,155.5,254682,Tata Chemicals
25-05-2011,153.6,158.6,153.4,158,248796,Tata Chemicals
26-05-2011,159.4,161.8,157.3,158.3,369084,Tata Chemicals
27-05-2011,158.7,161.1,158.3,159.9,194115,Tata Chemicals
30-05-2011,161.2,164.7,160.5,164.3,286881,Tata Chemicals
31-05-2011,165.3,169.8,163.4,168.1,534793,Tata Chemicals
01-06-2011,168,169.5,166.7,168.8,247332,Tata Chemicals
02-06-2011,164.9,167.5,164.5,165.1,93872,Tata Chemicals
03-06-2011,164.3,170.1,157.7,164.7,74325,Tata Chemicals
06-06-2011,164.9,167.2,164.9,166.4,128009,Tata Chemicals
07-06-2011,166,166.6,164.5,165.2,97543,Tata Chemicals
08-06-2011,161.5,166,161.5,164.3,55792,Tata Chemicals
09-06-2011,166,166.4,164,165.4,111202,Tata Chemicals
10-06-2011,164.7,165.5,161.6,163.4,63074,Tata Chemicals
13-06-2011,163.6,163.9,159.5,162.2,114455,Tata Chemicals
14-06-2011,162.2,165.1,162.2,164.6,363220,Tata Chemicals
15-06-2011,165.4,166.9,162.5,163.3,212854,Tata Chemicals
16-06-2011,162.7,164.4,160.9,162.7,116130,Tata Chemicals
17-06-2011,164.4,164.9,162.1,164,170848,Tata Chemicals
20-06-2011,165,165,157,161.2,520001,Tata Chemicals
21-06-2011,161.8,162.1,158.7,159,125494,Tata Chemicals
22-06-2011,160.1,160.1,154.2,155,338002,Tata Chemicals
23-06-2011,154.3,156.7,152.1,154.4,247740,Tata Chemicals
24-06-2011,156,160.1,154.5,159.6,163303,Tata Chemicals
27-06-2011,159.1,163.1,158.5,161.4,318548,Tata Chemicals
28-06-2011,162.6,164.7,160.6,161.6,247775,Tata Chemicals
29-06-2011,163.1,164,161.1,161.7,537259,Tata Chemicals
30-06-2011,163.4,165.3,162.7,164.4,417233,Tata Chemicals
01-07-2011,165.7,165.7,163.4,163.9,142458,Tata Chemicals
04-07-2011,163.7,165.1,162.1,163.1,109770,Tata Chemicals
05-07-2011,163.1,167.5,162.7,166.8,498677,Tata Chemicals
06-07-2011,167.1,170.5,165.9,169.8,423914,Tata Chemicals
07-07-2011,170.6,171.8,167.6,169.4,326365,Tata Chemicals
08-07-2011,170.6,170.6,166.8,167.3,129010,Tata Chemicals
11-07-2011,167.5,169.5,166,168.9,132258,Tata Chemicals
12-07-2011,167.7,170.1,165.3,166.5,251233,Tata Chemicals
13-07-2011,167,169.1,166.9,168,171173,Tata Chemicals
14-07-2011,167.5,171,166.7,168.6,257586,Tata Chemicals
15-07-2011,168.9,170,167.8,168.3,99570,Tata Chemicals
18-07-2011,169.3,169.5,166.6,167.1,149457,Tata Chemicals
19-07-2011,167.6,170.9,167.6,169.1,281667,Tata Chemicals
20-07-2011,169.7,170.3,168,168.8,220417,Tata Chemicals
21-07-2011,169.2,169.2,166.7,167.5,91734,Tata Chemicals
22-07-2011,168.8,168.8,167.1,168.5,243322,Tata Chemicals
25-07-2011,166.2,166.2,164.1,165.1,427396,Tata Chemicals
26-07-2011,164.9,166.2,163.1,163.7,144474,Tata Chemicals
27-07-2011,163.2,165.1,162.4,164,265949,Tata Chemicals
28-07-2011,161.7,164,159.3,159.9,223358,Tata Chemicals
29-07-2011,158.9,161.2,155.7,156.3,562837,Tata Chemicals
01-08-2011,158.7,158.7,155.5,156.5,131250,Tata Chemicals
02-08-2011,156.2,159.4,154,154.6,666454,Tata Chemicals
03-08-2011,153.1,155.1,151.5,154.7,298317,Tata Chemicals
04-08-2011,154.8,157.3,153.1,156,581152,Tata Chemicals
05-08-2011,154.3,156.7,149,155.3,511651,Tata Chemicals
08-08-2011,154.2,157.8,150,155.6,1168240,Tata Chemicals
09-08-2011,150.8,155.2,149.9,154.5,399908,Tata Chemicals
10-08-2011,156,160.9,154.9,159.6,350442,Tata Chemicals
11-08-2011,158,161.8,153.9,156.3,549627,Tata Chemicals
12-08-2011,157.8,159,154.8,157,474878,Tata Chemicals
16-08-2011,157,160,155.9,157.2,469520,Tata Chemicals
17-08-2011,157.4,158.9,155.2,156.7,311951,Tata Chemicals
19-08-2011,146.7,156.2,146.6,154.8,434639,Tata Chemicals
22-08-2011,155.4,157,153.4,156.2,168201,Tata Chemicals
23-08-2011,156.9,156.9,153.1,153.8,219924,Tata Chemicals
24-08-2011,153.1,157.8,153.1,154.4,365833,Tata Chemicals
25-08-2011,154.8,155.8,150,150.8,228500,Tata Chemicals
26-08-2011,149.5,151.5,146.6,147.4,231144,Tata Chemicals
29-08-2011,155.4,155.4,144.6,146.4,632474,Tata Chemicals
30-08-2011,147.7,148.6,145.6,147.6,308797,Tata Chemicals
02-09-2011,149.9,149.9,146.5,147.7,224485,Tata Chemicals
05-09-2011,146.1,148.3,146,146.4,356279,Tata Chemicals
06-09-2011,146.8,147.5,145.3,146.2,471268,Tata Chemicals
07-09-2011,147,149.2,146.3,148.6,735211,Tata Chemicals
08-09-2011,149.9,150.8,147.8,149.6,404984,Tata Chemicals
09-09-2011,150,150.9,145.9,146.5,467686,Tata Chemicals
12-09-2011,145.5,145.7,143,145.2,319734,Tata Chemicals
13-09-2011,147.1,147.2,142.9,144.2,335613,Tata Chemicals
14-09-2011,145.9,145.9,142.2,145.3,293763,Tata Chemicals
15-09-2011,146,147.2,143.8,145.3,392851,Tata Chemicals
16-09-2011,145.5,146.8,143.3,145,700773,Tata Chemicals
19-09-2011,144,146,144,145.5,189515,Tata Chemicals
20-09-2011,143.9,148.1,143.9,147.5,235972,Tata Chemicals
21-09-2011,149.5,149.8,147.5,148.8,368000,Tata Chemicals
22-09-2011,147.5,148.1,144.2,146.5,445100,Tata Chemicals
23-09-2011,145.6,148,141.5,142.6,240475,Tata Chemicals
26-09-2011,141.1,143.3,138.9,140.7,162214,Tata Chemicals
27-09-2011,142.5,145.5,141.3,144.5,212766,Tata Chemicals
28-09-2011,143.4,145.4,139.7,141.3,169713,Tata Chemicals
29-09-2011,139.7,142.7,139.2,140.7,157546,Tata Chemicals
30-09-2011,142.4,142.4,138,139.4,303622,Tata Chemicals
03-10-2011,138.4,139.1,132.7,133.5,289577,Tata Chemicals
04-10-2011,133.5,134,131,133,442994,Tata Chemicals
05-10-2011,133,134.3,126.5,130.1,575362,Tata Chemicals
07-10-2011,131.7,134,130.2,131.2,180389,Tata Chemicals
10-10-2011,139.2,141.8,131,136,335634,Tata Chemicals
11-10-2011,137.6,138.4,135.9,137.5,318177,Tata Chemicals
12-10-2011,137.8,138.9,136.2,138.5,160913,Tata Chemicals
13-10-2011,138.9,143.1,138,141.1,341951,Tata Chemicals
14-10-2011,139.1,142,138.9,140.3,100299,Tata Chemicals
17-10-2011,140.5,142.4,139.8,140.4,82329,Tata Chemicals
18-10-2011,140.4,142,138,140.9,167259,Tata Chemicals
19-10-2011,141.6,142,139.8,141,145721,Tata Chemicals
20-10-2011,138.9,140.6,138.7,139.4,97767,Tata Chemicals
21-10-2011,139.9,140.9,135.4,135.9,193177,Tata Chemicals
24-10-2011,137.1,138.1,134.6,137,216515,Tata Chemicals
25-10-2011,138,143.7,135.8,141.6,131730,Tata Chemicals
26-10-2011,141.5,143.7,141.5,142.7,31958,Tata Chemicals
28-10-2011,143.7,150.4,143.3,148.8,519625,Tata Chemicals
31-10-2011,148.5,148.5,145.7,146.7,128038,Tata Chemicals
01-11-2011,144.6,145.9,141,141.8,238632,Tata Chemicals
02-11-2011,143.5,146.2,140.4,144.7,231595,Tata Chemicals
03-11-2011,145.1,146.3,143.7,145,129072,Tata Chemicals
04-11-2011,146.2,147.6,145.1,145.9,156441,Tata Chemicals
08-11-2011,146.1,147.2,144.3,145.4,56038,Tata Chemicals
09-11-2011,146.6,147.3,143.8,146.3,541226,Tata Chemicals
11-11-2011,142.2,148.9,141.6,145.9,951614,Tata Chemicals
14-11-2011,148.8,150.1,146.8,148,370144,Tata Chemicals
15-11-2011,146.8,147.7,144.6,145.5,204465,Tata Chemicals
16-11-2011,145.7,146.2,143.4,144.1,235348,Tata Chemicals
17-11-2011,142.9,147.5,142.9,145.4,317332,Tata Chemicals
18-11-2011,144.7,146.7,142.4,145.5,393716,Tata Chemicals
21-11-2011,145.4,147,144,145.7,232476,Tata Chemicals
22-11-2011,147.7,154.3,144.5,146.2,346253,Tata Chemicals
23-11-2011,146.1,147.2,144.2,145.3,435235,Tata Chemicals
24-11-2011,145.4,146.3,144,145.5,199256,Tata Chemicals
25-11-2011,145.3,153.9,144.6,151.9,344291,Tata Chemicals
28-11-2011,154.8,158.7,150.7,151.5,495762,Tata Chemicals
29-11-2011,151.8,154.2,150.1,150.9,326765,Tata Chemicals
30-11-2011,150.2,153.3,149.4,152.6,395188,Tata Chemicals
01-12-2011,153.9,156.8,153.9,154.7,451234,Tata Chemicals
02-12-2011,154.3,157.4,154.3,155.6,565354,Tata Chemicals
05-12-2011,154.8,156.1,153.4,155,158287,Tata Chemicals
07-12-2011,157,158.9,155.2,157.2,636346,Tata Chemicals
08-12-2011,156.9,158.1,154.4,157,279272,Tata Chemicals
09-12-2011,154.5,156.1,154.1,155.1,146178,Tata Chemicals
12-12-2011,155.6,156.9,151.7,153.3,139954,Tata Chemicals
13-12-2011,150,152.5,150,152.1,260292,Tata Chemicals
14-12-2011,151.7,152.1,147,147.7,166737,Tata Chemicals
15-12-2011,145.5,149.2,142,147.6,310003,Tata Chemicals
16-12-2011,147.3,147.6,143.5,144,162333,Tata Chemicals
19-12-2011,144.2,144.6,140.2,143.5,128175,Tata Chemicals
20-12-2011,144.1,144.1,138,138.9,123302,Tata Chemicals
21-12-2011,139.3,141,137.6,140.1,115283,Tata Chemicals
22-12-2011,140.4,143.5,136.2,141.3,207933,Tata Chemicals
23-12-2011,141.9,142.1,137.8,138.5,139918,Tata Chemicals
26-12-2011,139.8,140.3,138.5,139.7,55984,Tata Chemicals
27-12-2011,140.3,140.3,137.1,137.9,87364,Tata Chemicals
28-12-2011,137.1,138.5,132.9,135.6,237288,Tata Chemicals
29-12-2011,135.3,138.4,134.3,135.6,180783,Tata Chemicals
30-12-2011,135.8,139,134.4,137.8,135067,Tata Chemicals
02-01-2012,138,138,135.5,136.2,51512,Tata Chemicals
03-01-2012,136.6,140.2,136.3,139.4,176437,Tata Chemicals
04-01-2012,139.6,141.1,138,138.5,431416,Tata Chemicals
05-01-2012,138.5,139.8,136.9,137.5,181950,Tata Chemicals
06-01-2012,137.8,137.8,135.9,136.9,166909,Tata Chemicals
09-01-2012,141.2,142.8,139.9,140.5,471731,Tata Chemicals
10-01-2012,141.1,142,140.8,141.4,315935,Tata Chemicals
11-01-2012,143.2,143.2,137.6,138.3,337733,Tata Chemicals
12-01-2012,138.4,140.8,137.6,138.9,422239,Tata Chemicals
13-01-2012,140.3,140.3,138.2,139.1,295960,Tata Chemicals
16-01-2012,138.2,140.2,138,138.6,146515,Tata Chemicals
17-01-2012,139.2,144.3,138.5,143.1,540897,Tata Chemicals
18-01-2012,144.6,145.7,141.3,141.8,375967,Tata Chemicals
19-01-2012,141.5,144.6,141.5,142.9,333602,Tata Chemicals
20-01-2012,143.7,145,141.5,142.9,459618,Tata Chemicals
23-01-2012,142.9,144.6,142,143.7,169624,Tata Chemicals
24-01-2012,144,147,144,145.4,260246,Tata Chemicals
25-01-2012,146.6,146.6,143.4,143.9,206499,Tata Chemicals
27-01-2012,143.4,149.3,143.4,148.5,335353,Tata Chemicals
30-01-2012,148.2,148.6,145.5,147.4,289460,Tata Chemicals
31-01-2012,149.4,152,146.9,150.5,387357,Tata Chemicals
01-02-2012,153.9,153.9,147.2,152.8,245512,Tata Chemicals
02-02-2012,154.3,155.2,152.6,153.9,406012,Tata Chemicals
03-02-2012,155.6,155.6,149.9,152.1,270774,Tata Chemicals
06-02-2012,154.3,155.2,152.6,153.7,349914,Tata Chemicals
07-02-2012,156.1,156.1,150.8,152,249646,Tata Chemicals
08-02-2012,153.4,153.9,151.5,153,254965,Tata Chemicals
09-02-2012,153.1,156.5,152.2,155,322213,Tata Chemicals
10-02-2012,154.8,159.6,151.4,157.4,1054465,Tata Chemicals
13-02-2012,159,162,157.6,160.2,689432,Tata Chemicals
14-02-2012,161,162.1,158,158.7,284488,Tata Chemicals
15-02-2012,160.2,162.9,159.5,162.4,543563,Tata Chemicals
16-02-2012,161.8,164,161.2,163.2,363952,Tata Chemicals
17-02-2012,164.4,165.2,162.3,163.8,304855,Tata Chemicals
21-02-2012,163.1,165.2,160.7,161.5,248109,Tata Chemicals
22-02-2012,163.4,163.9,154.1,156.3,248844,Tata Chemicals
23-02-2012,156.1,161.4,153,155.8,639825,Tata Chemicals
24-02-2012,156.5,160.5,154.8,156.5,224238,Tata Chemicals
27-02-2012,158.6,158.7,148.5,150.9,155660,Tata Chemicals
28-02-2012,154.5,154.8,149.3,153.8,149905,Tata Chemicals
29-02-2012,155.2,161.4,155.2,159.8,360535,Tata Chemicals
01-03-2012,160.5,161.5,156.6,158.5,256087,Tata Chemicals
02-03-2012,160,160,156.2,156.8,126012,Tata Chemicals
05-03-2012,156.7,158.2,155.3,156.7,163994,Tata Chemicals
06-03-2012,155.3,159,155,156.3,267652,Tata Chemicals
07-03-2012,156.5,156.5,152.1,152.8,182735,Tata Chemicals
09-03-2012,155.2,155.2,153.2,154.7,200748,Tata Chemicals
12-03-2012,155.5,157,154.4,156.1,147334,Tata Chemicals
13-03-2012,158.7,160.9,156.1,158.5,241616,Tata Chemicals
14-03-2012,159.6,161.8,156.8,157.6,209602,Tata Chemicals
15-03-2012,157.4,159.9,156.4,158.4,188547,Tata Chemicals
16-03-2012,160,160.1,155.7,156.5,254459,Tata Chemicals
19-03-2012,158.8,158.8,154.8,156.2,125617,Tata Chemicals
20-03-2012,155.3,157.3,154.6,156.1,196487,Tata Chemicals
21-03-2012,155.3,158.3,155.3,156.9,131550,Tata Chemicals
22-03-2012,156.5,160.4,153,154,181129,Tata Chemicals
23-03-2012,155.2,155.7,152.2,153.1,139363,Tata Chemicals
26-03-2012,153,153,148.1,149.6,316748,Tata Chemicals
27-03-2012,151.8,153,149.6,150.3,272142,Tata Chemicals
28-03-2012,150.6,152,148.1,148.9,276671,Tata Chemicals
29-03-2012,148.9,152.5,147.7,150.4,199359,Tata Chemicals
30-03-2012,149,153.9,149,152.8,344753,Tata Chemicals
02-04-2012,153.4,154.1,150.9,151.6,118806,Tata Chemicals
03-04-2012,153.3,153.7,151.7,152.2,432683,Tata Chemicals
04-04-2012,151.7,155.9,151.7,154.7,117820,Tata Chemicals
09-04-2012,152.1,154.7,149.5,149.9,190467,Tata Chemicals
10-04-2012,149,151.7,146.9,147.8,232627,Tata Chemicals
11-04-2012,148.1,149.6,145.1,148,102973,Tata Chemicals
12-04-2012,148.2,150.6,148.2,150.3,216350,Tata Chemicals
13-04-2012,149.9,152.6,149,149.6,158060,Tata Chemicals
16-04-2012,152,154.7,149.1,153.5,126607,Tata Chemicals
17-04-2012,155.8,156.4,153.5,154,317182,Tata Chemicals
18-04-2012,155.3,156,154,154.6,305462,Tata Chemicals
19-04-2012,154.8,156.4,146.8,155.2,173414,Tata Chemicals
20-04-2012,153.7,155.8,150.2,151,136761,Tata Chemicals
23-04-2012,150.2,153.4,150.2,151.3,82625,Tata Chemicals
24-04-2012,155.2,155.2,149.9,150.3,62418,Tata Chemicals
25-04-2012,151.2,151.6,148.1,148.5,79393,Tata Chemicals
26-04-2012,148.7,149.8,143.3,144.2,455619,Tata Chemicals
27-04-2012,145.7,146.8,144.3,146.6,206399,Tata Chemicals
30-04-2012,148.1,149,146.7,148.3,143066,Tata Chemicals
02-05-2012,148.6,150.3,147.3,148.6,128961,Tata Chemicals
03-05-2012,149.4,149.4,145.7,146.4,122853,Tata Chemicals
04-05-2012,146.8,147.6,143.3,146.3,157236,Tata Chemicals
07-05-2012,144.7,149.8,142.2,148.8,176713,Tata Chemicals
08-05-2012,150.8,150.8,147.8,148.6,93981,Tata Chemicals
09-05-2012,148.2,149.5,147.7,148.4,62908,Tata Chemicals
10-05-2012,148.7,151.9,148.4,150.1,241206,Tata Chemicals
11-05-2012,150.1,152.1,145.7,146.8,198474,Tata Chemicals
14-05-2012,146.8,149.2,144.7,145.6,71778,Tata Chemicals
15-05-2012,145.5,146.4,141.8,144.2,249180,Tata Chemicals
16-05-2012,142.9,144.4,142,143.6,88963,Tata Chemicals
17-05-2012,143.8,145.5,143.3,143.5,135808,Tata Chemicals
18-05-2012,143.3,143.3,140.4,141.1,85628,Tata Chemicals
21-05-2012,139.4,142.3,137.2,138.8,326139,Tata Chemicals
22-05-2012,140.1,140.6,137.6,138.3,119506,Tata Chemicals
23-05-2012,137.6,138.2,135.8,136.6,79373,Tata Chemicals
24-05-2012,137.1,138.2,136.2,136.6,229912,Tata Chemicals
25-05-2012,136.7,137.6,136.4,137.1,129330,Tata Chemicals
28-05-2012,137.6,143.3,137.1,142.5,165751,Tata Chemicals
29-05-2012,143.3,143.8,140.2,140.5,72153,Tata Chemicals
30-05-2012,139.7,142.7,138.5,139.7,160760,Tata Chemicals
31-05-2012,138.9,138.9,134.1,135.7,390011,Tata Chemicals
01-06-2012,135.4,136.9,134.9,135.6,149772,Tata Chemicals
04-06-2012,136.3,136.3,132,132.2,171376,Tata Chemicals
05-06-2012,131.8,135.9,131.8,134.3,299840,Tata Chemicals
06-06-2012,134.5,136.6,134.5,136.2,276607,Tata Chemicals
07-06-2012,138,138.7,136.7,137.6,236694,Tata Chemicals
08-06-2012,137.6,138.8,136,137.3,288310,Tata Chemicals
11-06-2012,138.8,142,138,139.8,272516,Tata Chemicals
12-06-2012,139.3,140.6,138.6,139.8,136995,Tata Chemicals
13-06-2012,139.8,140.3,137.8,138,404828,Tata Chemicals
14-06-2012,142,142,137.3,137.9,204052,Tata Chemicals
15-06-2012,138.9,139,135.8,136.6,214525,Tata Chemicals
18-06-2012,141.1,141.1,134.2,135,224604,Tata Chemicals
19-06-2012,134.9,135.8,131.9,133.3,294654,Tata Chemicals
20-06-2012,133.6,136.5,133.4,135.7,101499,Tata Chemicals
21-06-2012,137.3,137.3,135,135.8,140639,Tata Chemicals
22-06-2012,135.4,135.8,133.6,135,1049468,Tata Chemicals
25-06-2012,135.3,136.6,134.3,134.5,228532,Tata Chemicals
26-06-2012,134,135.4,133.6,134.3,219289,Tata Chemicals
27-06-2012,134.6,136.1,134.5,134.9,133185,Tata Chemicals
28-06-2012,136.1,136.1,133.8,134.8,281959,Tata Chemicals
29-06-2012,136,137.8,135.7,137.1,245122,Tata Chemicals
02-07-2012,139.3,140.1,137.6,139.1,303743,Tata Chemicals
03-07-2012,139.3,140.6,139.1,139.9,291513,Tata Chemicals
04-07-2012,141.1,141.6,139,139.4,157634,Tata Chemicals
05-07-2012,138.9,144.8,138,143,927968,Tata Chemicals
06-07-2012,142.9,143.5,141.4,141.8,169264,Tata Chemicals
09-07-2012,142.4,142.4,139,140.2,189333,Tata Chemicals
10-07-2012,140.5,142.1,140.5,141.8,449794,Tata Chemicals
11-07-2012,141.5,142.4,141.1,141.2,98085,Tata Chemicals
12-07-2012,141,142.2,140.3,141.4,211646,Tata Chemicals
13-07-2012,142.8,142.8,140.6,141.4,114288,Tata Chemicals
16-07-2012,141.4,142.8,140.3,140.7,169654,Tata Chemicals
17-07-2012,141,141.9,140.2,140.7,428582,Tata Chemicals
18-07-2012,141.1,141.1,139,140.2,307561,Tata Chemicals
19-07-2012,143.3,143.3,139.9,140.2,370792,Tata Chemicals
20-07-2012,143.3,143.3,139.4,140.2,260883,Tata Chemicals
23-07-2012,138.8,140.4,137.6,138.6,132335,Tata Chemicals
24-07-2012,138.8,140.2,138.6,139.6,149720,Tata Chemicals
25-07-2012,139.3,139.6,136.7,137.1,142907,Tata Chemicals
26-07-2012,137.1,137.6,133.6,134.7,331360,Tata Chemicals
27-07-2012,135.8,136.4,134.3,134.5,162531,Tata Chemicals
30-07-2012,136.5,136.7,134.5,136.3,322372,Tata Chemicals
31-07-2012,136.2,136.7,134.7,134.9,222827,Tata Chemicals
01-08-2012,134.5,137.1,134.5,137,301909,Tata Chemicals
02-08-2012,135.4,137.7,135.4,136.7,141691,Tata Chemicals
03-08-2012,136.2,137.4,135.6,136.2,310822,Tata Chemicals
06-08-2012,140.2,140.2,136.7,137,304839,Tata Chemicals
07-08-2012,138,138.4,135,136.1,1214708,Tata Chemicals
08-08-2012,132.5,134.1,131.4,131.9,640530,Tata Chemicals
09-08-2012,132.3,134.2,132.3,133.4,418087,Tata Chemicals
10-08-2012,133.4,135.4,133,134.9,536686,Tata Chemicals
13-08-2012,135.5,136.5,134.4,135.9,454975,Tata Chemicals
14-08-2012,136.3,137.3,135,136.9,326436,Tata Chemicals
16-08-2012,137.6,137.7,136.2,137,210830,Tata Chemicals
17-08-2012,136.7,139.9,136.5,139.4,741558,Tata Chemicals
21-08-2012,140.8,140.8,136.6,137.6,138782,Tata Chemicals
22-08-2012,137.1,138.3,136.5,137.1,288344,Tata Chemicals
23-08-2012,137.8,138.4,135.8,136.7,223936,Tata Chemicals
24-08-2012,135.8,139,135.4,138.6,241786,Tata Chemicals
27-08-2012,138.8,138.8,135.9,136.6,150498,Tata Chemicals
28-08-2012,132.3,136.2,132.3,134.6,171447,Tata Chemicals
29-08-2012,133.4,137,132.3,134.9,297204,Tata Chemicals
30-08-2012,134.9,135.6,132.3,133.3,216988,Tata Chemicals
31-08-2012,133.5,134.6,133.4,134.4,213822,Tata Chemicals
03-09-2012,133.4,134.6,133.4,134.4,262700,Tata Chemicals
04-09-2012,134.4,135.4,133.8,134.4,202299,Tata Chemicals
05-09-2012,133.9,137.4,133.8,137.1,1090645,Tata Chemicals
06-09-2012,137.7,139.5,137.7,138.4,375523,Tata Chemicals
07-09-2012,138,140.7,138,140.4,324027,Tata Chemicals
10-09-2012,140.6,143.5,140.1,142.3,424593,Tata Chemicals
11-09-2012,143,143.4,141.5,142.9,265848,Tata Chemicals
12-09-2012,143.3,145.9,141.9,142.7,807913,Tata Chemicals
13-09-2012,142.4,143.3,140.8,141.7,452868,Tata Chemicals
14-09-2012,142.4,143.3,140.4,141.1,477728,Tata Chemicals
17-09-2012,141.6,141.9,139.5,140.1,212164,Tata Chemicals
18-09-2012,140,141.3,138.2,138.7,328824,Tata Chemicals
20-09-2012,134,139.9,134,139.1,277607,Tata Chemicals
21-09-2012,140.2,143.5,139.2,142.7,420368,Tata Chemicals
24-09-2012,142.7,144.8,140.3,141.2,933621,Tata Chemicals
25-09-2012,141.5,143.1,139.6,140.3,348937,Tata Chemicals
26-09-2012,139.6,141.4,138.9,139.2,224674,Tata Chemicals
27-09-2012,140.1,141.8,139.9,140.4,484943,Tata Chemicals
28-09-2012,139.2,142.8,139.2,141.5,333313,Tata Chemicals
01-10-2012,141,142.7,141,141.5,392838,Tata Chemicals
03-10-2012,141.1,145.7,141.1,144.2,903454,Tata Chemicals
04-10-2012,144.7,146.2,143.3,143.8,580913,Tata Chemicals
05-10-2012,144.5,144.9,141.1,141.3,776883,Tata Chemicals
08-10-2012,141.5,142.4,140.3,141.1,692955,Tata Chemicals
09-10-2012,141.1,142.6,140.1,140.3,352770,Tata Chemicals
10-10-2012,141.4,141.4,139.1,139.3,311621,Tata Chemicals
11-10-2012,140.3,143.2,140,142.5,713520,Tata Chemicals
12-10-2012,142.4,144.1,141.6,143.5,544889,Tata Chemicals
15-10-2012,144.6,144.8,142.9,143.3,351946,Tata Chemicals
16-10-2012,142.4,144.4,142,142.8,404471,Tata Chemicals
17-10-2012,143.3,144.7,142.6,143.5,414640,Tata Chemicals
18-10-2012,143.8,146.3,143.5,143.8,586817,Tata Chemicals
19-10-2012,143.8,145.2,143.6,144.1,234310,Tata Chemicals
22-10-2012,144.1,145.8,139.6,144.1,388549,Tata Chemicals
23-10-2012,144.9,145.8,143.3,143.5,288529,Tata Chemicals
25-10-2012,144.9,145.6,142,143.3,960596,Tata Chemicals
26-10-2012,144.2,144.6,142.5,143,123930,Tata Chemicals
29-10-2012,143.3,143.8,141.5,141.8,104324,Tata Chemicals
30-10-2012,142.8,144,139.9,140.8,474527,Tata Chemicals
31-10-2012,141.1,142,139,139.5,663642,Tata Chemicals
01-11-2012,140.2,140.7,139.2,139.5,381941,Tata Chemicals
02-11-2012,141,141,139.4,139.7,703734,Tata Chemicals
05-11-2012,140.1,141.7,140,140.2,581820,Tata Chemicals
06-11-2012,140.6,141,139.8,140.7,285616,Tata Chemicals
07-11-2012,140.2,141.1,140.1,140.4,238556,Tata Chemicals
08-11-2012,139.4,140.9,139.3,140.6,208418,Tata Chemicals
09-11-2012,140.8,141.6,140.2,140.6,220500,Tata Chemicals
12-11-2012,140.2,141.5,139.3,140.9,141943,Tata Chemicals
13-11-2012,141.1,141.5,139.3,141.1,40308,Tata Chemicals
15-11-2012,141.1,141.1,139.3,139.5,310995,Tata Chemicals
16-11-2012,138.9,140.6,138.4,139.9,635396,Tata Chemicals
19-11-2012,139.9,140.2,136.3,137.9,421172,Tata Chemicals
20-11-2012,138.2,139.6,137.2,137.9,806199,Tata Chemicals
21-11-2012,136.7,138.4,136.7,137.8,334302,Tata Chemicals
22-11-2012,138,138.9,136.7,137.5,158202,Tata Chemicals
23-11-2012,137.5,138.8,137.1,138.2,147497,Tata Chemicals
26-11-2012,138.3,139.2,136.9,137.1,201086,Tata Chemicals
27-11-2012,136.7,138,136.7,136.8,524640,Tata Chemicals
29-11-2012,136.3,143.9,136.3,143.3,724780,Tata Chemicals
30-11-2012,142,144.8,142,144.3,343265,Tata Chemicals
03-12-2012,144.8,148.6,142.4,147.4,958066,Tata Chemicals
04-12-2012,147.7,161.7,147.7,155.4,3693639,Tata Chemicals
05-12-2012,155.4,157.4,151.3,152.1,803242,Tata Chemicals
06-12-2012,152.6,156.5,151.1,154.5,1144856,Tata Chemicals
07-12-2012,154.8,155.6,152.2,153.1,951441,Tata Chemicals
10-12-2012,153.4,155.6,152.2,153.2,953817,Tata Chemicals
11-12-2012,152.8,154.5,148.1,150.4,583976,Tata Chemicals
12-12-2012,151.3,153.3,148.7,149.6,510619,Tata Chemicals
13-12-2012,148.6,151.9,145.9,146.8,553127,Tata Chemicals
14-12-2012,147.3,150.4,146.8,148.7,296384,Tata Chemicals
17-12-2012,149,150.3,148.3,149.3,221059,Tata Chemicals
18-12-2012,149.9,152.1,149.3,150.4,632017,Tata Chemicals
19-12-2012,151.1,154.9,149.5,153.6,624151,Tata Chemicals
20-12-2012,153.9,155.9,152.7,153.2,523477,Tata Chemicals
21-12-2012,152.8,152.8,149.9,150.4,497019,Tata Chemicals
24-12-2012,149.9,151.4,149.2,149.9,254567,Tata Chemicals
26-12-2012,149.9,151.5,148.8,150.7,270937,Tata Chemicals
27-12-2012,151,152.3,149.3,150,942638,Tata Chemicals
28-12-2012,151.2,154.5,150.6,154.2,507736,Tata Chemicals
31-12-2012,154.6,156.5,154.2,156.1,679840,Tata Chemicals
01-01-2013,156.1,157.4,155.4,156.8,282306,Tata Chemicals
02-01-2013,157.9,158,154.7,155.2,452144,Tata Chemicals
03-01-2013,155.8,161.6,155.7,161.1,1207591,Tata Chemicals
04-01-2013,161.5,162.9,160.1,160.8,787146,Tata Chemicals
07-01-2013,161.8,166.6,160.8,165.1,1007168,Tata Chemicals
08-01-2013,165.8,166.2,162.5,165.7,1005263,Tata Chemicals
09-01-2013,166.1,168.2,164.7,165.3,458687,Tata Chemicals
10-01-2013,166.2,166.8,161.7,163.6,585671,Tata Chemicals
11-01-2013,163.6,165,160.3,161.9,673186,Tata Chemicals
14-01-2013,161.9,164,161,163.2,600141,Tata Chemicals
15-01-2013,163.8,165.7,162.9,164.7,601537,Tata Chemicals
16-01-2013,165.3,167.8,164,164.2,882061,Tata Chemicals
17-01-2013,164.3,166.1,163,163.7,551332,Tata Chemicals
18-01-2013,164.1,166.2,161.3,161.9,1135952,Tata Chemicals
21-01-2013,162.3,164.3,161,163.4,152710,Tata Chemicals
22-01-2013,164,165.2,162.3,163.5,200828,Tata Chemicals
23-01-2013,164,164.3,161.4,162.7,798520,Tata Chemicals
24-01-2013,161.9,162.7,154.8,156.7,877562,Tata Chemicals
25-01-2013,156.7,162.7,155.4,161.4,196139,Tata Chemicals
28-01-2013,161.8,163.6,160.8,161.9,235668,Tata Chemicals
29-01-2013,161.9,163.1,159.2,160.7,236137,Tata Chemicals
30-01-2013,161.7,162.4,158.3,158.8,341774,Tata Chemicals
31-01-2013,159.8,160.5,156.7,157.8,522933,Tata Chemicals
01-02-2013,157.7,160.1,157.4,159.2,139653,Tata Chemicals
04-02-2013,159.2,161.7,157.8,158.7,281772,Tata Chemicals
05-02-2013,157.4,159.1,156.6,158.6,233154,Tata Chemicals
06-02-2013,159.1,159.8,153.5,154.4,536086,Tata Chemicals
07-02-2013,155.9,160.9,153,160.2,634219,Tata Chemicals
08-02-2013,158.8,162,155.3,156.3,1654676,Tata Chemicals
11-02-2013,154.3,156.1,151.3,152.2,559047,Tata Chemicals
12-02-2013,154.3,154.3,150.8,151.5,559002,Tata Chemicals
13-02-2013,151.9,153.1,149.3,149.9,1125838,Tata Chemicals
14-02-2013,150,150.8,146.9,148.3,758673,Tata Chemicals
15-02-2013,147.4,150.8,146,149.7,315169,Tata Chemicals
18-02-2013,149.5,151,148.2,149,209157,Tata Chemicals
19-02-2013,149.5,150.5,147.9,150,156569,Tata Chemicals
20-02-2013,149.5,150.9,148.7,149.2,142604,Tata Chemicals
21-02-2013,149.1,149.6,145.7,146.4,234283,Tata Chemicals
22-02-2013,146.4,147.2,144.9,145.7,180419,Tata Chemicals
25-02-2013,145,147.2,145,146.1,120588,Tata Chemicals
26-02-2013,145.5,147.8,144.3,146.5,418248,Tata Chemicals
27-02-2013,146.9,148.4,145.9,147,298208,Tata Chemicals
28-02-2013,147.7,148.8,143.3,144.3,490894,Tata Chemicals
01-03-2013,145.2,145.9,142.7,143.2,631613,Tata Chemicals
04-03-2013,143,143.5,141.3,142.4,220910,Tata Chemicals
05-03-2013,142.4,144.2,141.2,143.1,384720,Tata Chemicals
06-03-2013,143.8,146.8,143.3,143.6,363270,Tata Chemicals
07-03-2013,143.6,145.3,143,143.4,171365,Tata Chemicals
08-03-2013,145.3,146.2,143.7,145.4,181100,Tata Chemicals
11-03-2013,145.7,146.8,143.8,144.5,145663,Tata Chemicals
12-03-2013,145.9,146,142.6,143.7,218419,Tata Chemicals
13-03-2013,142,145.3,141.8,144.4,348154,Tata Chemicals
14-03-2013,144.2,145.3,141.8,142.9,493116,Tata Chemicals
15-03-2013,143.7,143.7,140.7,141.5,575753,Tata Chemicals
18-03-2013,141.4,143.2,140,141.5,258392,Tata Chemicals
19-03-2013,141.6,143.7,140.7,141.5,417079,Tata Chemicals
20-03-2013,141.6,141.7,138.4,139.2,233713,Tata Chemicals
21-03-2013,140.4,141.4,136.7,136.9,207507,Tata Chemicals
22-03-2013,136.8,141.7,135.9,140,211703,Tata Chemicals
25-03-2013,140.3,142.8,139.9,141.6,204384,Tata Chemicals
26-03-2013,141.6,142.4,139.5,142,174954,Tata Chemicals
28-03-2013,141.8,143.3,140.7,141.8,430298,Tata Chemicals
01-04-2013,140.7,143.2,140,142.7,84359,Tata Chemicals
02-04-2013,142.9,144.4,142.5,143.6,742926,Tata Chemicals
03-04-2013,143.6,144.8,140.7,141.4,262416,Tata Chemicals
04-04-2013,140.7,140.7,134.9,137.3,519749,Tata Chemicals
05-04-2013,136.7,139.9,136.7,137.3,119953,Tata Chemicals
08-04-2013,137.6,138,136.1,137.1,84241,Tata Chemicals
09-04-2013,137.2,139.8,137.2,139.1,209631,Tata Chemicals
10-04-2013,140,140.9,137.8,140.2,167782,Tata Chemicals
11-04-2013,140.3,141.7,138.5,139.6,169393,Tata Chemicals
12-04-2013,139.4,140.6,138.1,139.5,232119,Tata Chemicals
15-04-2013,139.8,140.6,138.6,140.1,71677,Tata Chemicals
16-04-2013,138.9,141.8,138.9,141.1,139512,Tata Chemicals
17-04-2013,141.5,142.9,140.7,141.6,371035,Tata Chemicals
18-04-2013,142.9,145.4,141.6,142.3,243538,Tata Chemicals
22-04-2013,143.3,144.2,141.2,143,84993,Tata Chemicals
23-04-2013,144.4,144.4,142,142.3,94912,Tata Chemicals
25-04-2013,144.2,144.2,142,143.5,420786,Tata Chemicals
26-04-2013,144.1,144.1,141.1,141.3,108456,Tata Chemicals
29-04-2013,140.3,142.5,139.9,141.3,205081,Tata Chemicals
30-04-2013,141.1,144.8,140.7,142.8,413245,Tata Chemicals
02-05-2013,143.3,147,143.3,145.4,430743,Tata Chemicals
03-05-2013,145.9,146.1,142.9,143.3,249986,Tata Chemicals
06-05-2013,145.2,146.2,143.4,145.6,264222,Tata Chemicals
07-05-2013,146.7,147,145.8,146,75364,Tata Chemicals
08-05-2013,146,146.5,142.7,143.3,256761,Tata Chemicals
09-05-2013,142.9,144,140.6,141.7,523621,Tata Chemicals
10-05-2013,142,142.6,141.1,142.1,102308,Tata Chemicals
13-05-2013,142.9,142.9,140.7,140.8,62035,Tata Chemicals
14-05-2013,140.8,142.8,140.8,142,89688,Tata Chemicals
15-05-2013,143,143.1,141.1,142.4,381646,Tata Chemicals
16-05-2013,142.9,145.4,142.5,142.9,1186009,Tata Chemicals
17-05-2013,142.9,143.3,141.8,142.4,673988,Tata Chemicals
20-05-2013,142.4,143.3,139.7,140.2,352959,Tata Chemicals
21-05-2013,140.2,140.2,138,138.4,764929,Tata Chemicals
22-05-2013,137.6,139.8,136.8,137.1,118439,Tata Chemicals
23-05-2013,136.7,137.2,133.6,135.4,298122,Tata Chemicals
24-05-2013,134.5,136.5,132.3,134,734295,Tata Chemicals
27-05-2013,134.8,135.6,133.6,135.3,214020,Tata Chemicals
28-05-2013,132.9,135.6,131.5,134.5,713766,Tata Chemicals
29-05-2013,136.2,136.2,132.3,133.1,324840,Tata Chemicals
30-05-2013,133.1,134.3,132.1,133.1,1592870,Tata Chemicals
31-05-2013,134,134.1,132.1,133,214109,Tata Chemicals
03-06-2013,132.3,133.9,132.1,132.7,680799,Tata Chemicals
04-06-2013,132.7,134.6,132.7,133.3,128909,Tata Chemicals
05-06-2013,133.3,134.6,132.3,134.3,149302,Tata Chemicals
06-06-2013,133.6,135.8,133.2,134.7,327054,Tata Chemicals
07-06-2013,134.6,137.4,134.6,135.4,489608,Tata Chemicals
10-06-2013,131.8,136.9,131.8,134.6,377165,Tata Chemicals
11-06-2013,134.5,134.5,132.2,132.5,648491,Tata Chemicals
12-06-2013,132.4,134.1,132.1,133.2,565998,Tata Chemicals
13-06-2013,132.8,133,130.1,130.6,394776,Tata Chemicals
14-06-2013,130.3,134,130.1,133.2,201773,Tata Chemicals
17-06-2013,133.7,134.5,132.1,132.7,416657,Tata Chemicals
18-06-2013,132.1,133.9,131.9,132.3,186486,Tata Chemicals
19-06-2013,132.3,133.1,131.9,132,231553,Tata Chemicals
20-06-2013,133.5,133.5,129.2,130.6,674359,Tata Chemicals
21-06-2013,130.6,130.7,125.2,126.9,317551,Tata Chemicals
24-06-2013,126.4,126.4,120.2,121,331036,Tata Chemicals
25-06-2013,123,123,114.7,119.1,580954,Tata Chemicals
26-06-2013,123.4,123.4,119.6,120.3,408196,Tata Chemicals
27-06-2013,120.9,122,118.6,119.1,306785,Tata Chemicals
28-06-2013,121,126.1,118.6,124.1,187363,Tata Chemicals
01-07-2013,124.4,128.1,123.5,126.6,114696,Tata Chemicals
02-07-2013,127.9,127.9,124.1,124.6,88607,Tata Chemicals
03-07-2013,124.6,125.2,121.5,122.2,89447,Tata Chemicals
04-07-2013,122.1,124.3,119.2,119.9,152958,Tata Chemicals
05-07-2013,120.6,124.4,120,121.8,365345,Tata Chemicals
08-07-2013,121.3,122.6,116.9,121.6,257303,Tata Chemicals
09-07-2013,123.3,125.6,122.4,125.2,175967,Tata Chemicals
10-07-2013,127,127,125.1,126.2,246903,Tata Chemicals
11-07-2013,127,129.1,124.9,125.5,207543,Tata Chemicals
12-07-2013,125.8,127,124.4,126.2,167194,Tata Chemicals
15-07-2013,125.2,127.4,124.8,126.7,108787,Tata Chemicals
16-07-2013,125.7,126.9,124.8,125.2,151165,Tata Chemicals
17-07-2013,124.9,126.9,124.4,125,149850,Tata Chemicals
18-07-2013,125.7,126.5,124.4,125.2,144758,Tata Chemicals
19-07-2013,126.9,126.9,124.8,125.5,133916,Tata Chemicals
22-07-2013,126.1,126.4,124.6,125,99631,Tata Chemicals
23-07-2013,125.2,126.5,125.2,126.1,85134,Tata Chemicals
24-07-2013,124.3,125.9,124.3,124.4,102106,Tata Chemicals
25-07-2013,124.3,125.4,120.1,120.9,587746,Tata Chemicals
26-07-2013,119.6,122,119.1,119.8,182917,Tata Chemicals
29-07-2013,121.2,121.2,117.8,118.6,683749,Tata Chemicals
30-07-2013,118.9,120.6,116.2,117.5,423980,Tata Chemicals
31-07-2013,114.2,116.3,113,113.9,910267,Tata Chemicals
01-08-2013,113.1,115,111.6,113.1,365844,Tata Chemicals
02-08-2013,113.3,119.9,111.7,116.1,620360,Tata Chemicals
05-08-2013,116.8,119,111,114.5,360238,Tata Chemicals
06-08-2013,110.9,113.6,110.7,111.1,388018,Tata Chemicals
07-08-2013,110.7,111.7,109,109.7,456254,Tata Chemicals
08-08-2013,109.1,113.6,109.1,112.4,392408,Tata Chemicals
12-08-2013,110,110.3,108.1,108.9,189762,Tata Chemicals
13-08-2013,108.1,109.3,107.8,108.8,188808,Tata Chemicals
14-08-2013,110.1,114.2,109.1,113.3,230901,Tata Chemicals
16-08-2013,112,113.6,109.3,109.8,337457,Tata Chemicals
19-08-2013,110.2,110.2,104.9,107.7,197423,Tata Chemicals
20-08-2013,106.7,109.8,106.3,109.2,123321,Tata Chemicals
21-08-2013,108.5,111.6,107.1,107.6,223237,Tata Chemicals
22-08-2013,108.2,110.1,106,109.2,93544,Tata Chemicals
23-08-2013,109.5,111.1,107.3,108.2,172208,Tata Chemicals
26-08-2013,108.5,111.4,107.7,110.3,119431,Tata Chemicals
27-08-2013,110.1,111.1,108.8,108.9,153089,Tata Chemicals
28-08-2013,108.9,109.5,107,109,110761,Tata Chemicals
29-08-2013,108.7,111.1,107.7,109.6,355661,Tata Chemicals
30-08-2013,110.3,111.8,108.6,109.2,194862,Tata Chemicals
02-09-2013,108.9,110.1,108.4,108.8,163673,Tata Chemicals
03-09-2013,109.3,110,104.5,105.5,515401,Tata Chemicals
04-09-2013,104.5,105.2,102.8,104.3,673717,Tata Chemicals
05-09-2013,104.8,107.7,104.8,107,133896,Tata Chemicals
06-09-2013,107,108.4,105.4,106.4,707301,Tata Chemicals
10-09-2013,106.7,108.4,106.7,107.5,163321,Tata Chemicals
11-09-2013,107.6,110.6,107.1,108,508661,Tata Chemicals
12-09-2013,108.5,109.7,105.4,105.9,228223,Tata Chemicals
13-09-2013,105.8,109.3,104.7,109.2,262842,Tata Chemicals
16-09-2013,110.7,110.7,107.2,107.7,380081,Tata Chemicals
17-09-2013,107.1,107.8,106.5,107.1,135556,Tata Chemicals
18-09-2013,107.6,108.3,106.2,107.2,170508,Tata Chemicals
19-09-2013,108.9,111.8,107.7,110.9,454873,Tata Chemicals
20-09-2013,110.9,112.4,108.2,109.7,471360,Tata Chemicals
23-09-2013,109.1,110.1,106.5,106.9,385527,Tata Chemicals
24-09-2013,106.9,107.9,106.1,107.3,71728,Tata Chemicals
25-09-2013,107.4,108.1,105.6,107.2,148316,Tata Chemicals
26-09-2013,108,108,106.3,106.6,152892,Tata Chemicals
27-09-2013,106.9,107.8,105.5,105.9,78497,Tata Chemicals
30-09-2013,105,105.8,104.5,104.9,208833,Tata Chemicals
01-10-2013,105.2,106.2,104.1,105.9,185493,Tata Chemicals
03-10-2013,105.8,107,105.6,106.7,314526,Tata Chemicals
04-10-2013,106.7,107.4,105.8,106.5,417708,Tata Chemicals
07-10-2013,106.2,107.1,105.8,106.7,460811,Tata Chemicals
08-10-2013,106.5,107.9,106.5,106.9,146086,Tata Chemicals
09-10-2013,106.7,107.6,106.3,107,127966,Tata Chemicals
10-10-2013,107.5,111.5,106,110.9,870252,Tata Chemicals
11-10-2013,112,112.2,109.1,109.6,525708,Tata Chemicals
14-10-2013,109.8,110.8,108.4,108.8,201055,Tata Chemicals
15-10-2013,108.5,110.8,107.3,107.8,253706,Tata Chemicals
17-10-2013,106.9,111.1,106.9,109.8,474462,Tata Chemicals
18-10-2013,109.8,110.7,108.9,109.1,223227,Tata Chemicals
21-10-2013,109.7,112.8,108.9,112,371766,Tata Chemicals
22-10-2013,112.4,115.7,112.4,114.1,719174,Tata Chemicals
23-10-2013,114.7,116.2,113.8,115.8,441229,Tata Chemicals
24-10-2013,116,117.3,115.1,116,456137,Tata Chemicals
25-10-2013,116,116,114.6,115.1,115587,Tata Chemicals
28-10-2013,116,117.3,115.1,116,398464,Tata Chemicals
29-10-2013,116.7,118.3,114.9,116.6,226107,Tata Chemicals
30-10-2013,117.3,117.5,114.9,115.6,127520,Tata Chemicals
31-10-2013,114.9,119,114.3,118.1,397843,Tata Chemicals
01-11-2013,116.8,121.3,116.8,118.7,399230,Tata Chemicals
05-11-2013,120.4,122.6,118.2,120.1,319399,Tata Chemicals
06-11-2013,120,121.2,118.2,119,200759,Tata Chemicals
07-11-2013,119.7,121,118.7,119.4,580772,Tata Chemicals
08-11-2013,120.8,120.8,118.2,119,117947,Tata Chemicals
11-11-2013,120.8,120.8,115.3,117.3,900823,Tata Chemicals
12-11-2013,115.5,120.5,114.5,119.2,1049496,Tata Chemicals
13-11-2013,118.2,120.8,117.6,120.1,315224,Tata Chemicals
14-11-2013,120,122.9,120,121.9,539184,Tata Chemicals
18-11-2013,122.6,124.2,121.7,123.8,527480,Tata Chemicals
19-11-2013,123.5,124.8,122.4,123.8,465766,Tata Chemicals
20-11-2013,124.6,124.6,122.6,123.2,579157,Tata Chemicals
21-11-2013,123,125.1,122.2,123.3,580333,Tata Chemicals
22-11-2013,123.5,124.3,123,123.5,480584,Tata Chemicals
25-11-2013,123.9,125.9,123.5,124,527891,Tata Chemicals
26-11-2013,124,125.1,122.4,123.1,126928,Tata Chemicals
27-11-2013,123,123.4,119.3,119.8,194959,Tata Chemicals
28-11-2013,120.5,124.3,119.7,120.4,529209,Tata Chemicals
29-11-2013,119.1,123.2,119.1,122.5,204880,Tata Chemicals
02-12-2013,123.2,123.4,121.2,122.1,117645,Tata Chemicals
03-12-2013,123.2,123.2,120.7,121.5,82742,Tata Chemicals
04-12-2013,120.8,123.7,119.6,120.7,250222,Tata Chemicals
05-12-2013,120.9,122.5,119.9,120.3,146599,Tata Chemicals
06-12-2013,121,121.3,119.1,119.8,163705,Tata Chemicals
09-12-2013,123.4,123.4,120.4,121.1,227171,Tata Chemicals
10-12-2013,122.7,122.9,119.4,119.8,228138,Tata Chemicals
11-12-2013,120.5,121.7,119.5,121.4,252427,Tata Chemicals
12-12-2013,121.3,121.3,117.8,118.5,164101,Tata Chemicals
13-12-2013,118.2,119.4,116.2,117.9,202202,Tata Chemicals
16-12-2013,119,119,113.3,116.5,250317,Tata Chemicals
17-12-2013,117.3,119.2,115.4,116,146553,Tata Chemicals
18-12-2013,116,117.3,114.9,116.2,131639,Tata Chemicals
19-12-2013,116.6,117.2,116,116.2,189407,Tata Chemicals
20-12-2013,116,118.2,115.6,117.7,210353,Tata Chemicals
23-12-2013,117.3,120.5,116.8,118.6,316952,Tata Chemicals
24-12-2013,119,122,118.2,120.3,342211,Tata Chemicals
26-12-2013,120.4,122,118.8,119.5,184207,Tata Chemicals
27-12-2013,119.5,121.8,118.4,120.7,215741,Tata Chemicals
30-12-2013,120.7,121.7,119.6,120.2,123537,Tata Chemicals
31-12-2013,120.8,123.1,120.5,121.2,302335,Tata Chemicals
01-01-2014,122,123,121.2,121.9,181911,Tata Chemicals
02-01-2014,121.3,123.2,117.5,118.5,201466,Tata Chemicals
03-01-2014,117.1,119,116,117.2,184088,Tata Chemicals
06-01-2014,117.7,117.7,116.1,116.8,94459,Tata Chemicals
07-01-2014,117.1,118.1,115.6,116.3,68603,Tata Chemicals
08-01-2014,117,119.9,116.1,119,242306,Tata Chemicals
09-01-2014,117.8,119.5,117.5,118.4,146841,Tata Chemicals
10-01-2014,118.8,119.9,116,116.8,146355,Tata Chemicals
13-01-2014,116.8,118.1,115.1,116,96160,Tata Chemicals
14-01-2014,116,116.4,115.3,115.7,103947,Tata Chemicals
15-01-2014,116.2,116.4,114.9,116,127422,Tata Chemicals
16-01-2014,116.7,117.6,114.7,115.3,83727,Tata Chemicals
17-01-2014,115.3,116.2,114.3,114.7,78804,Tata Chemicals
20-01-2014,115.2,115.3,113.5,114.6,110958,Tata Chemicals
21-01-2014,114.6,117.2,114.6,116.8,125002,Tata Chemicals
22-01-2014,117,119.3,116.7,118.4,345372,Tata Chemicals
23-01-2014,118.9,119.1,116,116.3,218876,Tata Chemicals
24-01-2014,116.8,116.8,115.1,115.7,102900,Tata Chemicals
27-01-2014,114.6,115,109.5,110.2,425761,Tata Chemicals
28-01-2014,110.2,111.8,107.7,109.7,403956,Tata Chemicals
29-01-2014,112.4,112.7,109.8,112.4,341757,Tata Chemicals
30-01-2014,111.1,114.4,111.1,112.7,213504,Tata Chemicals
31-01-2014,112.4,116.4,112.2,115.8,147621,Tata Chemicals
03-02-2014,115.8,116.8,112.9,116.4,265792,Tata Chemicals
04-02-2014,111.6,114.6,111.3,114.1,488517,Tata Chemicals
05-02-2014,113.8,115,110.7,112.3,308776,Tata Chemicals
06-02-2014,113.5,113.5,111.2,112.7,229483,Tata Chemicals
07-02-2014,114.2,118.3,111,117.9,330341,Tata Chemicals
10-02-2014,119,120.3,115.2,119.2,251182,Tata Chemicals
11-02-2014,119.9,121,118.4,120.4,330245,Tata Chemicals
12-02-2014,120.8,121,119.1,120,112511,Tata Chemicals
13-02-2014,119,119.8,117.8,118.8,85977,Tata Chemicals
14-02-2014,119,119.3,116.6,117.8,83385,Tata Chemicals
17-02-2014,117.9,120.3,116.8,119.3,149542,Tata Chemicals
18-02-2014,119,120.4,118.3,118.7,126486,Tata Chemicals
20-02-2014,117.9,118.1,115.1,117.3,208252,Tata Chemicals
21-02-2014,117.3,119,117.3,118.2,93083,Tata Chemicals
24-02-2014,118.6,119.6,117.3,119.1,69527,Tata Chemicals
25-02-2014,119.3,120.8,118.6,119.2,181695,Tata Chemicals
26-02-2014,119.5,119.8,116.8,118.6,139477,Tata Chemicals
28-02-2014,118.6,119.5,116.8,118.1,166394,Tata Chemicals
03-03-2014,117.9,118.6,116.6,117.5,160561,Tata Chemicals
04-03-2014,117.7,129.5,117.7,126.8,3562556,Tata Chemicals
05-03-2014,127.8,129.1,126,128,1252752,Tata Chemicals
06-03-2014,128,133.1,127.1,128.5,1378107,Tata Chemicals
07-03-2014,128.8,129.7,124.8,126,534388,Tata Chemicals
10-03-2014,125.6,129.4,125.2,126.1,340544,Tata Chemicals
11-03-2014,127,131.4,125.7,126,543156,Tata Chemicals
12-03-2014,125.7,128.3,124.7,125.5,318198,Tata Chemicals
13-03-2014,125.6,127.2,122.1,122.9,220355,Tata Chemicals
14-03-2014,123.3,125,121.3,122.4,382256,Tata Chemicals
18-03-2014,122.6,124.4,122.6,123.7,207418,Tata Chemicals
19-03-2014,124.1,126.7,123,125.4,375837,Tata Chemicals
20-03-2014,125.2,126.1,121.6,122.2,203806,Tata Chemicals
21-03-2014,121.6,123.2,120.5,121,406700,Tata Chemicals
24-03-2014,121.7,122.8,121.3,121.9,201942,Tata Chemicals
25-03-2014,121.5,125.3,121.5,123.7,374680,Tata Chemicals
26-03-2014,123.9,125.2,122.6,123.7,346847,Tata Chemicals
27-03-2014,122.6,124.8,121.7,122.4,526937,Tata Chemicals
28-03-2014,122.4,126.5,122.4,126.2,536998,Tata Chemicals
31-03-2014,127,128.8,125.3,126.6,391016,Tata Chemicals
01-04-2014,127.1,129.6,124.8,129.1,477727,Tata Chemicals
02-04-2014,129.8,130.5,126.8,127.3,549034,Tata Chemicals
03-04-2014,128.2,128.7,123.5,125.7,302500,Tata Chemicals
04-04-2014,124.8,126.4,124.3,124.8,284280,Tata Chemicals
07-04-2014,125.2,126.7,123.3,124.8,275646,Tata Chemicals
09-04-2014,125.4,126.3,124,125,408973,Tata Chemicals
10-04-2014,125.2,128.2,125.2,125.8,686545,Tata Chemicals
11-04-2014,125.4,129.4,125,127,742913,Tata Chemicals
15-04-2014,127.7,127.9,122.6,124.1,358337,Tata Chemicals
16-04-2014,124.1,126.3,123.3,123.7,255901,Tata Chemicals
17-04-2014,123.7,125.1,123.2,124.2,309807,Tata Chemicals
21-04-2014,125.5,126.3,124.6,125.8,237833,Tata Chemicals
22-04-2014,126.5,128.7,126.1,127.1,698571,Tata Chemicals
23-04-2014,128,128.7,124.5,125.1,524238,Tata Chemicals
25-04-2014,125.6,127.1,123.8,124.6,336573,Tata Chemicals
28-04-2014,124.8,132.1,123.9,130.4,1560982,Tata Chemicals
29-04-2014,132.3,133.5,128.7,129.7,1544104,Tata Chemicals
30-04-2014,130.1,131.6,124.7,125.4,505674,Tata Chemicals
02-05-2014,126.9,126.9,124.4,125,294292,Tata Chemicals
05-05-2014,125.2,127,124.6,125.3,274178,Tata Chemicals
06-05-2014,125.9,126.9,124.9,125.2,611279,Tata Chemicals
07-05-2014,125.7,126.9,125.2,126,384881,Tata Chemicals
08-05-2014,125.3,127.6,125.3,126.6,459571,Tata Chemicals
09-05-2014,127.7,129.2,126.5,128.5,816576,Tata Chemicals
12-05-2014,129.3,129.4,127.8,128.2,473014,Tata Chemicals
13-05-2014,128.5,131.3,128.2,129.8,555322,Tata Chemicals
14-05-2014,128.6,136,128.6,135.3,1577981,Tata Chemicals
15-05-2014,135.8,136.5,127.2,128.9,910292,Tata Chemicals
16-05-2014,130.7,132.7,127.6,128.4,1109432,Tata Chemicals
19-05-2014,129.7,134.6,129.6,133.4,1196433,Tata Chemicals
20-05-2014,134.6,142.8,134.6,138.3,2140257,Tata Chemicals
21-05-2014,139.8,142.6,136.8,138.9,1332601,Tata Chemicals
22-05-2014,140.6,141.5,138.5,139,640381,Tata Chemicals
23-05-2014,139.9,143.3,139.7,141.5,1285844,Tata Chemicals
26-05-2014,142.8,145.3,134.6,138.6,1527701,Tata Chemicals
27-05-2014,140.9,140.9,136.7,139.3,669625,Tata Chemicals
28-05-2014,140.7,143.9,138.4,141.8,823584,Tata Chemicals
29-05-2014,143,143,138,138.7,1117965,Tata Chemicals
30-05-2014,138.9,141.8,132.3,133.8,1447869,Tata Chemicals
02-06-2014,134.5,135.4,131.5,132.7,803268,Tata Chemicals
03-06-2014,132.9,136.9,132.7,136.4,1046161,Tata Chemicals
04-06-2014,135.8,140.9,135.8,140.1,1563688,Tata Chemicals
05-06-2014,140.7,144.2,139.1,141.8,863010,Tata Chemicals
06-06-2014,141.6,151,141.6,148.1,1835144,Tata Chemicals
09-06-2014,148.6,153.4,146.4,150.7,1580211,Tata Chemicals
10-06-2014,151.1,151.4,146.8,148.7,666050,Tata Chemicals
11-06-2014,149.5,149.9,143.6,145.2,429047,Tata Chemicals
12-06-2014,144.2,148.6,144,145.4,395178,Tata Chemicals
13-06-2014,146.7,147.3,139.3,140.7,389614,Tata Chemicals
16-06-2014,140.7,143.1,134.9,142,480085,Tata Chemicals
17-06-2014,142,149.5,140.9,148.6,862927,Tata Chemicals
18-06-2014,148.6,150.3,144.7,147.3,804489,Tata Chemicals
19-06-2014,146.5,150.8,143.7,145.4,633147,Tata Chemicals
20-06-2014,144,146.9,142.9,144.1,237867,Tata Chemicals
23-06-2014,145,146.8,143.5,144.9,375450,Tata Chemicals
24-06-2014,145,149.7,144.8,148.9,716027,Tata Chemicals
25-06-2014,148.4,149.9,146.9,147.6,652304,Tata Chemicals
26-06-2014,147.7,148.5,144.5,145,1108233,Tata Chemicals
27-06-2014,145.5,146.7,143.3,144.2,449605,Tata Chemicals
30-06-2014,144,152.6,144,151.6,1067512,Tata Chemicals
01-07-2014,153,153.8,150,150.5,676892,Tata Chemicals
02-07-2014,151.2,156.6,149.9,155.4,1216243,Tata Chemicals
03-07-2014,156.1,156.8,150.2,150.9,839232,Tata Chemicals
04-07-2014,151.9,156.4,149.6,155,1017025,Tata Chemicals
07-07-2014,155.2,155.8,152.8,153.7,481073,Tata Chemicals
08-07-2014,153.2,154.6,143.3,144.9,627986,Tata Chemicals
09-07-2014,144.6,147.9,143.3,144.8,497372,Tata Chemicals
10-07-2014,145.3,148.7,141.6,146.5,936812,Tata Chemicals
11-07-2014,146.6,147,141.1,142.2,531055,Tata Chemicals
14-07-2014,140.8,146.3,140.2,144.9,410408,Tata Chemicals
15-07-2014,145.2,147,144,146,370122,Tata Chemicals
16-07-2014,145.9,150.2,145.6,149,721054,Tata Chemicals
17-07-2014,149,158.5,147.4,149.4,593864,Tata Chemicals
18-07-2014,149.4,151.2,147.1,149.4,641364,Tata Chemicals
21-07-2014,149.1,152.7,149,149.8,569572,Tata Chemicals
22-07-2014,150.8,151.6,148.6,151,339856,Tata Chemicals
23-07-2014,152.1,153,150.4,152,589780,Tata Chemicals
24-07-2014,152.4,153.9,151.4,152.6,767722,Tata Chemicals
25-07-2014,153,153.6,148.6,150.2,415324,Tata Chemicals
28-07-2014,150.6,151.2,147.2,148.2,307725,Tata Chemicals
30-07-2014,148.2,151.1,145.7,150.7,457729,Tata Chemicals
31-07-2014,149.9,154.1,149.3,153.1,908693,Tata Chemicals
01-08-2014,151.6,154.1,150.9,153.1,515176,Tata Chemicals
04-08-2014,152.7,162.2,152.7,160.4,1384440,Tata Chemicals
05-08-2014,160.9,166.1,155.2,165.1,2985280,Tata Chemicals
06-08-2014,166.2,171.7,165.6,166.1,3018904,Tata Chemicals
07-08-2014,166.4,169.8,166.2,167.5,1090898,Tata Chemicals
08-08-2014,162.1,162.2,158.1,160.3,1380269,Tata Chemicals
11-08-2014,161.1,163.5,158.9,161.3,650530,Tata Chemicals
12-08-2014,161.4,162.6,158.9,160.4,887737,Tata Chemicals
13-08-2014,158.8,162.3,155.7,158.5,1003907,Tata Chemicals
14-08-2014,158.8,160.9,158.3,159.2,840360,Tata Chemicals
18-08-2014,158.7,165.5,158.1,165,846830,Tata Chemicals
19-08-2014,166,167.3,163.9,164.1,1031429,Tata Chemicals
20-08-2014,165.4,166,163.6,165.4,500042,Tata Chemicals
21-08-2014,165.3,168.3,164.5,165,866474,Tata Chemicals
22-08-2014,165.2,166.6,161.9,163.5,697939,Tata Chemicals
25-08-2014,165.3,166.9,163.9,164.4,533139,Tata Chemicals
26-08-2014,164.5,165.6,162.8,163.5,327636,Tata Chemicals
27-08-2014,164.2,165.6,162.9,165.2,406422,Tata Chemicals
28-08-2014,165.8,167.9,164.6,166.2,1089115,Tata Chemicals
01-09-2014,166.4,175.9,166.2,175.4,1251952,Tata Chemicals
02-09-2014,176.4,177.6,173.8,176.4,1246196,Tata Chemicals
03-09-2014,175.9,181.8,173.7,179.6,774197,Tata Chemicals
04-09-2014,180.9,184.5,177.2,182.9,1265111,Tata Chemicals
05-09-2014,183.6,184.2,178.6,182.6,694636,Tata Chemicals
08-09-2014,183.8,186.3,181.6,184.2,623581,Tata Chemicals
09-09-2014,185.1,185.1,180.1,181.4,910677,Tata Chemicals
10-09-2014,180.8,183,179,180.8,851511,Tata Chemicals
11-09-2014,180.8,182.5,179.1,179.6,779267,Tata Chemicals
12-09-2014,179.5,183.4,179.1,180.7,744715,Tata Chemicals
15-09-2014,182,182,177.1,177.7,559222,Tata Chemicals
16-09-2014,177.2,179.7,169.7,171.3,747383,Tata Chemicals
17-09-2014,171.5,173.7,166.7,173.1,496209,Tata Chemicals
18-09-2014,171.5,178.3,170.6,175.9,477158,Tata Chemicals
19-09-2014,178.5,180.3,173.9,174.9,946812,Tata Chemicals
22-09-2014,174.2,177.6,172.7,176.2,411419,Tata Chemicals
23-09-2014,177.2,177.2,169.4,170.8,614037,Tata Chemicals
24-09-2014,169,171,166.8,168.4,397819,Tata Chemicals
25-09-2014,168,169.2,163.6,164.7,830919,Tata Chemicals
26-09-2014,164.1,169.7,164.1,168.6,490058,Tata Chemicals
29-09-2014,168.8,175.2,167.7,173.4,559728,Tata Chemicals
30-09-2014,174.2,177.3,171.2,176.1,376124,Tata Chemicals
01-10-2014,175.6,178.2,173.7,174.4,238231,Tata Chemicals
07-10-2014,174.6,175,169.3,169.8,226546,Tata Chemicals
08-10-2014,171.5,173.4,169.9,171.5,488480,Tata Chemicals
09-10-2014,172.4,174.9,172.1,172.9,339340,Tata Chemicals
10-10-2014,173.9,173.9,170,171.5,250904,Tata Chemicals
13-10-2014,169.8,171.1,169,170.2,203092,Tata Chemicals
14-10-2014,171.3,173.7,168.6,172.7,381233,Tata Chemicals
16-10-2014,172.2,177.9,169.3,170.9,738250,Tata Chemicals
17-10-2014,171.7,173.2,169,172.6,264368,Tata Chemicals
20-10-2014,174.2,175.2,170.7,171.4,235305,Tata Chemicals
21-10-2014,172.5,174.4,171.4,173.4,427419,Tata Chemicals
22-10-2014,173.9,180.2,173.4,179,776592,Tata Chemicals
23-10-2014,180.1,181.7,179.9,181,133502,Tata Chemicals
27-10-2014,181.3,182.8,177.5,178.1,588124,Tata Chemicals
28-10-2014,177,179.8,175.9,176.9,448622,Tata Chemicals
29-10-2014,177.6,178.8,175.1,175.6,363060,Tata Chemicals
30-10-2014,175.1,177.9,174.9,177,2382607,Tata Chemicals
31-10-2014,178.5,182,177.7,179.4,855704,Tata Chemicals
03-11-2014,179.5,185.1,179.5,183.2,1126340,Tata Chemicals
05-11-2014,184.6,185.6,181.6,182.7,733697,Tata Chemicals
07-11-2014,183.3,185.4,180.8,184.7,753295,Tata Chemicals
10-11-2014,185.1,189.9,184.4,186.8,2316881,Tata Chemicals
11-11-2014,188.7,189,182.7,184.8,1212710,Tata Chemicals
12-11-2014,185.6,187.2,184,184.9,812174,Tata Chemicals
13-11-2014,185.1,188.7,183.4,186.3,922011,Tata Chemicals
14-11-2014,186.5,188.9,185.1,187.3,728448,Tata Chemicals
17-11-2014,187.4,187.8,185.6,186.9,306188,Tata Chemicals
18-11-2014,187.8,191.4,186.8,189.9,972365,Tata Chemicals
19-11-2014,190.3,192,184.4,185.6,657904,Tata Chemicals
20-11-2014,186,189,184.9,188.3,448083,Tata Chemicals
21-11-2014,188.4,190.5,186.7,187.8,424624,Tata Chemicals
24-11-2014,188.2,190.8,187.3,190,336671,Tata Chemicals
25-11-2014,191.4,191.4,182.5,185.7,402463,Tata Chemicals
26-11-2014,184.3,187.2,184.3,186.1,203803,Tata Chemicals
27-11-2014,186.1,191.7,186.1,190,812354,Tata Chemicals
28-11-2014,190.3,195.1,190.3,192.8,736247,Tata Chemicals
01-12-2014,193.3,195.2,190.8,192,459489,Tata Chemicals
02-12-2014,191.4,194,190.1,192.9,253708,Tata Chemicals
03-12-2014,192.9,197.5,192.9,196.6,488822,Tata Chemicals
04-12-2014,197.3,202.6,195.7,200.5,775473,Tata Chemicals
05-12-2014,201.5,203.1,197.6,198.8,368477,Tata Chemicals
08-12-2014,199,199.6,191.8,192.8,304161,Tata Chemicals
09-12-2014,191.4,196,189.1,190.2,382986,Tata Chemicals
10-12-2014,189.1,192.7,189.1,191.8,296420,Tata Chemicals
11-12-2014,192.2,192.2,186.7,187.5,264041,Tata Chemicals
12-12-2014,189.1,190.9,181.5,182.2,485575,Tata Chemicals
15-12-2014,180.8,184.6,179.8,182.9,282230,Tata Chemicals
16-12-2014,181.7,184.5,180.4,181.9,492062,Tata Chemicals
17-12-2014,180.8,183.1,174.6,179.9,289903,Tata Chemicals
18-12-2014,182.7,188,182.7,186.9,576440,Tata Chemicals
19-12-2014,187.8,190.4,185.3,186.4,241303,Tata Chemicals
22-12-2014,187.1,190.9,187.1,190.1,528340,Tata Chemicals
23-12-2014,190.1,192.2,186.1,188.1,377858,Tata Chemicals
24-12-2014,187.7,189.7,186.3,187.7,507827,Tata Chemicals
26-12-2014,187.8,189,184.8,185.9,250499,Tata Chemicals
29-12-2014,185.7,188.8,185.6,188.3,331039,Tata Chemicals
30-12-2014,188.7,190.4,186.9,189.8,488383,Tata Chemicals
31-12-2014,189,193.1,189,192,596140,Tata Chemicals
01-01-2015,191.7,192.3,190.1,191.6,154115,Tata Chemicals
02-01-2015,192.7,194.9,192.1,193.2,417037,Tata Chemicals
05-01-2015,193.1,195.1,191.8,192.1,166681,Tata Chemicals
06-01-2015,190.9,191.4,185.2,186.3,292656,Tata Chemicals
07-01-2015,186.5,192.7,183.1,190.7,486768,Tata Chemicals
08-01-2015,192.7,195,191.5,194.2,489479,Tata Chemicals
09-01-2015,196.2,198,193.8,194.9,579266,Tata Chemicals
12-01-2015,195.2,196,192.7,193.9,198923,Tata Chemicals
13-01-2015,194.9,200.2,193.4,197.5,553633,Tata Chemicals
14-01-2015,197.7,201.4,194.8,195.3,681427,Tata Chemicals
15-01-2015,198.4,200.2,195,196.6,416385,Tata Chemicals
16-01-2015,195.9,197.4,195.3,195.8,238104,Tata Chemicals
19-01-2015,196.6,198.8,195.4,196.1,344468,Tata Chemicals
20-01-2015,195.1,199,195.1,196.1,460994,Tata Chemicals
21-01-2015,195.8,197.4,193.2,193.5,383253,Tata Chemicals
22-01-2015,192.7,196.6,192.7,194.7,414369,Tata Chemicals
23-01-2015,195.8,196.3,193.3,194.3,469239,Tata Chemicals
27-01-2015,194.5,196.8,193.3,194.1,456673,Tata Chemicals
28-01-2015,194.4,196.9,192.7,194.4,626217,Tata Chemicals
29-01-2015,194.6,200.1,193.5,198.5,1366773,Tata Chemicals
30-01-2015,199.9,205.9,199.4,201.3,1289784,Tata Chemicals
02-02-2015,198.5,206.5,198.4,204.3,694753,Tata Chemicals
03-02-2015,205.4,207.9,201.3,202.9,704835,Tata Chemicals
04-02-2015,203.9,208.9,200,206.8,851150,Tata Chemicals
05-02-2015,205.9,209.9,202,203.9,728989,Tata Chemicals
06-02-2015,204.1,205.6,195.2,197.9,1729372,Tata Chemicals
09-02-2015,196.6,201.8,195.8,199.5,613676,Tata Chemicals
10-02-2015,199.1,202.7,198.4,202,560721,Tata Chemicals
11-02-2015,202.8,208.1,201.3,207.3,305504,Tata Chemicals
12-02-2015,208.5,209.4,205.8,208,631334,Tata Chemicals
13-02-2015,208.5,208.8,204.5,205.7,303138,Tata Chemicals
16-02-2015,205.9,206.8,201.4,202.2,195677,Tata Chemicals
18-02-2015,202.8,205.7,199.8,204.3,322929,Tata Chemicals
19-02-2015,204.6,206.1,201.1,203.6,284268,Tata Chemicals
20-02-2015,203.7,207,201.9,205.7,445643,Tata Chemicals
23-02-2015,206.6,208.1,201.1,202.7,434664,Tata Chemicals
24-02-2015,202.6,205.5,202,204.4,315071,Tata Chemicals
25-02-2015,204.3,205,197.2,199,326556,Tata Chemicals
26-02-2015,198.8,200.6,193.9,195,1161906,Tata Chemicals
27-02-2015,195.7,202.9,194.7,202.5,482844,Tata Chemicals
02-03-2015,201.1,206,199.3,205.2,507491,Tata Chemicals
03-03-2015,205.5,212.3,203.3,211.2,1103327,Tata Chemicals
04-03-2015,212.5,212.5,204.3,205,429281,Tata Chemicals
05-03-2015,204.6,207.9,201.9,205.7,384906,Tata Chemicals
09-03-2015,204.6,204.6,199.5,200.2,151412,Tata Chemicals
10-03-2015,200.6,202.3,197.6,198.3,207153,Tata Chemicals
11-03-2015,199.3,199.7,197,198.3,283857,Tata Chemicals
12-03-2015,198.4,200.4,197.4,198.2,202250,Tata Chemicals
13-03-2015,198.9,200.2,192.3,193,276890,Tata Chemicals
16-03-2015,192.8,193.4,187.8,189.1,420863,Tata Chemicals
17-03-2015,189.6,191.8,188.3,189.9,354798,Tata Chemicals
18-03-2015,190.5,193.6,189.6,192.4,333245,Tata Chemicals
19-03-2015,194,194.6,190,191,238753,Tata Chemicals
20-03-2015,190.5,191.1,185.6,187.4,419328,Tata Chemicals
23-03-2015,187.8,187.8,183.2,184.9,231006,Tata Chemicals
24-03-2015,184.9,187.7,183.9,184.3,176313,Tata Chemicals
25-03-2015,185,186.4,183,184.6,263728,Tata Chemicals
26-03-2015,183.9,187.2,182.5,185.8,540485,Tata Chemicals
27-03-2015,186.5,189.1,181.5,188.2,379977,Tata Chemicals
30-03-2015,189.1,196.2,187.6,194.4,594453,Tata Chemicals
31-03-2015,195.7,196.8,191.8,195.6,479413,Tata Chemicals
01-04-2015,196.2,196.2,193.6,194.5,205748,Tata Chemicals
06-04-2015,194.9,195.3,190.5,192.9,242177,Tata Chemicals
07-04-2015,193.1,202.4,191.9,201.4,481845,Tata Chemicals
08-04-2015,202.7,202.8,197.4,198,354564,Tata Chemicals
09-04-2015,199,201.9,195.9,197.7,294889,Tata Chemicals
10-04-2015,197.9,201.1,197.3,198.6,221902,Tata Chemicals
13-04-2015,198.8,202.3,198.4,199.4,409208,Tata Chemicals
15-04-2015,200,201,193.9,194.7,460839,Tata Chemicals
16-04-2015,194.7,197.9,194.1,197.4,276162,Tata Chemicals
17-04-2015,198.3,199.5,194,195.1,317205,Tata Chemicals
20-04-2015,194.8,195,187.2,189.7,421501,Tata Chemicals
21-04-2015,188.7,192.7,188,189.8,231079,Tata Chemicals
22-04-2015,190,193.6,187.9,191,218769,Tata Chemicals
23-04-2015,191.8,193.6,189,190.6,174602,Tata Chemicals
24-04-2015,191.2,191.4,186.1,187.3,296531,Tata Chemicals
27-04-2015,187.2,187.2,180.4,181.8,197379,Tata Chemicals
28-04-2015,180.9,189.9,180.2,189,265034,Tata Chemicals
29-04-2015,189.1,193.1,187.8,190.3,239370,Tata Chemicals
30-04-2015,190.4,191.5,187.7,188.2,229628,Tata Chemicals
04-05-2015,190.7,195.7,189.5,194.7,257843,Tata Chemicals
05-05-2015,196.2,197.2,193.4,194,357688,Tata Chemicals
06-05-2015,193.1,196.2,187.4,188.7,483197,Tata Chemicals
07-05-2015,189,191.6,183.2,185,406703,Tata Chemicals
08-05-2015,185.4,193.6,185.4,192.3,375517,Tata Chemicals
11-05-2015,193.5,198,192.2,196.5,431314,Tata Chemicals
12-05-2015,198.8,198.8,189.2,192.3,888886,Tata Chemicals
13-05-2015,192.9,197.9,192.9,196.2,569367,Tata Chemicals
14-05-2015,196.5,200.2,194.3,195.4,541635,Tata Chemicals
15-05-2015,196.1,197.9,194.6,195.8,191964,Tata Chemicals
18-05-2015,196.2,198.2,194.2,196.1,286262,Tata Chemicals
19-05-2015,196.2,200.6,195.8,196.5,534494,Tata Chemicals
20-05-2015,196.9,198.3,194.4,195,283235,Tata Chemicals
21-05-2015,195.3,196.2,192.6,193,229869,Tata Chemicals
22-05-2015,193.7,195.5,191.4,191.8,220878,Tata Chemicals
25-05-2015,191.8,195.4,190.7,193.8,348579,Tata Chemicals
26-05-2015,193.8,197.8,193.7,196,801327,Tata Chemicals
27-05-2015,194.7,195.7,187.4,188.9,829516,Tata Chemicals
28-05-2015,187.4,195.3,187.4,191.8,1343952,Tata Chemicals
29-05-2015,191.8,192.5,188.9,190.6,758379,Tata Chemicals
01-06-2015,191.8,192,188.3,188.9,264819,Tata Chemicals
02-06-2015,189.5,189.8,183.3,184.9,323562,Tata Chemicals
03-06-2015,184.9,185.6,180.4,183.7,360684,Tata Chemicals
04-06-2015,185.2,186.9,183,185.8,192522,Tata Chemicals
05-06-2015,185.1,189.1,183.9,187.5,292967,Tata Chemicals
08-06-2015,187.7,188.9,178,181.7,692388,Tata Chemicals
09-06-2015,182.8,186.7,180.8,185.3,503916,Tata Chemicals
10-06-2015,185.6,186.8,182.6,183.3,255934,Tata Chemicals
11-06-2015,185,185,178.5,180.2,610514,Tata Chemicals
12-06-2015,180.1,183,177.8,181.3,278400,Tata Chemicals
15-06-2015,179.7,182.7,179.5,180.9,348107,Tata Chemicals
16-06-2015,181.1,182.8,179.4,180.9,252213,Tata Chemicals
17-06-2015,182.1,182.9,179.2,179.9,303364,Tata Chemicals
18-06-2015,179.9,183.6,179.2,180.8,901548,Tata Chemicals
19-06-2015,181.7,185.1,181,184.3,402791,Tata Chemicals
22-06-2015,184.7,185,183.2,184.1,364213,Tata Chemicals
23-06-2015,184.3,186.7,183.9,184.8,317784,Tata Chemicals
24-06-2015,185.1,185.7,181.3,182.6,330183,Tata Chemicals
25-06-2015,182.6,182.8,181,181.7,703333,Tata Chemicals
26-06-2015,181.7,184.1,181.2,182.6,299211,Tata Chemicals
29-06-2015,181.7,181.9,178.1,181.4,313167,Tata Chemicals
30-06-2015,181.1,186.5,181.1,185.6,200767,Tata Chemicals
01-07-2015,192.2,195.7,190.5,192.7,1019711,Tata Chemicals
02-07-2015,192.7,193.1,190.3,191.4,207201,Tata Chemicals
03-07-2015,191.7,193.1,190.3,191.6,136190,Tata Chemicals
06-07-2015,191,196.6,189.1,194.6,300353,Tata Chemicals
07-07-2015,193.6,199.7,193.6,198.1,344147,Tata Chemicals
08-07-2015,198,198,188.8,193.1,343375,Tata Chemicals
09-07-2015,193.5,197.6,193.5,195.1,217263,Tata Chemicals
10-07-2015,196,196.4,193.4,194.9,151916,Tata Chemicals
13-07-2015,196.2,196.2,191.4,195.8,217645,Tata Chemicals
14-07-2015,195.9,199.3,194,198.1,606401,Tata Chemicals
15-07-2015,197.3,203.7,197.3,202.9,617554,Tata Chemicals
16-07-2015,203.3,218.2,203.3,215,2096459,Tata Chemicals
17-07-2015,216,216.9,211.9,213.7,734898,Tata Chemicals
20-07-2015,213.7,226.1,212.7,221.4,2195791,Tata Chemicals
21-07-2015,221.4,225.2,216.7,218.5,865420,Tata Chemicals
22-07-2015,215.3,230.4,215.2,228.8,1515235,Tata Chemicals
23-07-2015,228.9,231.9,225,226.1,981063,Tata Chemicals
24-07-2015,226.4,229.2,220,221.2,487473,Tata Chemicals
27-07-2015,220.5,225.6,212.9,220.7,814075,Tata Chemicals
28-07-2015,219.1,222.8,213,214.8,692849,Tata Chemicals
29-07-2015,216.9,222.4,214.3,220.4,976490,Tata Chemicals
30-07-2015,222.7,224.4,219.2,223.3,1513739,Tata Chemicals
31-07-2015,220,220,215,216,1602029,Tata Chemicals
03-08-2015,218.2,218.8,212.1,213.5,718263,Tata Chemicals
04-08-2015,213.8,218.4,213.4,216.8,745133,Tata Chemicals
05-08-2015,218.2,221.9,212.1,213.3,2939965,Tata Chemicals
06-08-2015,213.3,220.3,211.3,213,1568639,Tata Chemicals
07-08-2015,213.2,215.3,208.1,208.6,825760,Tata Chemicals
10-08-2015,208.9,210.5,205.2,207.1,1346022,Tata Chemicals
11-08-2015,208.5,209.5,202.1,207.2,859689,Tata Chemicals
13-08-2015,201.7,205.3,198.5,202.3,598624,Tata Chemicals
14-08-2015,203.7,208.8,202.8,207.1,701558,Tata Chemicals
17-08-2015,208.5,210.3,203.3,204.8,316847,Tata Chemicals
18-08-2015,205.9,207.2,203.4,206.7,249394,Tata Chemicals
19-08-2015,207.7,208.3,201.1,203.4,670179,Tata Chemicals
20-08-2015,202.9,204.4,196.4,197.4,399865,Tata Chemicals
21-08-2015,194.4,197.2,191.1,196.4,341917,Tata Chemicals
24-08-2015,193.1,193.1,168.8,174.1,1043025,Tata Chemicals
25-08-2015,176.5,184.1,164.2,183.1,1134291,Tata Chemicals
26-08-2015,183.4,183.4,174.3,175.6,536023,Tata Chemicals
27-08-2015,177.7,182.1,176.4,177.7,1111333,Tata Chemicals
28-08-2015,179.9,183.4,178.4,180.3,775877,Tata Chemicals
31-08-2015,182.5,182.5,175.6,176.3,413006,Tata Chemicals
01-09-2015,176.4,177.7,171.7,174.8,521200,Tata Chemicals
02-09-2015,174.3,177,169.4,171.3,628010,Tata Chemicals
03-09-2015,173.3,175.5,170.7,173.9,384683,Tata Chemicals
04-09-2015,173.7,173.7,166.7,168.8,505545,Tata Chemicals
07-09-2015,170,170.1,165.1,167.3,363478,Tata Chemicals
08-09-2015,167.5,170.3,165.3,169.2,484655,Tata Chemicals
09-09-2015,171.5,173.3,170.6,172.7,501829,Tata Chemicals
10-09-2015,172.8,172.8,167.6,171.2,316027,Tata Chemicals
11-09-2015,171.5,173.3,169.6,170.7,407155,Tata Chemicals
14-09-2015,170.6,171.6,167.6,169.2,577587,Tata Chemicals
16-09-2015,171.1,171.1,166.8,169.2,513498,Tata Chemicals
18-09-2015,169.8,176.7,169.2,174.7,807606,Tata Chemicals
21-09-2015,174.7,175.3,172.1,173.7,314718,Tata Chemicals
22-09-2015,174.6,176.7,166.6,168.5,589754,Tata Chemicals
23-09-2015,166.2,167.3,163.2,165.7,734217,Tata Chemicals
24-09-2015,165.8,169.2,163.7,167.7,220947,Tata Chemicals
28-09-2015,168.7,169.8,163.2,164.2,305273,Tata Chemicals
29-09-2015,163.1,165.1,160.5,163.2,428438,Tata Chemicals
30-09-2015,164,170.2,163.4,168.3,440577,Tata Chemicals
01-10-2015,169.8,171.5,167.5,168.4,300140,Tata Chemicals
05-10-2015,168.6,177.1,168.6,175.9,609850,Tata Chemicals
06-10-2015,177.7,180.8,176.4,179.5,656965,Tata Chemicals
07-10-2015,178,182.2,178,178.8,293557,Tata Chemicals
08-10-2015,179.1,181.5,174.7,176.4,315951,Tata Chemicals
09-10-2015,178,181.6,176.4,179.6,510831,Tata Chemicals
12-10-2015,180.2,181.4,178.8,179.8,317226,Tata Chemicals
13-10-2015,179.5,183,179.3,182.7,313107,Tata Chemicals
14-10-2015,183,184.7,179.1,180.9,496924,Tata Chemicals
15-10-2015,181.7,182.5,180.3,181.3,266017,Tata Chemicals
19-10-2015,183.6,188.1,182.1,183,924209,Tata Chemicals
20-10-2015,183,186.5,182.5,184.2,306041,Tata Chemicals
21-10-2015,184.3,185.1,180.8,182,765437,Tata Chemicals
23-10-2015,182.5,184.3,181.3,183.3,488426,Tata Chemicals
26-10-2015,183.5,186.8,182.9,185.6,422240,Tata Chemicals
27-10-2015,185.5,188.6,184.1,185.4,394962,Tata Chemicals
28-10-2015,185,185.2,182.6,183.6,433524,Tata Chemicals
29-10-2015,183.6,187.2,181.2,182.4,675908,Tata Chemicals
30-10-2015,182.5,183.6,178.9,180.1,707215,Tata Chemicals
02-11-2015,180.1,182.3,178,180.4,820249,Tata Chemicals
03-11-2015,182.1,184.5,180.9,183.8,313596,Tata Chemicals
04-11-2015,184.7,186.1,183.4,184.8,265583,Tata Chemicals
05-11-2015,185,185.1,182.5,183.2,221836,Tata Chemicals
06-11-2015,182.9,184.3,179.1,180.7,317153,Tata Chemicals
09-11-2015,177.3,186.4,177.3,184.9,547133,Tata Chemicals
10-11-2015,184.3,185.2,180.7,182.7,384996,Tata Chemicals
13-11-2015,180.9,185.6,180.9,184.8,268014,Tata Chemicals
16-11-2015,184.7,187.4,183.2,184.4,423326,Tata Chemicals
17-11-2015,185.1,186.2,183.7,185.4,223849,Tata Chemicals
18-11-2015,185.3,189.8,184.1,184.8,555682,Tata Chemicals
19-11-2015,186.1,190,184.7,189.5,424751,Tata Chemicals
20-11-2015,189.6,192.1,188.3,190.2,288663,Tata Chemicals
23-11-2015,190.5,191.3,189.1,189.7,210953,Tata Chemicals
24-11-2015,189.6,190.8,188.4,189,216879,Tata Chemicals
26-11-2015,189,191.8,187.1,190,645346,Tata Chemicals
27-11-2015,190.3,192.7,186.5,187.5,477837,Tata Chemicals
01-12-2015,185.2,189.1,184.4,188.5,262830,Tata Chemicals
02-12-2015,188.2,193.4,187.5,192.7,344312,Tata Chemicals
03-12-2015,193.2,193.3,187.3,187.8,213196,Tata Chemicals
04-12-2015,185.6,187.6,184.3,184.7,389178,Tata Chemicals
07-12-2015,185.2,186.8,183,183.6,305463,Tata Chemicals
08-12-2015,181.5,185.1,179.5,181.2,356942,Tata Chemicals
09-12-2015,179.9,179.9,170.9,174.5,908593,Tata Chemicals
10-12-2015,175.9,176.2,171.8,173,582307,Tata Chemicals
11-12-2015,173.3,173.6,170.6,171.2,1010108,Tata Chemicals
14-12-2015,170.4,174.6,168.5,173.8,368912,Tata Chemicals
15-12-2015,172.6,175.3,171.5,174.6,356588,Tata Chemicals
16-12-2015,175.5,176.3,173.2,174.8,241675,Tata Chemicals
17-12-2015,175.5,177.2,172.2,174.4,877876,Tata Chemicals
18-12-2015,174.4,176.4,171.8,172.7,492809,Tata Chemicals
21-12-2015,172.7,175.3,171.6,173.8,255587,Tata Chemicals
22-12-2015,174.2,176.8,171.9,172.5,996845,Tata Chemicals
23-12-2015,174.6,178.6,172.6,177.6,977347,Tata Chemicals
24-12-2015,178.6,180.5,177.7,180,432214,Tata Chemicals
28-12-2015,181.2,181.2,177.8,178.6,242414,Tata Chemicals
29-12-2015,178.6,182.5,177.5,180.9,265796,Tata Chemicals
30-12-2015,181.4,182.4,178.8,179.8,327756,Tata Chemicals
31-12-2015,180.2,182,175.3,177,1520280,Tata Chemicals
01-01-2016,178.6,180.8,177.2,180.3,249430,Tata Chemicals
04-01-2016,179.5,181.1,178.1,179.5,243736,Tata Chemicals
05-01-2016,179.5,180.1,177.3,177.8,414056,Tata Chemicals
06-01-2016,177.7,184.1,177.5,182.8,851282,Tata Chemicals
07-01-2016,179.5,181.2,172.5,173.3,501160,Tata Chemicals
08-01-2016,174.2,178.1,174.2,176.8,321083,Tata Chemicals
11-01-2016,176.5,176.8,172.8,173.5,189435,Tata Chemicals
12-01-2016,174.2,175.8,170.3,171.2,231599,Tata Chemicals
13-01-2016,171.6,174.6,166.7,168.6,418284,Tata Chemicals
14-01-2016,165.8,167.3,163.6,166.1,685911,Tata Chemicals
15-01-2016,167.5,167.8,163.1,164.9,513978,Tata Chemicals
18-01-2016,165.1,165.1,157.3,158.3,550994,Tata Chemicals
19-01-2016,158.7,161.6,155.9,159.3,527255,Tata Chemicals
20-01-2016,157.8,158.9,153.9,155.6,604384,Tata Chemicals
21-01-2016,156.6,158.1,149.5,150.2,1064423,Tata Chemicals
22-01-2016,151.1,153.5,149.9,152.6,978489,Tata Chemicals
25-01-2016,153.6,155.4,151.8,153.4,558984,Tata Chemicals
27-01-2016,153.5,156.3,152.7,155,500666,Tata Chemicals
28-01-2016,155,155.6,149.5,152.3,3275316,Tata Chemicals
29-01-2016,152.1,156.3,149.8,155.8,606726,Tata Chemicals
01-02-2016,156.4,160.9,155.1,160.2,459734,Tata Chemicals
02-02-2016,160.2,161.6,156.9,157.6,509080,Tata Chemicals
03-02-2016,156.5,158.1,153.5,156.8,614063,Tata Chemicals
04-02-2016,157.8,160.5,156.1,159.1,314046,Tata Chemicals
05-02-2016,159.2,162.1,157.4,161.3,514004,Tata Chemicals
08-02-2016,161.4,165.3,160.1,164.4,856420,Tata Chemicals
09-02-2016,162.3,165.3,160.3,162.4,811209,Tata Chemicals
10-02-2016,162.2,162.2,152.2,154.4,1251185,Tata Chemicals
11-02-2016,153.4,156,145.8,147.4,1891626,Tata Chemicals
12-02-2016,147.9,0,0,148.8,0,Tata Chemicals
15-02-2016,149,151.6,147.4,150.2,506569,Tata Chemicals
16-02-2016,148.3,151,143.6,145.2,504244,Tata Chemicals
17-02-2016,145.3,147.3,140.7,146.6,343594,Tata Chemicals
18-02-2016,147.5,150.4,145.6,148.7,344818,Tata Chemicals
19-02-2016,148.4,149.2,144.2,145.5,414161,Tata Chemicals
22-02-2016,146.2,148.5,145.5,147.3,339505,Tata Chemicals
23-02-2016,147.6,147.6,143.6,144.2,361942,Tata Chemicals
24-02-2016,143.1,145.8,142.1,142.6,583718,Tata Chemicals
25-02-2016,143,143,138.5,138.9,847350,Tata Chemicals
26-02-2016,139.7,140.6,136.5,139.8,496478,Tata Chemicals
29-02-2016,139.9,141.1,136.9,139.4,351745,Tata Chemicals
01-03-2016,139.8,144.1,139.2,143.2,520797,Tata Chemicals
02-03-2016,144.2,147,144.2,146.2,581554,Tata Chemicals
03-03-2016,148.1,152.1,146.3,151.7,455193,Tata Chemicals
04-03-2016,150.9,156.3,149.9,154.8,328650,Tata Chemicals
08-03-2016,154.8,156,151.3,152.2,157720,Tata Chemicals
09-03-2016,153.4,153.7,150.9,151.6,390473,Tata Chemicals
10-03-2016,152.5,153.1,150.4,151.3,549865,Tata Chemicals
11-03-2016,151.5,153.2,150.8,152.1,222274,Tata Chemicals
14-03-2016,152.6,154.1,152.1,152.9,452498,Tata Chemicals
15-03-2016,154.7,155.4,152.6,154.9,240704,Tata Chemicals
16-03-2016,155.2,157.2,153.5,156.7,619152,Tata Chemicals
17-03-2016,157.6,159.6,157.2,158.8,353644,Tata Chemicals
18-03-2016,159.4,160.9,158.4,159.7,252978,Tata Chemicals
21-03-2016,159.8,161.3,158.3,160,154180,Tata Chemicals
22-03-2016,160.4,161.9,158.5,159.3,174286,Tata Chemicals
23-03-2016,158.5,161.5,156.6,161,384845,Tata Chemicals
28-03-2016,160.3,162.7,160.1,161.2,294068,Tata Chemicals
29-03-2016,161.6,163.6,159.3,162.6,419445,Tata Chemicals
30-03-2016,163.2,167,162.7,165,452287,Tata Chemicals
31-03-2016,164.5,168.9,162.7,164.8,806280,Tata Chemicals
01-04-2016,166.9,166.9,162.3,163,235952,Tata Chemicals
04-04-2016,163.4,164.8,161.4,162.6,126333,Tata Chemicals
05-04-2016,162.6,164.2,158.4,159.2,454346,Tata Chemicals
06-04-2016,159.6,161.7,159.2,160.6,131152,Tata Chemicals
07-04-2016,160.9,161.7,158.8,159.3,131607,Tata Chemicals
08-04-2016,160,162.4,159.4,161.9,137813,Tata Chemicals
11-04-2016,162.3,163.8,161,162.8,158145,Tata Chemicals
12-04-2016,163.2,166.1,163.2,165.5,225321,Tata Chemicals
13-04-2016,167.1,178.9,166.3,177.5,1098747,Tata Chemicals
18-04-2016,177.6,178.7,173.8,174.4,539660,Tata Chemicals
20-04-2016,174.8,185.7,174.2,183.5,973542,Tata Chemicals
21-04-2016,184,185.3,181.9,182.9,582608,Tata Chemicals
22-04-2016,182.8,183.9,179.9,182,433429,Tata Chemicals
25-04-2016,182.2,188.8,178.8,187.7,515927,Tata Chemicals
26-04-2016,188.7,189.7,186,186.9,465001,Tata Chemicals
27-04-2016,187,188.7,183.9,184.4,494063,Tata Chemicals
28-04-2016,184.4,185.4,176.6,179.3,584792,Tata Chemicals
29-04-2016,179.5,181.4,176.5,178.8,462771,Tata Chemicals
02-05-2016,179.1,184.3,177.8,179.3,786051,Tata Chemicals
03-05-2016,180.2,183.7,178.6,179.7,697430,Tata Chemicals
04-05-2016,179.7,180.6,174.7,175.6,222255,Tata Chemicals
05-05-2016,176.3,179.1,174.7,176.4,286325,Tata Chemicals
06-05-2016,176.4,177.2,175,176.1,173946,Tata Chemicals
09-05-2016,177,180.7,176.5,179.3,288796,Tata Chemicals
10-05-2016,179.6,183.5,178.3,180,482613,Tata Chemicals
11-05-2016,178.1,182.3,177.3,179,313167,Tata Chemicals
12-05-2016,179.9,183,178.3,181,298428,Tata Chemicals
13-05-2016,181.5,185.1,180.8,183.1,448849,Tata Chemicals
16-05-2016,183.7,186.2,182.5,185.7,265968,Tata Chemicals
17-05-2016,186,186.7,183.2,183.6,211332,Tata Chemicals
18-05-2016,180.4,185,180.4,183.5,300609,Tata Chemicals
19-05-2016,183.7,184.9,179.9,181.1,257086,Tata Chemicals
20-05-2016,181.3,186.1,180.2,183,342064,Tata Chemicals
23-05-2016,183.2,184.1,182.1,183.1,160239,Tata Chemicals
24-05-2016,183.4,186,178,184.6,338805,Tata Chemicals
25-05-2016,186.2,192,185.6,191.4,659061,Tata Chemicals
26-05-2016,193.4,195.2,190.6,193.4,862607,Tata Chemicals
27-05-2016,199.7,200.6,190.1,190.7,1119302,Tata Chemicals
30-05-2016,191.8,194.4,186.4,187.3,546376,Tata Chemicals
31-05-2016,186.5,191.4,186.1,190.3,796762,Tata Chemicals
01-06-2016,192,192.2,188,188.8,463050,Tata Chemicals
02-06-2016,188.6,190.5,188,189.2,304377,Tata Chemicals
03-06-2016,190.1,192.2,188.5,189.1,357574,Tata Chemicals
06-06-2016,190,190.7,188.6,189.5,253474,Tata Chemicals
07-06-2016,189.7,192.9,189.6,190.4,681573,Tata Chemicals
08-06-2016,190.9,191.4,189.2,190.3,220732,Tata Chemicals
09-06-2016,190.5,191.7,188.1,190,540164,Tata Chemicals
10-06-2016,191.4,191.7,188.4,189.1,515029,Tata Chemicals
13-06-2016,188.7,190,187.1,189.3,211677,Tata Chemicals
14-06-2016,189.1,189.8,188.1,188.5,432258,Tata Chemicals
15-06-2016,188.7,190.8,188.4,189.5,194679,Tata Chemicals
16-06-2016,188.8,189.7,187.1,188.9,239816,Tata Chemicals
17-06-2016,188.5,190,188.3,189.3,159175,Tata Chemicals
20-06-2016,186.9,188.7,185.4,188.3,316647,Tata Chemicals
21-06-2016,189.5,190,187.5,187.9,155374,Tata Chemicals
22-06-2016,187.9,189.2,187.4,188.3,132411,Tata Chemicals
23-06-2016,188.1,188.5,185.5,187.3,267145,Tata Chemicals
24-06-2016,182.8,185.6,176.5,184.5,627119,Tata Chemicals
27-06-2016,183.4,187.3,183.4,185.6,193167,Tata Chemicals
28-06-2016,185.3,188.9,183.9,186.2,596092,Tata Chemicals
29-06-2016,187.9,188.7,186.7,187.4,286360,Tata Chemicals
30-06-2016,187.6,191.4,187.4,189.8,750717,Tata Chemicals
01-07-2016,190.9,196.6,190.9,195.7,615216,Tata Chemicals
04-07-2016,196.4,198.6,194.1,194.6,389455,Tata Chemicals
05-07-2016,194.5,196,192.7,194.8,197685,Tata Chemicals
07-07-2016,194.9,197.5,192.4,192.9,424108,Tata Chemicals
08-07-2016,192.9,193.5,188.5,191,340766,Tata Chemicals
11-07-2016,191.8,195.7,191.8,194.9,190291,Tata Chemicals
12-07-2016,195.8,199.2,195.4,198.5,588156,Tata Chemicals
13-07-2016,200.2,200.3,196,197.5,390564,Tata Chemicals
14-07-2016,197.5,203.1,197,202.4,497997,Tata Chemicals
15-07-2016,204.1,204.3,198.8,199.6,372733,Tata Chemicals
18-07-2016,199.9,201.6,198.2,198.7,253234,Tata Chemicals
19-07-2016,198.8,200.9,197.8,198.8,300261,Tata Chemicals
20-07-2016,198.4,205.4,198.4,204.4,463038,Tata Chemicals
21-07-2016,205.9,207.2,200.7,201.5,550799,Tata Chemicals
22-07-2016,201.5,203.9,199.7,202.5,232288,Tata Chemicals
25-07-2016,202.5,207,201.4,205.6,359241,Tata Chemicals
26-07-2016,206.9,207.8,201.6,202.7,504581,Tata Chemicals
27-07-2016,202.6,204.6,198.8,202,474513,Tata Chemicals
28-07-2016,202,208.1,201.3,205.8,624080,Tata Chemicals
29-07-2016,208.1,211,206.3,209.2,536936,Tata Chemicals
01-08-2016,210.5,212.1,207,209.1,1048522,Tata Chemicals
02-08-2016,204.4,205.4,201.2,201.8,368462,Tata Chemicals
03-08-2016,201.8,202.6,198.3,200.2,525087,Tata Chemicals
04-08-2016,200.5,203.4,200,200.8,538150,Tata Chemicals
05-08-2016,201.8,213,201.5,210,1505520,Tata Chemicals
08-08-2016,212.1,213,205.9,206.6,543915,Tata Chemicals
09-08-2016,207.8,207.8,202.9,204.2,162939,Tata Chemicals
10-08-2016,204.7,231.3,201.3,222.3,7588674,Tata Chemicals
11-08-2016,224.2,228,215.4,219.5,2946249,Tata Chemicals
12-08-2016,219.8,222.4,216.2,218.3,791038,Tata Chemicals
16-08-2016,217.3,223.1,215.5,221.8,898573,Tata Chemicals
17-08-2016,221.3,227,218.7,225,659825,Tata Chemicals
18-08-2016,226.1,231,225.4,228.4,771402,Tata Chemicals
19-08-2016,228,242.1,226.2,239.8,2575225,Tata Chemicals
22-08-2016,240.7,240.7,233.7,234.3,944713,Tata Chemicals
23-08-2016,235.7,245.8,232.8,244.9,2277770,Tata Chemicals
24-08-2016,246,248.6,243,245,1331075,Tata Chemicals
25-08-2016,244.7,246,242,243.7,527447,Tata Chemicals
26-08-2016,242.1,251.2,242.1,249.2,1813291,Tata Chemicals
29-08-2016,249.1,252.5,246.6,247.9,891410,Tata Chemicals
30-08-2016,249,251.2,243.7,245.7,596464,Tata Chemicals
31-08-2016,246.2,248.6,243.5,245.2,802839,Tata Chemicals
01-09-2016,245.3,247.6,239.5,243.7,978832,Tata Chemicals
02-09-2016,244.3,248.4,242.9,246.4,757335,Tata Chemicals
06-09-2016,246.9,248.5,245.4,246.5,465299,Tata Chemicals
07-09-2016,246.9,254,246.1,250.8,1774356,Tata Chemicals
08-09-2016,252.2,253.3,247.9,249.3,405964,Tata Chemicals
09-09-2016,249.8,251.3,246.5,247.1,323891,Tata Chemicals
12-09-2016,242.9,242.9,232,233.9,1171779,Tata Chemicals
14-09-2016,233.2,246.7,233.2,245,1104053,Tata Chemicals
15-09-2016,246,246.3,240.1,241.7,482369,Tata Chemicals
16-09-2016,243.4,248,239.9,243.9,1450970,Tata Chemicals
19-09-2016,244.2,246.7,243,244.3,330501,Tata Chemicals
20-09-2016,246,246.1,240.5,241.2,404718,Tata Chemicals
21-09-2016,241.2,243.7,238.6,239.6,685033,Tata Chemicals
22-09-2016,242.5,245.5,240.5,244,704379,Tata Chemicals
23-09-2016,244.3,246.2,240.4,241,742165,Tata Chemicals
26-09-2016,241.2,242.9,237.2,238.1,490940,Tata Chemicals
27-09-2016,238.1,240.5,234.6,235.6,613655,Tata Chemicals
28-09-2016,236.4,239.4,233.1,238.6,836313,Tata Chemicals
29-09-2016,241.2,241.2,222.4,224.5,1048793,Tata Chemicals
30-09-2016,226.6,233.4,224.5,231.3,941464,Tata Chemicals
03-10-2016,232.8,237.1,232.4,236.3,707374,Tata Chemicals
04-10-2016,238.6,239.4,235,236.3,780294,Tata Chemicals
05-10-2016,237.2,244.7,236.2,243.3,1318429,Tata Chemicals
06-10-2016,244.6,245.8,237.5,238.5,921103,Tata Chemicals
07-10-2016,239.9,241.6,237.6,238.2,622515,Tata Chemicals
10-10-2016,240,243.3,239,240.3,579728,Tata Chemicals
13-10-2016,240.1,240.1,232,234.6,634303,Tata Chemicals
14-10-2016,235.9,240.8,234.6,238.7,721859,Tata Chemicals
17-10-2016,239.4,241.3,234.4,236,530721,Tata Chemicals
18-10-2016,237.6,240.5,237.6,238.4,714366,Tata Chemicals
19-10-2016,239.9,251.1,238.5,249.8,1772693,Tata Chemicals
20-10-2016,251.1,252.8,248,249.5,1403967,Tata Chemicals
21-10-2016,250.9,256.7,250.1,256,1766367,Tata Chemicals
24-10-2016,257.4,258.4,252.5,255,721291,Tata Chemicals
25-10-2016,250,252.2,243.6,249.8,3708169,Tata Chemicals
26-10-2016,249.1,253.1,237.7,242,828917,Tata Chemicals
27-10-2016,231.5,238.9,231.1,237.9,3698411,Tata Chemicals
28-10-2016,236,242,236,240.1,1045079,Tata Chemicals
01-11-2016,240.3,244.3,238.3,241.6,508300,Tata Chemicals
02-11-2016,239.4,240.3,232.7,233.4,730464,Tata Chemicals
03-11-2016,233.2,236.7,221.8,225.2,1462185,Tata Chemicals
04-11-2016,225.3,227.9,222.7,225.2,1117449,Tata Chemicals
07-11-2016,227.1,230,224.2,225.1,465296,Tata Chemicals
08-11-2016,227.5,227.5,222.9,225.6,271628,Tata Chemicals
09-11-2016,216,221.2,204,218.4,727491,Tata Chemicals
10-11-2016,220.4,227.9,220.4,223,615673,Tata Chemicals
11-11-2016,218.5,221.8,211,213.1,1176725,Tata Chemicals
15-11-2016,213,213.1,202.5,209,633686,Tata Chemicals
16-11-2016,211.6,213.1,203.3,207.7,371448,Tata Chemicals
17-11-2016,206.9,209.3,200,206,520569,Tata Chemicals
18-11-2016,206,209.4,202.4,204.6,283682,Tata Chemicals
21-11-2016,204.6,206.5,196,198.1,1115411,Tata Chemicals
22-11-2016,198.4,202.8,196.6,201.8,418263,Tata Chemicals
23-11-2016,201.8,209.1,198.8,202.9,559088,Tata Chemicals
24-11-2016,203.7,205,200.8,201.9,1440170,Tata Chemicals
25-11-2016,201.9,206.8,201.1,205.4,301242,Tata Chemicals
28-11-2016,206.3,212.4,205.6,210.1,534359,Tata Chemicals
29-11-2016,210.6,212.7,205.4,207.1,768164,Tata Chemicals
30-11-2016,207.3,212.2,206.7,211.4,621358,Tata Chemicals
01-12-2016,213,213,207.7,210.4,555283,Tata Chemicals
02-12-2016,209.4,211.6,206.2,207.4,466063,Tata Chemicals
05-12-2016,207.4,211.2,206.4,209.6,188630,Tata Chemicals
06-12-2016,211.6,222.1,211.2,218.2,2131154,Tata Chemicals
07-12-2016,219.6,220.3,213.2,217.5,548888,Tata Chemicals
08-12-2016,219.6,224,218.9,220.3,933895,Tata Chemicals
09-12-2016,222.6,226.2,220.7,221.9,793149,Tata Chemicals
12-12-2016,221.4,222.3,214.1,214.7,412391,Tata Chemicals
13-12-2016,216.9,217.5,211.9,213.7,366778,Tata Chemicals
14-12-2016,213.6,216.9,209,210,486710,Tata Chemicals
15-12-2016,208.1,212.5,206.3,211.3,389644,Tata Chemicals
16-12-2016,211.5,214.3,208.8,211,442384,Tata Chemicals
19-12-2016,210.3,216.4,210.2,215.6,669272,Tata Chemicals
20-12-2016,216.3,216.9,213.8,215.3,893056,Tata Chemicals
21-12-2016,215.3,216.9,214.3,215.6,425404,Tata Chemicals
22-12-2016,213.8,216.7,213.7,214.8,479888,Tata Chemicals
23-12-2016,215.2,216.6,212.5,214.5,412653,Tata Chemicals
26-12-2016,213.4,213.8,208.3,209.6,546623,Tata Chemicals
27-12-2016,210.3,216,208.8,214.7,311018,Tata Chemicals
28-12-2016,215.2,218.1,214.7,215.6,366808,Tata Chemicals
29-12-2016,214.3,219.5,214.3,217.7,662888,Tata Chemicals
30-12-2016,217.6,222.6,216,221.8,404738,Tata Chemicals
02-01-2017,223.1,226.2,222.9,223.5,606623,Tata Chemicals
03-01-2017,224.3,225.3,220.5,224.8,498357,Tata Chemicals
04-01-2017,225.4,228.1,222,222.7,548552,Tata Chemicals
05-01-2017,224.4,225.3,222.1,224,515847,Tata Chemicals
06-01-2017,226.2,226.8,223.1,223.9,389380,Tata Chemicals
09-01-2017,224.1,226.4,222.4,225.9,421451,Tata Chemicals
10-01-2017,226.9,227.5,223.6,225,757264,Tata Chemicals
11-01-2017,225.3,229.2,223.8,228,874389,Tata Chemicals
12-01-2017,228.4,229.3,226.2,227.3,416344,Tata Chemicals
13-01-2017,229.5,231.1,226.6,228.2,526040,Tata Chemicals
16-01-2017,228.1,229.9,226.6,228.6,278067,Tata Chemicals
17-01-2017,228.6,232.4,228.5,229.9,549254,Tata Chemicals
18-01-2017,230.6,236.5,230.2,233.4,1188232,Tata Chemicals
19-01-2017,232.7,235,231.9,232.3,305264,Tata Chemicals
20-01-2017,232.4,233.7,225.6,226.1,405528,Tata Chemicals
23-01-2017,226.5,228.1,224.1,225.8,496061,Tata Chemicals
24-01-2017,227,231.2,225.2,229.6,558720,Tata Chemicals
25-01-2017,230.4,240.2,229.5,238.7,1599089,Tata Chemicals
27-01-2017,238.6,241.6,237,239.4,1095539,Tata Chemicals
30-01-2017,238.6,241,236.2,238.5,467225,Tata Chemicals
31-01-2017,238.8,242.2,236.5,240.1,1103811,Tata Chemicals
01-02-2017,242,244.8,238.1,244.2,715970,Tata Chemicals
02-02-2017,242.5,250.6,241.2,247.5,905019,Tata Chemicals
03-02-2017,247.8,249,245.6,247.1,315552,Tata Chemicals
06-02-2017,246.9,249.6,245.7,247.2,434485,Tata Chemicals
07-02-2017,247.5,248.6,243.6,245.3,232921,Tata Chemicals
08-02-2017,246.5,254.9,246.1,252.8,1841501,Tata Chemicals
09-02-2017,254,256.3,249.3,251.4,1127454,Tata Chemicals
10-02-2017,252.6,254.6,249.1,250.1,345105,Tata Chemicals
13-02-2017,250.2,251.4,247.3,248.6,412489,Tata Chemicals
14-02-2017,248.7,249.9,245.7,248.8,322505,Tata Chemicals
15-02-2017,248.8,249.6,242.5,243.1,369557,Tata Chemicals
16-02-2017,243,251.3,242.1,250,405292,Tata Chemicals
17-02-2017,250.4,251.3,245.9,248.2,336439,Tata Chemicals
20-02-2017,248.6,252.3,247.3,251.1,276257,Tata Chemicals
21-02-2017,251.3,257.1,250,256.3,532854,Tata Chemicals
22-02-2017,257.9,260.6,256.5,257.4,1023533,Tata Chemicals
23-02-2017,257.5,258.1,252.8,254,1422381,Tata Chemicals
27-02-2017,254.3,254.8,248.3,249.8,578296,Tata Chemicals
28-02-2017,250.5,252.2,246.3,247.1,468069,Tata Chemicals
01-03-2017,248.5,251.4,245.7,250.5,647663,Tata Chemicals
02-03-2017,252.2,252.9,246.6,247.6,362975,Tata Chemicals
03-03-2017,247.7,249,242.3,248.1,493119,Tata Chemicals
06-03-2017,250.9,254.8,247.5,250.5,841578,Tata Chemicals
07-03-2017,251.8,255.2,249.6,253.6,677339,Tata Chemicals
08-03-2017,252.9,254,247.8,249.8,420575,Tata Chemicals
09-03-2017,249.1,250.4,247,248.1,392104,Tata Chemicals
10-03-2017,249.5,249.5,244.9,246.7,233102,Tata Chemicals
14-03-2017,249.1,251.1,247.9,249,261817,Tata Chemicals
15-03-2017,246.9,250.8,243,248.9,758474,Tata Chemicals
16-03-2017,249.1,256.6,248.6,255.9,1610755,Tata Chemicals
17-03-2017,257.5,261,253.5,254.7,669490,Tata Chemicals
20-03-2017,256.6,256.6,251.8,253.9,268679,Tata Chemicals
21-03-2017,254,256.5,252,255.1,329220,Tata Chemicals
22-03-2017,254.4,254.4,249.9,252.7,238934,Tata Chemicals
23-03-2017,252.2,254.8,251,254.2,233289,Tata Chemicals
24-03-2017,252.7,257.3,252.6,254.5,343604,Tata Chemicals
27-03-2017,255.3,258.4,252.2,257.2,467677,Tata Chemicals
28-03-2017,258.8,262.1,257.9,261,1120697,Tata Chemicals
29-03-2017,263.5,266.3,261.1,261.9,1084449,Tata Chemicals
30-03-2017,262.7,265,261,262.1,640184,Tata Chemicals
31-03-2017,262.1,267.4,260.8,264,480922,Tata Chemicals
03-04-2017,265,266.6,262.6,264,380150,Tata Chemicals
05-04-2017,262.8,270.7,262.4,269.6,655728,Tata Chemicals
06-04-2017,269.8,271.3,266.3,267.6,500422,Tata Chemicals
07-04-2017,266.4,269.1,265.1,266.8,272031,Tata Chemicals
10-04-2017,267.6,273.8,266.3,271.4,1331634,Tata Chemicals
11-04-2017,272.8,274.6,271.8,272.7,466698,Tata Chemicals
12-04-2017,272.9,275.2,267.9,274.4,482540,Tata Chemicals
13-04-2017,273.8,274.9,270.8,271.7,263019,Tata Chemicals
17-04-2017,271.7,278.7,269.1,277.6,553720,Tata Chemicals
18-04-2017,278.2,279.4,273.3,274.3,418019,Tata Chemicals
19-04-2017,274.7,282.8,273.2,281.5,539369,Tata Chemicals
20-04-2017,282.2,284.2,279.9,282.3,275569,Tata Chemicals
21-04-2017,282.3,284.7,279.6,281.4,311188,Tata Chemicals
24-04-2017,281.4,282.8,278.7,280.3,330064,Tata Chemicals
25-04-2017,280.4,283.4,279.4,281.6,275182,Tata Chemicals
26-04-2017,281.5,291.7,281,289.4,1711249,Tata Chemicals
27-04-2017,291.9,292.3,285.7,288.2,486657,Tata Chemicals
28-04-2017,289.2,290.6,286.1,289.6,165820,Tata Chemicals
02-05-2017,289.6,291,285.4,288.6,175289,Tata Chemicals
03-05-2017,287,289.7,283.9,285.1,505238,Tata Chemicals
04-05-2017,286,293.9,284,290.6,676641,Tata Chemicals
05-05-2017,290.4,290.4,274.8,280.3,413716,Tata Chemicals
08-05-2017,282,284.2,278,279.3,391126,Tata Chemicals
09-05-2017,279.1,282.8,278.5,280.4,324657,Tata Chemicals
10-05-2017,279.8,286.3,279.6,284.1,789033,Tata Chemicals
11-05-2017,285,286.1,279.6,281.3,292390,Tata Chemicals
12-05-2017,281.3,283,275.2,277.1,224589,Tata Chemicals
15-05-2017,277.3,280.8,276.5,277.7,348768,Tata Chemicals
16-05-2017,277.7,285.3,277.7,283.9,426939,Tata Chemicals
17-05-2017,284.4,285.3,280.4,281.3,304687,Tata Chemicals
18-05-2017,280,280,274.3,275.5,470858,Tata Chemicals
19-05-2017,276.9,280.2,269,271.8,285139,Tata Chemicals
22-05-2017,269.9,275.3,263,264.1,401429,Tata Chemicals
23-05-2017,262.4,268.7,256.1,265.4,739125,Tata Chemicals
24-05-2017,266.3,268.9,260.8,262.8,374373,Tata Chemicals
25-05-2017,263,272.9,263,271.3,472017,Tata Chemicals
26-05-2017,272.2,276,267.2,269.1,1217053,Tata Chemicals
29-05-2017,269.8,272.4,266.7,268.2,532092,Tata Chemicals
30-05-2017,268.5,277.5,265.3,276.5,467679,Tata Chemicals
31-05-2017,277.8,279.1,274.4,277,333451,Tata Chemicals
01-06-2017,278.7,282.6,277.8,281.1,545589,Tata Chemicals
02-06-2017,281.5,284.8,280.8,282,622003,Tata Chemicals
05-06-2017,283,285.7,278.6,281.2,619030,Tata Chemicals
06-06-2017,281.3,282.2,273.4,274,388282,Tata Chemicals
07-06-2017,275.1,277.7,272.5,275.5,594558,Tata Chemicals
08-06-2017,276.4,277.3,270.1,270.8,329876,Tata Chemicals
09-06-2017,271.6,274.7,269.2,273.6,288565,Tata Chemicals
12-06-2017,273.8,277.5,271.2,272.7,534797,Tata Chemicals
13-06-2017,273.4,275.9,271.1,271.8,347822,Tata Chemicals
14-06-2017,272.5,273.1,269.9,271.1,413128,Tata Chemicals
15-06-2017,271.2,274.2,268.8,269.8,236540,Tata Chemicals
16-06-2017,270,272.9,269,269.8,173600,Tata Chemicals
19-06-2017,270.7,274.7,270.4,271.6,470044,Tata Chemicals
20-06-2017,272.9,275.8,272.3,273.9,435554,Tata Chemicals
21-06-2017,274.9,278.6,272.6,273.8,759234,Tata Chemicals
22-06-2017,274.1,275.8,270.5,271.5,192837,Tata Chemicals
23-06-2017,271.5,272.3,263.9,267.1,618279,Tata Chemicals
27-06-2017,267.3,268,259.1,261.2,326655,Tata Chemicals
28-06-2017,261,265.8,257.9,263.4,653181,Tata Chemicals
29-06-2017,263.4,267.1,261.3,264.9,531463,Tata Chemicals
30-06-2017,265.4,268.9,259.6,267.6,260092,Tata Chemicals
03-07-2017,273.4,276,269.6,275,783075,Tata Chemicals
04-07-2017,277.5,278.5,274.7,275.8,733045,Tata Chemicals
05-07-2017,275.6,285.3,274.6,283.9,1513309,Tata Chemicals
06-07-2017,288.3,289.9,283.1,284.4,1658885,Tata Chemicals
07-07-2017,284.4,288.1,281.7,285.9,1021504,Tata Chemicals
10-07-2017,286.8,287.6,285.6,286.1,60865,Tata Chemicals
11-07-2017,286.6,287.5,279.9,281,618174,Tata Chemicals
12-07-2017,282.2,286.5,281.3,283.2,602803,Tata Chemicals
13-07-2017,283.9,284.7,281.2,282.6,341127,Tata Chemicals
14-07-2017,282.5,283.2,279.2,281.8,447766,Tata Chemicals
17-07-2017,282.1,283,277,277.7,689100,Tata Chemicals
18-07-2017,278.1,279.9,273.8,274.7,587324,Tata Chemicals
19-07-2017,275.4,278.3,274.8,277,601006,Tata Chemicals
20-07-2017,276.9,277.9,274.9,276.1,244824,Tata Chemicals
21-07-2017,276.6,276.9,272.8,274.8,684735,Tata Chemicals
24-07-2017,275.4,276.8,271.2,272.3,311004,Tata Chemicals
25-07-2017,272.1,275.8,272.1,272.5,276106,Tata Chemicals
26-07-2017,272.1,277.8,272.1,276.1,570537,Tata Chemicals
27-07-2017,276.7,279.8,272.9,273.7,575178,Tata Chemicals
28-07-2017,275.6,277.2,273.2,275,452522,Tata Chemicals
31-07-2017,270.1,274.4,269.6,273.3,537150,Tata Chemicals
01-08-2017,273.4,275.3,270.3,270.8,315243,Tata Chemicals
02-08-2017,272.9,274.4,269.1,269.9,461110,Tata Chemicals
03-08-2017,272.1,272.3,263.1,264.6,637146,Tata Chemicals
04-08-2017,264.9,267.9,262,267.3,1222797,Tata Chemicals
07-08-2017,268,269.7,266.8,267.6,352116,Tata Chemicals
08-08-2017,268.5,270.5,261.1,262.8,545816,Tata Chemicals
09-08-2017,256.8,257.9,248,255.3,2197681,Tata Chemicals
10-08-2017,253.1,259.2,247.1,254.3,1066641,Tata Chemicals
11-08-2017,249.6,257.4,247.1,255,785813,Tata Chemicals
14-08-2017,253.2,261.9,253.2,261,315373,Tata Chemicals
16-08-2017,262.3,266.3,258.4,265,366767,Tata Chemicals
17-08-2017,266.1,266.9,259.6,260.7,377020,Tata Chemicals
18-08-2017,258.4,264,257.3,261.3,465032,Tata Chemicals
21-08-2017,261.9,264,258.1,258.6,422721,Tata Chemicals
22-08-2017,258.9,262.2,254.2,257,509709,Tata Chemicals
23-08-2017,258,261,257,259.3,513770,Tata Chemicals
24-08-2017,260.6,263.5,253.5,257.4,394780,Tata Chemicals
28-08-2017,258.4,262.4,257.5,260,1117309,Tata Chemicals
29-08-2017,260.2,263.1,257.9,258.6,339087,Tata Chemicals
30-08-2017,260.1,263,258.4,259.6,598100,Tata Chemicals
31-08-2017,261,261.6,256.7,257.5,753076,Tata Chemicals
01-09-2017,258.7,260.9,257.5,258.6,192521,Tata Chemicals
04-09-2017,259,259.9,251.8,256,1012245,Tata Chemicals
05-09-2017,256.6,257.8,253.2,253.7,1051498,Tata Chemicals
06-09-2017,252.2,257.2,250.5,255.8,586041,Tata Chemicals
07-09-2017,253.7,274.5,253.7,272,2093670,Tata Chemicals
08-09-2017,275.6,276.9,270.5,274.9,1699372,Tata Chemicals
11-09-2017,277.7,277.8,272.5,273.1,389368,Tata Chemicals
12-09-2017,274.7,280.4,274.7,279.2,870084,Tata Chemicals
13-09-2017,282.2,285.3,278.7,280.6,2145011,Tata Chemicals
14-09-2017,287.1,288.2,280,280.7,1071997,Tata Chemicals
15-09-2017,280.7,282.5,277,280.8,426433,Tata Chemicals
18-09-2017,282.2,285,281,284.1,508334,Tata Chemicals
19-09-2017,285.5,294.3,283.1,289.9,2078420,Tata Chemicals
20-09-2017,291.4,291.4,283.5,284.7,807541,Tata Chemicals
21-09-2017,284.8,286.4,280.4,282,574454,Tata Chemicals
22-09-2017,281.7,281.7,269.9,270.9,956415,Tata Chemicals
25-09-2017,271.6,274.6,263.4,271.5,520244,Tata Chemicals
26-09-2017,271.2,279.3,270.3,275.8,530400,Tata Chemicals
27-09-2017,277.3,277.3,269.9,274.1,396924,Tata Chemicals
28-09-2017,275.1,283,269.4,280.2,2137711,Tata Chemicals
29-09-2017,282,284.6,278.2,283.6,1131247,Tata Chemicals
03-10-2017,284.8,285.8,280.9,282,400963,Tata Chemicals
04-10-2017,281.8,284.2,279.7,280.9,291915,Tata Chemicals
05-10-2017,280.8,302,280.8,292.9,1751160,Tata Chemicals
06-10-2017,298.5,303.2,294.6,299.3,2375254,Tata Chemicals
09-10-2017,301.6,305.1,299.1,300.3,1215059,Tata Chemicals
10-10-2017,302,303,298.8,300.4,407982,Tata Chemicals
11-10-2017,302,309.6,296.5,300.6,2970269,Tata Chemicals
12-10-2017,302.9,309.4,300.3,306.2,1220700,Tata Chemicals
13-10-2017,306.3,309,303.1,303.9,1131916,Tata Chemicals
16-10-2017,304.3,308.6,302.1,307.7,619521,Tata Chemicals
17-10-2017,308.5,319.6,307.8,318.4,3099908,Tata Chemicals
18-10-2017,318,322.3,316,320.2,2982683,Tata Chemicals
19-10-2017,320.5,321,314.7,314.8,248773,Tata Chemicals
23-10-2017,317.7,323.6,317.7,321.9,1073023,Tata Chemicals
24-10-2017,324,331.3,321.4,328.9,1808267,Tata Chemicals
25-10-2017,329.8,330.7,323.6,327,567828,Tata Chemicals
26-10-2017,327.2,337.6,323.8,334.1,2523700,Tata Chemicals
27-10-2017,334.6,335.1,326,327.8,670625,Tata Chemicals
30-10-2017,328.8,333.1,325,326.5,421733,Tata Chemicals
31-10-2017,326.5,329.7,322.2,323.1,582996,Tata Chemicals
01-11-2017,325.8,328.2,320.6,321.9,1985405,Tata Chemicals
02-11-2017,321.9,324.7,314,317,809337,Tata Chemicals
03-11-2017,323.4,323.6,317.9,322,1016413,Tata Chemicals
06-11-2017,323.6,331.7,320.6,323.9,1259063,Tata Chemicals
07-11-2017,330.3,330.3,309.9,313.6,1578645,Tata Chemicals
08-11-2017,313.9,317.4,310.8,313.2,696732,Tata Chemicals
09-11-2017,314.8,319.5,311.5,316.6,658551,Tata Chemicals
10-11-2017,317,319.1,313.1,317.1,535580,Tata Chemicals
13-11-2017,317.5,325.4,315.3,319.5,2241251,Tata Chemicals
14-11-2017,318.3,321.9,314.2,315.5,753274,Tata Chemicals
15-11-2017,313,318.7,310,311.2,483781,Tata Chemicals
16-11-2017,311.7,316.1,310.8,315.1,410367,Tata Chemicals
17-11-2017,315.7,319.7,314.9,316,545351,Tata Chemicals
20-11-2017,317.3,326.8,314.4,326,920050,Tata Chemicals
21-11-2017,328.9,330.6,322.9,324.1,1143184,Tata Chemicals
22-11-2017,325.4,330.1,321.4,324.9,1053876,Tata Chemicals
23-11-2017,326.3,328.9,322.6,325.3,705241,Tata Chemicals
24-11-2017,325.3,328,325,326.4,464839,Tata Chemicals
27-11-2017,326,332.4,325.2,329.4,689871,Tata Chemicals
28-11-2017,330.6,332.8,326.6,327.6,534035,Tata Chemicals
29-11-2017,328.9,329.2,320.1,321.5,382500,Tata Chemicals
30-11-2017,320.9,324.8,316.4,320.4,998280,Tata Chemicals
01-12-2017,321.9,323.7,312.4,314.1,440774,Tata Chemicals
04-12-2017,317,318.7,311.9,315,422208,Tata Chemicals
05-12-2017,315.2,317.7,312.2,315.1,408420,Tata Chemicals
06-12-2017,314.4,316.2,311.5,313.2,562212,Tata Chemicals
07-12-2017,313.5,319.2,313.5,318.8,564879,Tata Chemicals
08-12-2017,320.1,320.8,316.6,317.5,434804,Tata Chemicals
11-12-2017,319.7,326.3,317.5,325.3,965599,Tata Chemicals
12-12-2017,327.9,329.1,319.7,320.7,889494,Tata Chemicals
13-12-2017,320.7,323.7,311.9,313.6,584904,Tata Chemicals
14-12-2017,315.3,317.4,312.7,316.6,340963,Tata Chemicals
15-12-2017,318.3,321,316.2,316.9,382948,Tata Chemicals
18-12-2017,317,320.1,300.3,317.6,513480,Tata Chemicals
19-12-2017,318.3,322.3,318.3,320.5,339666,Tata Chemicals
20-12-2017,321.8,326.2,319.8,322.9,829782,Tata Chemicals
21-12-2017,324.5,326.5,322.3,324.5,477379,Tata Chemicals
22-12-2017,325.8,328.4,322.4,323.9,640764,Tata Chemicals
26-12-2017,323.6,325.9,321.4,322.7,500972,Tata Chemicals
27-12-2017,322.8,328.9,321,324.6,1127030,Tata Chemicals
28-12-2017,325.4,326.4,321.2,322.1,652606,Tata Chemicals
29-12-2017,323.6,324.7,321,322.5,583611,Tata Chemicals
01-01-2018,322.5,324.2,318.8,320.1,186817,Tata Chemicals
02-01-2018,320.5,326.1,314.7,321.9,628104,Tata Chemicals
03-01-2018,328.8,338,325.9,333.3,3451560,Tata Chemicals
04-01-2018,333.5,336.2,330.9,332.6,899967,Tata Chemicals
05-01-2018,333.3,336.3,329.9,334,844578,Tata Chemicals
08-01-2018,335.1,340.4,332.5,338.2,1412638,Tata Chemicals
09-01-2018,339.5,343.9,336.3,337.5,1207526,Tata Chemicals
10-01-2018,338.6,338.9,334.2,336.4,441435,Tata Chemicals
11-01-2018,339.1,344.8,336.4,339.9,1727245,Tata Chemicals
12-01-2018,341.3,343.7,333.1,337.1,1047722,Tata Chemicals
15-01-2018,339.3,341.4,334.8,338,733501,Tata Chemicals
16-01-2018,338.2,339.2,324.6,326.7,698181,Tata Chemicals
17-01-2018,326.7,331.3,317.1,330.5,606200,Tata Chemicals
18-01-2018,332.9,334.2,315.9,321.3,1019204,Tata Chemicals
19-01-2018,322.5,324,316.2,319.5,644579,Tata Chemicals
22-01-2018,321,325.8,317,324.4,837925,Tata Chemicals
23-01-2018,326.3,326.7,320.6,323,380662,Tata Chemicals
24-01-2018,323.6,323.8,318.3,321.5,402364,Tata Chemicals
25-01-2018,321.9,323.7,314.8,316.3,1308813,Tata Chemicals
29-01-2018,317.5,320.7,316.6,317.7,299763,Tata Chemicals
30-01-2018,317.9,318.4,312.8,315.1,303621,Tata Chemicals
31-01-2018,314.7,318.3,312.4,317,926013,Tata Chemicals
01-02-2018,318.2,320.1,311.7,317,1158653,Tata Chemicals
02-02-2018,313.9,314.7,299.9,305.2,1223666,Tata Chemicals
05-02-2018,300.7,308.6,291.9,306.6,886221,Tata Chemicals
06-02-2018,295.9,308.5,290.1,302.5,927501,Tata Chemicals
07-02-2018,307.3,310.5,299.2,300.2,790565,Tata Chemicals
08-02-2018,302.4,313.9,300.3,312.2,1469372,Tata Chemicals
09-02-2018,307.8,311.2,305.1,309,1210510,Tata Chemicals
12-02-2018,310.4,317.1,307,315.5,641361,Tata Chemicals
14-02-2018,317,318.8,313.4,315,777282,Tata Chemicals
15-02-2018,315.2,320.7,313.2,317,946599,Tata Chemicals
16-02-2018,318.3,320.4,310.8,316.9,875430,Tata Chemicals
19-02-2018,317.9,318,309.1,313.2,339606,Tata Chemicals
20-02-2018,313.4,315.2,308.6,310.5,602741,Tata Chemicals
21-02-2018,311.3,312.8,306.7,308.5,752851,Tata Chemicals
22-02-2018,306.4,310.8,305.1,307.2,530302,Tata Chemicals
23-02-2018,308.2,312.4,307.8,311.6,300185,Tata Chemicals
26-02-2018,313.9,316.7,311.8,313.5,351249,Tata Chemicals
27-02-2018,315,315.3,308.9,310.3,557745,Tata Chemicals
28-02-2018,308.5,313.3,307.8,310.7,477028,Tata Chemicals
01-03-2018,310.4,312.4,306.9,308.5,591242,Tata Chemicals
05-03-2018,307.8,308.1,296.7,298.8,684324,Tata Chemicals
06-03-2018,300.3,303.8,296.1,297,601845,Tata Chemicals
07-03-2018,297.1,300.3,295,298.7,731561,Tata Chemicals
08-03-2018,300.7,308.8,294.1,306.5,1086444,Tata Chemicals
09-03-2018,308.5,308.6,300.1,302.9,558095,Tata Chemicals
12-03-2018,305.3,305.5,300.3,304,255384,Tata Chemicals
13-03-2018,302.9,308,302.9,304.8,667251,Tata Chemicals
14-03-2018,304.7,305.7,301.3,303.7,355614,Tata Chemicals
15-03-2018,303.4,306.2,300.4,301.3,485178,Tata Chemicals
16-03-2018,300.7,303.8,298.5,300.7,373392,Tata Chemicals
19-03-2018,299.4,300.9,292.5,294.1,668773,Tata Chemicals
20-03-2018,292.8,298.1,290.1,296.2,571338,Tata Chemicals
21-03-2018,295.8,300.1,294,295,307362,Tata Chemicals
22-03-2018,295,297.1,292.3,293.7,364267,Tata Chemicals
23-03-2018,286.6,295.2,286.6,294.3,333100,Tata Chemicals
26-03-2018,295.4,303.1,291.6,299.2,554915,Tata Chemicals
27-03-2018,298.6,306,298.6,304.5,413012,Tata Chemicals
28-03-2018,304.3,305,297.2,298.6,860375,Tata Chemicals
02-04-2018,301.6,305.9,299.5,304.8,524043,Tata Chemicals
03-04-2018,308.2,318.2,307.6,316,2523908,Tata Chemicals
04-04-2018,318.3,318.3,311.3,312.2,710705,Tata Chemicals
05-04-2018,314.1,321.2,313.9,315.5,893018,Tata Chemicals
06-04-2018,318.1,321,314.4,319.2,536188,Tata Chemicals
09-04-2018,321.9,322.5,317,317.6,911604,Tata Chemicals
10-04-2018,317.9,319.9,316.1,317.8,571327,Tata Chemicals
11-04-2018,317.9,318.4,314,316.6,314432,Tata Chemicals
12-04-2018,316.1,320.9,314.9,319.9,437308,Tata Chemicals
13-04-2018,321.9,323.6,318,320.8,691054,Tata Chemicals
16-04-2018,320.1,326.6,318,325.3,1103099,Tata Chemicals
17-04-2018,327.8,329.4,324.8,325.8,1137927,Tata Chemicals
18-04-2018,328.6,329.3,322.2,324.5,716807,Tata Chemicals
19-04-2018,324.1,327.3,321.4,325.4,752482,Tata Chemicals
20-04-2018,324.7,325.8,321.2,324,282896,Tata Chemicals
23-04-2018,324,324.5,321.6,322.6,250258,Tata Chemicals
24-04-2018,321.4,324.4,319.1,321.6,243718,Tata Chemicals
25-04-2018,321.2,321.8,313.8,316.6,633941,Tata Chemicals
26-04-2018,317.4,321.8,314.9,318.7,1283567,Tata Chemicals
27-04-2018,318.8,327.2,316.8,324.9,637514,Tata Chemicals
30-04-2018,326.7,342.1,326.3,336.7,2393345,Tata Chemicals
02-05-2018,339.5,346.4,333.9,338.3,2105546,Tata Chemicals
03-05-2018,338.2,343,335.4,339.2,1200547,Tata Chemicals
04-05-2018,339.1,347.2,335.1,337.7,1690852,Tata Chemicals
07-05-2018,339.2,339.2,331.9,334.4,633814,Tata Chemicals
08-05-2018,335.5,340.4,334.7,337.9,1111872,Tata Chemicals
09-05-2018,339.5,341.2,336.9,337.4,758225,Tata Chemicals
10-05-2018,337.7,340.6,335.3,338.9,1033867,Tata Chemicals
11-05-2018,339.5,343.4,336.6,342,677906,Tata Chemicals
14-05-2018,346.1,346.7,314.6,342.3,1743792,Tata Chemicals
15-05-2018,340.5,343.2,327,328.2,1184700,Tata Chemicals
16-05-2018,324.5,331,320.5,321.7,554248,Tata Chemicals
17-05-2018,324.1,331.8,321.5,328.4,737879,Tata Chemicals
18-05-2018,328.1,328.6,315.2,317.2,674552,Tata Chemicals
21-05-2018,320.5,334.6,312.6,324,2512885,Tata Chemicals
22-05-2018,323.6,323.6,317.5,320.9,930780,Tata Chemicals
23-05-2018,320.5,323.8,317.1,318.8,955476,Tata Chemicals
24-05-2018,319.1,320.5,311.7,316.4,495597,Tata Chemicals
25-05-2018,316.7,327.3,316.7,324.1,926338,Tata Chemicals
28-05-2018,324.7,329.1,321,326.2,467342,Tata Chemicals
29-05-2018,327.5,327.6,318.4,319.7,305939,Tata Chemicals
30-05-2018,319.2,323.6,317.1,321.1,446845,Tata Chemicals
31-05-2018,321.6,329.8,321.6,326.9,1380216,Tata Chemicals
01-06-2018,329.8,329.8,322.8,324.2,1010232,Tata Chemicals
04-06-2018,325,325.8,319.4,322.8,519306,Tata Chemicals
05-06-2018,321.9,322.7,311.9,320,617860,Tata Chemicals
06-06-2018,321.4,324,317.9,322.2,1152375,Tata Chemicals
07-06-2018,320.6,327.6,319.7,326.2,821173,Tata Chemicals
08-06-2018,325.2,327.8,322.4,325.9,521629,Tata Chemicals
11-06-2018,327.1,330.3,321.7,322.9,528541,Tata Chemicals
12-06-2018,322.3,329.7,321,328.6,515185,Tata Chemicals
13-06-2018,327.3,327.6,322.6,326.9,618396,Tata Chemicals
14-06-2018,326,326.4,323.4,325.9,326626,Tata Chemicals
15-06-2018,325.4,328,321.7,326.1,679782,Tata Chemicals
18-06-2018,326.3,328,321.9,322.9,297608,Tata Chemicals
19-06-2018,322.9,322.9,317.1,319.3,377308,Tata Chemicals
20-06-2018,319.7,323,315.6,321.7,236118,Tata Chemicals
21-06-2018,321,326.2,320.1,321.4,606392,Tata Chemicals
22-06-2018,320.1,321.2,315.3,317.2,542475,Tata Chemicals
25-06-2018,316.6,319.1,315.4,316,293993,Tata Chemicals
26-06-2018,314.4,314.5,307.9,311.6,517118,Tata Chemicals
27-06-2018,311.1,314.3,309.1,311.7,648866,Tata Chemicals
28-06-2018,310.8,311.6,300.9,304,572346,Tata Chemicals
29-06-2018,304.8,309.1,302.1,307.7,348712,Tata Chemicals
02-07-2018,308.6,309.1,300.3,305.2,348521,Tata Chemicals
03-07-2018,303,316.6,302,310.2,678080,Tata Chemicals
04-07-2018,310.2,310.8,304.1,305,358908,Tata Chemicals
05-07-2018,305.4,306.9,301.3,305.7,370107,Tata Chemicals
06-07-2018,304.9,310.6,303.3,309.6,384491,Tata Chemicals
09-07-2018,310.4,315.9,310.4,313.9,557938,Tata Chemicals
10-07-2018,314.8,320.4,311.8,313.2,504671,Tata Chemicals
11-07-2018,312.3,316.1,308,311,651085,Tata Chemicals
12-07-2018,311.9,315.8,311.8,314.7,561134,Tata Chemicals
13-07-2018,317.5,317.5,310.4,311.3,520976,Tata Chemicals
16-07-2018,301.1,301.8,294.1,295.2,530357,Tata Chemicals
17-07-2018,295.3,302.8,292,301.6,462862,Tata Chemicals
18-07-2018,302.5,305.3,292.4,294.3,553527,Tata Chemicals
19-07-2018,294.5,298.8,289.7,294,615433,Tata Chemicals
20-07-2018,295,295.6,290.5,291.1,310769,Tata Chemicals
23-07-2018,291.9,297.5,289.2,295.3,623940,Tata Chemicals
24-07-2018,295.4,301,294.5,295.6,479280,Tata Chemicals
25-07-2018,296.3,299,293.6,296.4,374649,Tata Chemicals
26-07-2018,296.4,300.8,295.2,297.1,582994,Tata Chemicals
27-07-2018,297.2,303.1,297.1,299.6,301600,Tata Chemicals
30-07-2018,299.8,303.8,299,302.1,256631,Tata Chemicals
31-07-2018,301.7,306.1,300.2,303.7,291731,Tata Chemicals
01-08-2018,304.2,305.1,301,302,224066,Tata Chemicals
02-08-2018,302,308.3,298.2,304.3,497811,Tata Chemicals
03-08-2018,304.2,310,302.5,305.6,796655,Tata Chemicals
06-08-2018,306.1,309.1,304.3,305.5,200247,Tata Chemicals
07-08-2018,305.6,306.8,292.9,294.7,999045,Tata Chemicals
08-08-2018,295.4,301.6,293.6,296.1,731186,Tata Chemicals
09-08-2018,297.6,299.3,295.4,297.4,215662,Tata Chemicals
10-08-2018,297.8,299.2,295.4,296.6,425905,Tata Chemicals
13-08-2018,295,300.3,293.4,298,360175,Tata Chemicals
14-08-2018,297.4,301,285.8,298.8,2817869,Tata Chemicals
16-08-2018,299.9,310.8,297.2,306.4,1509612,Tata Chemicals
17-08-2018,309.5,314.7,306,312.1,836929,Tata Chemicals
20-08-2018,315.2,315.4,307.6,310.2,1215007,Tata Chemicals
21-08-2018,312,313.4,308.6,312.3,417098,Tata Chemicals
23-08-2018,313.9,315,309.5,312.6,421081,Tata Chemicals
24-08-2018,313.2,323.2,313.1,321.8,1878469,Tata Chemicals
27-08-2018,324,331,320.5,330.2,1642277,Tata Chemicals
28-08-2018,330.9,333.9,326.7,330.4,1052608,Tata Chemicals
29-08-2018,331,336.2,330.7,334.1,1045933,Tata Chemicals
30-08-2018,332.6,338,328.3,335,1093443,Tata Chemicals
31-08-2018,334,339.4,332.7,334.9,492332,Tata Chemicals
03-09-2018,335.1,344.8,333.3,338.6,1081754,Tata Chemicals
04-09-2018,337.3,337.3,328.2,330.1,972580,Tata Chemicals
05-09-2018,326.8,330.2,323.6,326.7,771705,Tata Chemicals
06-09-2018,327.6,334.6,325.4,328,589823,Tata Chemicals
07-09-2018,327.6,337.2,325.8,335.4,669449,Tata Chemicals
10-09-2018,334.9,336.4,328.5,329.4,366378,Tata Chemicals
11-09-2018,328.6,330.3,324.1,325.4,565374,Tata Chemicals
12-09-2018,323.6,331.2,319.5,329.9,304520,Tata Chemicals
14-09-2018,331.1,333.5,327.3,329.2,376884,Tata Chemicals
17-09-2018,329.1,336.2,326.3,331.1,454647,Tata Chemicals
18-09-2018,331.3,331.8,323.4,326.8,402422,Tata Chemicals
19-09-2018,327.4,329.3,324,325.7,259730,Tata Chemicals
21-09-2018,325.4,328,297.7,324.8,1526712,Tata Chemicals
24-09-2018,323.6,323.6,310,312.1,328221,Tata Chemicals
25-09-2018,312.1,316.4,303.5,313.4,380391,Tata Chemicals
26-09-2018,314,314.3,306.5,308.2,296103,Tata Chemicals
27-09-2018,307.4,308.1,299.5,300.6,560271,Tata Chemicals
28-09-2018,300.7,307.7,297.9,305.3,731534,Tata Chemicals
01-10-2018,307.1,307.1,295.6,304.4,368383,Tata Chemicals
03-10-2018,305.1,306.9,293.7,295.1,507086,Tata Chemicals
04-10-2018,291,296.3,286.8,291.1,363673,Tata Chemicals
05-10-2018,290.6,293.2,284.8,289,389183,Tata Chemicals
08-10-2018,288.8,292.1,278,282.3,718771,Tata Chemicals
09-10-2018,281.3,283.7,274.2,280.3,371254,Tata Chemicals
10-10-2018,278.4,289.7,277.3,286.4,584279,Tata Chemicals
11-10-2018,282.1,286.7,274.7,279.7,705221,Tata Chemicals
12-10-2018,282.2,290.9,281,289.2,416494,Tata Chemicals
15-10-2018,291.4,291.4,282.6,286.5,528471,Tata Chemicals
16-10-2018,289.7,302.9,288.4,298.3,826737,Tata Chemicals
17-10-2018,299,302.7,292.7,295.5,408332,Tata Chemicals
19-10-2018,294.4,298.2,287.7,296.3,302069,Tata Chemicals
22-10-2018,297.2,302,292,295.1,457266,Tata Chemicals
23-10-2018,291.4,298.5,291,296.1,380857,Tata Chemicals
24-10-2018,296.7,299.6,291.6,294.7,442383,Tata Chemicals
25-10-2018,291.7,300.5,288.2,293.9,671366,Tata Chemicals
26-10-2018,292.8,297.6,287.7,295.8,436332,Tata Chemicals
29-10-2018,297.2,303.6,294.4,302.1,558422,Tata Chemicals
30-10-2018,302.5,303.3,297.2,300.3,321099,Tata Chemicals
31-10-2018,300.5,304.2,295.6,302.4,287891,Tata Chemicals
01-11-2018,302.8,306,299.7,303.3,418515,Tata Chemicals
02-11-2018,306.3,314.1,304.5,306.9,643431,Tata Chemicals
05-11-2018,305.5,305.5,294.5,299.9,1102545,Tata Chemicals
06-11-2018,300.4,310.4,300.4,305.9,545326,Tata Chemicals
09-11-2018,310.6,314.2,307.3,308.4,340208,Tata Chemicals
12-11-2018,308.6,311.7,304.3,308.1,287598,Tata Chemicals
13-11-2018,303.6,309.8,300,302.9,539666,Tata Chemicals
14-11-2018,305.1,312.5,303.8,308.4,591858,Tata Chemicals
15-11-2018,308.4,310.2,301.6,303.1,383090,Tata Chemicals
16-11-2018,305.1,307.9,302.5,306.8,245985,Tata Chemicals
19-11-2018,308.1,310.8,305.5,308.6,556542,Tata Chemicals
20-11-2018,309.5,312.2,302.8,304.9,657786,Tata Chemicals
21-11-2018,303.4,305.9,299.5,302,438506,Tata Chemicals
22-11-2018,302.9,311.6,302.9,308.4,632573,Tata Chemicals
26-11-2018,308.6,311.7,304.2,308.3,426092,Tata Chemicals
27-11-2018,307.8,318.7,306.9,312.6,1519838,Tata Chemicals
28-11-2018,313.9,315.5,303.9,305.3,652285,Tata Chemicals
29-11-2018,305.7,310.4,304.2,308.3,863898,Tata Chemicals
30-11-2018,309.9,315.5,304.7,307.5,1367669,Tata Chemicals
03-12-2018,307.4,310,304.8,307.2,333425,Tata Chemicals
04-12-2018,307.3,309.5,300.4,301.3,471713,Tata Chemicals
05-12-2018,300.9,301.4,293.2,293.9,721646,Tata Chemicals
06-12-2018,292.3,297.6,291.3,294.9,778312,Tata Chemicals
07-12-2018,295.4,298.3,291.9,297.1,297103,Tata Chemicals
10-12-2018,294,295.4,288.4,289.7,364643,Tata Chemicals
11-12-2018,287.5,298.6,287.5,296,215086,Tata Chemicals
12-12-2018,296.4,304,296.4,303.3,454245,Tata Chemicals
13-12-2018,304.2,306.4,302,304.4,252164,Tata Chemicals
14-12-2018,305.1,306.8,301.3,303,218535,Tata Chemicals
17-12-2018,302.9,315.6,302.9,311,863343,Tata Chemicals
18-12-2018,312.1,319.5,309.6,315.4,1074991,Tata Chemicals
19-12-2018,315.4,318.6,312.5,313.8,548934,Tata Chemicals
20-12-2018,312,320.7,310,316.4,730329,Tata Chemicals
21-12-2018,317.5,320.1,309.1,310.7,427860,Tata Chemicals
24-12-2018,310.4,316.1,308.2,313.1,373167,Tata Chemicals
26-12-2018,313,314.8,302.8,309.2,461516,Tata Chemicals
27-12-2018,310.8,313.5,307.8,309.4,841680,Tata Chemicals
28-12-2018,311.2,315.2,311.2,312.8,520899,Tata Chemicals
31-12-2018,313.5,317.8,310.8,311.6,704148,Tata Chemicals
01-01-2019,312.2,314.2,310.5,311,348294,Tata Chemicals
02-01-2019,311.7,312.6,307.3,309,763954,Tata Chemicals
03-01-2019,309.3,311.1,304.7,306.2,452769,Tata Chemicals
04-01-2019,306.9,310.7,306.2,307.9,867853,Tata Chemicals
07-01-2019,309.8,311.3,306,308.6,233122,Tata Chemicals
08-01-2019,308.6,310.8,307.3,308.5,232894,Tata Chemicals
09-01-2019,308.7,309.3,305.1,307.4,281106,Tata Chemicals
10-01-2019,306.5,309.1,306.5,308.3,204863,Tata Chemicals
11-01-2019,308.3,308.9,305.8,307.6,169435,Tata Chemicals
14-01-2019,307.3,307.3,304.9,305.6,242412,Tata Chemicals
15-01-2019,306.9,308.2,305.1,306.6,186170,Tata Chemicals
16-01-2019,306.5,309.7,305.6,306.4,238062,Tata Chemicals
17-01-2019,307.8,307.8,304.2,305.6,206158,Tata Chemicals
18-01-2019,304.8,306.8,302.3,305.9,185280,Tata Chemicals
21-01-2019,305.9,307.6,302.2,303.4,236414,Tata Chemicals
22-01-2019,304.7,306,298.7,303.5,311208,Tata Chemicals
23-01-2019,303.3,305.3,299.2,300.4,270584,Tata Chemicals
24-01-2019,299.9,304.3,299,303.9,379049,Tata Chemicals
25-01-2019,302.5,306,299.6,300.9,489577,Tata Chemicals
28-01-2019,299.9,302.3,289.6,291.6,555258,Tata Chemicals
29-01-2019,290.5,295.8,289.4,294.1,398232,Tata Chemicals
30-01-2019,295.8,301.1,293.6,299.9,253234,Tata Chemicals
31-01-2019,298.8,302.4,296.2,297.3,417905,Tata Chemicals
01-02-2019,298.9,299.4,291.9,294.5,398868,Tata Chemicals
04-02-2019,293,294.8,288.8,289.8,418631,Tata Chemicals
05-02-2019,289.8,292.9,282.7,284.7,635609,Tata Chemicals
06-02-2019,273.4,279,258.5,262.1,5454124,Tata Chemicals
07-02-2019,261.9,265.8,259.6,263.7,1746832,Tata Chemicals
08-02-2019,263,266.7,260.6,262,985430,Tata Chemicals
11-02-2019,261.5,263.6,255.7,258,1106212,Tata Chemicals
12-02-2019,257,258.5,249.8,250.9,838047,Tata Chemicals
13-02-2019,251.2,256,247.6,249.1,598605,Tata Chemicals
14-02-2019,248.5,251.1,244.5,249.8,466611,Tata Chemicals
15-02-2019,249.2,249.2,242.5,244.8,570688,Tata Chemicals
18-02-2019,245.1,247.8,242.9,244.6,607985,Tata Chemicals
19-02-2019,245.4,252.5,245.1,249.6,709418,Tata Chemicals
20-02-2019,251.1,252.2,247.9,249.1,273104,Tata Chemicals
21-02-2019,251.1,252.4,248.6,249.5,337895,Tata Chemicals
22-02-2019,248.5,250.9,246,249,417784,Tata Chemicals
25-02-2019,250.3,251.4,247.8,249.8,568359,Tata Chemicals
26-02-2019,248.2,249.8,245.1,246,831737,Tata Chemicals
27-02-2019,246.9,248.9,242.7,245.1,599715,Tata Chemicals
28-02-2019,245.8,247.6,244.5,245.3,862923,Tata Chemicals
01-03-2019,246.9,250.6,246.5,248.9,1056040,Tata Chemicals
05-03-2019,249.6,256.8,249.2,255.4,2496733,Tata Chemicals
06-03-2019,259.3,259.3,253.7,254.4,1336357,Tata Chemicals
07-03-2019,253.5,257.9,250.9,255.9,2312088,Tata Chemicals
08-03-2019,260.1,261,252.6,254.8,1935478,Tata Chemicals
11-03-2019,255.8,260.1,255.7,259.5,1518962,Tata Chemicals
12-03-2019,262.1,262.3,256.6,257.3,1004491,Tata Chemicals
13-03-2019,257,259.7,254.1,255.1,772363,Tata Chemicals
14-03-2019,255.7,257.5,250.9,254.8,843655,Tata Chemicals
15-03-2019,255.7,259.4,254.2,258.3,723120,Tata Chemicals
18-03-2019,258.4,263.6,256.3,260,1074693,Tata Chemicals
19-03-2019,263.2,263.2,258.9,261,633086,Tata Chemicals
20-03-2019,261.4,262,257.2,258.1,356036,Tata Chemicals
22-03-2019,258.3,259.3,253.6,256.2,575026,Tata Chemicals
25-03-2019,256,256.4,251.6,253.4,502864,Tata Chemicals
26-03-2019,254.6,257.9,252.4,257,574463,Tata Chemicals
27-03-2019,257.6,257.9,254.4,257.3,975539,Tata Chemicals
28-03-2019,257.5,259.9,254.9,258.9,601657,Tata Chemicals
29-03-2019,260.4,262.2,255.4,259.6,1474511,Tata Chemicals
01-04-2019,261.9,264.1,256.9,257.5,675754,Tata Chemicals
02-04-2019,257.1,264,257.1,262.5,784210,Tata Chemicals
03-04-2019,264.5,266.3,259.6,260.6,957591,Tata Chemicals
04-04-2019,260.2,268.1,259.3,266.7,1157381,Tata Chemicals
05-04-2019,268.5,269.8,265.1,267.6,939917,Tata Chemicals
08-04-2019,268.3,270.7,265.4,269.8,825462,Tata Chemicals
09-04-2019,269.8,269.9,266.3,268.3,409881,Tata Chemicals
10-04-2019,266.8,271,264.8,269.5,634722,Tata Chemicals
11-04-2019,269,270.6,266.2,267.1,352027,Tata Chemicals
12-04-2019,265.9,269.4,265,267.8,429029,Tata Chemicals
15-04-2019,267.9,271.4,266.5,269.3,329856,Tata Chemicals
16-04-2019,269.6,273.1,269,269.9,375355,Tata Chemicals
18-04-2019,269.9,269.9,260.4,263.5,720334,Tata Chemicals
22-04-2019,263.2,263.2,257.5,259.1,427935,Tata Chemicals
23-04-2019,258.8,260,256.2,257.6,625215,Tata Chemicals
24-04-2019,257.9,258.8,253.9,256.9,650403,Tata Chemicals
25-04-2019,256.6,257.1,251.6,252.3,846268,Tata Chemicals
26-04-2019,253.1,256.7,252.4,255.9,508646,Tata Chemicals
30-04-2019,257,257.3,248.8,254.5,479083,Tata Chemicals
02-05-2019,253.1,258.1,251.3,254.2,382360,Tata Chemicals
03-05-2019,253.5,254.8,243.5,245.4,1964046,Tata Chemicals
06-05-2019,247.8,269.1,247.7,266.8,6516899,Tata Chemicals
07-05-2019,266.3,269.5,261,262.8,1523112,Tata Chemicals
08-05-2019,261.9,265,257.6,260.2,578846,Tata Chemicals
09-05-2019,259.7,263,258,259.7,375776,Tata Chemicals
10-05-2019,260,262.2,259.7,260.1,333536,Tata Chemicals
13-05-2019,260.6,261.3,251.4,253.5,596008,Tata Chemicals
14-05-2019,253.5,256.4,249.3,253.1,519519,Tata Chemicals
15-05-2019,255.1,255.1,244.8,245.5,478228,Tata Chemicals
16-05-2019,247.8,268,243.8,266.1,9149206,Tata Chemicals
17-05-2019,266.3,275.2,264.8,273.3,3411734,Tata Chemicals
20-05-2019,276.1,280,267.6,268.7,1988897,Tata Chemicals
21-05-2019,269.6,272.9,264.2,271.8,1640493,Tata Chemicals
22-05-2019,271.8,277.7,271.8,274.5,1078562,Tata Chemicals
23-05-2019,275.8,278.5,269.4,271.8,603604,Tata Chemicals
24-05-2019,272,277.7,272,277,499812,Tata Chemicals
27-05-2019,277.3,281,276.4,280.3,699736,Tata Chemicals
28-05-2019,280.9,286,278.3,284.6,730089,Tata Chemicals
29-05-2019,285.6,286.5,278.9,280,445031,Tata Chemicals
30-05-2019,280.4,282.4,277.3,279.1,618231,Tata Chemicals
31-05-2019,279.8,281.5,277.1,278.3,899278,Tata Chemicals
03-06-2019,278.7,283.4,277.3,278.1,545320,Tata Chemicals
04-06-2019,279.1,284.4,275.7,278.2,1069302,Tata Chemicals
06-06-2019,276.2,278.9,273,275.1,582988,Tata Chemicals
07-06-2019,273.8,278,273.8,277.1,334864,Tata Chemicals
10-06-2019,277.5,279.7,274.7,276.6,328531,Tata Chemicals
11-06-2019,276,282.6,274.4,280.8,395816,Tata Chemicals
12-06-2019,280.4,280.8,275.6,276.6,484896,Tata Chemicals
13-06-2019,276.8,279.7,275.1,278.4,385216,Tata Chemicals
14-06-2019,276.9,281.3,275.7,276.9,427976,Tata Chemicals
17-06-2019,276.5,278.3,273.4,274.3,478381,Tata Chemicals
18-06-2019,274.2,276.2,272.5,274,282399,Tata Chemicals
19-06-2019,274.7,275.8,266.7,269,680534,Tata Chemicals
20-06-2019,266.8,273.5,263.5,271.6,738839,Tata Chemicals
21-06-2019,269.9,270.9,264.1,267.9,677792,Tata Chemicals
24-06-2019,267.9,271.6,267.4,269.6,587844,Tata Chemicals
25-06-2019,267.9,274.1,265.2,271.5,948616,Tata Chemicals
26-06-2019,271.2,284.1,269.9,277.1,1209388,Tata Chemicals
27-06-2019,278.4,284.4,276.5,282.8,608492,Tata Chemicals
28-06-2019,279.1,279.1,271.9,276.3,1262053,Tata Chemicals
01-07-2019,275.1,276.3,272,273.2,398927,Tata Chemicals
02-07-2019,273.4,276.2,272.6,274,329686,Tata Chemicals
03-07-2019,274.6,277.8,270.3,271.7,649389,Tata Chemicals
04-07-2019,272.7,274.7,271.9,272.5,335538,Tata Chemicals
05-07-2019,273.3,273.7,265,267,283752,Tata Chemicals
08-07-2019,265.4,267,259.6,261,384008,Tata Chemicals
09-07-2019,261,263.7,259.3,261.8,502415,Tata Chemicals
10-07-2019,263.7,265,259.7,262.2,615842,Tata Chemicals
11-07-2019,262.3,264.5,261,262.9,197460,Tata Chemicals
12-07-2019,262.8,265.9,261.2,264.5,404710,Tata Chemicals
15-07-2019,265.8,269,260.7,262.2,1438286,Tata Chemicals
16-07-2019,263,268.1,259.7,267.5,475443,Tata Chemicals
17-07-2019,268.1,271.5,266.5,269.2,507557,Tata Chemicals
18-07-2019,269.4,271.6,264.3,265.7,309556,Tata Chemicals
19-07-2019,267.9,268.5,260.1,261.3,388501,Tata Chemicals
22-07-2019,261.3,265.2,260.1,263.8,267145,Tata Chemicals
23-07-2019,263.8,266.2,261.2,262.7,196451,Tata Chemicals
24-07-2019,262.7,263.6,261,261.6,224189,Tata Chemicals
25-07-2019,261.2,265.1,261.2,263.7,389291,Tata Chemicals
26-07-2019,262.8,264.8,261.2,262.1,280533,Tata Chemicals
29-07-2019,263.7,263.7,253.3,255.1,861481,Tata Chemicals
30-07-2019,253.1,255.3,249.1,252.3,1746467,Tata Chemicals
31-07-2019,250.3,256.7,248.1,254.3,548673,Tata Chemicals
01-08-2019,254.4,256.6,248.3,249.8,438718,Tata Chemicals
02-08-2019,247.4,251.3,243.8,248.1,1444544,Tata Chemicals
05-08-2019,248.1,249.6,241.4,246.8,493739,Tata Chemicals
06-08-2019,244.7,252.6,244.7,251.4,384365,Tata Chemicals
07-08-2019,252.6,252.6,247,248.9,511803,Tata Chemicals
08-08-2019,248,250.5,243.9,248.9,540347,Tata Chemicals
09-08-2019,257,265.4,248.8,250.1,3341498,Tata Chemicals
13-08-2019,251.3,251.4,239.4,243.9,1269481,Tata Chemicals
14-08-2019,242.5,252.5,242.5,248.1,1173920,Tata Chemicals
16-08-2019,245.1,246.9,241.9,245.1,627234,Tata Chemicals
19-08-2019,244.3,248.8,240.9,246.9,703831,Tata Chemicals
20-08-2019,247.1,249.3,244.1,248.5,471148,Tata Chemicals
21-08-2019,247.8,248.1,244.2,245.3,1100002,Tata Chemicals
22-08-2019,245.3,245.3,240,242.7,476573,Tata Chemicals
23-08-2019,241.4,245.6,239.4,243.9,561654,Tata Chemicals
26-08-2019,244.3,247.8,241.5,245.7,657826,Tata Chemicals
27-08-2019,245.7,248.2,243.7,246.8,584007,Tata Chemicals
28-08-2019,247.3,250.4,246.3,249.1,657220,Tata Chemicals
29-08-2019,248.2,253.7,245.7,251.5,940728,Tata Chemicals
30-08-2019,253.5,259.7,249.6,257.6,798746,Tata Chemicals
03-09-2019,255.2,257,253.6,255.6,508673,Tata Chemicals
04-09-2019,254.4,258.4,250.7,252.9,781079,Tata Chemicals
05-09-2019,252.6,257.9,252.5,255.2,273675,Tata Chemicals
06-09-2019,254.8,256.9,253.5,255.5,176482,Tata Chemicals
09-09-2019,255.1,261.2,254.5,259.2,609512,Tata Chemicals
11-09-2019,259.7,262.1,258.5,261,277787,Tata Chemicals
12-09-2019,260.8,261.9,257.7,258.7,1027100,Tata Chemicals
13-09-2019,260,263.5,258.1,263,295974,Tata Chemicals
16-09-2019,260.3,264.9,258.2,259.4,412401,Tata Chemicals
17-09-2019,259.4,259.8,253.4,254.2,304817,Tata Chemicals
18-09-2019,254.3,258.2,253.2,256.5,236826,Tata Chemicals
19-09-2019,255.3,256.9,249.8,250.5,402449,Tata Chemicals
20-09-2019,251.3,263.1,247.4,260.3,723745,Tata Chemicals
23-09-2019,264.5,270.1,260.9,267.2,637319,Tata Chemicals
24-09-2019,275.3,275.3,266.1,267.7,950992,Tata Chemicals
25-09-2019,266.2,267.4,261,265.1,459163,Tata Chemicals
26-09-2019,265.9,269.1,264.6,267.4,444561,Tata Chemicals
27-09-2019,266,269.4,262.3,263,374744,Tata Chemicals
30-09-2019,262.4,263,257.9,259.7,557777,Tata Chemicals
01-10-2019,260.6,264.4,254,256.7,489015,Tata Chemicals
03-10-2019,256.7,260,253.9,258,312626,Tata Chemicals
04-10-2019,256.7,257.5,253.5,254.3,646893,Tata Chemicals
07-10-2019,254.3,255.7,250.5,254.4,397181,Tata Chemicals
09-10-2019,255.2,260.6,254,259.4,226550,Tata Chemicals
10-10-2019,259.5,260.8,254.2,255.2,309118,Tata Chemicals
11-10-2019,256.6,262.6,255.4,261.7,499901,Tata Chemicals
14-10-2019,261.8,263.9,259.1,260.1,262329,Tata Chemicals
15-10-2019,261.8,261.8,256.9,259.3,262653,Tata Chemicals
16-10-2019,260.8,264.1,258,262.1,415404,Tata Chemicals
17-10-2019,262.8,268,260.9,267.3,441556,Tata Chemicals
18-10-2019,267.6,272.9,267.3,270.5,802884,Tata Chemicals
22-10-2019,270.3,276.3,270.3,271.6,387245,Tata Chemicals
23-10-2019,273.3,273.6,267.7,269.1,206913,Tata Chemicals
24-10-2019,269.8,273.8,267.8,270,605567,Tata Chemicals
25-10-2019,271.6,272,267.4,268.8,244921,Tata Chemicals
27-10-2019,268.9,272,268.9,270.5,49233,Tata Chemicals
29-10-2019,271,278.1,269.3,274.5,870445,Tata Chemicals
30-10-2019,279.1,280.7,267.7,270.8,1734604,Tata Chemicals
31-10-2019,272.1,278.7,268.2,276.4,1613498,Tata Chemicals
01-11-2019,278.2,284.3,276.9,279.9,1209304,Tata Chemicals
04-11-2019,281.6,283.9,279.6,280.3,695586,Tata Chemicals
05-11-2019,281.7,285.3,277.2,280.8,949765,Tata Chemicals
06-11-2019,280.9,286.9,280,283.7,583987,Tata Chemicals
07-11-2019,283.9,285.6,283.1,283.9,326444,Tata Chemicals
08-11-2019,284.4,284.8,276.9,278.5,279708,Tata Chemicals
11-11-2019,277.3,281.1,276.9,279.6,450555,Tata Chemicals
13-11-2019,280.4,283,277.5,278.8,716757,Tata Chemicals
14-11-2019,277,280.4,275.4,278.4,326012,Tata Chemicals
15-11-2019,279,282.6,278.7,281.8,458610,Tata Chemicals
18-11-2019,283.1,286.3,283.1,284.6,410641,Tata Chemicals
19-11-2019,286.1,293.5,283.3,284.6,1033322,Tata Chemicals
20-11-2019,284.8,288.5,282.8,285.7,572551,Tata Chemicals
21-11-2019,286.1,286.7,280.9,281.7,443315,Tata Chemicals
22-11-2019,281.7,284.3,279.2,282.4,455715,Tata Chemicals
25-11-2019,282.4,292.5,281.3,291.7,1012526,Tata Chemicals
26-11-2019,291.7,293.8,286.7,289.2,505494,Tata Chemicals
27-11-2019,289.2,293.6,288.6,290.9,692250,Tata Chemicals
28-11-2019,290.1,296.6,289.3,295.9,422148,Tata Chemicals
29-11-2019,295.9,300.6,294.5,298.4,855358,Tata Chemicals
03-12-2019,294.9,295,289.7,291.3,174865,Tata Chemicals
04-12-2019,291.4,294.3,289.1,293.4,151875,Tata Chemicals
05-12-2019,294.1,297.6,291.9,293.6,589375,Tata Chemicals
06-12-2019,294.1,295.2,290,292.7,416366,Tata Chemicals
09-12-2019,293.6,295.4,289.5,292.1,346725,Tata Chemicals
10-12-2019,292.1,292.7,286.1,287.1,340358,Tata Chemicals
11-12-2019,286.6,288.9,283.3,286.4,434771,Tata Chemicals
12-12-2019,286.6,291.5,286.6,290.8,709634,Tata Chemicals
13-12-2019,292.3,298.5,290.1,293.9,1143617,Tata Chemicals
16-12-2019,293.2,297.2,287.7,288.4,258181,Tata Chemicals
17-12-2019,289.7,292.3,288.1,288.7,445629,Tata Chemicals
18-12-2019,289.7,291.5,280.3,284,875403,Tata Chemicals
19-12-2019,282.6,287.9,281.2,286.3,521545,Tata Chemicals
20-12-2019,287.5,294.1,285.9,286.5,1026767,Tata Chemicals
23-12-2019,287.5,296.9,287.5,294.5,1851768,Tata Chemicals
24-12-2019,296.6,301.9,293.6,301,2339084,Tata Chemicals
26-12-2019,302.3,305.1,293.2,294.8,2131166,Tata Chemicals
27-12-2019,296.3,298.5,291,294.3,850160,Tata Chemicals
30-12-2019,295.8,296.2,291.2,293.4,676374,Tata Chemicals
31-12-2019,294.1,299,292.7,294.1,926104,Tata Chemicals
01-01-2020,294.8,296.9,292.4,296,519610,Tata Chemicals
02-01-2020,296.4,297.7,294.3,296.6,578952,Tata Chemicals
03-01-2020,296.6,298.4,293.7,295.4,415545,Tata Chemicals
06-01-2020,293.6,293.6,289.3,290.9,410376,Tata Chemicals
07-01-2020,291.4,296.7,291.4,293.8,610745,Tata Chemicals
08-01-2020,291,295.3,290.2,293.2,394579,Tata Chemicals
09-01-2020,294.5,299.4,294.1,297.9,718119,Tata Chemicals
10-01-2020,297.7,306,297.7,304.1,1558020,Tata Chemicals
13-01-2020,306.4,311.1,305.1,310.7,1121071,Tata Chemicals
14-01-2020,312.2,323.6,311.7,320.4,3016113,Tata Chemicals
15-01-2020,320.6,325.1,317.6,321.9,1098330,Tata Chemicals
16-01-2020,322.7,326.5,319.2,325.3,1062146,Tata Chemicals
17-01-2020,325.3,330.8,323.7,329.5,1252299,Tata Chemicals
20-01-2020,329.3,331.4,325.1,329,882699,Tata Chemicals
21-01-2020,326.7,333.2,326.7,330.4,799303,Tata Chemicals
22-01-2020,330.8,334.9,329,330,762506,Tata Chemicals
23-01-2020,330,335.5,329.8,334.4,571191,Tata Chemicals
24-01-2020,335,336,332.2,333.1,383996,Tata Chemicals
27-01-2020,332.4,334.6,328.9,330.5,508369,Tata Chemicals
28-01-2020,329.8,333.9,329.3,330.2,408669,Tata Chemicals
29-01-2020,331.1,340,331.1,334,887086,Tata Chemicals
30-01-2020,335.4,336.7,332.4,334.2,524562,Tata Chemicals
31-01-2020,335.5,336.1,329.8,331.2,518351,Tata Chemicals
01-02-2020,330.9,334.1,324.1,325.3,405627,Tata Chemicals
03-02-2020,326.6,332,317.2,327,1867055,Tata Chemicals
04-02-2020,330.7,331.6,321.4,324.4,700440,Tata Chemicals
05-02-2020,326.3,336,322.3,330.9,1905139,Tata Chemicals
06-02-2020,332.4,333.5,329.2,332.1,819970,Tata Chemicals
07-02-2020,332.8,339.3,331.5,336.8,1552526,Tata Chemicals
10-02-2020,338.1,338.1,332.7,335.7,352730,Tata Chemicals
11-02-2020,337.4,343.8,333.4,334.3,1128876,Tata Chemicals
12-02-2020,335.1,336.8,333.1,333.6,364940,Tata Chemicals
13-02-2020,333.3,336.5,332,335.4,425579,Tata Chemicals
14-02-2020,333.8,339.5,333.8,338,1175223,Tata Chemicals
17-02-2020,339.1,340.8,330.5,331.9,621265,Tata Chemicals
18-02-2020,332.9,333.8,327.6,330.5,573449,Tata Chemicals
19-02-2020,332.9,338.6,329.9,337.2,742689,Tata Chemicals
20-02-2020,335.5,343.2,335.1,336.7,763089,Tata Chemicals
24-02-2020,335.5,339.4,329.6,330.6,405545,Tata Chemicals
25-02-2020,331.6,332.6,326.4,330.5,2778473,Tata Chemicals
26-02-2020,331.1,331.6,324.5,328,2579106,Tata Chemicals
27-02-2020,329.8,330,319.8,322.7,1964146,Tata Chemicals
28-02-2020,314.6,317.6,309.1,314.8,1827064,Tata Chemicals
02-03-2020,317.1,321.4,307.6,311.1,2381040,Tata Chemicals
03-03-2020,312.6,323.2,309.6,319.4,2400104,Tata Chemicals
04-03-2020,315,339.7,304.4,315,4791542,Tata Chemicals
05-03-2020,317,323,311.4,315,2529553,Tata Chemicals
06-03-2020,310,312,298.3,310.4,1061298,Tata Chemicals
09-03-2020,305,310,294,298.3,1379645,Tata Chemicals
11-03-2020,298.5,304.4,291,295.5,1442173,Tata Chemicals
12-03-2020,289.5,289.5,258.3,265.9,1756140,Tata Chemicals
13-03-2020,250,283.4,235,275.9,2398875,Tata Chemicals
16-03-2020,250,265.5,249,252.1,1466400,Tata Chemicals
17-03-2020,251.1,252.7,235,238.4,980014,Tata Chemicals
18-03-2020,243.1,243.1,223,226.8,1057890,Tata Chemicals
19-03-2020,225,232,210.3,223.1,1572998,Tata Chemicals
20-03-2020,224,236,221.2,229,1559193,Tata Chemicals
23-03-2020,216,231,197,200.7,1115235,Tata Chemicals
24-03-2020,212.1,218.5,197,200.8,2011624,Tata Chemicals
25-03-2020,201.7,213.8,200.5,211,984315,Tata Chemicals
26-03-2020,212.7,234.4,212.7,225.1,1635008,Tata Chemicals
27-03-2020,239.5,242.9,222,224.5,1212347,Tata Chemicals
30-03-2020,224.8,225.8,218,223,824243,Tata Chemicals
31-03-2020,230,230,222.5,223.6,806436,Tata Chemicals
01-04-2020,227.6,235.3,223,224.7,1783621,Tata Chemicals
03-04-2020,229,229.4,216.2,218.6,1474934,Tata Chemicals
07-04-2020,222.9,234.4,222.2,229.8,2137244,Tata Chemicals
08-04-2020,227,239.9,225.6,228.6,1510243,Tata Chemicals
09-04-2020,237.3,239.5,230.7,233.1,1426461,Tata Chemicals
13-04-2020,238,247.2,231.6,237,2327511,Tata Chemicals
15-04-2020,242,252,239,240.1,3193041,Tata Chemicals
16-04-2020,241.4,259.5,240,254.4,6163956,Tata Chemicals
17-04-2020,268.5,268.5,250,254,2680851,Tata Chemicals
20-04-2020,260,260.5,251.5,256.5,2464492,Tata Chemicals
21-04-2020,256,256,246.3,249.4,1465907,Tata Chemicals
22-04-2020,248,251.1,243,249.9,1944553,Tata Chemicals
23-04-2020,253,265,252.6,263.5,2130846,Tata Chemicals
24-04-2020,263.4,273,255.4,270.1,4175820,Tata Chemicals
27-04-2020,275,282.9,274,278.3,2772497,Tata Chemicals
28-04-2020,285.4,296.6,282.2,285.1,4468935,Tata Chemicals
29-04-2020,287,289.3,282.5,285.1,1552564,Tata Chemicals
30-04-2020,290,290,281,282.7,1981296,Tata Chemicals
04-05-2020,279.5,288.7,272.2,281.1,2381558,Tata Chemicals
05-05-2020,287.4,288,276.4,278.3,1011351,Tata Chemicals
06-05-2020,281,295,281,290.6,5394744,Tata Chemicals
07-05-2020,293,299,285,286.1,2665427,Tata Chemicals
08-05-2020,289,291.4,284,288.9,2452886,Tata Chemicals
11-05-2020,289,293.5,288,288.7,870513,Tata Chemicals
12-05-2020,289.8,292,279.8,285,1368156,Tata Chemicals
13-05-2020,298.5,306,291.4,299.8,4185344,Tata Chemicals
14-05-2020,298.7,298.7,290.8,292.7,1151572,Tata Chemicals
15-05-2020,295.9,300.8,288.3,293.2,1951693,Tata Chemicals
18-05-2020,294,294,274.1,276.4,1652566,Tata Chemicals
19-05-2020,281,286.7,278.3,280.4,1422466,Tata Chemicals
20-05-2020,281.6,290.7,281.3,288.9,1483942,Tata Chemicals
21-05-2020,290,290.2,282.5,283.4,1035214,Tata Chemicals
22-05-2020,284,298.9,282.5,295,2854398,Tata Chemicals
26-05-2020,296.2,301.9,296.2,299.5,1285158,Tata Chemicals
27-05-2020,300.4,311.7,299.4,310,2283084,Tata Chemicals
28-05-2020,312,316.2,301.4,304.1,2471224,Tata Chemicals
29-05-2020,303.5,309,301,306.5,1643251,Tata Chemicals
01-06-2020,308,318.8,307,308.5,2003701,Tata Chemicals
02-06-2020,311.9,319.9,310.4,315.5,1847006,Tata Chemicals
03-06-2020,319.7,319.7,311.4,313.9,2210675,Tata Chemicals
04-06-2020,315.4,317.9,309.5,315.5,1154359,Tata Chemicals
05-06-2020,316.6,322.7,315.7,318.4,1564617,Tata Chemicals
08-06-2020,322,324.2,314.5,315.6,1786956,Tata Chemicals
09-06-2020,319.1,319.9,311,312.7,1099217,Tata Chemicals
10-06-2020,314.8,318.2,308.4,311.5,1399424,Tata Chemicals
11-06-2020,312.8,314.7,304.6,306.5,1839745,Tata Chemicals
12-06-2020,293,313.7,293,311.8,1981677,Tata Chemicals
15-06-2020,314,314.8,306.2,307.1,949541,Tata Chemicals
16-06-2020,314,314.8,301.4,305.6,1308544,Tata Chemicals
17-06-2020,305,315.9,304.4,313.5,1591833,Tata Chemicals
18-06-2020,315,319.5,313.5,314.2,1986228,Tata Chemicals
19-06-2020,317,317.1,312,314.3,1284180,Tata Chemicals
22-06-2020,309,316,306.1,310.8,1736753,Tata Chemicals
23-06-2020,313,316,311.1,311.8,1499339,Tata Chemicals
24-06-2020,315.9,319.2,312,313.3,1719377,Tata Chemicals
25-06-2020,313,318.2,309.9,317.3,1167321,Tata Chemicals
26-06-2020,319.5,322.9,314.2,315.2,1167005,Tata Chemicals
29-06-2020,315,316.6,309.1,312.1,618194,Tata Chemicals
30-06-2020,314.2,315.5,309,310.1,486105,Tata Chemicals
01-07-2020,314,314,307.4,308.4,815746,Tata Chemicals
02-07-2020,309.5,312.5,308,309.3,833257,Tata Chemicals
03-07-2020,311.5,313.3,307,308.5,656749,Tata Chemicals
06-07-2020,312,313.7,308.8,309.9,986731,Tata Chemicals
07-07-2020,312.3,321,309.6,311.7,4898897,Tata Chemicals
08-07-2020,320,320,311.3,312.5,4951635,Tata Chemicals
09-07-2020,313,316,306.2,307.1,3272247,Tata Chemicals
10-07-2020,307,307,299,299.6,2997165,Tata Chemicals
13-07-2020,301.7,303.5,297.6,298.4,1804452,Tata Chemicals
14-07-2020,298,307,295,305.7,2451207,Tata Chemicals
15-07-2020,306.7,307.8,295.1,296.2,1745100,Tata Chemicals
16-07-2020,295,300,289.3,298.5,2216406,Tata Chemicals
17-07-2020,298.5,303.3,298.2,299.9,1219753,Tata Chemicals
20-07-2020,303,307.1,300.7,306.3,2269740,Tata Chemicals
21-07-2020,309.5,309.5,300.9,301.6,1351562,Tata Chemicals
22-07-2020,302,306.5,301.5,303.8,1249672,Tata Chemicals
23-07-2020,304,308.9,301.8,307.3,1664957,Tata Chemicals
24-07-2020,306,310.4,300.8,301.6,1419318,Tata Chemicals
27-07-2020,301,305.2,297.1,298.3,1469377,Tata Chemicals
28-07-2020,298.2,302.5,298.2,299.7,1371819,Tata Chemicals
29-07-2020,300.9,314.8,299.7,312.4,3854859,Tata Chemicals
30-07-2020,315,315,307.8,310.1,1958399,Tata Chemicals
31-07-2020,311.3,311.3,303.7,305.7,1441401,Tata Chemicals
03-08-2020,301,301.8,293.3,298.1,1809465,Tata Chemicals
04-08-2020,298.1,303,296,296.7,926366,Tata Chemicals
05-08-2020,297.9,300.8,295.5,297,912129,Tata Chemicals
06-08-2020,298,299,294.4,296.2,1164675,Tata Chemicals
07-08-2020,297.1,304.5,296.2,300.9,1758219,Tata Chemicals
10-08-2020,303.3,305,299.1,301.2,1366678,Tata Chemicals
11-08-2020,302.2,302.6,295.8,297.1,1292967,Tata Chemicals
12-08-2020,295,297.5,292.6,295.9,940734,Tata Chemicals
13-08-2020,299.5,300.9,295.7,296,1026952,Tata Chemicals
14-08-2020,298,300.5,293.2,295,1093691,Tata Chemicals
17-08-2020,298.5,298.7,291.5,292.1,1305171,Tata Chemicals
18-08-2020,294.5,297.4,293.4,296.1,1435708,Tata Chemicals
19-08-2020,298.2,314,296.4,311.1,6391301,Tata Chemicals
20-08-2020,314.5,321.9,314.1,317.3,9029579,Tata Chemicals
21-08-2020,321.4,321.4,314.3,315.4,2838219,Tata Chemicals
24-08-2020,319.9,334.4,316,324.1,11679599,Tata Chemicals
25-08-2020,334,345.9,329.2,333.9,13594386,Tata Chemicals
26-08-2020,337.2,339.7,330.2,334.5,4591174,Tata Chemicals
27-08-2020,335,336.6,328.3,329.3,2475119,Tata Chemicals
28-08-2020,332.5,336.4,326.6,327.9,3256438,Tata Chemicals
31-08-2020,333,333,308.8,312.5,3365944,Tata Chemicals
01-09-2020,313.2,317.1,297.8,310.1,4335965,Tata Chemicals
02-09-2020,310.6,316,307.2,311.5,2372727,Tata Chemicals
03-09-2020,314,317.9,310.3,312.9,2733912,Tata Chemicals
04-09-2020,306,308.4,302.1,303.3,3028986,Tata Chemicals
07-09-2020,303.5,307,294.9,296.9,3307148,Tata Chemicals
08-09-2020,300,300,287.2,289.3,4788679,Tata Chemicals
09-09-2020,287,289.5,281.7,287.4,1956047,Tata Chemicals
10-09-2020,289,293.4,285,288.8,2161794,Tata Chemicals
11-09-2020,289.2,294.8,287.8,293.1,1976097,Tata Chemicals
14-09-2020,294.9,307.7,294.2,303.8,4542530,Tata Chemicals
15-09-2020,304.3,312.9,304.3,306.1,4303284,Tata Chemicals
16-09-2020,306.2,307.2,296.2,301.7,2412037,Tata Chemicals
17-09-2020,300.7,302.3,295.4,298.7,1292118,Tata Chemicals
18-09-2020,300.1,303,288.4,290.3,3220880,Tata Chemicals
21-09-2020,291.7,295,285.1,286.7,3941998,Tata Chemicals
22-09-2020,287.4,290.4,273.5,279.5,1912625,Tata Chemicals
23-09-2020,282.5,300.8,276.1,293.6,5567602,Tata Chemicals
24-09-2020,298.4,300.9,276.9,278.8,7542878,Tata Chemicals
25-09-2020,281.2,293.1,281.2,290.7,2954970,Tata Chemicals
28-09-2020,295.3,300.7,292.6,297.4,2079581,Tata Chemicals
29-09-2020,298.9,307,297,300,3884925,Tata Chemicals
30-09-2020,302,302,296.1,299.5,2821196,Tata Chemicals
01-10-2020,302.5,305.6,300.5,301.6,1583975,Tata Chemicals
05-10-2020,301.6,310.6,299.2,308.1,2588974,Tata Chemicals
06-10-2020,310,311.3,303.2,304.3,2024556,Tata Chemicals
07-10-2020,305.8,305.8,298.5,301,1171809,Tata Chemicals
08-10-2020,301.5,305,299.8,301.8,1234452,Tata Chemicals
09-10-2020,303,304.9,300,301.6,974040,Tata Chemicals
12-10-2020,302.8,303.7,299,300.6,970637,Tata Chemicals
13-10-2020,300,308.7,299.4,307.5,3491360,Tata Chemicals
14-10-2020,309,319.4,309,318.1,10683538,Tata Chemicals
15-10-2020,319,323.5,312.4,318.5,6790951,Tata Chemicals
16-10-2020,315.8,321,314.8,319.7,2243807,Tata Chemicals
19-10-2020,322,326,316.8,318.2,2749105,Tata Chemicals
20-10-2020,315.1,323.6,314.8,321.2,2772348,Tata Chemicals
21-10-2020,322.5,323.7,318,321.5,1636301,Tata Chemicals
22-10-2020,321.5,326,317.5,324,2734398,Tata Chemicals
23-10-2020,323.8,325.5,321,321.9,997430,Tata Chemicals
26-10-2020,321.3,323,317.5,320.2,1634008,Tata Chemicals
27-10-2020,320,325.6,317.8,323.2,2062617,Tata Chemicals
28-10-2020,323.2,325.3,318.6,322.5,1256044,Tata Chemicals
29-10-2020,319,331.5,318.5,326.1,2699835,Tata Chemicals
30-10-2020,313.1,325.9,312.6,322.4,4790336,Tata Chemicals
02-11-2020,320,324,311.5,313.5,2854566,Tata Chemicals
03-11-2020,315.5,315.7,305.7,310.2,1520147,Tata Chemicals
04-11-2020,311.6,312.2,303,306,1350035,Tata Chemicals
05-11-2020,308.6,314.7,307,313.3,1017418,Tata Chemicals
06-11-2020,313.5,320,311.5,317.6,1259253,Tata Chemicals
09-11-2020,318,320.5,314,317.7,948495,Tata Chemicals
10-11-2020,318.7,320,313.7,314.7,871806,Tata Chemicals
11-11-2020,316,320.5,312.5,318.1,1690872,Tata Chemicals
12-11-2020,319.7,327,318.3,325.3,1858691,Tata Chemicals
13-11-2020,326.6,328.7,322.6,324.5,1267172,Tata Chemicals
17-11-2020,324,326.7,318.1,322.1,1507783,Tata Chemicals
18-11-2020,322.9,332.7,321.1,327.4,2775112,Tata Chemicals
19-11-2020,328,359.5,325,353.1,13618212,Tata Chemicals
20-11-2020,360,368.9,351.1,356.4,9266501,Tata Chemicals
23-11-2020,359.2,363,351.1,358.5,2968976,Tata Chemicals
24-11-2020,361,374.4,358.4,367.4,5309131,Tata Chemicals
25-11-2020,373,376.9,363.1,368.1,4214218,Tata Chemicals
26-11-2020,370.1,385,365.4,383.3,4880589,Tata Chemicals
27-11-2020,386.1,397,381.3,392.1,6115382,Tata Chemicals
01-12-2020,392.4,408.5,387,405,5161307,Tata Chemicals
02-12-2020,408.6,430,404,427.4,12177480,Tata Chemicals
03-12-2020,440,464.9,435.4,455.4,23888385,Tata Chemicals
04-12-2020,460,495.5,450.3,490.9,23777698,Tata Chemicals
07-12-2020,505.3,527,498.1,509.1,31264646,Tata Chemicals
08-12-2020,514.5,521.8,501.5,510.5,17221399,Tata Chemicals
09-12-2020,514.5,516.2,507.1,510.7,6313120,Tata Chemicals
10-12-2020,512,514,502.3,511.1,5583730,Tata Chemicals
11-12-2020,511.6,514,504.3,508.2,5031540,Tata Chemicals
14-12-2020,510,513.5,506.2,509.5,3385649,Tata Chemicals
15-12-2020,510.2,511,501.2,503.7,3819810,Tata Chemicals
16-12-2020,504.7,505.7,494.3,498.2,4084107,Tata Chemicals
17-12-2020,496.8,506,491.5,493.8,2878824,Tata Chemicals
18-12-2020,493.9,499,487.4,489.9,3120905,Tata Chemicals
21-12-2020,489.9,491,440.9,460.8,5748216,Tata Chemicals
22-12-2020,452.6,478.2,441.3,475.8,7637385,Tata Chemicals
23-12-2020,476,480.7,471.3,474.1,2809018,Tata Chemicals
24-12-2020,478.6,485.4,473.1,476.2,3224567,Tata Chemicals
28-12-2020,479,483.2,474.1,478.3,2366379,Tata Chemicals
29-12-2020,486,501,479.1,482.8,10626647,Tata Chemicals
30-12-2020,485,485.1,474.2,479.7,2842106,Tata Chemicals
31-12-2020,478.7,483.3,475.2,477.4,1832359,Tata Chemicals
01-01-2021,477.9,482.2,477.1,480,1501968,Tata Chemicals
04-01-2021,484.9,494.4,482.4,489.3,3206596,Tata Chemicals
05-01-2021,488,490.7,482.5,486.6,1724507,Tata Chemicals
06-01-2021,487,504.6,481.7,491.1,7590353,Tata Chemicals
07-01-2021,494,505.5,492.6,498.5,6607905,Tata Chemicals
08-01-2021,504.9,509,496.3,500,4156351,Tata Chemicals
11-01-2021,503.4,504.8,491.1,500.3,2784015,Tata Chemicals
12-01-2021,500,535,496.6,523,15935064,Tata Chemicals
13-01-2021,528.9,551.8,528,542,16661781,Tata Chemicals
14-01-2021,548,554,534.1,536,5733798,Tata Chemicals
15-01-2021,539.8,540,521.2,533.9,6761899,Tata Chemicals
18-01-2021,533.9,535.1,503.8,510.5,5626246,Tata Chemicals
19-01-2021,516.3,531.7,512.4,528.9,5481389,Tata Chemicals
20-01-2021,529.8,543,526.2,536,6082428,Tata Chemicals
21-01-2021,536.7,547,523.7,528.6,6349869,Tata Chemicals
22-01-2021,531.8,537.2,517,519.3,3588732,Tata Chemicals
25-01-2021,524.8,525.6,503.9,507.1,4117136,Tata Chemicals
27-01-2021,508,514.9,489.2,492.9,5431254,Tata Chemicals
28-01-2021,482.9,495.4,481,489.8,3861384,Tata Chemicals
29-01-2021,504,504.7,471.6,475.3,5600660,Tata Chemicals
01-02-2021,481.5,496.7,466,494.1,4358295,Tata Chemicals
02-02-2021,499.5,523.4,497.9,519.6,4910238,Tata Chemicals
03-02-2021,523,528,513.8,517.6,3559483,Tata Chemicals
04-02-2021,517.6,535,513,529.7,4375696,Tata Chemicals
05-02-2021,532,534.6,519,525,2596192,Tata Chemicals
08-02-2021,529.8,540,526,535.8,2779603,Tata Chemicals
09-02-2021,538.5,586.8,534.6,572,19308883,Tata Chemicals
10-02-2021,577.7,577.8,552.6,561.1,7824688,Tata Chemicals
11-02-2021,561,581,558.1,563.1,7590816,Tata Chemicals
12-02-2021,566,569.4,554.3,561,2989444,Tata Chemicals
15-02-2021,565,584,555.7,568.7,6137722,Tata Chemicals
16-02-2021,572,589.9,568.9,583.7,9104300,Tata Chemicals
17-02-2021,584,594.5,575.6,580.4,6047258,Tata Chemicals
18-02-2021,586,599.4,582.2,591.1,7810691,Tata Chemicals
19-02-2021,590.9,628.7,586,618.6,22374011,Tata Chemicals
22-02-2021,626,643,616,637.2,16020738,Tata Chemicals
23-02-2021,643.9,659.5,637.2,654,13630689,Tata Chemicals
24-02-2021,659,677,648.5,672.3,6377043,Tata Chemicals
25-02-2021,680,738,675.8,732.6,24769312,Tata Chemicals
26-02-2021,730,757.5,712.5,739.5,27465351,Tata Chemicals
01-03-2021,750,755,731.8,743.5,8707722,Tata Chemicals
02-03-2021,745,746,723.1,733.7,7804433,Tata Chemicals
03-03-2021,738,782,735.5,776.5,12732034,Tata Chemicals
04-03-2021,764.9,792.1,759.8,772.3,10104938,Tata Chemicals
05-03-2021,774.8,779.4,738,748.6,7005537,Tata Chemicals
08-03-2021,761,777,753.1,768.5,7124305,Tata Chemicals
09-03-2021,775,775.9,751.5,762.8,3961473,Tata Chemicals
10-03-2021,769.5,774.2,763,767,2868563,Tata Chemicals
12-03-2021,774,795,770,783.9,8922262,Tata Chemicals
15-03-2021,790,794.4,765.3,782.3,5671286,Tata Chemicals
16-03-2021,786.9,786.9,770.6,777.2,4118140,Tata Chemicals
17-03-2021,777,777,729.4,733.1,5788155,Tata Chemicals
18-03-2021,743,752.9,705.3,715.2,8695141,Tata Chemicals
19-03-2021,709.3,759,690.2,752.1,18059484,Tata Chemicals
22-03-2021,752,771,743.4,763.8,9238739,Tata Chemicals
23-03-2021,767,774,756.3,766.2,4371135,Tata Chemicals
24-03-2021,759,769.8,734.3,737.7,3847722,Tata Chemicals
25-03-2021,742,744,712,731.1,7066714,Tata Chemicals
26-03-2021,740.5,757.5,735,744.2,5428127,Tata Chemicals
30-03-2021,749.4,761.8,743.1,752.3,4161789,Tata Chemicals
31-03-2021,746,765,743.9,751.8,3557369,Tata Chemicals
01-04-2021,758.8,791.7,755.1,779.1,7295960,Tata Chemicals
05-04-2021,779.9,788,748.5,761.8,5260782,Tata Chemicals
06-04-2021,772,815,760.4,809.1,12743464,Tata Chemicals
07-04-2021,815.3,824.8,805.3,812,7321417,Tata Chemicals
08-04-2021,817,834,813.3,819.5,4903152,Tata Chemicals
09-04-2021,821.5,828,800.1,805.3,4304784,Tata Chemicals
12-04-2021,790,790,744.7,750.3,6113675,Tata Chemicals
13-04-2021,750.5,767.5,739.3,759.2,5478421,Tata Chemicals
15-04-2021,745,760,731,749,4474232,Tata Chemicals
16-04-2021,752.7,773.3,745.7,753.1,5047883,Tata Chemicals
19-04-2021,731,740,718.2,732.2,4114175,Tata Chemicals
20-04-2021,744,749,718.8,724.6,3571306,Tata Chemicals
22-04-2021,712,738.2,711,734.5,4280782,Tata Chemicals
23-04-2021,732,742.9,720.3,726.2,3557549,Tata Chemicals
26-04-2021,731,742,728,733.7,2818442,Tata Chemicals
27-04-2021,739.1,765,733.5,759.7,6234702,Tata Chemicals
28-04-2021,767,777.3,760.1,764.7,5189267,Tata Chemicals
29-04-2021,769.9,777,760.6,763.3,3586133,Tata Chemicals
30-04-2021,758.3,797,750.4,792.5,9213112,Tata Chemicals
03-05-2021,792,793.8,770,783.2,6753977,Tata Chemicals
04-05-2021,750,757.8,704.9,708.6,23262075,Tata Chemicals
05-05-2021,708,715,694.5,698.7,13401236,Tata Chemicals
06-05-2021,700,704,670.6,676.5,9338596,Tata Chemicals
07-05-2021,680,692.4,677.1,679.4,4530655,Tata Chemicals
10-05-2021,685,689.8,681.1,683.8,2631876,Tata Chemicals
11-05-2021,682,709.4,677.1,696.7,7844036,Tata Chemicals
12-05-2021,701.7,735.1,694.6,722.4,10922532,Tata Chemicals
14-05-2021,729.7,733.5,698.4,702.4,5789758,Tata Chemicals
17-05-2021,705.5,713.3,690.4,704.1,3576459,Tata Chemicals
18-05-2021,710,721.6,708.3,714.1,3194827,Tata Chemicals
19-05-2021,714.9,723.9,709.7,712.4,2638010,Tata Chemicals
20-05-2021,715.3,719.3,705.4,707,2222891,Tata Chemicals
21-05-2021,710,716,706.4,707.9,1961840,Tata Chemicals
24-05-2021,710,720.8,699.9,707.3,2863633,Tata Chemicals
25-05-2021,712.4,713.8,698.1,703.5,2183985,Tata Chemicals
26-05-2021,704,705.2,697,699.8,2075398,Tata Chemicals
27-05-2021,703.6,703.8,690.3,691.8,2436381,Tata Chemicals
28-05-2021,693.1,716.5,693.1,708.6,4321419,Tata Chemicals
31-05-2021,711,713.6,701.1,703.9,2490566,Tata Chemicals
01-06-2021,705,716.5,702.2,706.4,2217052,Tata Chemicals
02-06-2021,706,713.7,704.9,711.9,1352949,Tata Chemicals
03-06-2021,713.1,731.5,713.1,727.8,5645617,Tata Chemicals
04-06-2021,732.6,748.9,727.8,746.2,5464935,Tata Chemicals
07-06-2021,753.5,756,746,748.2,3781787,Tata Chemicals
08-06-2021,751,751,731.6,744.2,2277807,Tata Chemicals
09-06-2021,746,760,731.3,738.7,4430473,Tata Chemicals
10-06-2021,742.1,750.9,739.8,748.2,1879289,Tata Chemicals
11-06-2021,749,754.7,743.4,748.5,1717152,Tata Chemicals
14-06-2021,740.8,742.5,716.5,738.3,2526252,Tata Chemicals
15-06-2021,739.9,753.5,738.2,744,2428741,Tata Chemicals
16-06-2021,745,749.5,734.1,737.1,1444777,Tata Chemicals
17-06-2021,732.8,742.4,718.3,725.6,1775728,Tata Chemicals
18-06-2021,732,733.2,696.1,714.8,2878683,Tata Chemicals
21-06-2021,701,720.8,701,718.1,1597788,Tata Chemicals
22-06-2021,722.5,736.2,719.8,723.9,2254491,Tata Chemicals
23-06-2021,724,729.8,713.2,714.9,1813984,Tata Chemicals
24-06-2021,716.5,720,702.9,706,1435054,Tata Chemicals
25-06-2021,710,723.5,708.5,716,1900518,Tata Chemicals
28-06-2021,721.9,728.5,718,721.9,1624567,Tata Chemicals
29-06-2021,725,730.8,716.8,720.6,1521271,Tata Chemicals
30-06-2021,722,729.5,719.3,723.8,1268766,Tata Chemicals
01-07-2021,725,728.9,721.1,723.1,796598,Tata Chemicals
02-07-2021,725,770,722,767.7,13309645,Tata Chemicals
05-07-2021,775,781,761.4,773.5,5598513,Tata Chemicals
06-07-2021,773.3,780.4,754.4,760,2456170,Tata Chemicals
07-07-2021,763.8,772,756.1,770,1797718,Tata Chemicals
08-07-2021,775.3,779.5,755.8,764.3,2349551,Tata Chemicals
09-07-2021,763,776.6,759.1,764.9,1950867,Tata Chemicals
12-07-2021,767.5,791.3,766.5,778.9,4592584,Tata Chemicals
13-07-2021,784,785.1,772.3,783,1901115,Tata Chemicals
14-07-2021,785.1,792.5,775.7,777.3,1952407,Tata Chemicals
15-07-2021,781,781.5,773.1,777.8,978998,Tata Chemicals
16-07-2021,780,785.9,773.1,781,1256613,Tata Chemicals
19-07-2021,778,795.5,769.1,779.7,2775607,Tata Chemicals
20-07-2021,778.5,784.7,755,759.7,2204811,Tata Chemicals
22-07-2021,765.7,767.9,757.4,762.7,1137807,Tata Chemicals
23-07-2021,769,769,752,755.1,975600,Tata Chemicals
26-07-2021,750,766.4,743,758.3,1390129,Tata Chemicals
27-07-2021,760,763.8,739.1,743.6,1181138,Tata Chemicals
28-07-2021,748.6,748.6,729.7,738.8,1728583,Tata Chemicals
29-07-2021,738,754.5,737.7,751.7,1614348,Tata Chemicals
30-07-2021,752.4,770.8,751.2,763.2,2255806,Tata Chemicals
02-08-2021,771,781,766.6,774.7,1643860,Tata Chemicals
03-08-2021,776.2,781.3,769.7,772.3,999181,Tata Chemicals
04-08-2021,775,779.7,760.3,763.5,917071,Tata Chemicals
05-08-2021,767.6,775,754,769.3,1462902,Tata Chemicals
06-08-2021,807.9,844,802.7,823.7,23725308,Tata Chemicals
09-08-2021,828.8,857.8,812.7,846.3,11320092,Tata Chemicals
10-08-2021,848,866,830.6,843.7,8084425,Tata Chemicals
11-08-2021,847.5,862.7,836,859.9,4877031,Tata Chemicals
12-08-2021,863.9,886.4,860.2,875.9,5941940,Tata Chemicals
13-08-2021,880.4,887.8,876,879,2918639,Tata Chemicals
16-08-2021,880.7,891.9,866,871.6,2605354,Tata Chemicals
17-08-2021,874.4,886.9,858.6,865.4,2826322,Tata Chemicals
18-08-2021,870,873,855.1,859.6,1790409,Tata Chemicals
20-08-2021,854,865,831.1,839.4,1839507,Tata Chemicals
23-08-2021,845,853,814.5,822.3,2025363,Tata Chemicals
24-08-2021,826,837.9,821.2,829.9,1759753,Tata Chemicals
25-08-2021,833.5,836,820,822.1,1298473,Tata Chemicals
26-08-2021,818.1,834.5,818.1,826.6,2292653,Tata Chemicals
27-08-2021,830.5,842.4,825.9,829,2867557,Tata Chemicals
30-08-2021,833.7,840,832,834.4,1552884,Tata Chemicals
31-08-2021,837.9,860.8,836.7,844.7,4538227,Tata Chemicals
01-09-2021,848.8,853.9,834,840.7,1752608,Tata Chemicals
02-09-2021,843.7,853.3,841.1,846.5,1487639,Tata Chemicals
03-09-2021,850,853.9,835,841,1532492,Tata Chemicals
06-09-2021,843,846.4,836.3,839.2,864668,Tata Chemicals
07-09-2021,842,844,820.2,823.1,1359443,Tata Chemicals
08-09-2021,825,835.5,813.3,832.3,1726690,Tata Chemicals
09-09-2021,834.8,834.8,821.3,829.3,831574,Tata Chemicals
13-09-2021,829,842.7,827.2,837.3,1639671,Tata Chemicals
14-09-2021,839,842.8,830.9,835.8,819659,Tata Chemicals
15-09-2021,836,862,835.9,858.8,3384102,Tata Chemicals
16-09-2021,865.1,879.8,863.6,865.4,4899479,Tata Chemicals
17-09-2021,868.8,869.9,840.3,844.5,2025904,Tata Chemicals
20-09-2021,840,840,795.5,799.8,2678451,Tata Chemicals
21-09-2021,799.8,809.9,780.1,802,2838627,Tata Chemicals
22-09-2021,805.3,828.7,802.3,825.3,3326873,Tata Chemicals
23-09-2021,832.8,856,827.6,847.2,3624791,Tata Chemicals
24-09-2021,851.9,901.7,851.3,885,11074121,Tata Chemicals
27-09-2021,900,928.7,895,914.8,7817188,Tata Chemicals
28-09-2021,919.8,926.7,900.8,906.4,2952084,Tata Chemicals
29-09-2021,905,937.6,895.2,933.1,3724758,Tata Chemicals
30-09-2021,940.9,945.5,915.4,919.3,3823155,Tata Chemicals
01-10-2021,916.7,928.5,907.2,910.9,1597635,Tata Chemicals
04-10-2021,917,940,908.7,935.8,2679786,Tata Chemicals
05-10-2021,940,952,927.3,931,4403016,Tata Chemicals
06-10-2021,933,980.9,933,962.6,8555640,Tata Chemicals
07-10-2021,979,979,952,959.1,2853274,Tata Chemicals
08-10-2021,965,978.3,954.6,965.7,2624580,Tata Chemicals
11-10-2021,970,987.4,966,968.3,1735386,Tata Chemicals
12-10-2021,970.8,976,946.9,970.8,1873688,Tata Chemicals
13-10-2021,980.3,1144.3,980.3,1107.1,21151990,Tata Chemicals
14-10-2021,1142,1142,1078.2,1084.1,4586953,Tata Chemicals
18-10-2021,1094,1158,1085.7,1094.4,6845528,Tata Chemicals
19-10-2021,1102.6,1121.2,1067,1079.9,4356219,Tata Chemicals
20-10-2021,1080.8,1085.9,1009.1,1033.9,4962360,Tata Chemicals
21-10-2021,1037,1044.2,995.1,1003.8,3169781,Tata Chemicals
22-10-2021,1007,1027.3,984.3,987.7,2702586,Tata Chemicals
25-10-2021,992,1001,953.1,980.6,2218054,Tata Chemicals
26-10-2021,982.7,1014,982.6,1006.6,3183161,Tata Chemicals
27-10-2021,1015.4,1018.5,994.1,997.4,2004692,Tata Chemicals
28-10-2021,960,960,884,891.4,9648852,Tata Chemicals
29-10-2021,895,930,876.5,901.4,4325902,Tata Chemicals
01-11-2021,911,915.5,901.3,905.1,1879146,Tata Chemicals
02-11-2021,909.7,919.1,906.9,910.7,1544886,Tata Chemicals
03-11-2021,911.9,915.6,887.2,896.1,1558072,Tata Chemicals
04-11-2021,903.4,906,900,904.2,260466,Tata Chemicals
08-11-2021,910,927.6,894.4,925.9,2094324,Tata Chemicals
09-11-2021,928.5,954.9,926.2,947.9,3150110,Tata Chemicals
10-11-2021,945,945,933.2,935.1,1038512,Tata Chemicals
11-11-2021,935,946.5,919,925.4,1155179,Tata Chemicals
12-11-2021,930,946.4,927.7,935.9,1193780,Tata Chemicals
15-11-2021,942,948,935,937.5,722956,Tata Chemicals
16-11-2021,940,956,931,934.8,1969045,Tata Chemicals
17-11-2021,933,946.8,930.1,940.7,1143181,Tata Chemicals
18-11-2021,944.7,946.8,915.7,925.4,1447755,Tata Chemicals
22-11-2021,927,931.1,880,892,1590577,Tata Chemicals
23-11-2021,888.9,914.7,880.3,912.3,1681550,Tata Chemicals
24-11-2021,918.7,923.8,897,900.4,1549985,Tata Chemicals
25-11-2021,903.4,911.8,891.9,900.6,1240769,Tata Chemicals
26-11-2021,896,903.5,844.5,853.7,2095768,Tata Chemicals
29-11-2021,853,887.7,828.8,868.7,3134483,Tata Chemicals
30-11-2021,873,892.5,868.7,872.3,1770628,Tata Chemicals
01-12-2021,880.9,887.8,870,883.9,992357,Tata Chemicals
02-12-2021,887.9,905,878,900,1243763,Tata Chemicals
03-12-2021,904,931.2,903.3,910,2571339,Tata Chemicals
06-12-2021,914.8,921,893.2,896.2,1498134,Tata Chemicals
07-12-2021,901.5,914.1,900,909.5,1070496,Tata Chemicals
08-12-2021,915,926.7,912.7,923.9,769754,Tata Chemicals
09-12-2021,928,940.5,918,935.9,1489306,Tata Chemicals
10-12-2021,935.9,952,931.7,940.2,2306800,Tata Chemicals
13-12-2021,949.9,949.9,933.1,935.9,730970,Tata Chemicals
14-12-2021,930.4,940.5,925,933.4,715048,Tata Chemicals
15-12-2021,933,942.9,919.6,921.8,636803,Tata Chemicals
16-12-2021,927.6,929.2,902.1,906.9,739095,Tata Chemicals
17-12-2021,906.9,909.4,878.7,883.6,1265520,Tata Chemicals
20-12-2021,876,876.9,824.2,842.4,1645980,Tata Chemicals
21-12-2021,848,865.2,847.3,856.5,834671,Tata Chemicals
22-12-2021,860,884.7,858.7,882.5,958034,Tata Chemicals
23-12-2021,889.8,894.5,882.9,886.1,640303,Tata Chemicals
24-12-2021,890,892,868.2,872.2,644902,Tata Chemicals
27-12-2021,871.7,883.6,860.4,879.9,508491,Tata Chemicals
28-12-2021,888,909.7,885.2,907.7,1673007,Tata Chemicals
29-12-2021,912.1,914.4,898.1,901,1037054,Tata Chemicals
30-12-2021,905,905.7,882.3,884,823403,Tata Chemicals
31-12-2021,880,897.7,880,894.2,583208,Tata Chemicals
03-01-2022,897,917.4,895.4,914.2,799020,Tata Chemicals
04-01-2022,918.7,919.9,900,909.1,702903,Tata Chemicals
05-01-2022,907.8,918,901.5,915.2,749483,Tata Chemicals
06-01-2022,909.6,916.3,902.6,904.2,696490,Tata Chemicals
07-01-2022,908,929.4,906.2,927.2,1286246,Tata Chemicals
10-01-2022,934,943.8,925.3,939.3,1505658,Tata Chemicals
11-01-2022,935.2,981.7,934,972.2,5039766,Tata Chemicals
12-01-2022,981,1001.9,975.3,993,3612732,Tata Chemicals
13-01-2022,993,1019.4,985.7,1014.1,2721558,Tata Chemicals
14-01-2022,1008.5,1050.3,1002.6,1028.8,3465609,Tata Chemicals
17-01-2022,1027,1034.7,996.8,1029.3,2763467,Tata Chemicals
18-01-2022,1029.9,1042,1000.2,1006,1212958,Tata Chemicals
19-01-2022,1005,1020,985.4,1011.7,1508638,Tata Chemicals
20-01-2022,1005,1016.8,993,998.1,977785,Tata Chemicals
21-01-2022,993.9,997.1,960,965,1180770,Tata Chemicals
24-01-2022,961,962,903.4,912.2,1594186,Tata Chemicals
25-01-2022,903,922.5,888.5,919.3,1080389,Tata Chemicals
27-01-2022,910,915.6,892.1,910.9,1004093,Tata Chemicals
28-01-2022,919,956.6,919,944.1,2235105,Tata Chemicals
31-01-2022,957.9,957.9,931.9,933.8,1533507,Tata Chemicals
01-02-2022,937,956.7,925.6,953.3,1274082,Tata Chemicals
02-02-2022,960,974.8,956.3,966.8,1004642,Tata Chemicals
03-02-2022,965,981,961.5,965.4,1577566,Tata Chemicals
04-02-2022,970,972,950.6,957.7,935679,Tata Chemicals
07-02-2022,960,967.8,946.5,953.2,657299,Tata Chemicals
08-02-2022,957,959.6,916,927.9,1061197,Tata Chemicals
09-02-2022,934.2,973,933.8,967.6,1041919,Tata Chemicals
10-02-2022,971.8,975,956,959.8,1395980,Tata Chemicals
11-02-2022,964,968.9,911.6,914.7,3439322,Tata Chemicals
14-02-2022,895,910,882.7,885.8,1753038,Tata Chemicals
15-02-2022,893,915.7,870,912.7,1913236,Tata Chemicals
16-02-2022,921.9,921.9,898.8,905,1434290,Tata Chemicals
17-02-2022,906,916.9,894,896.9,1133932,Tata Chemicals
18-02-2022,892,902.9,883.6,886.9,731374,Tata Chemicals
21-02-2022,886.8,890.5,872,876.9,1119313,Tata Chemicals
22-02-2022,850,874,850,868.5,1089327,Tata Chemicals
23-02-2022,873.2,882.2,862.1,864.1,704493,Tata Chemicals
24-02-2022,844.3,846.8,781,785.6,2833879,Tata Chemicals
25-02-2022,802,837.5,797,826.4,1964093,Tata Chemicals
28-02-2022,824,846.4,814.5,841.3,1199536,Tata Chemicals
02-03-2022,832.9,859.3,828.1,855.9,1644989,Tata Chemicals
03-03-2022,865.4,898.8,865,889.6,2822048,Tata Chemicals
04-03-2022,885.6,888.7,858.5,861.6,1646850,Tata Chemicals
07-03-2022,844,857.1,831.1,848.8,1213330,Tata Chemicals
08-03-2022,848.1,876.3,841.1,869.9,1399463,Tata Chemicals
09-03-2022,876.8,895,872.2,890.9,995816,Tata Chemicals
10-03-2022,911,925.7,894.9,909.6,2152832,Tata Chemicals
11-03-2022,908.9,929.8,904.1,927.3,1296404,Tata Chemicals
14-03-2022,930.6,938.5,917.5,931.9,1531845,Tata Chemicals
15-03-2022,934.6,940.7,914.1,920.7,960407,Tata Chemicals
16-03-2022,927,944.9,927,938.1,873968,Tata Chemicals
17-03-2022,946,948.4,932.2,939.5,833784,Tata Chemicals
21-03-2022,940,954.9,936.9,939.3,1014336,Tata Chemicals
22-03-2022,939,960,926.1,954.7,1178357,Tata Chemicals
23-03-2022,958,968.8,946.3,962,1470775,Tata Chemicals
24-03-2022,958.5,974.9,951.2,972.7,1826181,Tata Chemicals
25-03-2022,974.7,985.5,967.3,975.1,1421106,Tata Chemicals
28-03-2022,980.4,980.4,951.6,956.7,1383281,Tata Chemicals
29-03-2022,958.7,989.7,958,987.5,1627998,Tata Chemicals
30-03-2022,996.9,997.1,980,983.9,1026192,Tata Chemicals
31-03-2022,983.3,989.8,971,974.4,761235,Tata Chemicals
01-04-2022,975,994.8,974.1,987.2,1154065,Tata Chemicals
04-04-2022,994.7,1009.2,982.3,1002,1261875,Tata Chemicals
05-04-2022,1007.8,1015,999.1,1003.8,1082989,Tata Chemicals
06-04-2022,1000,1017.6,996.1,1000.6,1205753,Tata Chemicals
07-04-2022,1001.5,1010,978,981,692829,Tata Chemicals
08-04-2022,982,1005,982,999.6,676739,Tata Chemicals
11-04-2022,997.9,1021.8,996.2,1006.7,1178976,Tata Chemicals
12-04-2022,1005.1,1006,962,974.7,1178158,Tata Chemicals
13-04-2022,979.6,990,972.4,977,798634,Tata Chemicals
18-04-2022,967,990.7,952.3,988.1,808690,Tata Chemicals
19-04-2022,992.1,1009.1,952,968.6,1149060,Tata Chemicals
20-04-2022,978,985.8,960,970.4,758269,Tata Chemicals
21-04-2022,975,987.7,973,983.1,485694,Tata Chemicals
22-04-2022,980,989,969.6,973.2,816473,Tata Chemicals
25-04-2022,960,965,930.5,936.5,1049248,Tata Chemicals
26-04-2022,949,965,945.2,962.3,705947,Tata Chemicals
27-04-2022,949.6,967.5,944,961.9,600878,Tata Chemicals
28-04-2022,970,970.6,948.7,959.4,560736,Tata Chemicals
29-04-2022,962.3,972.7,935.8,940.2,1180407,Tata Chemicals
02-05-2022,970,1048,970,1033,13562497,Tata Chemicals
04-05-2022,1040.5,1054.2,1026.1,1034.6,4351369,Tata Chemicals
05-05-2022,1041,1070,1038,1046.3,3357200,Tata Chemicals
06-05-2022,1038.8,1049,1027.6,1032.5,1757289,Tata Chemicals
09-05-2022,1020,1025,998.8,1007.1,1497599,Tata Chemicals
10-05-2022,1003,1020,958.4,967.4,1496830,Tata Chemicals
11-05-2022,969.2,994.3,950.1,988.4,2296845,Tata Chemicals
12-05-2022,974.5,980,926.9,935.4,1294615,Tata Chemicals
13-05-2022,946,958,914.3,919.3,1473361,Tata Chemicals
16-05-2022,925,932.6,912.1,921.6,1010872,Tata Chemicals
17-05-2022,927.7,974.1,925.6,971.8,1637953,Tata Chemicals
18-05-2022,974,987.7,964.6,980.4,1334854,Tata Chemicals
19-05-2022,955.1,969.3,944.3,952.1,820520,Tata Chemicals
20-05-2022,969,994.5,964.3,989.2,1455732,Tata Chemicals
23-05-2022,995,995.9,967.1,970.2,811232,Tata Chemicals
24-05-2022,975,982,960.2,964.4,1201622,Tata Chemicals
25-05-2022,970,974.1,918.2,920.6,1039711,Tata Chemicals
26-05-2022,928,939.8,889,932.3,1751250,Tata Chemicals
27-05-2022,939.9,959.9,925.8,934.3,1671471,Tata Chemicals
30-05-2022,949.5,959,942.6,950,1100892,Tata Chemicals
31-05-2022,954,955,942.4,948.5,1644812,Tata Chemicals
01-06-2022,952.4,958.6,938.2,945.3,1016784,Tata Chemicals
02-06-2022,948.7,957.4,945,950.2,1260814,Tata Chemicals
03-06-2022,956.1,956.7,933.1,935.7,862099,Tata Chemicals
06-06-2022,935.7,948.3,924.2,946.6,1066431,Tata Chemicals
07-06-2022,944.9,948,933.6,941.2,807541,Tata Chemicals
08-06-2022,944,953.5,932,936.6,760538,Tata Chemicals
09-06-2022,933.7,943.7,927.2,941.7,552903,Tata Chemicals
10-06-2022,934,948.1,930.6,944.4,489312,Tata Chemicals
13-06-2022,938.8,938.8,900,906.4,848042,Tata Chemicals
14-06-2022,905,927,901.4,908.5,615268,Tata Chemicals
15-06-2022,901.4,909.9,868.1,872.8,2176399,Tata Chemicals
16-06-2022,880,889.5,851,853.8,1346343,Tata Chemicals
17-06-2022,850,855,834.9,838.1,920356,Tata Chemicals
20-06-2022,845,848.5,781.1,793.2,1631418,Tata Chemicals
21-06-2022,805,826,792.6,821.4,1534004,Tata Chemicals
22-06-2022,821,821,791.3,794.3,1590458,Tata Chemicals
23-06-2022,800,807.6,782.1,792.7,951915,Tata Chemicals
24-06-2022,804,810.5,797.4,808,847793,Tata Chemicals
27-06-2022,834.5,834.5,810.6,813.7,1609502,Tata Chemicals
28-06-2022,813,818,803,815,654137,Tata Chemicals
29-06-2022,808,811,803.7,806.8,467974,Tata Chemicals
30-06-2022,805.8,812.1,790,793.4,775514,Tata Chemicals
01-07-2022,791,804.9,773.4,795.4,770388,Tata Chemicals
04-07-2022,800.9,805.7,788.3,803.4,493317,Tata Chemicals
05-07-2022,810.8,814.9,801,803.4,702545,Tata Chemicals
06-07-2022,804.5,814.5,801.9,813.2,677194,Tata Chemicals
07-07-2022,811,824,796.9,819.7,1984221,Tata Chemicals
08-07-2022,827,839,822.3,836.5,1963294,Tata Chemicals
11-07-2022,835,844.5,828.2,843.1,1077720,Tata Chemicals
12-07-2022,839.7,844.7,831.2,835.1,645833,Tata Chemicals
13-07-2022,840,844.3,832.6,837.9,725104,Tata Chemicals
14-07-2022,838,848,835,841.2,950301,Tata Chemicals
15-07-2022,842,856.8,841,854.5,1062779,Tata Chemicals
18-07-2022,862,863.3,856,858.8,536664,Tata Chemicals
19-07-2022,857.8,863.9,853,857.7,595873,Tata Chemicals
20-07-2022,865,870.7,858,862.6,578773,Tata Chemicals
21-07-2022,866.4,879.6,862,876.7,755682,Tata Chemicals
22-07-2022,880,883,868,870.8,572186,Tata Chemicals
25-07-2022,871,896,867.9,892.7,968433,Tata Chemicals
26-07-2022,894,894,869.2,871.7,791497,Tata Chemicals
27-07-2022,869.2,880.8,863.8,878.6,747154,Tata Chemicals
28-07-2022,885,893.9,876.5,890,569107,Tata Chemicals
29-07-2022,901,913,896.4,909.9,1176936,Tata Chemicals
01-08-2022,911,947,910,944.1,1450419,Tata Chemicals
02-08-2022,944.1,949,934.2,943,949852,Tata Chemicals
03-08-2022,946.3,947.6,929.1,938,702899,Tata Chemicals
04-08-2022,939,962,936.3,950.8,1682996,Tata Chemicals
05-08-2022,955.3,957.4,942,948.5,751942,Tata Chemicals
08-08-2022,949,962.4,942.8,957,1140055,Tata Chemicals
10-08-2022,1015,1086.6,1010.1,1074.2,15504357,Tata Chemicals
11-08-2022,1080,1093.7,1066.6,1075.6,2782046,Tata Chemicals
12-08-2022,1070,1160,1068.1,1118.9,10654214,Tata Chemicals
16-08-2022,1126.5,1138,1104.5,1122.5,2577899,Tata Chemicals
17-08-2022,1130,1140,1100,1107.1,1462856,Tata Chemicals
18-08-2022,1103,1122.3,1091,1118.3,2042013,Tata Chemicals
19-08-2022,1127.6,1182.2,1120.1,1124.2,8907831,Tata Chemicals
22-08-2022,1119,1119,1079.2,1087.5,2861331,Tata Chemicals
23-08-2022,1079,1106.8,1063.1,1101.3,3151149,Tata Chemicals
24-08-2022,1108.2,1122.3,1082.7,1095.2,2254878,Tata Chemicals
25-08-2022,1104.8,1112.9,1095.4,1099.8,1126027,Tata Chemicals
26-08-2022,1110.3,1137.4,1104.2,1110.6,2444978,Tata Chemicals
29-08-2022,1051,1137,1051,1132.4,2469682,Tata Chemicals
30-08-2022,1149,1149.7,1123.4,1129.6,1693174,Tata Chemicals
01-09-2022,1123,1144.5,1120.1,1139.1,1390775,Tata Chemicals
02-09-2022,1146,1161.7,1115.9,1119.8,2601751,Tata Chemicals
05-09-2022,1120,1137.8,1114.8,1119.2,1069350,Tata Chemicals
06-09-2022,1126.8,1133,1111.1,1120,1101924,Tata Chemicals
07-09-2022,1121,1134.1,1110.5,1125.2,929641,Tata Chemicals
08-09-2022,1133,1135.1,1111.2,1116.9,870236,Tata Chemicals
09-09-2022,1125,1127.5,1108.8,1113.1,702066,Tata Chemicals
13-09-2022,1174,1194,1158.4,1160.7,4497078,Tata Chemicals
14-09-2022,1148,1169,1140.8,1155.9,1435793,Tata Chemicals
15-09-2022,1161.7,1176.7,1136.3,1170.3,1546094,Tata Chemicals
16-09-2022,1168,1169.8,1091,1105.8,2492742,Tata Chemicals
19-09-2022,1108,1118,1090,1102.8,1199413,Tata Chemicals
20-09-2022,1111,1134.2,1110.1,1113.7,1072438,Tata Chemicals
21-09-2022,1109,1119.9,1090.2,1097.3,860142,Tata Chemicals
22-09-2022,1092.5,1157,1090.6,1150.1,3258442,Tata Chemicals
23-09-2022,1154.9,1161.5,1126.6,1134.4,2377503,Tata Chemicals
26-09-2022,1121,1127.5,1031.7,1063.4,4692089,Tata Chemicals
27-09-2022,1067.2,1077.1,1035,1067.2,2046370,Tata Chemicals
28-09-2022,1053,1066.7,1042.2,1048,1042615,Tata Chemicals
29-09-2022,1076,1125,1071.2,1093,5790446,Tata Chemicals
30-09-2022,1088,1110,1048.6,1104.8,2948687,Tata Chemicals
03-10-2022,1098,1131.9,1082.4,1093.7,3073292,Tata Chemicals
04-10-2022,1111,1149.7,1106.8,1141,3217331,Tata Chemicals
06-10-2022,1149,1154.4,1138.2,1147.9,2074065,Tata Chemicals
07-10-2022,1144,1189.5,1140,1181.8,4737463,Tata Chemicals
10-10-2022,1169.9,1214,1160.8,1199.7,5201365,Tata Chemicals
11-10-2022,1207,1214.9,1159.7,1164.4,2871961,Tata Chemicals
12-10-2022,1170.2,1173,1146.5,1163,2138197,Tata Chemicals
13-10-2022,1165,1170.7,1138.3,1151.9,1477297,Tata Chemicals
14-10-2022,1175,1177.3,1140.8,1143.7,1255257,Tata Chemicals
17-10-2022,1144,1168,1130,1162,1658559,Tata Chemicals
18-10-2022,1170.1,1180,1153.5,1166.5,1828207,Tata Chemicals
19-10-2022,1170,1171.2,1155.8,1164.3,1282883,Tata Chemicals
20-10-2022,1163,1163.8,1147,1158.2,725540,Tata Chemicals
21-10-2022,1161.9,1167.9,1137.1,1143.5,1002594,Tata Chemicals
25-10-2022,1160.1,1186,1151,1180.7,1667372,Tata Chemicals
27-10-2022,1184.5,1199.9,1173,1188.2,2008073,Tata Chemicals
28-10-2022,1181.1,1186.8,1125.1,1132,6601985,Tata Chemicals
31-10-2022,1136,1149,1124.7,1132.8,1926174,Tata Chemicals
01-11-2022,1138.5,1150.6,1133.6,1142.2,1605249,Tata Chemicals
02-11-2022,1147,1158,1130,1132.8,1232415,Tata Chemicals
03-11-2022,1132,1141.9,1125.2,1131.5,1089567,Tata Chemicals
04-11-2022,1137.2,1140.1,1108.5,1123.4,1371711,Tata Chemicals
07-11-2022,1125,1145.4,1121,1122.4,1348034,Tata Chemicals
09-11-2022,1129,1136,1108,1112,1268573,Tata Chemicals
10-11-2022,1113,1117,1066.1,1070.3,1892318,Tata Chemicals
11-11-2022,1085,1090.9,1065,1067.5,901885,Tata Chemicals
14-11-2022,1072.9,1072.9,1056.6,1065.3,673296,Tata Chemicals
15-11-2022,1070.6,1074.3,1052.7,1057.2,717692,Tata Chemicals
16-11-2022,1053,1064.2,1038.1,1049.2,862086,Tata Chemicals
17-11-2022,1048,1051.6,1032,1036.2,644347,Tata Chemicals
18-11-2022,1038.8,1042,997,1015.8,1510831,Tata Chemicals
21-11-2022,1015.8,1044.5,1009.1,1036.3,1300208,Tata Chemicals
22-11-2022,1039.5,1042.9,1031.3,1039.2,549767,Tata Chemicals
23-11-2022,1042.9,1046.8,1024.2,1028.5,829776,Tata Chemicals
24-11-2022,1031.8,1036.8,1019.6,1023.8,660819,Tata Chemicals
25-11-2022,1027.1,1040.3,1024.6,1032.1,636738,Tata Chemicals
28-11-2022,1034.3,1043.3,1032.1,1038.9,590946,Tata Chemicals
29-11-2022,1040,1044.1,1025,1028.2,529315,Tata Chemicals
30-11-2022,1030,1042.9,1029.2,1035.5,735398,Tata Chemicals
01-12-2022,1041,1059,1037.1,1048.7,1169027,Tata Chemicals
02-12-2022,1048,1053,1031.1,1039.4,1021911,Tata Chemicals
05-12-2022,1044.1,1071.5,1039.8,1056.7,1495223,Tata Chemicals
06-12-2022,1055,1060.6,1041,1043.2,1047006,Tata Chemicals
07-12-2022,1046.3,1047.7,1021.7,1029.5,683379,Tata Chemicals
08-12-2022,1032.5,1049,1026,1046.3,747048,Tata Chemicals
09-12-2022,1050,1057,1026.3,1033.8,770753,Tata Chemicals
12-12-2022,1033,1039.5,1025.3,1034.2,633628,Tata Chemicals
13-12-2022,1034.9,1045.5,1032.2,1033.7,535565,Tata Chemicals
14-12-2022,1038,1044.9,1035,1036.5,706162,Tata Chemicals
15-12-2022,1039.2,1043,1022.1,1026.7,545640,Tata Chemicals
16-12-2022,1025.8,1025.8,985.7,991.5,1758284,Tata Chemicals
19-12-2022,992.5,997.9,968.8,988.7,1640959,Tata Chemicals
20-12-2022,990.7,991.1,968.4,979,856249,Tata Chemicals
21-12-2022,985.2,996.5,961,965.6,1035557,Tata Chemicals
22-12-2022,970.5,975,933.1,940.3,1218644,Tata Chemicals
23-12-2022,933.9,937.1,889.1,891.7,1406373,Tata Chemicals
26-12-2022,897,916.2,876.8,906.8,836992,Tata Chemicals
27-12-2022,911.4,923.8,909.2,918.4,968330,Tata Chemicals
28-12-2022,922.5,939.4,915.6,933.2,1018813,Tata Chemicals
29-12-2022,928,935,922,928.6,918301,Tata Chemicals
30-12-2022,931.6,947,930.8,937.2,874888,Tata Chemicals
02-01-2023,941.9,943.7,930.2,941.4,745481,Tata Chemicals
03-01-2023,945,948.6,938.2,941.7,498529,Tata Chemicals
04-01-2023,942,943.9,926.1,931.7,728111,Tata Chemicals
05-01-2023,934.7,946.3,925.9,942.2,835241,Tata Chemicals
06-01-2023,942.2,956,938.5,948.3,1100983,Tata Chemicals
09-01-2023,950,960.9,947.5,958.3,653230,Tata Chemicals
10-01-2023,959.2,972.4,953.2,968.6,933245,Tata Chemicals
11-01-2023,973,975,962.4,967.8,643479,Tata Chemicals
12-01-2023,971.8,978.6,969,973.3,593507,Tata Chemicals
13-01-2023,974,976,964.1,974.6,390146,Tata Chemicals
16-01-2023,976.6,981.8,969.5,970.4,356574,Tata Chemicals
17-01-2023,975.3,989.2,970.4,987.2,885830,Tata Chemicals
18-01-2023,991.6,1000.5,988.4,999,734651,Tata Chemicals
19-01-2023,997,999,978.3,980.5,598387,Tata Chemicals
20-01-2023,981,987.7,973,975.9,418246,Tata Chemicals
23-01-2023,975.9,978.7,971.2,977.2,290614,Tata Chemicals
24-01-2023,977.2,984,967.1,971.8,444221,Tata Chemicals
25-01-2023,970,970,948.4,950.4,623055,Tata Chemicals
27-01-2023,954.7,960.3,929.4,945,648243,Tata Chemicals
30-01-2023,945,960.7,936.4,955.4,549412,Tata Chemicals
31-01-2023,958,979,955,973.4,759060,Tata Chemicals
01-02-2023,980,985.1,942.5,956.2,1175811,Tata Chemicals
02-02-2023,948.1,986.8,912,967.3,2772046,Tata Chemicals
03-02-2023,968.6,999,961.1,970,1424837,Tata Chemicals
06-02-2023,970,1010,967.1,1006.7,1203295,Tata Chemicals
07-02-2023,1011.8,1040,1003.2,1031,2630267,Tata Chemicals
08-02-2023,1032,1041.3,1011.5,1029.4,1004359,Tata Chemicals
09-02-2023,1021,1036,1010.8,1012.6,661402,Tata Chemicals
10-02-2023,1013.2,1026.2,1004,1020.3,724694,Tata Chemicals
13-02-2023,1020.7,1028,1009.4,1017.3,560147,Tata Chemicals
14-02-2023,1019,1023.7,1007.3,1010,386474,Tata Chemicals
15-02-2023,1010,1019.9,1004.1,1010.7,626181,Tata Chemicals
16-02-2023,1013,1035,1011.1,1024.9,1129579,Tata Chemicals
17-02-2023,1024.1,1033.4,1015.6,1018.9,466079,Tata Chemicals
20-02-2023,1020.7,1025.7,1004.5,1011,598142,Tata Chemicals
21-02-2023,1012,1018,998,1000.3,574836,Tata Chemicals
22-02-2023,1000.3,1001.6,958.6,965.2,1803876,Tata Chemicals
23-02-2023,969,989.9,962.3,972.9,1070215,Tata Chemicals
24-02-2023,978,984.7,968.5,972.1,839873,Tata Chemicals
27-02-2023,972,984.5,961.1,974.9,1644171,Tata Chemicals
28-02-2023,976,981,965.2,975,715101,Tata Chemicals
01-03-2023,972,999,972,994.5,610565,Tata Chemicals
02-03-2023,997,998.2,984.9,989.1,576642,Tata Chemicals
03-03-2023,990.1,1013,989.1,1008,949753,Tata Chemicals
06-03-2023,1011,1012,999.6,1002.1,775814,Tata Chemicals
08-03-2023,1001.8,1016,992.1,1010.8,632362,Tata Chemicals
09-03-2023,1011,1015.9,990.7,993.3,595044,Tata Chemicals
10-03-2023,988,989.9,970.8,980.8,534453,Tata Chemicals
13-03-2023,980,985.1,961.3,965.2,639656,Tata Chemicals
14-03-2023,967.7,975,954,966.5,618342,Tata Chemicals
15-03-2023,977,983.5,960,963.3,340658,Tata Chemicals
16-03-2023,966,966,943.3,958.5,634780,Tata Chemicals
17-03-2023,963.4,969.6,957.5,963.1,581953,Tata Chemicals
20-03-2023,962.4,962.4,934.3,950.4,698608,Tata Chemicals
21-03-2023,951,957.7,948,953.2,366923,Tata Chemicals
22-03-2023,953,965.8,951.3,961.5,350721,Tata Chemicals
23-03-2023,960,971.9,952.1,968.1,657902,Tata Chemicals
24-03-2023,964,970,950,954,572686,Tata Chemicals
27-03-2023,954,960.7,948.2,955.1,372570,Tata Chemicals
28-03-2023,956.5,960.2,950.4,953.8,498770,Tata Chemicals
29-03-2023,953.8,961,945,954.8,608017,Tata Chemicals
31-03-2023,959.6,981.1,958.1,972.5,689153,Tata Chemicals
03-04-2023,980,983,973.1,977.2,399269,Tata Chemicals
05-04-2023,975.1,977,959.3,975.6,479875,Tata Chemicals
06-04-2023,975.7,990,972.4,989.2,393374,Tata Chemicals
10-04-2023,994,1004.8,985,1003.7,647601,Tata Chemicals
11-04-2023,1008,1018.5,1002.6,1016.8,620280,Tata Chemicals
12-04-2023,1018,1027,1012.1,1020.7,587158,Tata Chemicals
13-04-2023,1020,1029,1016.5,1026.2,468566,Tata Chemicals
17-04-2023,1022,1029.9,986.7,990.9,608548,Tata Chemicals
18-04-2023,980,980,926.1,932.1,6210562,Tata Chemicals
19-04-2023,934,939.9,921.7,933.4,1912439,Tata Chemicals
20-04-2023,930.2,945.5,927,942.7,1395931,Tata Chemicals
21-04-2023,945.6,948.8,937.5,944.5,835643,Tata Chemicals
24-04-2023,947,949.4,942.9,948.5,460973,Tata Chemicals
25-04-2023,951,954.5,941.5,944.4,728106,Tata Chemicals
26-04-2023,944,948.9,930,931.6,1074739,Tata Chemicals
27-04-2023,934.9,945.3,929.1,943.7,710930,Tata Chemicals
28-04-2023,948,959,944,952.7,737346,Tata Chemicals
02-05-2023,955.3,987.9,954.6,972,1373516,Tata Chemicals
03-05-2023,972,996.9,969,993.1,1096572,Tata Chemicals
04-05-2023,1000,1017.9,970,982.3,3686017,Tata Chemicals
05-05-2023,987.1,987.3,958,959.5,1526091,Tata Chemicals
08-05-2023,965,973.9,960.5,970,859127,Tata Chemicals
09-05-2023,972.7,979,964,965.9,842765,Tata Chemicals
10-05-2023,972.1,976.4,963.6,974.5,902870,Tata Chemicals
11-05-2023,977,990,975.6,988.6,974505,Tata Chemicals
12-05-2023,991,995.9,982.2,985.2,719326,Tata Chemicals
15-05-2023,989.9,993.7,979.2,990.1,422352,Tata Chemicals
16-05-2023,994,996,975,976.8,452542,Tata Chemicals
17-05-2023,980,984.6,966.6,982.1,779613,Tata Chemicals
18-05-2023,988,992.5,980.1,984.7,683500,Tata Chemicals
19-05-2023,989.4,991,974.4,984.2,845534,Tata Chemicals
22-05-2023,987,994,975.5,987.2,667367,Tata Chemicals
23-05-2023,987,994,980,981.9,627065,Tata Chemicals
24-05-2023,984.2,998.7,975,987.1,728156,Tata Chemicals
25-05-2023,988.5,989.7,946.1,956.7,1620350,Tata Chemicals
26-05-2023,960,972.3,955,970.3,702059,Tata Chemicals
29-05-2023,972.3,975.9,967.7,971.9,456813,Tata Chemicals
30-05-2023,974.4,975,963.5,969.1,477951,Tata Chemicals
31-05-2023,971,972.5,964,970.6,710320,Tata Chemicals
01-06-2023,972,976.9,966.2,969,414830,Tata Chemicals
02-06-2023,970,979.4,968,969.8,516827,Tata Chemicals
05-06-2023,979.6,1018,976.9,995.6,5155439,Tata Chemicals
06-06-2023,1000,1007.1,988.8,993.8,966295,Tata Chemicals
07-06-2023,997.5,1000,991.3,994.8,485131,Tata Chemicals
08-06-2023,999,1015,997.1,1003.3,1389967,Tata Chemicals
09-06-2023,1004,1008.1,981.2,986,959079,Tata Chemicals
12-06-2023,990,991.9,983.2,987.8,601656,Tata Chemicals
13-06-2023,990,1006,989.1,1000.1,1236924,Tata Chemicals
14-06-2023,974,981.9,957.9,978,3249390,Tata Chemicals
15-06-2023,969,970.8,953.5,958.5,3592424,Tata Chemicals
16-06-2023,959,972.8,956,971,1397816,Tata Chemicals
19-06-2023,972.4,980,967.8,978.5,1155057,Tata Chemicals
20-06-2023,980,986,974.1,983.5,1267022,Tata Chemicals
21-06-2023,988.5,999,977.2,997.2,1757441,Tata Chemicals
22-06-2023,1003.5,1009.8,992.2,1004.6,1685291,Tata Chemicals
23-06-2023,1008.9,1009,976.4,980.1,1289496,Tata Chemicals
26-06-2023,982,997,970.1,994,962543,Tata Chemicals
27-06-2023,994,1020,994,1006.3,2034613,Tata Chemicals
28-06-2023,1010,1015.7,993.1,996.3,1118507,Tata Chemicals
30-06-2023,1002,1007.5,993.1,1001.4,892662,Tata Chemicals
03-07-2023,1004,1016.5,1001,1008.1,817032,Tata Chemicals
04-07-2023,1010.6,1029,1004.9,1006.9,2029338,Tata Chemicals
05-07-2023,1010,1016.5,1003.6,1007.4,612300,Tata Chemicals
06-07-2023,1009.4,1018,1004.7,1012.8,566109,Tata Chemicals
07-07-2023,1014.1,1026,995.5,1002.2,1235538,Tata Chemicals
10-07-2023,1006,1007,981.8,996.3,1102693,Tata Chemicals
11-07-2023,998,999,986,992.3,938584,Tata Chemicals
12-07-2023,993.2,998.2,982,983.5,827540,Tata Chemicals
13-07-2023,987.4,990.5,971.4,977,908833,Tata Chemicals
14-07-2023,979,990.6,977,983.5,935472,Tata Chemicals
17-07-2023,986.9,995.8,984,993.7,795781,Tata Chemicals
18-07-2023,994,1006,990.3,997.9,961824,Tata Chemicals
19-07-2023,996,1004.8,993,997.8,520288,Tata Chemicals
20-07-2023,1001.8,1001.8,990.5,994.5,565418,Tata Chemicals
21-07-2023,992.9,994,978.6,987.7,628105,Tata Chemicals
24-07-2023,990,997,987,990.5,591437,Tata Chemicals
25-07-2023,994.5,995,975,977.1,1065233,Tata Chemicals
26-07-2023,977.1,1002,977.1,998.2,1543349,Tata Chemicals
27-07-2023,1003.2,1006,986.2,993.7,1019601,Tata Chemicals
28-07-2023,999,1054,997.5,1051.1,5379672,Tata Chemicals
31-07-2023,1060.3,1071.8,1051.1,1059.4,1732206,Tata Chemicals
01-08-2023,1064.2,1083.6,1059.5,1072.9,1489507,Tata Chemicals
02-08-2023,1060,1060,1027.1,1041.4,1742065,Tata Chemicals
03-08-2023,1040,1046.9,1030.1,1039.5,643369,Tata Chemicals
04-08-2023,1046.5,1058.8,1042.3,1047.5,905449,Tata Chemicals
07-08-2023,1055.1,1062,1035.1,1039.2,704409,Tata Chemicals
08-08-2023,1010,1032,1002.3,1010.4,2803220,Tata Chemicals
09-08-2023,1009,1014.2,987.4,1010.2,2504277,Tata Chemicals
10-08-2023,1012,1015.9,1003.9,1008.1,694086,Tata Chemicals
11-08-2023,1009,1017.1,1002,1005.7,821837,Tata Chemicals
14-08-2023,1006,1007,988.2,1001.7,650309,Tata Chemicals
16-08-2023,999.5,1000.4,988.5,990.7,556999,Tata Chemicals
17-08-2023,992.6,1000,988.5,991.4,704109,Tata Chemicals
18-08-2023,992.7,1002,982,998.5,694939,Tata Chemicals
21-08-2023,998.5,1006,996.2,1001.1,583175,Tata Chemicals
22-08-2023,1007,1008,1000,1004,426545,Tata Chemicals
23-08-2023,1009,1015.9,1003.5,1004.7,633794,Tata Chemicals
24-08-2023,1010.1,1017.4,1004.2,1015.7,575632,Tata Chemicals
25-08-2023,1017,1021,1000,1011.3,1015895,Tata Chemicals
28-08-2023,1015,1041,1005.8,1035.8,1955741,Tata Chemicals
29-08-2023,1041,1077,1040,1066.9,3555138,Tata Chemicals
30-08-2023,1077,1079.9,1056.8,1059.7,907511,Tata Chemicals
31-08-2023,1063.6,1072,1052.6,1061.5,628121,Tata Chemicals
01-09-2023,1065,1076,1061.8,1071.2,591330,Tata Chemicals
04-09-2023,1075.2,1098,1070.5,1089.8,1378530,Tata Chemicals
05-09-2023,1096.3,1110.9,1092.2,1103.8,1233591,Tata Chemicals
06-09-2023,1106,1107,1078.2,1090.1,642702,Tata Chemicals
07-09-2023,1095,1096.2,1078.2,1086.2,665262,Tata Chemicals
08-09-2023,1086.2,1094.3,1081.6,1085.3,473019,Tata Chemicals
11-09-2023,1086,1098,1080.1,1085.9,511237,Tata Chemicals
12-09-2023,1085.9,1090.9,1043,1046.1,868126,Tata Chemicals
13-09-2023,1050,1063.1,1038.1,1052.9,745777,Tata Chemicals
14-09-2023,1059,1077.2,1057.3,1074.6,610424,Tata Chemicals
15-09-2023,1077,1081.5,1063.4,1070.5,646144,Tata Chemicals
18-09-2023,1070.1,1071.1,1056.2,1057.9,337323,Tata Chemicals
20-09-2023,1056.2,1056.2,1039.3,1047.8,591699,Tata Chemicals
21-09-2023,1047.8,1050.5,1030.1,1034.8,618526,Tata Chemicals
22-09-2023,1039,1039.6,1022.1,1035.8,486756,Tata Chemicals
25-09-2023,1042,1048.4,1034,1045.3,612625,Tata Chemicals
26-09-2023,1045.3,1049.5,1035.1,1037,268848,Tata Chemicals
27-09-2023,1042,1050,1035.9,1043.5,461560,Tata Chemicals
28-09-2023,1036,1049.8,1011.7,1016.2,622778,Tata Chemicals
29-09-2023,1021,1038.7,1018.8,1031.2,340818,Tata Chemicals
03-10-2023,1033,1033,1022.1,1025.1,227220,Tata Chemicals
04-10-2023,1024.9,1024.9,1000,1011.3,457424,Tata Chemicals
05-10-2023,1018.9,1025,1006,1009.3,286411,Tata Chemicals
06-10-2023,1012,1014.8,1005.3,1012.8,348344,Tata Chemicals
09-10-2023,1005,1011,996.4,1004.4,405937,Tata Chemicals
10-10-2023,1008,1023,1008,1016.8,366136,Tata Chemicals
11-10-2023,1042,1063,1033,1036.1,2758083,Tata Chemicals
12-10-2023,1043,1043,1030,1038.9,465767,Tata Chemicals
13-10-2023,1036,1045.6,1027,1035.1,409241,Tata Chemicals
16-10-2023,1034.9,1050,1032,1040.9,583658,Tata Chemicals
17-10-2023,1045.1,1051,1042,1045.3,536501,Tata Chemicals
18-10-2023,1047,1050.7,1032.3,1044.3,976236,Tata Chemicals
19-10-2023,1044,1044,1019.7,1031.3,734831,Tata Chemicals
20-10-2023,1025,1034.2,1010,1011.7,588202,Tata Chemicals
23-10-2023,1014,1017.2,975.1,978.5,825192,Tata Chemicals
25-10-2023,980,992,962,963.6,729081,Tata Chemicals
26-10-2023,962,963,935,940.7,1061128,Tata Chemicals
27-10-2023,951.8,959.8,947.1,955.8,404416,Tata Chemicals
30-10-2023,955,961,948.5,950.5,406988,Tata Chemicals
31-10-2023,958,964.8,952,959.2,432972,Tata Chemicals
01-11-2023,958.5,960,949,950.4,363571,Tata Chemicals
02-11-2023,956,960.5,953.3,959.1,230632,Tata Chemicals
03-11-2023,964,965,956.9,958.6,280436,Tata Chemicals
06-11-2023,965,978.9,965,973.4,400869,Tata Chemicals
07-11-2023,976,976,961,963.7,547913,Tata Chemicals
08-11-2023,960.2,968.6,954.2,958.5,910691,Tata Chemicals
09-11-2023,961,963.9,955.4,959.1,462572,Tata Chemicals
10-11-2023,958,967.3,952.6,964,436075,Tata Chemicals
13-11-2023,953.9,963,945.2,946.7,1293837,Tata Chemicals
15-11-2023,955,955.6,948.1,949.6,463515,Tata Chemicals
16-11-2023,951.5,957.6,948.3,954.2,510001,Tata Chemicals
17-11-2023,951.6,969.1,951.6,963.4,824095,Tata Chemicals
20-11-2023,963.7,967.9,953,955.7,390897,Tata Chemicals
21-11-2023,957,971,957,961.3,385963,Tata Chemicals
22-11-2023,964,967.5,951.1,960.5,456965,Tata Chemicals
23-11-2023,960.5,971.4,960,965.7,722824,Tata Chemicals
24-11-2023,967,968.9,958,960.6,410255,Tata Chemicals
28-11-2023,960.6,972,958.6,968.6,542859,Tata Chemicals
29-11-2023,970,974,967.1,972.6,458992,Tata Chemicals
30-11-2023,971.7,973,962,970.5,810025,Tata Chemicals
01-12-2023,970.3,980.7,966.1,970,603363,Tata Chemicals
04-12-2023,979,979,971,973.1,599063,Tata Chemicals
05-12-2023,975,985.1,973.5,983.2,1291543,Tata Chemicals
06-12-2023,995,1029.9,995,1011.9,4017068,Tata Chemicals
07-12-2023,1019.8,1025.3,1008.1,1018.3,796187,Tata Chemicals
08-12-2023,1024.7,1027.3,990,996.9,1179751,Tata Chemicals
11-12-2023,1005,1026.2,999.5,1018.1,1163115,Tata Chemicals
12-12-2023,1024.1,1025,1001.4,1005.8,942123,Tata Chemicals
13-12-2023,1011.8,1015,1001.2,1006.8,592127,Tata Chemicals
14-12-2023,1011,1019.3,1006.2,1008.4,1124981,Tata Chemicals
15-12-2023,1024.8,1044.9,1012.3,1030,2655928,Tata Chemicals
18-12-2023,1034.7,1042.9,1027,1034.2,896701,Tata Chemicals
19-12-2023,1040,1041,1021.1,1033.3,608182,Tata Chemicals
20-12-2023,1033.5,1049.9,985,988.6,1651350,Tata Chemicals
21-12-2023,988.6,1012,980,1009.7,813289,Tata Chemicals
22-12-2023,1016,1041,1012.5,1022.1,1179769,Tata Chemicals
26-12-2023,1027,1102,1020.7,1094.3,7243281,Tata Chemicals
27-12-2023,1100,1102.9,1077.2,1089.9,1984857,Tata Chemicals
28-12-2023,1094.7,1095,1079.1,1086.6,1387134,Tata Chemicals
29-12-2023,1092,1123,1083.6,1104.1,2522155,Tata Chemicals
01-01-2024,1113,1134.9,1106.3,1117.9,1851611,Tata Chemicals
02-01-2024,1117.9,1139.5,1101,1122.4,1578917,Tata Chemicals
03-01-2024,1122.3,1129.6,1097,1112.7,1404894,Tata Chemicals
04-01-2024,1117.1,1138,1113,1131.6,867201,Tata Chemicals
05-01-2024,1140,1141,1094.3,1104.7,1608206,Tata Chemicals
08-01-2024,1109,1110.8,1082.2,1099.1,1206551,Tata Chemicals
09-01-2024,1102,1118,1097.2,1104.2,920494,Tata Chemicals
10-01-2024,1105.1,1108.6,1088,1097.4,389257,Tata Chemicals
11-01-2024,1096,1114,1096,1104.9,572512,Tata Chemicals
12-01-2024,1110,1124.9,1096.7,1112.2,1080170,Tata Chemicals
15-01-2024,1118.9,1125,1107.2,1112.2,575875,Tata Chemicals
16-01-2024,1112.2,1117.7,1089.5,1102.5,603729,Tata Chemicals
17-01-2024,1098,1105,1080,1083.7,612371,Tata Chemicals
18-01-2024,1080,1092.5,1048,1066.3,785453,Tata Chemicals
19-01-2024,1075,1096.9,1070.2,1075.3,998025,Tata Chemicals
23-01-2024,1060.1,1068,1000.1,1004,1148896,Tata Chemicals
24-01-2024,1009,1023,998.6,1017.9,808345,Tata Chemicals
25-01-2024,1022,1026,1001.1,1005.7,713684,Tata Chemicals
29-01-2024,1010.2,1018,1006.4,1013.2,626512,Tata Chemicals
30-01-2024,1013.2,1027.9,1003,1005.8,709805,Tata Chemicals
31-01-2024,1010.1,1032.6,1007,1028.1,941821,Tata Chemicals
01-02-2024,1035,1036,1012,1014.9,722085,Tata Chemicals
02-02-2024,1023,1024,994.5,997.3,2230529,Tata Chemicals
05-02-2024,999,1003,976,979.3,2154399,Tata Chemicals
06-02-2024,935.3,1002.4,935.3,992,5059499,Tata Chemicals
07-02-2024,994.9,996,982.3,987.1,967740,Tata Chemicals
08-02-2024,987.1,990,968,971.1,1013560,Tata Chemicals
09-02-2024,971.1,980.1,950.1,957.1,1277795,Tata Chemicals
12-02-2024,961,973.4,944.1,946.1,1054918,Tata Chemicals
13-02-2024,953.9,961.7,937.2,958.3,917512,Tata Chemicals
14-02-2024,958,970,947.8,966.2,464013,Tata Chemicals
15-02-2024,968.1,978.9,961.9,965.5,654078,Tata Chemicals
16-02-2024,977,981,970.2,972.2,655961,Tata Chemicals
19-02-2024,978.5,984.6,972,977.5,515992,Tata Chemicals
20-02-2024,983.9,992,974.1,983.4,877382,Tata Chemicals
21-02-2024,987.1,997,974.1,977.5,771887,Tata Chemicals
22-02-2024,978.5,983.7,969.1,980.6,415917,Tata Chemicals
23-02-2024,985.1,987.8,975,976.5,396790,Tata Chemicals
26-02-2024,981.8,984.5,966,967.7,447272,Tata Chemicals
27-02-2024,972,975,958.8,961.8,427306,Tata Chemicals
28-02-2024,961,965.5,940.5,944.1,733055,Tata Chemicals
29-02-2024,945.1,947.1,933,939.2,867903,Tata Chemicals
01-03-2024,946,971.3,945,968,871124,Tata Chemicals
04-03-2024,982,1009.2,969.3,1003,1736389,Tata Chemicals
05-03-2024,1020.1,1085,1011,1061.3,9469271,Tata Chemicals
06-03-2024,1063,1202.9,1047.6,1178.5,18967589,Tata Chemicals
07-03-2024,1187.1,1349,1175.7,1315.3,47822207,Tata Chemicals
11-03-2024,1220,1222,1170,1175.4,14713647,Tata Chemicals
12-03-2024,1165,1169.5,1105.1,1143.7,7447480,Tata Chemicals
13-03-2024,1146,1169,1081.5,1097.5,3797424,Tata Chemicals
14-03-2024,1092,1149.9,1077.5,1135.3,2785690,Tata Chemicals
15-03-2024,1136.7,1148,1112.5,1128.8,1603137,Tata Chemicals
18-03-2024,1126,1143.4,1103.1,1136.6,921313,Tata Chemicals
19-03-2024,1134.7,1136.8,1113.6,1120.9,956762,Tata Chemicals
20-03-2024,1126,1132,1020.6,1031.3,9017251,Tata Chemicals
21-03-2024,1048.9,1055,1030.5,1034.9,1736489,Tata Chemicals
22-03-2024,1024.1,1064.9,1020,1046.4,2872800,Tata Chemicals
26-03-2024,1051,1096,1046.1,1087.1,2028039,Tata Chemicals
27-03-2024,1092.1,1142.8,1070.2,1110.3,7031720,Tata Chemicals
28-03-2024,1112,1124.4,1075.2,1080.9,2523895,Tata Chemicals
01-04-2024,1096.4,1125.7,1083.5,1087.2,2104600,Tata Chemicals
02-04-2024,1095.9,1105,1087,1093.9,1280532,Tata Chemicals
03-04-2024,1087.1,1112.7,1087.1,1091.8,1747357,Tata Chemicals
04-04-2024,1102,1106.9,1087,1093.7,1138261,Tata Chemicals
05-04-2024,1095,1160,1088.1,1132.6,8082508,Tata Chemicals
08-04-2024,1140,1147.9,1121.1,1137.6,1945676,Tata Chemicals
09-04-2024,1142,1163,1130.3,1138,2377893,Tata Chemicals
10-04-2024,1140.2,1188.8,1140.2,1168.6,5057112,Tata Chemicals
12-04-2024,1170,1181.4,1146,1148.5,2492408,Tata Chemicals
15-04-2024,1121,1129.9,1075.5,1102.2,2859502,Tata Chemicals
16-04-2024,1090.9,1129.6,1089.1,1106.2,1695444,Tata Chemicals
18-04-2024,1121.9,1156,1096.9,1105.1,2704435,Tata Chemicals
19-04-2024,1090,1123.5,1080.5,1103.8,2126463,Tata Chemicals
22-04-2024,1119,1123,1097.8,1115.4,1853764,Tata Chemicals
23-04-2024,1119.9,1130,1110,1114.9,1354218,Tata Chemicals
24-04-2024,1124,1144.9,1116.1,1126.9,2258338,Tata Chemicals
25-04-2024,1134,1141.2,1108.6,1112.8,2113748,Tata Chemicals
26-04-2024,1122.3,1132.5,1116.2,1122,1171198,Tata Chemicals
29-04-2024,1135,1136,1095.9,1099.5,2083202,Tata Chemicals
30-04-2024,1066,1084.9,1050,1072.2,5927320,Tata Chemicals
02-05-2024,1072,1111,1065.1,1100.7,3008089,Tata Chemicals
03-05-2024,1103.9,1109.4,1082.4,1090.8,1026369,Tata Chemicals
06-05-2024,1096,1103.5,1068.5,1082.5,798202,Tata Chemicals
07-05-2024,1082.5,1087.9,1060.5,1063.6,700537,Tata Chemicals
08-05-2024,1063.6,1084.1,1055.3,1080,634335,Tata Chemicals
09-05-2024,1080,1084,1042,1044.3,623050,Tata Chemicals
10-05-2024,1045,1062.9,1043,1058.7,684671,Tata Chemicals
13-05-2024,1057,1065,1032.2,1063,598289,Tata Chemicals
14-05-2024,1062.3,1068.4,1048,1065.8,567464,Tata Chemicals
15-05-2024,1065.9,1101.5,1065.9,1072.5,962430,Tata Chemicals
16-05-2024,1080,1085.7,1071.4,1083,533612,Tata Chemicals
17-05-2024,1083,1105.3,1078.8,1084.5,695850,Tata Chemicals
21-05-2024,1079,1094.4,1075.3,1087.5,572520,Tata Chemicals
22-05-2024,1084.2,1094.9,1076.5,1086.5,496537,Tata Chemicals
23-05-2024,1081.1,1094.9,1077,1088.9,927993,Tata Chemicals
24-05-2024,1089.9,1118.4,1080.1,1084.3,3184058,Tata Chemicals
27-05-2024,1092.6,1117,1086.4,1105.2,2360517,Tata Chemicals
28-05-2024,1108.9,1129,1090.5,1096.4,1614143,Tata Chemicals
29-05-2024,1096.4,1101.5,1070.3,1072.3,913212,Tata Chemicals
30-05-2024,1072.7,1079,1037,1043.6,1061955,Tata Chemicals
31-05-2024,1048.5,1056,1027,1030.2,1306729,Tata Chemicals
03-06-2024,1068,1068,1033.7,1060.9,1408614,Tata Chemicals
04-06-2024,1068,1068,960.1,997,1950548,Tata Chemicals
05-06-2024,1016,1047,991.5,1043.1,833436,Tata Chemicals
06-06-2024,1047,1067,1045,1063.4,857357,Tata Chemicals
07-06-2024,1028.9,1061.6,1018,1056.2,2477378,Tata Chemicals
10-06-2024,1065,1097.7,1060,1086,2458143,Tata Chemicals
11-06-2024,1081.1,1121,1073.4,1111.4,3432029,Tata Chemicals
12-06-2024,1110.9,1135,1097,1123.6,3594685,Tata Chemicals
13-06-2024,1123.6,1130,1106.1,1116.3,1081926,Tata Chemicals
14-06-2024,1116.3,1123,1100.7,1105.9,1024057,Tata Chemicals
18-06-2024,1106,1124.4,1101.3,1121.1,1365786,Tata Chemicals
19-06-2024,1127,1139,1104.2,1106.9,1620864,Tata Chemicals
20-06-2024,1113,1161.3,1105.3,1154,6000213,Tata Chemicals
21-06-2024,1162,1162,1120.5,1126.3,2066048,Tata Chemicals
24-06-2024,1125,1125.3,1092.4,1103.5,1640665,Tata Chemicals
25-06-2024,1106.9,1122,1095,1097.1,1007056,Tata Chemicals
26-06-2024,1100.1,1111,1089.5,1092.5,1154125,Tata Chemicals
27-06-2024,1092.4,1099.2,1074,1091.7,1657793,Tata Chemicals
28-06-2024,1095,1106.9,1087.6,1103.1,1052712,Tata Chemicals
01-07-2024,1108,1117.3,1103.6,1107.4,1136445,Tata Chemicals
02-07-2024,1109,1116.1,1090.4,1095.3,863073,Tata Chemicals
03-07-2024,1098.5,1112.9,1095,1103.5,878761,Tata Chemicals
04-07-2024,1107,1120,1100.5,1103.7,1102773,Tata Chemicals
05-07-2024,1103.7,1110,1089,1101.8,1658503,Tata Chemicals
08-07-2024,1101.8,1111.2,1078.7,1080,1111230,Tata Chemicals
09-07-2024,1085,1096.4,1079,1082.8,816669,Tata Chemicals
10-07-2024,1082.8,1089.9,1043.3,1063.7,2550443,Tata Chemicals
11-07-2024,1072,1073.7,1053.7,1059,1366004,Tata Chemicals
12-07-2024,1065,1074,1061.4,1065.7,617639,Tata Chemicals
15-07-2024,1067,1070.5,1058.1,1066.5,1152257,Tata Chemicals
16-07-2024,1071.5,1078,1064.4,1065.9,603025,Tata Chemicals
18-07-2024,1066,1068.9,1047.2,1060.6,1395138,Tata Chemicals
19-07-2024,1060,1061.8,1038.1,1044.2,1851329,Tata Chemicals
22-07-2024,1040,1070,1032.4,1067.1,984913,Tata Chemicals
23-07-2024,1069,1069.9,1019.2,1044.9,794063,Tata Chemicals
24-07-2024,1046.1,1057.7,1043.1,1051.5,426005,Tata Chemicals
25-07-2024,1048.5,1052,1041.5,1047.7,425920,Tata Chemicals
26-07-2024,1048.1,1076,1048.1,1070.7,873682,Tata Chemicals
29-07-2024,1079,1106,1076.1,1098.6,1876689,Tata Chemicals
30-07-2024,1098,1121,1094.1,1111.5,1426606,Tata Chemicals
31-07-2024,1121,1129,1106.1,1119.7,1377588,Tata Chemicals
01-08-2024,1130,1133,1095.2,1103.8,872250,Tata Chemicals
02-08-2024,1096,1100.2,1078.6,1087,944709,Tata Chemicals
05-08-2024,1050,1083.5,1045.1,1053.3,1034008,Tata Chemicals
06-08-2024,1066,1078.4,1027.2,1032.9,1715631,Tata Chemicals
07-08-2024,1045.9,1056.8,1034.3,1053.1,538673,Tata Chemicals
08-08-2024,1048.2,1051.2,1027.4,1029.9,711931,Tata Chemicals
09-08-2024,1035.9,1055.8,1035.9,1041.7,488798,Tata Chemicals
12-08-2024,1041.7,1056,1030.6,1048.4,506098,Tata Chemicals
13-08-2024,1049,1050,1025.1,1027.8,662395,Tata Chemicals
14-08-2024,1034.9,1034.9,1011.1,1019.8,917164,Tata Chemicals
16-08-2024,1022.1,1044.9,1022.1,1042.4,461190,Tata Chemicals
19-08-2024,1045,1055,1041.2,1053,387913,Tata Chemicals
20-08-2024,1052,1064,1048.5,1059.7,547522,Tata Chemicals
21-08-2024,1054,1068,1051.7,1062.3,376197,Tata Chemicals
22-08-2024,1062.3,1093.1,1062.3,1085.5,967795,Tata Chemicals
23-08-2024,1091.9,1091.9,1068.1,1072.3,614605,Tata Chemicals
26-08-2024,1080,1083,1071,1073.2,317928,Tata Chemicals
27-08-2024,1073.4,1097.8,1072.8,1086.8,1126815,Tata Chemicals
28-08-2024,1089,1106,1072.5,1075.7,1009628,Tata Chemicals
29-08-2024,1075.7,1076.6,1057.6,1073.3,663496,Tata Chemicals
30-08-2024,1073.3,1096,1073.3,1082.7,784070,Tata Chemicals
02-09-2024,1083,1097,1077.3,1084.2,524425,Tata Chemicals
03-09-2024,1082,1112.5,1082,1108.3,1756062,Tata Chemicals
04-09-2024,1106.9,1106.9,1076.3,1081.4,1108263,Tata Chemicals
05-09-2024,1083.3,1088.3,1071.3,1081.3,1278880,Tata Chemicals
06-09-2024,1082,1085.5,1053.3,1056.7,1014325,Tata Chemicals
09-09-2024,1057,1057,1039,1052.1,431616,Tata Chemicals
10-09-2024,1060,1068,1055,1062.9,452578,Tata Chemicals
11-09-2024,1063.7,1065.9,1028.3,1030.2,755783,Tata Chemicals
12-09-2024,1032.1,1045.5,1025,1043.7,622430,Tata Chemicals
13-09-2024,1045,1066.1,1041.5,1053.7,507348,Tata Chemicals
16-09-2024,1053.7,1060.2,1040,1041.8,697399,Tata Chemicals
17-09-2024,1049,1049,1029,1030.9,595277,Tata Chemicals
18-09-2024,1031,1035.8,1006.1,1017.6,1193561,Tata Chemicals
19-09-2024,1025.7,1029,993.1,1022.5,1428078,Tata Chemicals
20-09-2024,1025,1031,1015.6,1025.7,541066,Tata Chemicals
23-09-2024,1030,1038.3,1026.1,1034.1,455243,Tata Chemicals
24-09-2024,1031.3,1056.3,1031.3,1050,1082182,Tata Chemicals
25-09-2024,1051,1066.9,1051,1058.1,859249,Tata Chemicals
26-09-2024,1060,1062,1042.1,1054.5,481760,Tata Chemicals
27-09-2024,1057.6,1089.8,1056.2,1067.2,2285624,Tata Chemicals
30-09-2024,1080,1101.3,1074.2,1091.1,2456424,Tata Chemicals
01-10-2024,1099,1140,1088,1132.6,3781132,Tata Chemicals
03-10-2024,1119.5,1140,1091.3,1133.1,1946547,Tata Chemicals
04-10-2024,1132.5,1163,1102.3,1128.7,3609598,Tata Chemicals
07-10-2024,1142,1143.3,1071.2,1077.7,1550240,Tata Chemicals
08-10-2024,1077.7,1104.5,1055.9,1085.7,1023319,Tata Chemicals
09-10-2024,1093,1144.6,1091.2,1105.4,2757842,Tata Chemicals
10-10-2024,1160,1204.5,1132.7,1151.2,12418567,Tata Chemicals
11-10-2024,1156.9,1188.7,1145.7,1183.1,4347446,Tata Chemicals
14-10-2024,1194,1200.3,1097,1104.5,6645765,Tata Chemicals
15-10-2024,1107.9,1121.8,1095.2,1099,2058334,Tata Chemicals
16-10-2024,1095,1109,1092,1100.4,929093,Tata Chemicals
17-10-2024,1102,1118,1064.3,1073.9,1406274,Tata Chemicals
18-10-2024,1055.1,1093.5,1040,1088.1,2178864,Tata Chemicals
21-10-2024,1140,1247.4,1127.2,1189,19163502,Tata Chemicals
22-10-2024,1170,1181.5,1129.3,1143.3,6566552,Tata Chemicals
23-10-2024,1142,1163.4,1122.2,1124.9,2878025,Tata Chemicals
24-10-2024,1129.7,1144,1101,1107.3,1686540,Tata Chemicals
25-10-2024,1110,1115.1,1052.4,1064.8,1915919,Tata Chemicals
28-10-2024,1070,1106,1065,1091.7,1585694,Tata Chemicals
29-10-2024,1097.1,1103.5,1072.7,1096.2,1099457,Tata Chemicals
30-10-2024,1096,1138.6,1088.1,1131.8,2265808,Tata Chemicals
31-10-2024,1131,1158.4,1124.7,1148.9,1792719,Tata Chemicals
04-11-2024,1154.8,1154.8,1110.9,1125.8,658591,Tata Chemicals
05-11-2024,1128,1141,1112,1129.8,922441,Tata Chemicals
06-11-2024,1130,1156,1126.2,1150.6,927428,Tata Chemicals
07-11-2024,1150.9,1159.2,1117,1120.3,692065,Tata Chemicals
08-11-2024,1127,1128,1098,1101.5,634107,Tata Chemicals
11-11-2024,1101.5,1104.8,1080.1,1096.6,876068,Tata Chemicals
12-11-2024,1095.5,1112.5,1068,1072.4,673271,Tata Chemicals
13-11-2024,1076.7,1080.8,1034.8,1041.2,848792,Tata Chemicals
14-11-2024,1041.2,1067,1041.1,1058.6,588233,Tata Chemicals
18-11-2024,1058,1069,1047.2,1059,470959,Tata Chemicals
19-11-2024,1068,1086.5,1061,1068.3,442292,Tata Chemicals
21-11-2024,1062.3,1065,1042.4,1045.1,543330,Tata Chemicals
22-11-2024,1045,1072.4,1042.2,1069.9,404809,Tata Chemicals
25-11-2024,1090,1104.3,1076.3,1082,1155800,Tata Chemicals
26-11-2024,1085.1,1102,1082.4,1095.3,692757,Tata Chemicals
27-11-2024,1100,1115.1,1086,1107.2,562395,Tata Chemicals
28-11-2024,1107.2,1120.9,1095,1103.9,608222,Tata Chemicals
29-11-2024,1100,1117.5,1100,1111.8,334105,Tata Chemicals
02-12-2024,1111.8,1134,1095.5,1129.8,659775,Tata Chemicals
03-12-2024,1134,1139,1127,1136.4,492734,Tata Chemicals
04-12-2024,1136,1145.8,1122.4,1126,368829,Tata Chemicals
05-12-2024,1130,1142.4,1118.6,1136.7,546100,Tata Chemicals
06-12-2024,1128,1141.6,1117,1119.5,443419,Tata Chemicals
09-12-2024,1118,1121,1100.1,1106.1,432099,Tata Chemicals
10-12-2024,1110,1134.9,1109.9,1123.5,792491,Tata Chemicals
11-12-2024,1123,1139.5,1119.3,1125.7,305863,Tata Chemicals
12-12-2024,1120,1124.3,1096.4,1102.5,421157,Tata Chemicals
13-12-2024,1100.3,1100.9,1067.4,1093.6,567527,Tata Chemicals
16-12-2024,1093,1100.9,1081,1084.8,304355,Tata Chemicals
17-12-2024,1084.8,1090,1070,1072.7,542449,Tata Chemicals
18-12-2024,1077,1077.4,1047.8,1057.2,495635,Tata Chemicals
19-12-2024,1049.2,1061.9,1037.3,1059.6,436526,Tata Chemicals
20-12-2024,1062.4,1064.9,1021,1028.9,756678,Tata Chemicals
23-12-2024,1040,1045,1025.2,1034.3,270757,Tata Chemicals
24-12-2024,1040,1107,1032.9,1067.6,3912449,Tata Chemicals
26-12-2024,1068,1074,1047,1057.7,715129,Tata Chemicals
27-12-2024,1059.5,1067.4,1043.3,1046.4,364011,Tata Chemicals
30-12-2024,1049.2,1055,1028.5,1031.8,899161,Tata Chemicals
31-12-2024,1034.8,1061.1,1030,1052.2,1558889,Tata Chemicals
01-01-2025,1042,1048,1034.1,1038.4,630282,Tata Chemicals
02-01-2025,1043,1045,1018.2,1031.5,1949445,Tata Chemicals
03-01-2025,1038,1041.6,1023.3,1027.9,534063,Tata Chemicals
06-01-2025,1034.5,1034.5,986,991.3,1560552,Tata Chemicals
07-01-2025,1001,1022.5,991,1012.2,1311159,Tata Chemicals
08-01-2025,1014.2,1017,999.7,1003.7,1682463,Tata Chemicals
09-01-2025,1008,1027.4,998.1,1014.9,1712582,Tata Chemicals
10-01-2025,1015.5,1016,969.6,977.8,1867534,Tata Chemicals
13-01-2025,965.1,972.3,947.1,949.6,1131747,Tata Chemicals
14-01-2025,952.5,973.1,952.5,965.5,1120814,Tata Chemicals
15-01-2025,966.8,977,954,962,1108334,Tata Chemicals
16-01-2025,969,982.2,969,972.5,600983,Tata Chemicals
17-01-2025,995,1002.2,968.8,975.4,1214761,Tata Chemicals
20-01-2025,976.9,982.2,958.7,971.4,1122721,Tata Chemicals
21-01-2025,975,983.9,956,960.1,792769,Tata Chemicals
22-01-2025,962,966.3,941.1,954.1,744699,Tata Chemicals
23-01-2025,953.8,985,941.2,975.5,730913,Tata Chemicals
24-01-2025,975.5,983.2,951.8,956.9,464543,Tata Chemicals
27-01-2025,953,963,935,944,961156,Tata Chemicals
28-01-2025,951,954.2,930.1,941.8,606676,Tata Chemicals
29-01-2025,942,965,940.5,962.8,540595,Tata Chemicals
30-01-2025,962.6,977.4,959,968,383812,Tata Chemicals
31-01-2025,968.1,990,968.1,986.1,570528,Tata Chemicals
03-02-2025,964.3,966.9,937,946.6,832855,Tata Chemicals
04-02-2025,930.1,936,899.2,918.5,5589827,Tata Chemicals
05-02-2025,917.6,937.5,913,933.8,886319,Tata Chemicals
06-02-2025,943,958.9,930.5,936.2,1132979,Tata Chemicals
07-02-2025,935,941.4,920.9,931.4,956627,Tata Chemicals
10-02-2025,928,930.9,905.1,909.4,840800,Tata Chemicals
11-02-2025,910,917.8,878.1,883.1,711445,Tata Chemicals
12-02-2025,885,887.5,858.1,878.6,525775,Tata Chemicals
13-02-2025,879,888.2,867,868.3,412094,Tata Chemicals
14-02-2025,871.1,876.1,838.7,846.5,599907,Tata Chemicals
17-02-2025,846.5,859.3,831.8,854.5,404275,Tata Chemicals
18-02-2025,855.9,859,841.8,856.6,361609,Tata Chemicals
19-02-2025,853.4,861.8,848.2,853.9,614343,Tata Chemicals
20-02-2025,853.4,857.3,844.1,854.7,494774,Tata Chemicals
21-02-2025,853.1,866.9,841,846.1,414749,Tata Chemicals
24-02-2025,844,844,834.1,836.4,357017,Tata Chemicals
25-02-2025,844,844,824,827.7,492961,Tata Chemicals
27-02-2025,827.3,829,800,801.9,743101,Tata Chemicals
28-02-2025,799.9,801.6,765,777.4,835197,Tata Chemicals
03-03-2025,777.4,790.1,756,787.6,617215,Tata Chemicals
04-03-2025,787,794,774,783,490881,Tata Chemicals
05-03-2025,780,805.8,780,802.7,709790,Tata Chemicals
06-03-2025,817.8,817.8,805.6,814.7,792050,Tata Chemicals
07-03-2025,814.8,825.8,810,815.3,522339,Tata Chemicals
10-03-2025,820,825.3,808.4,814.2,1082771,Tata Chemicals
11-03-2025,810,825.5,802.7,815.9,450253,Tata Chemicals
12-03-2025,815.1,824.6,797.1,806,495651,Tata Chemicals
13-03-2025,808,810.9,795,796.1,342005,Tata Chemicals
18-03-2025,806.6,820.8,804.9,817.6,399847,Tata Chemicals
19-03-2025,822.5,835.1,819.3,833.1,550187,Tata Chemicals
20-03-2025,840,843.9,831,837.5,561486,Tata Chemicals
21-03-2025,839.8,854.2,834.5,847.3,933659,Tata Chemicals
24-03-2025,850,860,845.5,852.7,477959,Tata Chemicals
25-03-2025,852.7,862.6,846.7,856,841053,Tata Chemicals
26-03-2025,857,861,847.8,850.9,647911,Tata Chemicals
27-03-2025,849.9,858.9,844.2,847.8,2839769,Tata Chemicals
28-03-2025,850,872.2,849.5,864.9,1643302,Tata Chemicals
01-04-2025,860.1,864.9,835.3,839.8,635894,Tata Chemicals
02-04-2025,841,853.9,827.2,851.5,416659,Tata Chemicals
03-04-2025,843.3,854.5,841,849.9,208804,Tata Chemicals
04-04-2025,849.9,855.1,810,812.4,586343,Tata Chemicals
07-04-2025,770,809.2,765,800.5,1145265,Tata Chemicals
08-04-2025,805,816.5,801.9,809.3,322203,Tata Chemicals
09-04-2025,809,814.5,797.6,811.5,249489,Tata Chemicals
11-04-2025,837.4,837.4,815,832.3,831867,Tata Chemicals
15-04-2025,837.1,848,836.4,846.9,504370,Tata Chemicals
16-04-2025,854,855,844.5,847.5,478419,Tata Chemicals
17-04-2025,848,859.7,843.1,848.8,613179,Tata Chemicals
21-04-2025,857.5,858.9,847.3,853.7,565994,Tata Chemicals
22-04-2025,855.1,861.9,846.4,851.9,716475,Tata Chemicals
23-04-2025,855.8,867.6,851,857.6,786517,Tata Chemicals
24-04-2025,857.6,875.4,855.9,864.1,937615,Tata Chemicals
25-04-2025,865,870.3,822.2,826.5,1669531,Tata Chemicals
28-04-2025,826.5,841.8,824.1,838.7,846965,Tata Chemicals
29-04-2025,844,859.4,840,857.2,1169792,Tata Chemicals
30-04-2025,857,859.6,833.3,837.3,444697,Tata Chemicals
02-05-2025,840,847.7,832.4,835.1,283593,Tata Chemicals
05-05-2025,836,847.3,830.5,845.5,404397,Tata Chemicals
06-05-2025,850,850,812,816.6,987019,Tata Chemicals
07-05-2025,805,828.3,805,826.2,711923,Tata Chemicals
08-05-2025,821,844.7,801,808.7,2471427,Tata Chemicals
09-05-2025,787.6,819.5,787.6,817.3,1210695,Tata Chemicals
12-05-2025,830,849.9,829.5,848.8,804624,Tata Chemicals
13-05-2025,848,850,831.9,836.8,575585,Tata Chemicals
14-05-2025,842,842.9,834.6,838.6,401692,Tata Chemicals
15-05-2025,841.1,854.5,838.2,852.4,736612,Tata Chemicals
16-05-2025,854.4,861,850.3,859.5,549605,Tata Chemicals
19-05-2025,860,874,856.5,868.2,1242269,Tata Chemicals
20-05-2025,875,885,861,863.1,1214133,Tata Chemicals
21-05-2025,867.4,867.5,855,859.1,329073,Tata Chemicals
22-05-2025,858.1,863.9,851.5,859.3,401001,Tata Chemicals
23-05-2025,858.2,887.6,856.2,874,1091945,Tata Chemicals
26-05-2025,879.9,886.7,871.1,881.9,857812,Tata Chemicals
27-05-2025,881.9,903.8,878.6,900.4,1753607,Tata Chemicals
28-05-2025,908,908.4,891,895.8,719939,Tata Chemicals
29-05-2025,898.8,898.8,886.5,891.2,396258,Tata Chemicals
30-05-2025,892,895,879.5,887.2,463076,Tata Chemicals
02-06-2025,883,898.5,880.9,896.6,501195,Tata Chemicals
03-06-2025,897,914,894.7,905.4,1162515,Tata Chemicals
04-06-2025,905.4,917.7,895.6,915.2,763349,Tata Chemicals
05-06-2025,916,936.5,911.4,930.4,1531901,Tata Chemicals
06-06-2025,934,946,921.5,934.1,1530328,Tata Chemicals
09-06-2025,936,962.9,935.5,960.5,1056942,Tata Chemicals
10-06-2025,965,976.6,959.3,962.4,730811,Tata Chemicals
11-06-2025,964,972,951.4,960.4,1078694,Tata Chemicals
12-06-2025,951.8,951.8,930.5,932.8,733082,Tata Chemicals
13-06-2025,918,930.7,918,925.5,384589,Tata Chemicals
16-06-2025,921.3,939.9,911.5,936.4,539395,Tata Chemicals
17-06-2025,934.1,945.5,931,935.2,372538,Tata Chemicals
18-06-2025,936.6,941.1,924.5,928.3,302779,Tata Chemicals
19-06-2025,927,929.1,905.1,909.1,399670,Tata Chemicals
20-06-2025,906.5,919.6,905.3,913.9,1015043,Tata Chemicals
23-06-2025,913.9,915.4,900.2,905.5,644664,Tata Chemicals
24-06-2025,914.9,924.7,907.8,912.6,660305,Tata Chemicals
25-06-2025,919,942,910.2,940,1663007,Tata Chemicals
26-06-2025,947,947,924,935.3,986131,Tata Chemicals
27-06-2025,937.1,942.6,931.6,933.7,458429,Tata Chemicals
30-06-2025,935,943.9,932.6,936.7,449007,Tata Chemicals
