Date,Open,High,Low,Close,Volume,Company
03-07-2006,48.4,48.4,46.1,46.5,337869,Tata Power
04-07-2006,46.4,47,44.9,45.1,163255,Tata Power
05-07-2006,45.8,46.7,44.4,46.3,460514,Tata Power
06-07-2006,46,46.5,45.3,46.1,298667,Tata Power
07-07-2006,45.8,46.2,45.2,45.6,464259,Tata Power
10-07-2006,45.8,46.3,44.8,46.1,245519,Tata Power
11-07-2006,45.9,46.8,45.8,46.7,148569,Tata Power
12-07-2006,45,46.6,43.5,46.1,126868,Tata Power
13-07-2006,46.4,48,45.4,47.7,358959,Tata Power
14-07-2006,47,47.3,45.8,46.1,209897,Tata Power
17-07-2006,46.1,47.2,44.8,46.5,287001,Tata Power
18-07-2006,47,47.5,44.8,46.9,194122,Tata Power
19-07-2006,47.3,47.3,45.4,46.1,255739,Tata Power
20-07-2006,46.6,47.3,45.6,46.6,139204,Tata Power
21-07-2006,46.5,46.5,44.3,44.7,101492,Tata Power
24-07-2006,44,45.7,42.7,45.5,120069,Tata Power
25-07-2006,44.8,46.7,44.8,46.4,134400,Tata Power
26-07-2006,44.9,48.1,44.9,47.9,219426,Tata Power
27-07-2006,48.2,49.6,47.7,48.3,385462,Tata Power
28-07-2006,45.3,48.5,45.3,47.8,252282,Tata Power
31-07-2006,47.7,49.5,46.5,47.1,162442,Tata Power
01-08-2006,47.2,47.6,46.3,46.9,117762,Tata Power
02-08-2006,46.7,48.5,46.6,48,244587,Tata Power
03-08-2006,48.6,49.1,47.3,47.9,181952,Tata Power
04-08-2006,47.6,48.8,47.1,47.9,187056,Tata Power
07-08-2006,47.6,48.4,47.6,48,137299,Tata Power
08-08-2006,48.3,49.1,48,48.6,223151,Tata Power
09-08-2006,48.8,49.3,47.7,48.3,314223,Tata Power
10-08-2006,47.5,49.1,47.5,48.4,159878,Tata Power
11-08-2006,48.4,48.9,47.7,48.2,104204,Tata Power
14-08-2006,49.6,49.6,48.2,48.4,99203,Tata Power
16-08-2006,49,50,48.6,48.7,169931,Tata Power
17-08-2006,49.5,50.2,47.8,49.8,287995,Tata Power
18-08-2006,50.3,50.8,49.9,50.6,268174,Tata Power
21-08-2006,50.6,51.3,50.2,50.5,182144,Tata Power
22-08-2006,50.5,51.1,50.1,50.5,143409,Tata Power
23-08-2006,50.5,50.8,49.6,50.5,101461,Tata Power
24-08-2006,50.1,51.2,49.7,50.6,364827,Tata Power
25-08-2006,50.9,51.9,50.6,51.5,288176,Tata Power
28-08-2006,51.6,52.8,51.5,52.3,246902,Tata Power
29-08-2006,52.3,53,51.7,51.9,104022,Tata Power
30-08-2006,52.1,52.5,50.3,50.7,122244,Tata Power
31-08-2006,50.9,51.7,50.1,50.9,197430,Tata Power
01-09-2006,51.7,52.4,50.8,51.9,80078,Tata Power
04-09-2006,52.3,52.8,51.6,52.6,103303,Tata Power
05-09-2006,52.5,52.6,51.5,51.9,56629,Tata Power
06-09-2006,52,52.5,51.4,51.7,133247,Tata Power
07-09-2006,51.6,52.2,51.1,52,129054,Tata Power
08-09-2006,52,52.3,51.4,51.9,67591,Tata Power
11-09-2006,51.6,51.6,47.8,48.9,185417,Tata Power
12-09-2006,48.4,49,46.9,48.5,212714,Tata Power
13-09-2006,49,51.1,48.8,50.5,372322,Tata Power
14-09-2006,50.5,51.7,49.2,51.4,485561,Tata Power
15-09-2006,51.4,51.7,50.1,50.8,332696,Tata Power
18-09-2006,51.6,51.6,49.9,50.2,204428,Tata Power
19-09-2006,49.6,50.6,48.3,49.8,657301,Tata Power
20-09-2006,49.3,50.4,48.7,50.2,398009,Tata Power
21-09-2006,50.2,50.9,50.2,50.5,61249,Tata Power
22-09-2006,50.6,51.1,50,50.7,179399,Tata Power
25-09-2006,49.1,51.1,49.1,50.8,237747,Tata Power
26-09-2006,51.1,51.3,50.3,51,237989,Tata Power
27-09-2006,51.3,52,51.3,51.8,310657,Tata Power
28-09-2006,51.8,53.9,51.7,53.5,534574,Tata Power
29-09-2006,53.1,55,53.1,54.7,591456,Tata Power
03-10-2006,54.8,54.8,53.2,53.6,102480,Tata Power
04-10-2006,54.1,54.4,51.6,51.9,361810,Tata Power
05-10-2006,52.9,53.3,51.2,51.7,355575,Tata Power
06-10-2006,51.1,53,51.1,52,233060,Tata Power
09-10-2006,51.9,52.5,51.2,52.1,184019,Tata Power
10-10-2006,52.5,52.5,51.6,51.8,77812,Tata Power
11-10-2006,51.8,52.9,51.8,52.2,213928,Tata Power
12-10-2006,51.1,52.4,51.1,51.9,410989,Tata Power
13-10-2006,52,52.4,51.1,51.6,156196,Tata Power
16-10-2006,52,52.1,51.4,51.8,814071,Tata Power
17-10-2006,53,53,51.1,51.2,250950,Tata Power
18-10-2006,51.2,51.7,50.8,51.4,297419,Tata Power
19-10-2006,51.7,51.7,50.7,51.2,376142,Tata Power
20-10-2006,51.1,51.8,50.9,51,591181,Tata Power
23-10-2006,51.5,51.5,50.6,51.3,178859,Tata Power
26-10-2006,50.6,51.7,50.6,50.8,346177,Tata Power
27-10-2006,51.1,51.3,50.4,51.1,381112,Tata Power
30-10-2006,51.4,51.7,50.7,51.5,353682,Tata Power
31-10-2006,51.9,53,51.7,52.1,541093,Tata Power
01-11-2006,51.1,53,51.1,52.7,139300,Tata Power
02-11-2006,52.1,53.3,52.1,53.1,164682,Tata Power
03-11-2006,51.3,53.7,51.3,53.4,213209,Tata Power
06-11-2006,52,53.9,52,53.4,197830,Tata Power
07-11-2006,53,53.8,52.1,52.8,144618,Tata Power
08-11-2006,52.9,53.4,51.2,52.8,151183,Tata Power
09-11-2006,51,53.2,51,52.8,307520,Tata Power
10-11-2006,52.8,53.5,52.1,53,493602,Tata Power
13-11-2006,52.2,54.1,52.2,53,547547,Tata Power
14-11-2006,53.4,53.8,52.4,53.7,280062,Tata Power
15-11-2006,53.9,54.4,53.4,53.8,340301,Tata Power
16-11-2006,53.3,54.1,53.3,53.7,199316,Tata Power
17-11-2006,53.9,54.9,53.2,53.7,309412,Tata Power
20-11-2006,53.5,53.7,51.3,53.3,407509,Tata Power
21-11-2006,53.9,54.2,52.8,53.2,175182,Tata Power
22-11-2006,53,54.4,53,54.3,247232,Tata Power
23-11-2006,54.9,55.6,54.7,55.5,387362,Tata Power
24-11-2006,55.6,56,55.2,55.6,218670,Tata Power
27-11-2006,56,57.3,55.6,56.9,525212,Tata Power
28-11-2006,56.9,56.9,55.4,55.8,426978,Tata Power
29-11-2006,56.8,56.8,55.9,56,168836,Tata Power
30-11-2006,56,56.8,55.7,56,306889,Tata Power
01-12-2006,56.2,58.3,56,57.6,640126,Tata Power
04-12-2006,58,59.9,57.2,58.7,763470,Tata Power
05-12-2006,59.3,59.3,56.8,57,901642,Tata Power
06-12-2006,57.6,58.3,57.1,57.7,434861,Tata Power
07-12-2006,55.4,58.1,55.4,57.3,514785,Tata Power
08-12-2006,57.7,58,55.8,56.4,747770,Tata Power
11-12-2006,56.3,57.7,52.8,53.5,582336,Tata Power
12-12-2006,53.3,53.5,50.8,52,554800,Tata Power
13-12-2006,51.3,53,50.8,52.5,225140,Tata Power
14-12-2006,52.8,54.1,52.2,53.9,246208,Tata Power
15-12-2006,54.6,54.6,53.5,53.9,310281,Tata Power
18-12-2006,53.8,57.8,52.7,57,683138,Tata Power
19-12-2006,57.5,59.3,53.6,55.1,993885,Tata Power
20-12-2006,55.6,55.8,53,53.6,295184,Tata Power
21-12-2006,53.7,53.9,52.3,52.8,195390,Tata Power
22-12-2006,53,53.7,52.7,53.5,186624,Tata Power
26-12-2006,52.2,54.7,51.3,53.9,317699,Tata Power
27-12-2006,53.9,54.3,52.8,53.3,667883,Tata Power
28-12-2006,53.8,54.3,53.2,53.7,613999,Tata Power
29-12-2006,53.9,54.9,53.5,54,503592,Tata Power
02-01-2007,53.9,54.9,53.5,54.4,425002,Tata Power
03-01-2007,54.2,54.8,53.7,54.2,166789,Tata Power
04-01-2007,54.9,54.9,53.5,53.9,197130,Tata Power
05-01-2007,54.2,54.6,53.2,54,130228,Tata Power
08-01-2007,54.4,54.6,53.3,54.1,158595,Tata Power
09-01-2007,54.2,54.7,53.7,54,710504,Tata Power
10-01-2007,54.2,54.2,52.7,53.7,121344,Tata Power
11-01-2007,53.6,54.9,53.1,54.7,68611,Tata Power
12-01-2007,55.1,56.2,54.5,55.8,362509,Tata Power
15-01-2007,56.1,56.5,55.8,56.2,91288,Tata Power
16-01-2007,56.2,56.2,55,55.5,87018,Tata Power
17-01-2007,54.4,56.3,54.4,56.1,65062,Tata Power
18-01-2007,56.7,56.7,54.9,55.7,88412,Tata Power
19-01-2007,55.5,56.5,54.9,55.8,51901,Tata Power
22-01-2007,55.9,57,55.2,56.8,207915,Tata Power
23-01-2007,57.8,58.2,56.7,57.8,355552,Tata Power
24-01-2007,60.7,60.7,57.2,58.2,165985,Tata Power
25-01-2007,59.3,60.2,57.8,59.3,392918,Tata Power
29-01-2007,61.7,61.7,58.1,59,190120,Tata Power
31-01-2007,58.4,59.5,57.6,58.3,737627,Tata Power
01-02-2007,57,59.6,56.7,57.2,192117,Tata Power
02-02-2007,56.6,59.7,56.6,58.6,161263,Tata Power
05-02-2007,58.8,59.6,58.1,59.1,115660,Tata Power
06-02-2007,59.7,60.1,58.8,58.9,175038,Tata Power
07-02-2007,58.8,60.1,57.7,58,165481,Tata Power
08-02-2007,58.5,59,58,58.5,113806,Tata Power
09-02-2007,58.6,58.7,57.6,57.8,93460,Tata Power
12-02-2007,58.4,58.4,56.9,58,193232,Tata Power
13-02-2007,57.9,59.5,57.2,58.2,170346,Tata Power
14-02-2007,59,59.5,56.1,58.9,76334,Tata Power
15-02-2007,59.7,60.2,57.7,58.6,234023,Tata Power
19-02-2007,59.3,59.3,57.8,58.8,161653,Tata Power
20-02-2007,58.3,59.9,58.3,58.7,401026,Tata Power
21-02-2007,58.6,59.3,57.6,58,125125,Tata Power
22-02-2007,57,58.7,53.5,57.4,266765,Tata Power
23-02-2007,57.5,57.8,54.3,55.4,191404,Tata Power
26-02-2007,56.7,56.8,54.3,55.5,162407,Tata Power
27-02-2007,55.9,55.9,53.2,53.5,300630,Tata Power
28-02-2007,50.6,56,49.5,52.3,388121,Tata Power
01-03-2007,48.4,52.8,48.4,52.2,442219,Tata Power
02-03-2007,51.6,52.4,50.6,51,1074773,Tata Power
05-03-2007,49.1,49.6,47.4,49,242072,Tata Power
06-03-2007,49.1,50.2,46.4,47.5,175508,Tata Power
07-03-2007,49.6,49.6,47.3,48.1,315547,Tata Power
08-03-2007,48.2,50.8,47.1,50.4,156488,Tata Power
09-03-2007,50.5,50.5,48.2,49.2,247638,Tata Power
12-03-2007,49.9,50.9,48.8,49.5,90066,Tata Power
13-03-2007,49.9,50.4,49,49.9,116369,Tata Power
14-03-2007,48.2,50.7,45.5,49.7,117734,Tata Power
15-03-2007,50.5,50.5,49.2,49.5,71623,Tata Power
16-03-2007,49.1,49.3,48.3,49,70584,Tata Power
19-03-2007,49.2,49.5,48.5,48.8,80421,Tata Power
20-03-2007,49.9,49.9,47.8,48.5,221405,Tata Power
21-03-2007,49.6,49.6,47.7,48.9,112700,Tata Power
22-03-2007,50.1,50.1,49.3,49.7,138569,Tata Power
23-03-2007,50,50.3,48.5,48.9,325359,Tata Power
26-03-2007,49.1,49.6,48.2,48.5,99041,Tata Power
28-03-2007,49.6,49.6,47.2,48.8,150186,Tata Power
29-03-2007,50.7,50.7,48.2,49.2,251346,Tata Power
30-03-2007,49.2,50.4,48.4,49.1,187694,Tata Power
02-04-2007,50.1,50.1,46.6,47.8,343249,Tata Power
03-04-2007,48.4,48.6,47.7,48.1,279997,Tata Power
04-04-2007,49.1,49.5,48.2,48.7,187105,Tata Power
05-04-2007,49,49.3,48.2,48.5,158735,Tata Power
09-04-2007,48.8,49.4,48.7,49,149844,Tata Power
10-04-2007,49,49.6,48.3,49.4,258160,Tata Power
11-04-2007,50,51.8,49.6,51.4,640713,Tata Power
12-04-2007,50.6,52,49.8,50.4,417398,Tata Power
13-04-2007,50.9,51.7,49.6,51.4,117831,Tata Power
16-04-2007,51.6,53.6,51.1,53.3,201169,Tata Power
17-04-2007,53.7,53.8,52.4,53.5,187102,Tata Power
18-04-2007,53.8,54.1,51.1,51.9,246866,Tata Power
19-04-2007,50.9,51.8,49.3,51.4,393099,Tata Power
20-04-2007,51.8,52.9,51.6,52.6,192804,Tata Power
23-04-2007,52.8,55.9,50.2,54.7,492953,Tata Power
24-04-2007,55.4,56.3,54.2,56,305821,Tata Power
25-04-2007,56.4,58,55.5,57.7,417299,Tata Power
26-04-2007,58.7,58.7,55.3,57.6,425420,Tata Power
27-04-2007,56.9,57,55,56.3,177357,Tata Power
30-04-2007,56.7,57.3,55,57,277231,Tata Power
03-05-2007,58.6,58.9,55.4,58.7,411427,Tata Power
04-05-2007,58.7,58.7,57.2,58.3,286295,Tata Power
07-05-2007,57,58.7,56.9,58.2,161891,Tata Power
08-05-2007,58.3,58.4,56.9,57.1,55445,Tata Power
09-05-2007,57.3,57.3,56,56.7,240907,Tata Power
10-05-2007,56.4,57.5,54.7,55.4,323397,Tata Power
11-05-2007,55.2,55.6,53.1,55.1,280950,Tata Power
14-05-2007,56.4,56.8,54.9,56.7,96312,Tata Power
15-05-2007,55.9,56.7,55.1,55.9,112469,Tata Power
16-05-2007,55.5,57,55.1,56.7,158447,Tata Power
17-05-2007,57.3,58.8,56.8,57,228676,Tata Power
18-05-2007,56.2,57.1,55.9,56.1,165639,Tata Power
21-05-2007,56.3,57.8,56.3,57.6,258280,Tata Power
22-05-2007,57.8,59.1,56.4,58.9,470192,Tata Power
23-05-2007,59.2,60.1,57.5,58.6,428306,Tata Power
24-05-2007,58.3,58.6,57.6,58.1,81669,Tata Power
25-05-2007,56.4,58.6,55.2,58.2,64734,Tata Power
28-05-2007,59.6,59.6,57.6,58.2,233248,Tata Power
29-05-2007,58.8,58.8,57.4,57.8,149043,Tata Power
30-05-2007,57.5,58.3,56.9,57.1,424122,Tata Power
31-05-2007,57,57,55.3,56.4,1030076,Tata Power
01-06-2007,56.5,57.4,56,56.9,368991,Tata Power
04-06-2007,58.6,59.7,57,57.8,303490,Tata Power
05-06-2007,57.8,58.5,56.8,58.2,185084,Tata Power
06-06-2007,59.9,59.9,56.4,57.1,185222,Tata Power
07-06-2007,55.3,57,55.3,56,171976,Tata Power
08-06-2007,55.4,57.4,54.7,55.8,360998,Tata Power
11-06-2007,56.8,58.3,56.4,57.4,341548,Tata Power
12-06-2007,57.1,57.8,55.9,56.1,216547,Tata Power
13-06-2007,56.3,56.4,55.5,55.9,356345,Tata Power
14-06-2007,56.9,56.9,55.5,55.9,137845,Tata Power
15-06-2007,56,57.8,55.4,57.1,447924,Tata Power
18-06-2007,57.4,57.8,56.1,57.2,312488,Tata Power
19-06-2007,56.9,57.7,56.4,57.5,781522,Tata Power
20-06-2007,56.9,61,56.5,60,1185320,Tata Power
21-06-2007,60.2,62.5,60.2,61.3,831870,Tata Power
22-06-2007,61.5,62.1,60.3,61.6,328996,Tata Power
25-06-2007,61,62.1,58.6,61.3,981940,Tata Power
26-06-2007,60.3,61.9,60.3,61,196674,Tata Power
27-06-2007,60.9,63.6,60,62.2,722291,Tata Power
28-06-2007,62.6,65.4,62.5,64.7,1098109,Tata Power
29-06-2007,64.7,66.1,62.9,64.6,533491,Tata Power
02-07-2007,64.6,65.4,63.6,64.4,212845,Tata Power
03-07-2007,64.6,65.3,63.3,64.5,257478,Tata Power
04-07-2007,64.7,64.9,62.4,63.2,232535,Tata Power
05-07-2007,62.9,65.3,62.2,64.6,396814,Tata Power
06-07-2007,64.7,65,63.2,63.6,277710,Tata Power
09-07-2007,63.6,64.9,63.3,64.5,335665,Tata Power
10-07-2007,64.3,64.9,63.3,64.7,232447,Tata Power
11-07-2007,64.4,66,62.8,64.7,224115,Tata Power
12-07-2007,64.8,67.5,64.7,67.3,462061,Tata Power
13-07-2007,67.6,68.2,65.7,66.2,307252,Tata Power
16-07-2007,66.2,67.3,65.7,66.9,237991,Tata Power
17-07-2007,66.3,66.7,64.1,64.3,188149,Tata Power
18-07-2007,64.4,64.9,63.8,64.4,169626,Tata Power
19-07-2007,64.7,65.3,63.8,64.4,179696,Tata Power
20-07-2007,65,65.5,63.9,64.5,141140,Tata Power
23-07-2007,64.1,65.3,63.8,64.4,196595,Tata Power
24-07-2007,65,67,63.2,66.1,378306,Tata Power
25-07-2007,66.2,68.3,64.8,66,274262,Tata Power
26-07-2007,66,68.9,66,68.6,675892,Tata Power
27-07-2007,67.5,68.6,63.8,67.7,502030,Tata Power
30-07-2007,67.7,70.2,66.1,69.6,316178,Tata Power
31-07-2007,70,71.1,69.5,70.8,315613,Tata Power
01-08-2007,70,71.6,66.7,67.5,377256,Tata Power
02-08-2007,67.2,68.7,66.1,67.1,353961,Tata Power
03-08-2007,68.9,68.9,66.8,67.1,165515,Tata Power
06-08-2007,66.7,66.7,64.2,64.6,393112,Tata Power
07-08-2007,63.1,66.8,62.9,66.6,364162,Tata Power
08-08-2007,68.3,68.4,66.6,67.6,228154,Tata Power
09-08-2007,68.6,70.3,66,66.4,391344,Tata Power
10-08-2007,65.7,67.1,63.8,66.2,525068,Tata Power
13-08-2007,67.4,70.6,66.5,69.9,424995,Tata Power
14-08-2007,70.3,70.7,68.2,68.6,167454,Tata Power
16-08-2007,65.2,67.4,64.9,66.9,449527,Tata Power
17-08-2007,66.4,76.3,64.8,67.6,404010,Tata Power
20-08-2007,68.8,69.6,65.5,66.3,492875,Tata Power
21-08-2007,67.1,67.1,65.5,65.6,421940,Tata Power
22-08-2007,67.3,67.3,64.7,65.6,538032,Tata Power
23-08-2007,66.5,67,65.3,65.7,381509,Tata Power
24-08-2007,66.2,66.2,64.8,65.5,389926,Tata Power
27-08-2007,66.1,66.7,63.1,66.5,195703,Tata Power
28-08-2007,67,67.6,65.2,66,310708,Tata Power
29-08-2007,65,66.3,64.4,66,230098,Tata Power
30-08-2007,66.3,66.9,64.6,66.3,1074005,Tata Power
31-08-2007,65.5,66.7,65.4,66,304228,Tata Power
03-09-2007,67.4,67.4,65.6,66,500141,Tata Power
04-09-2007,66.4,68.5,65.4,67.5,695177,Tata Power
05-09-2007,68.8,70.8,68.1,68.7,1178356,Tata Power
06-09-2007,69.3,70.6,68.4,70.2,634196,Tata Power
07-09-2007,71.3,71.5,68.9,69.3,393454,Tata Power
10-09-2007,67.9,70.8,67.9,70.1,211666,Tata Power
11-09-2007,70.2,71.2,69.6,70.2,492742,Tata Power
12-09-2007,70.5,71.3,70.4,70.8,635849,Tata Power
13-09-2007,71.2,73.4,71,72.4,727263,Tata Power
14-09-2007,74.9,74.9,71,72,361205,Tata Power
17-09-2007,70.9,72.3,70.5,70.8,149049,Tata Power
18-09-2007,71.3,72.3,70.8,72.1,354876,Tata Power
19-09-2007,73.2,73.7,72.7,73.4,368772,Tata Power
20-09-2007,73.7,75.3,73.2,74.6,478736,Tata Power
21-09-2007,75,75.9,73.5,75.7,526401,Tata Power
24-09-2007,75.1,82.1,75.1,80.4,606254,Tata Power
25-09-2007,80.4,81.2,78.5,80.6,590989,Tata Power
26-09-2007,80.6,82.6,79.6,80.1,255820,Tata Power
27-09-2007,80.6,90.6,80,81.1,900699,Tata Power
28-09-2007,81.5,83.4,81.5,82.3,671557,Tata Power
01-10-2007,82.3,89.2,82.3,87.7,974279,Tata Power
03-10-2007,88.7,110.2,88.7,99.2,2518452,Tata Power
04-10-2007,101.2,103.6,94,95.7,2114288,Tata Power
05-10-2007,96.4,99.1,89.6,91,1829369,Tata Power
08-10-2007,91.5,93,84.3,87,792465,Tata Power
09-10-2007,86.9,94.9,81.9,94.4,2017959,Tata Power
10-10-2007,95.9,109.9,95.9,105.8,3717501,Tata Power
11-10-2007,106.5,106.5,100.5,105.3,698721,Tata Power
12-10-2007,105.5,110.8,100.1,101.1,1453323,Tata Power
15-10-2007,105.5,109.4,102.1,106.8,1267702,Tata Power
16-10-2007,107,134.9,105.7,131.6,4282917,Tata Power
17-10-2007,115.6,125.4,105.5,113.3,6100952,Tata Power
18-10-2007,115.5,119.9,95.5,104.4,3737048,Tata Power
19-10-2007,104.6,104.9,90.9,94.2,2516345,Tata Power
22-10-2007,90.8,98.7,87.1,96.2,2497292,Tata Power
23-10-2007,98.3,105,98.3,101.9,4210247,Tata Power
24-10-2007,103.3,106.5,101.5,105.1,3635904,Tata Power
25-10-2007,106,110.2,104.8,107.9,4390300,Tata Power
26-10-2007,108.4,110.8,104.6,109.6,1192452,Tata Power
29-10-2007,114.6,116.1,110.8,114,1282926,Tata Power
30-10-2007,115.1,117.5,111.8,115.5,1503083,Tata Power
31-10-2007,116.5,120,115.3,117,928503,Tata Power
01-11-2007,117.1,120.4,114.7,118.3,1411000,Tata Power
02-11-2007,113.7,127.2,110.9,125.7,1295248,Tata Power
05-11-2007,125.2,133.9,122.8,132,1192937,Tata Power
06-11-2007,133.8,139.7,127.8,130.7,1148931,Tata Power
07-11-2007,138.8,138.8,120.5,124.3,1030292,Tata Power
08-11-2007,123.1,123.8,118,119.1,785692,Tata Power
09-11-2007,115.6,120.3,115.1,116.9,80590,Tata Power
12-11-2007,115.1,120.4,109.5,117.9,1602215,Tata Power
13-11-2007,120.4,123.8,116.6,121.2,1573889,Tata Power
14-11-2007,123.3,128.1,122.9,126.5,630210,Tata Power
15-11-2007,129,129,118.3,120.4,684547,Tata Power
16-11-2007,119.5,123.2,117.6,120.6,536837,Tata Power
19-11-2007,120.9,125.9,119.5,122.5,687710,Tata Power
20-11-2007,120.8,122.4,115.1,116.6,1004038,Tata Power
21-11-2007,117.4,118,110.4,111.4,1177149,Tata Power
22-11-2007,111.8,112.3,104.6,109.9,1249956,Tata Power
23-11-2007,112.7,113.4,105.2,110.8,1474847,Tata Power
26-11-2007,112.7,115.5,111.8,113.6,683804,Tata Power
27-11-2007,112.8,113.2,108.4,109.4,716809,Tata Power
28-11-2007,110.3,111.1,106.6,107.3,885762,Tata Power
29-11-2007,110,110.3,104.7,107.6,3821055,Tata Power
30-11-2007,110.3,114.1,108.6,112.6,784413,Tata Power
03-12-2007,113.7,123.8,113.7,121.6,1234667,Tata Power
04-12-2007,123.8,126.4,119,125.6,1780157,Tata Power
05-12-2007,125.3,128.4,124.8,127,642133,Tata Power
06-12-2007,127,129.1,124.3,125.3,1200524,Tata Power
07-12-2007,125.7,130.6,125.7,127.6,1057841,Tata Power
10-12-2007,127.6,129.3,124.3,126.9,469494,Tata Power
11-12-2007,128.1,129,126.5,126.8,401216,Tata Power
12-12-2007,126.2,131.8,123.8,130.8,582142,Tata Power
13-12-2007,131.1,133,124.8,125.6,1196709,Tata Power
14-12-2007,126.2,127.7,125.3,125.3,286168,Tata Power
17-12-2007,125.3,126.4,123.3,124.8,1008276,Tata Power
19-12-2007,121.5,123.7,118.2,121.5,671506,Tata Power
20-12-2007,123.3,127.1,121.9,123.7,841647,Tata Power
24-12-2007,126.1,128.6,124.8,127.8,539379,Tata Power
26-12-2007,129.6,131.3,128.4,130.1,451634,Tata Power
27-12-2007,130.1,133.1,129.1,130.7,1635289,Tata Power
28-12-2007,126,135.4,126,134,594908,Tata Power
31-12-2007,139.7,142.3,135.9,141.7,932867,Tata Power
01-01-2008,139.7,151.6,139.7,148.8,872936,Tata Power
02-01-2008,150.8,150.8,144.5,148.7,1782296,Tata Power
03-01-2008,146.9,156.5,142.6,154.4,902422,Tata Power
04-01-2008,153.7,159,153.7,157,1073430,Tata Power
07-01-2008,156.9,156.9,151.9,155.1,777672,Tata Power
08-01-2008,154.9,157,146.3,150.8,819641,Tata Power
09-01-2008,150.3,154.2,147.4,150.9,626449,Tata Power
10-01-2008,152.2,152.2,142.6,144.6,569380,Tata Power
11-01-2008,149.1,149.1,138.4,140.5,412193,Tata Power
14-01-2008,144.4,149.5,138.8,147.6,717801,Tata Power
15-01-2008,148.4,152.7,147.6,149.2,1571745,Tata Power
16-01-2008,146.4,147.8,137.8,140.7,1388121,Tata Power
17-01-2008,141.9,146.9,133.7,142.5,1678456,Tata Power
18-01-2008,137.8,145.5,137.8,140.4,1110891,Tata Power
21-01-2008,138.6,138.7,114.7,119.4,927505,Tata Power
22-01-2008,109.8,113.7,100.2,104.3,1095651,Tata Power
23-01-2008,110.8,133.5,106.5,121.2,1175020,Tata Power
24-01-2008,124.3,128.6,113.8,116.1,813302,Tata Power
25-01-2008,120,124.8,118,121.2,296286,Tata Power
28-01-2008,120.4,124.3,115.7,123,265977,Tata Power
29-01-2008,125.3,127.5,121.4,126.4,799066,Tata Power
30-01-2008,126.4,129.1,121.5,126.9,660689,Tata Power
31-01-2008,127.2,128.5,121.4,123.1,969942,Tata Power
01-02-2008,123.3,131,122.4,129.3,531709,Tata Power
04-02-2008,132.5,138.3,129.8,135.4,584300,Tata Power
05-02-2008,134.9,141.1,130.2,139.5,394209,Tata Power
06-02-2008,136.8,140.2,132.9,137.2,823774,Tata Power
07-02-2008,135,141.5,134.4,136.5,461921,Tata Power
08-02-2008,136.3,136.6,125.7,128.5,473606,Tata Power
11-02-2008,127.2,127.2,108.1,113.8,1036547,Tata Power
12-02-2008,115.1,116.2,106.7,114,972167,Tata Power
13-02-2008,116,120,114.9,116.9,524399,Tata Power
14-02-2008,120.6,124.3,120.6,123.2,544699,Tata Power
15-02-2008,123.1,129,119.7,124.8,578349,Tata Power
18-02-2008,125.8,130.2,123.7,127.8,428514,Tata Power
19-02-2008,128.2,134.9,124.3,125,746751,Tata Power
20-02-2008,124.9,130,120.4,129.3,771882,Tata Power
21-02-2008,129.8,131.9,128,129.9,404217,Tata Power
22-02-2008,125.4,133.2,125.4,130.9,422844,Tata Power
25-02-2008,131.5,133.6,129.1,130.1,740372,Tata Power
26-02-2008,132,132.7,130.1,131,328781,Tata Power
27-02-2008,132,136.8,131.4,132.7,557675,Tata Power
28-02-2008,131.3,135,130.1,134.3,546831,Tata Power
29-02-2008,132.5,137.7,129.1,134.9,596881,Tata Power
03-03-2008,130.1,133.6,124.3,125.9,567731,Tata Power
04-03-2008,122,128.1,110.9,119,751018,Tata Power
05-03-2008,118,118.5,111.3,115.5,567616,Tata Power
07-03-2008,114.7,114.7,105,109.9,820991,Tata Power
10-03-2008,107.9,115.5,103.6,106.4,1012523,Tata Power
11-03-2008,106.4,116.5,104.6,114.6,819671,Tata Power
12-03-2008,118.5,120.8,113.7,114.7,416406,Tata Power
13-03-2008,113.7,117.3,108.5,112.6,1086010,Tata Power
14-03-2008,112.5,114.3,105.9,111.8,757672,Tata Power
17-03-2008,107.9,114,106,108.7,745265,Tata Power
18-03-2008,107,111.3,100.2,102.5,1006336,Tata Power
19-03-2008,106,107.7,98.4,100.9,1348949,Tata Power
24-03-2008,101.2,108,100,105.5,967880,Tata Power
25-03-2008,108.9,115.9,108,112.5,754313,Tata Power
26-03-2008,112.6,116.9,110.8,112.1,506628,Tata Power
27-03-2008,106.1,114,106.1,112.7,712940,Tata Power
28-03-2008,112.7,118.4,111,117.2,490412,Tata Power
31-03-2008,117.8,119.5,108.1,112.9,641436,Tata Power
01-04-2008,114.7,117.5,108.5,113.3,252785,Tata Power
02-04-2008,115.6,119.3,112.9,114.6,581386,Tata Power
03-04-2008,115.6,116.6,109.9,112.1,590806,Tata Power
04-04-2008,110.1,113.7,105.1,108,675618,Tata Power
07-04-2008,101.3,114.7,101.3,113.6,555195,Tata Power
08-04-2008,113.6,114.6,108.3,109.2,580545,Tata Power
09-04-2008,108.7,115.2,107.5,114.2,541171,Tata Power
10-04-2008,113.7,116.9,111,115.5,585215,Tata Power
11-04-2008,116.1,121.4,114.7,120.2,716528,Tata Power
15-04-2008,119.3,124.8,117.7,122.7,727492,Tata Power
16-04-2008,128.1,128.1,120.8,122,438788,Tata Power
17-04-2008,124.7,126.7,123,125.2,596740,Tata Power
21-04-2008,126.2,128.4,125.5,126.8,344626,Tata Power
22-04-2008,120.6,128.2,120.6,126.6,231078,Tata Power
23-04-2008,127.2,130.4,126.7,127.6,395039,Tata Power
24-04-2008,128.2,132.9,128.2,131.1,989606,Tata Power
25-04-2008,130.1,132.5,125.3,128.9,436310,Tata Power
28-04-2008,128.9,131,128.2,130.3,433256,Tata Power
29-04-2008,130.6,139.2,130.3,133.9,786729,Tata Power
30-04-2008,134.3,136.8,132.7,134.5,470191,Tata Power
02-05-2008,135.7,139.2,133.9,137,514269,Tata Power
05-05-2008,136.7,138.5,132.5,134.1,380810,Tata Power
06-05-2008,133.9,134.4,127.3,128.4,479322,Tata Power
07-05-2008,128.4,132.6,126.2,131.5,350124,Tata Power
08-05-2008,132,132,128.7,129.3,197050,Tata Power
09-05-2008,130.1,132.4,127.2,130.3,334768,Tata Power
12-05-2008,128.6,131.5,128.6,129.9,298107,Tata Power
13-05-2008,130.6,132.5,128.2,129.5,522309,Tata Power
14-05-2008,129.6,131.5,128.4,130.8,247861,Tata Power
15-05-2008,130.1,135.4,129.6,135,301711,Tata Power
16-05-2008,136,140.4,136,139.9,533803,Tata Power
20-05-2008,135.1,144.8,135.1,143.9,649666,Tata Power
21-05-2008,142.1,145.6,141.2,144.2,732447,Tata Power
22-05-2008,141.8,144.2,140.2,142.5,256091,Tata Power
23-05-2008,141.7,143.3,138,138.8,204806,Tata Power
26-05-2008,137.8,137.8,131.1,133,224841,Tata Power
27-05-2008,133.9,136.5,130.1,130.7,289561,Tata Power
28-05-2008,132,135.9,128.7,134.1,409059,Tata Power
29-05-2008,134.9,136,130.1,131.4,887776,Tata Power
30-05-2008,132.6,134.3,130.1,130.6,273725,Tata Power
02-06-2008,131.2,133.6,123.5,124.9,605999,Tata Power
03-06-2008,123.8,123.8,115.7,120.2,1472539,Tata Power
04-06-2008,120.4,121.4,110.9,112.2,459029,Tata Power
05-06-2008,108.2,122.9,108.2,121.3,812385,Tata Power
06-06-2008,122.6,126.8,121.4,123,414394,Tata Power
09-06-2008,119.5,124.9,115.6,124,650796,Tata Power
10-06-2008,124,127.3,121.5,124.6,765880,Tata Power
11-06-2008,125.7,127.6,121.6,125.3,854633,Tata Power
12-06-2008,121.9,127.3,118.7,126.4,642482,Tata Power
13-06-2008,127.4,127.4,119.6,120.7,594675,Tata Power
16-06-2008,122.3,126.7,122,125.5,875941,Tata Power
17-06-2008,125.5,126.2,123,125,500656,Tata Power
18-06-2008,126.2,127.4,122.8,123.3,613024,Tata Power
19-06-2008,121.9,123.8,120.8,123,275364,Tata Power
20-06-2008,123.3,125.8,119.2,120.7,978148,Tata Power
23-06-2008,119,120,113,114.8,736332,Tata Power
24-06-2008,114.2,114.4,105.5,107.6,1500325,Tata Power
25-06-2008,105.5,108.9,103.7,106.6,1063412,Tata Power
26-06-2008,107.9,110.4,104.8,108.7,1530158,Tata Power
27-06-2008,105,105.2,101,102.2,758019,Tata Power
30-06-2008,102,102.9,98,101.9,787022,Tata Power
01-07-2008,101.8,103.8,94.1,97.2,599614,Tata Power
02-07-2008,97.2,110.6,91.7,106.1,1050009,Tata Power
03-07-2008,106.1,106.1,93.1,97,1897749,Tata Power
04-07-2008,94.9,108.4,93,106.5,727588,Tata Power
07-07-2008,106.7,108.9,100.9,104.6,1289973,Tata Power
08-07-2008,98.8,102.5,96.4,99.3,1116364,Tata Power
09-07-2008,102.3,105.9,100.2,102.1,1292900,Tata Power
10-07-2008,98.3,103.1,98.3,100.4,595027,Tata Power
11-07-2008,102.6,102.6,91.9,94,1080392,Tata Power
14-07-2008,93.5,98.1,91.3,96.2,1137130,Tata Power
15-07-2008,94.4,94.4,92.5,93.5,538904,Tata Power
16-07-2008,93.8,95.9,87.8,91.9,1025018,Tata Power
17-07-2008,95.3,97.4,91,96.5,1045662,Tata Power
18-07-2008,97.3,99.1,95.6,97.7,681689,Tata Power
21-07-2008,98.3,101.2,97.5,100.5,737412,Tata Power
22-07-2008,101.2,109.3,100.5,107.4,641351,Tata Power
23-07-2008,109.9,116.6,106.3,108.3,1082771,Tata Power
24-07-2008,110.7,110.7,100.2,101,875359,Tata Power
25-07-2008,96.6,102.8,96.5,97.3,1549384,Tata Power
28-07-2008,98.3,102.4,96.8,101.5,809799,Tata Power
29-07-2008,100.2,101.9,98.8,100.3,1316383,Tata Power
30-07-2008,101.7,109.6,101.7,107.4,1346298,Tata Power
31-07-2008,107,113.2,106,111.6,2219486,Tata Power
01-08-2008,108,112.7,106.9,107.6,1214677,Tata Power
04-08-2008,110.2,110.3,106,107.9,547073,Tata Power
05-08-2008,108.1,109.4,103.6,106.2,1556596,Tata Power
06-08-2008,108.4,111.7,99.7,102.5,2702364,Tata Power
07-08-2008,101.9,102.9,100.2,101.2,1212606,Tata Power
08-08-2008,100.6,103,99.3,102.2,1091963,Tata Power
11-08-2008,103.6,105,102.4,103.9,787342,Tata Power
12-08-2008,104.1,104.5,98.9,100,1288023,Tata Power
13-08-2008,98.3,101.5,94.9,98.2,959025,Tata Power
14-08-2008,97.8,100.7,96.5,99.8,1197455,Tata Power
18-08-2008,99.3,100.5,96.9,98.2,614926,Tata Power
19-08-2008,97.3,98.7,94.2,98,605182,Tata Power
20-08-2008,98.8,100.2,97.8,98.7,854601,Tata Power
21-08-2008,98.6,100,97.5,98.6,579461,Tata Power
22-08-2008,98.3,101.6,98.3,101.2,535507,Tata Power
25-08-2008,102.1,103.5,98.1,98.5,683962,Tata Power
26-08-2008,97.3,99.5,97.3,99.1,296067,Tata Power
27-08-2008,99.2,99.2,96.9,97.5,586769,Tata Power
28-08-2008,97.7,99.6,96.6,97.8,1560366,Tata Power
29-08-2008,99.7,101.9,98.8,101.3,458097,Tata Power
01-09-2008,99.3,100.9,98.6,100.2,296231,Tata Power
02-09-2008,100.7,103.6,100.4,103.1,653280,Tata Power
04-09-2008,102.9,106,101.3,105.4,643482,Tata Power
05-09-2008,103,106,101.7,103.7,449964,Tata Power
08-09-2008,106.9,112.5,105.8,106.5,702819,Tata Power
09-09-2008,105.9,105.9,103.2,104.7,319749,Tata Power
10-09-2008,103.8,104.6,100.1,101.3,797382,Tata Power
11-09-2008,101.2,101.2,97,97.7,988891,Tata Power
12-09-2008,97.8,100.3,95.6,96.6,685455,Tata Power
15-09-2008,93.8,96.4,92,95.5,649542,Tata Power
16-09-2008,93.5,95.3,87.3,94.1,628442,Tata Power
17-09-2008,95.9,95.9,92.7,93.5,761398,Tata Power
18-09-2008,92.6,92.6,87.2,91.2,838366,Tata Power
19-09-2008,95.3,100.7,92.7,98.8,3891400,Tata Power
22-09-2008,100.2,101.2,97.4,98.9,392451,Tata Power
23-09-2008,96.4,101.1,96.4,98.9,554442,Tata Power
24-09-2008,98.8,100.5,97.9,98.8,700559,Tata Power
25-09-2008,98.8,99.7,94,96.6,1190907,Tata Power
26-09-2008,97.3,97.9,94.5,95.3,541244,Tata Power
29-09-2008,95.7,96.2,85.9,88.2,1252753,Tata Power
30-09-2008,72.9,89.3,72.8,87.4,961128,Tata Power
01-10-2008,88.7,92.4,86.7,91.5,638812,Tata Power
03-10-2008,91.6,91.8,84.9,85.5,773774,Tata Power
06-10-2008,84.7,84.7,74.2,77,967514,Tata Power
07-10-2008,76.1,79.5,71.8,74,743286,Tata Power
08-10-2008,70.3,79.5,64.7,77.9,1216384,Tata Power
10-10-2008,75.4,76.7,65.5,74.1,1227047,Tata Power
13-10-2008,77.1,78.5,74.4,75.8,722908,Tata Power
14-10-2008,79,83.3,77.7,80.1,970139,Tata Power
15-10-2008,77.1,79.7,74.8,76.2,585987,Tata Power
16-10-2008,73.7,78.4,67.1,77.5,705745,Tata Power
17-10-2008,77.1,79.5,70.8,72.1,479730,Tata Power
20-10-2008,73.1,74.2,67.1,69.4,655716,Tata Power
21-10-2008,70.8,77.1,69.1,76,587038,Tata Power
22-10-2008,74.7,75.2,72.3,72.5,351577,Tata Power
23-10-2008,71.3,76.3,68,69.8,573798,Tata Power
24-10-2008,68.4,70.3,58.3,60.6,759857,Tata Power
27-10-2008,59.7,60.2,51.1,54.7,740570,Tata Power
29-10-2008,57.8,63.6,56.7,59,1671699,Tata Power
31-10-2008,60.3,68.2,60.3,66.5,1175265,Tata Power
03-11-2008,68.2,71.5,65.1,66.8,684760,Tata Power
04-11-2008,67.4,74,65.4,72.5,725820,Tata Power
05-11-2008,75.2,76,69.7,71.8,723215,Tata Power
06-11-2008,69.4,70.5,66.5,69.2,579071,Tata Power
07-11-2008,65.8,72.3,65.8,70.8,699955,Tata Power
10-11-2008,71.8,79.8,71.3,77.8,603200,Tata Power
11-11-2008,77.1,79.2,72.1,72.6,523279,Tata Power
12-11-2008,72.1,76.9,69,70.5,1006890,Tata Power
14-11-2008,74.6,74.6,68.9,72,1205339,Tata Power
17-11-2008,73.2,73.2,66.6,69.9,1115196,Tata Power
18-11-2008,68.4,68.4,64.9,65.8,777931,Tata Power
19-11-2008,66.5,68.4,64.2,65.3,503007,Tata Power
21-11-2008,61.3,63.9,57.3,60.7,1050841,Tata Power
24-11-2008,61.2,64.3,59.6,63.1,1096856,Tata Power
25-11-2008,64.1,66,61.8,62.7,687545,Tata Power
26-11-2008,62.6,63.8,61,63.2,584918,Tata Power
28-11-2008,63.2,65.5,60.7,64.4,1049670,Tata Power
01-12-2008,64.6,65.4,61.7,62.2,974437,Tata Power
02-12-2008,60.7,62.9,59.9,62,657241,Tata Power
03-12-2008,62.6,63.1,60.8,62.4,629505,Tata Power
04-12-2008,62.6,66.4,62,65.8,533868,Tata Power
05-12-2008,65,68.2,63.7,64.5,496216,Tata Power
08-12-2008,65,69,65,66.2,655073,Tata Power
10-12-2008,66.7,71.2,66.6,70.8,973365,Tata Power
11-12-2008,69.5,72.2,68.5,70.4,505891,Tata Power
12-12-2008,68.4,73.2,67.6,72.5,849503,Tata Power
15-12-2008,71.8,74.4,70.1,70.9,606742,Tata Power
16-12-2008,70.8,72.5,69.8,71.9,451278,Tata Power
17-12-2008,72.3,73.2,67,67.9,475695,Tata Power
18-12-2008,67.8,70.3,66.4,70.1,710211,Tata Power
19-12-2008,69.4,74,68,71.4,708962,Tata Power
22-12-2008,71,72.2,69.9,71.4,480488,Tata Power
23-12-2008,71,71.3,69.4,70.6,295804,Tata Power
24-12-2008,69.5,70.9,68.8,69.9,445474,Tata Power
26-12-2008,70.5,71.7,69,70.4,416112,Tata Power
29-12-2008,70.3,70.8,69.2,69.9,664170,Tata Power
30-12-2008,70.3,72,69.9,71.3,346515,Tata Power
31-12-2008,72.3,73.5,71.1,72.2,344621,Tata Power
01-01-2009,72.8,76.4,71.7,75.8,420731,Tata Power
02-01-2009,76.1,76.5,74,74.3,468321,Tata Power
05-01-2009,74.8,80.7,74.8,80.2,1106952,Tata Power
06-01-2009,81,81,76.3,77.7,419200,Tata Power
07-01-2009,78.1,79.1,73.4,76.6,406585,Tata Power
09-01-2009,76.1,76.9,71.5,72.3,759415,Tata Power
12-01-2009,72.1,72.1,68.7,70.1,701243,Tata Power
13-01-2009,70.1,73.6,68.4,72.4,513405,Tata Power
14-01-2009,73.9,74.9,71.5,73.8,529307,Tata Power
15-01-2009,72.3,73.8,70,71,562537,Tata Power
16-01-2009,70.9,75.3,70.9,74.5,862974,Tata Power
19-01-2009,74.5,75.9,72.1,73.2,617626,Tata Power
20-01-2009,72.3,76.8,71.1,74.1,1303772,Tata Power
21-01-2009,72.8,73.6,67.6,68.8,1379434,Tata Power
22-01-2009,69.3,69.7,67.6,68.7,679148,Tata Power
23-01-2009,68.8,69.3,65.6,68.3,606646,Tata Power
27-01-2009,67.5,71.9,67.5,71.3,434950,Tata Power
28-01-2009,71.3,72.8,70.6,72.4,356680,Tata Power
30-01-2009,72.3,74.4,70.2,73.5,542774,Tata Power
02-02-2009,72.8,73.5,71.2,72.5,234263,Tata Power
03-02-2009,73.2,73.7,70.8,72.7,411324,Tata Power
04-02-2009,73.5,74,71.7,72.2,235120,Tata Power
05-02-2009,72.5,73,70.8,71.5,385629,Tata Power
06-02-2009,72.1,73.2,71.8,72.5,203878,Tata Power
09-02-2009,72.8,75.6,72.4,75,316198,Tata Power
10-02-2009,75.1,77.2,74.5,76.5,423738,Tata Power
11-02-2009,75.2,78.4,74.4,77.9,443170,Tata Power
12-02-2009,75.4,78,75.4,76.6,298213,Tata Power
13-02-2009,74.8,78.9,74.8,76.7,337409,Tata Power
16-02-2009,72.7,76.8,72.7,74.8,605738,Tata Power
17-02-2009,74.2,74.6,71.4,71.9,302659,Tata Power
18-02-2009,71.1,73.2,70.8,72.7,302676,Tata Power
19-02-2009,72.8,73.1,71.8,72.4,153582,Tata Power
20-02-2009,71.8,71.8,69.9,71.1,319554,Tata Power
24-02-2009,70.6,71.5,69.7,71.2,283994,Tata Power
25-02-2009,71.7,72.8,71.6,71.8,590288,Tata Power
26-02-2009,72.1,72.1,70.2,70.5,325039,Tata Power
27-02-2009,70.3,71.1,68.2,70,539295,Tata Power
02-03-2009,69.5,69.5,67.7,68.6,302461,Tata Power
03-03-2009,69.3,69.3,63.4,64.4,635236,Tata Power
04-03-2009,66,67.2,61.4,64.8,1092706,Tata Power
05-03-2009,64.6,65.6,60.6,61.7,781312,Tata Power
06-03-2009,60,62.2,59.5,61.5,677666,Tata Power
09-03-2009,61.2,61.3,59.3,59.9,405635,Tata Power
12-03-2009,60.8,61.2,58,58.5,1266235,Tata Power
13-03-2009,58.3,64.4,58.3,64.1,962156,Tata Power
16-03-2009,63.6,65.5,62.5,65.1,705331,Tata Power
17-03-2009,65.5,67,63.8,65.3,880529,Tata Power
18-03-2009,66,67.2,62.7,63.4,880080,Tata Power
19-03-2009,65.4,65.4,62.8,63.8,453180,Tata Power
20-03-2009,63.9,65.7,63.2,64.3,488464,Tata Power
23-03-2009,65.5,68.1,64.7,67.3,643461,Tata Power
24-03-2009,67.9,69.4,65.4,66.8,862134,Tata Power
25-03-2009,67.1,72.2,66.4,71.3,650649,Tata Power
26-03-2009,71.9,76.7,71.2,75.3,1335350,Tata Power
27-03-2009,76.2,76.3,73.8,75.5,648465,Tata Power
30-03-2009,74.7,74.9,72.1,73.6,413885,Tata Power
31-03-2009,74.2,78.9,72.8,74.1,696171,Tata Power
01-04-2009,74.1,77.1,73.4,76.5,636195,Tata Power
02-04-2009,78.4,82.9,78.4,81.6,718192,Tata Power
06-04-2009,82.6,86.2,80.7,82.7,560688,Tata Power
08-04-2009,80.1,86.7,79.6,84.6,989199,Tata Power
09-04-2009,86.7,87.2,83.6,85.3,363180,Tata Power
13-04-2009,85.8,88.2,85,87.2,334657,Tata Power
15-04-2009,86.5,88,84,86.7,683555,Tata Power
16-04-2009,87.2,90,83.1,84.1,497731,Tata Power
17-04-2009,84.5,87.1,82.5,84.7,1647523,Tata Power
20-04-2009,85,85.9,82.1,82.8,608281,Tata Power
21-04-2009,81.4,86.6,80.7,85,440920,Tata Power
22-04-2009,85.8,86,81.4,82,331676,Tata Power
23-04-2009,82,83,80.8,82.4,446199,Tata Power
24-04-2009,82.9,86.3,82.4,85.5,818354,Tata Power
27-04-2009,85.1,85.1,82.2,83.2,685446,Tata Power
28-04-2009,82.7,83.7,80,80.9,368415,Tata Power
29-04-2009,81.5,87.2,81,86.4,776881,Tata Power
04-05-2009,87.7,90.6,86.2,87.2,738639,Tata Power
05-05-2009,87.7,90,85.9,87,763319,Tata Power
06-05-2009,86.7,88.9,86.7,87.9,580941,Tata Power
07-05-2009,88.5,89,86.7,87.8,494582,Tata Power
08-05-2009,87.4,89.1,85.4,86.8,461049,Tata Power
11-05-2009,87,88.3,86.1,87.2,464989,Tata Power
12-05-2009,87.1,88.1,86,87.3,485999,Tata Power
13-05-2009,88.2,88.5,84.8,86,520938,Tata Power
14-05-2009,80.1,86.8,80.1,85.3,598947,Tata Power
15-05-2009,85.8,88.2,85.5,87.6,385224,Tata Power
18-05-2009,91.5,104.8,91.5,100.7,5448,Tata Power
19-05-2009,105.7,107.1,96.5,101.7,921553,Tata Power
20-05-2009,101.2,103.1,100.3,102.2,616211,Tata Power
21-05-2009,100.7,104.8,99.3,100,377297,Tata Power
22-05-2009,99.7,101.5,97,100.6,247524,Tata Power
25-05-2009,101.2,105.8,100.3,103.7,281339,Tata Power
26-05-2009,104.1,104.8,97.5,102.8,373607,Tata Power
27-05-2009,103.2,106.5,103.2,105.2,576590,Tata Power
28-05-2009,106.6,107.2,105.5,106.2,731682,Tata Power
29-05-2009,107.1,108.7,102.4,103.1,577526,Tata Power
01-06-2009,106.5,107.1,102.9,104.6,396655,Tata Power
02-06-2009,106,108,99.4,101.1,989851,Tata Power
03-06-2009,102.7,105,100.7,101.3,590356,Tata Power
04-06-2009,99.3,101.9,97,100.8,1184370,Tata Power
05-06-2009,103.1,105,101.5,104.1,1060416,Tata Power
08-06-2009,106.2,107,103.2,104.3,491887,Tata Power
09-06-2009,103.3,111.3,98.9,110.1,562810,Tata Power
10-06-2009,113.2,118.5,110.4,117.1,995587,Tata Power
11-06-2009,115,117.8,112.4,115.4,413586,Tata Power
12-06-2009,115.9,118.3,110.9,113.5,589906,Tata Power
15-06-2009,112.7,113.2,106.3,109.9,580217,Tata Power
16-06-2009,107.7,114.6,107.7,114,495904,Tata Power
17-06-2009,113.8,116.7,112.1,113.8,818682,Tata Power
18-06-2009,114.1,116.4,109.9,113.5,612359,Tata Power
19-06-2009,114.6,114.6,110,112.1,378723,Tata Power
22-06-2009,112.3,114.3,105.5,106.9,429365,Tata Power
23-06-2009,105,110.1,102.4,109.1,441974,Tata Power
24-06-2009,109.4,112.1,107.5,109.1,679297,Tata Power
25-06-2009,110.1,112.9,108.2,111.3,522686,Tata Power
26-06-2009,111.8,113.7,110.8,112.1,463577,Tata Power
29-06-2009,112.1,112.3,109.4,110.9,319515,Tata Power
30-06-2009,111.9,114.3,109.9,110.8,368564,Tata Power
01-07-2009,110.6,113.5,107.5,110.6,365536,Tata Power
02-07-2009,110,113.4,109.2,112.8,252472,Tata Power
03-07-2009,112.2,115.7,111.4,114.4,468808,Tata Power
06-07-2009,115.1,116.6,104.1,106.4,604195,Tata Power
07-07-2009,107.9,110.2,102.4,105,572378,Tata Power
08-07-2009,103.1,107,101.7,104.3,311643,Tata Power
09-07-2009,103.1,107.4,102.4,105.9,628218,Tata Power
10-07-2009,104.1,106.4,100.7,102.5,405126,Tata Power
13-07-2009,102.1,102.1,96.3,100.7,0,Tata Power
14-07-2009,101.4,103.7,100.8,102.1,417660,Tata Power
15-07-2009,102.2,108.3,101.9,106.4,491085,Tata Power
16-07-2009,110.1,110.1,104.1,105.2,567215,Tata Power
17-07-2009,105.9,113.9,104.8,110.3,745586,Tata Power
20-07-2009,111.8,113.8,109.8,111.3,341659,Tata Power
21-07-2009,111.3,111.3,107.7,108.5,498993,Tata Power
22-07-2009,108.8,111.8,107.4,108,714600,Tata Power
23-07-2009,109.2,111.2,107.1,110.3,444122,Tata Power
24-07-2009,111.3,114.1,110,113,571395,Tata Power
27-07-2009,114.2,122.2,113.5,119.6,852253,Tata Power
28-07-2009,120.4,123,119.8,122.4,593606,Tata Power
29-07-2009,118.3,128,114,125.9,1369482,Tata Power
30-07-2009,126.2,126.7,122,125,1117250,Tata Power
31-07-2009,126.5,127.9,122.6,125.4,788039,Tata Power
03-08-2009,127.2,131.4,125.4,130.5,639045,Tata Power
04-08-2009,130.1,130.1,123.5,125.1,834900,Tata Power
05-08-2009,125.7,127.7,123.8,127.1,480335,Tata Power
06-08-2009,126.1,126.1,123.3,124.7,594358,Tata Power
07-08-2009,122,124.5,117.1,118.8,1039135,Tata Power
10-08-2009,121.2,122.9,117.9,121.2,722076,Tata Power
11-08-2009,120.4,123.8,118.3,122.9,774816,Tata Power
12-08-2009,121.3,122.8,116.4,121.1,396843,Tata Power
13-08-2009,122.6,124.8,121.9,124.3,396780,Tata Power
14-08-2009,125.4,126.6,121.9,123.5,318923,Tata Power
17-08-2009,122.3,125.3,117,120.9,369980,Tata Power
18-08-2009,119.5,122.9,118.7,121.6,344981,Tata Power
19-08-2009,120.3,124.3,119.5,121.1,541894,Tata Power
20-08-2009,122.7,124.7,121,123.5,491423,Tata Power
21-08-2009,123.8,126.2,122.1,125.9,274391,Tata Power
24-08-2009,126.7,128.9,126.3,127.3,492949,Tata Power
25-08-2009,127.3,128.4,123.4,126.6,1180354,Tata Power
26-08-2009,127.2,130.6,126.3,128.8,421427,Tata Power
27-08-2009,125.5,132,125.5,131.1,625848,Tata Power
28-08-2009,130.1,130.9,126.7,129.4,673449,Tata Power
31-08-2009,127.2,129.1,125.3,126.1,489680,Tata Power
01-09-2009,126,127.7,123.8,125.4,760507,Tata Power
02-09-2009,124.7,126.2,122.5,123.6,913186,Tata Power
03-09-2009,123.8,124.8,120.6,121.9,371335,Tata Power
04-09-2009,122.6,125.1,120.9,124.6,317997,Tata Power
07-09-2009,125.7,127.7,124.8,127.4,172564,Tata Power
08-09-2009,127.9,128.6,122.9,123.4,404372,Tata Power
09-09-2009,124.1,125.3,121.7,124.9,405205,Tata Power
10-09-2009,125.6,126.1,123.1,123.8,279862,Tata Power
11-09-2009,123.3,124.5,122,122.5,215467,Tata Power
14-09-2009,122,123.6,121.4,122.8,152830,Tata Power
15-09-2009,123.3,124.8,123.3,123.8,178402,Tata Power
16-09-2009,124.8,126.8,123.7,126,289081,Tata Power
17-09-2009,127.7,129.8,125.1,126.6,567711,Tata Power
18-09-2009,126.7,128.2,125.4,126.8,240860,Tata Power
22-09-2009,127.7,129.6,125.5,127,474700,Tata Power
23-09-2009,125.7,128.1,124,125.8,443048,Tata Power
24-09-2009,125,128.2,121.4,126.4,826980,Tata Power
25-09-2009,128,128,122.8,123.5,324767,Tata Power
29-09-2009,123.3,126.8,123.1,126.4,511707,Tata Power
30-09-2009,126.2,128.6,125.9,127,363612,Tata Power
01-10-2009,125.7,127,123.8,124.3,577416,Tata Power
05-10-2009,123.8,124.7,121.9,123.2,441187,Tata Power
06-10-2009,123.9,124.8,121.9,124.1,441763,Tata Power
07-10-2009,124.7,125.7,123.5,124.6,544920,Tata Power
08-10-2009,123.3,127.7,123.3,126.3,360244,Tata Power
09-10-2009,125.7,126.9,124.6,125.5,256200,Tata Power
12-10-2009,125.6,127.6,124.4,127.1,378299,Tata Power
14-10-2009,126.7,131.1,126.7,129.4,498459,Tata Power
15-10-2009,130.5,133.3,128.5,132,1054056,Tata Power
16-10-2009,133.7,137.8,129.9,136.7,776146,Tata Power
20-10-2009,137.5,137.5,135.4,136.8,637895,Tata Power
21-10-2009,136.3,141.6,134.6,139.1,868787,Tata Power
22-10-2009,138.7,140.7,135.8,137.6,865752,Tata Power
23-10-2009,138.3,142.1,137.6,140.9,649922,Tata Power
26-10-2009,141,143.6,138.6,139.6,332241,Tata Power
27-10-2009,136.6,139.7,133.7,135,650420,Tata Power
28-10-2009,135.3,136.4,133.3,134.8,441223,Tata Power
29-10-2009,133,137.7,132.3,135.2,784174,Tata Power
30-10-2009,136.3,136.3,127.5,129,493237,Tata Power
03-11-2009,128.9,132.3,123,126.2,540642,Tata Power
04-11-2009,127.4,128.1,120.7,126,589444,Tata Power
05-11-2009,125.7,128.2,122.4,127.6,391092,Tata Power
06-11-2009,126.7,130,121.8,122.5,1263926,Tata Power
09-11-2009,123.3,127.7,122.5,127.1,710890,Tata Power
10-11-2009,125.9,129.3,125.5,127.7,752156,Tata Power
11-11-2009,127.2,128.9,126.7,128,381689,Tata Power
12-11-2009,128.2,130.1,127.4,127.8,423388,Tata Power
13-11-2009,127.8,129.5,126.8,128.2,200886,Tata Power
16-11-2009,129.5,130.1,127.1,128.3,554478,Tata Power
17-11-2009,129.2,129.5,126.2,127.1,328956,Tata Power
18-11-2009,127,128.5,126.3,127.5,355852,Tata Power
19-11-2009,128,128.1,126.3,127.1,349885,Tata Power
20-11-2009,127,127.9,126.3,127.3,351705,Tata Power
23-11-2009,128.3,130,126.8,129,217173,Tata Power
24-11-2009,128.9,130.1,127,128.7,275543,Tata Power
25-11-2009,128.7,129.8,127,128.8,291320,Tata Power
26-11-2009,128.6,131.6,126.8,128.2,1205574,Tata Power
27-11-2009,127.3,129.2,125.6,127.3,424414,Tata Power
30-11-2009,128.2,131.7,127.7,130.5,803565,Tata Power
01-12-2009,131,132.2,129,131,598480,Tata Power
02-12-2009,131.5,132.8,129.7,130.3,514753,Tata Power
03-12-2009,130.6,132.2,129.4,130.8,290027,Tata Power
04-12-2009,130.1,132,129.2,131.1,489161,Tata Power
07-12-2009,133,133,130.6,131.2,430385,Tata Power
08-12-2009,130.6,133,130.6,132.9,287954,Tata Power
09-12-2009,132,132.7,130.7,131.4,371052,Tata Power
10-12-2009,131,131.9,130.4,131.3,370420,Tata Power
11-12-2009,132,132,130.5,131.1,313718,Tata Power
14-12-2009,131.3,132.4,129.2,129.8,325143,Tata Power
15-12-2009,131,131,127.2,127.7,274560,Tata Power
16-12-2009,128.4,128.9,126.1,127.6,209887,Tata Power
17-12-2009,127.6,129.3,126.6,127,275858,Tata Power
18-12-2009,127,127.8,126.6,127,329748,Tata Power
21-12-2009,126.6,128.2,126.6,126.9,305779,Tata Power
22-12-2009,126.6,128,126.5,127.3,214620,Tata Power
23-12-2009,128.2,130,126.9,129.1,230929,Tata Power
24-12-2009,129,131,129,130.4,260680,Tata Power
29-12-2009,130.9,132,129.8,130.3,157722,Tata Power
30-12-2009,131,131.7,129.7,131,160073,Tata Power
31-12-2009,131.5,133.9,130.6,133.1,447037,Tata Power
04-01-2010,133.6,134.9,133.4,133.9,306173,Tata Power
05-01-2010,134.5,137.8,134.2,135.8,410552,Tata Power
06-01-2010,135.9,144.2,135.9,142.1,844120,Tata Power
07-01-2010,142.6,144.7,139.2,142.7,530331,Tata Power
08-01-2010,143.1,143.9,141.1,142.6,377996,Tata Power
11-01-2010,143.1,146.2,141.3,142.6,461823,Tata Power
12-01-2010,145.4,145.4,140.7,143.5,383887,Tata Power
13-01-2010,142.6,144.4,142.2,143.6,138627,Tata Power
14-01-2010,144.1,145.2,139.5,140.3,500666,Tata Power
15-01-2010,140.3,141.5,139.2,140.4,195698,Tata Power
18-01-2010,139.2,144.3,136,139.1,371322,Tata Power
19-01-2010,142.1,142.1,134.9,136.7,331779,Tata Power
20-01-2010,136.8,137.5,135.7,136.9,453052,Tata Power
21-01-2010,136.9,137.3,129.3,130.7,602590,Tata Power
22-01-2010,128.6,130.4,125.6,128.5,794532,Tata Power
25-01-2010,128.4,128.7,125.6,127.1,441100,Tata Power
27-01-2010,126.3,128.9,125.3,126.4,587860,Tata Power
28-01-2010,126.9,128.4,122.2,127.5,481743,Tata Power
29-01-2010,122.5,127.3,122.5,125.7,472274,Tata Power
01-02-2010,125.9,125.9,124,124.6,395056,Tata Power
02-02-2010,125.5,125.9,123.2,123.7,377664,Tata Power
03-02-2010,124.6,127.2,123.3,125.2,290872,Tata Power
04-02-2010,124.8,125.3,122.6,123.1,243682,Tata Power
05-02-2010,122.4,125.2,121,123.9,263975,Tata Power
08-02-2010,125.2,128.3,121.4,123.8,457003,Tata Power
09-02-2010,122.8,126.2,122.4,125.3,245852,Tata Power
10-02-2010,125.7,125.7,122.3,122.9,454036,Tata Power
11-02-2010,123.3,124.3,121.4,122,1100742,Tata Power
15-02-2010,122.8,123.5,119.1,119.5,365597,Tata Power
16-02-2010,121.5,121.5,118.5,119.2,751500,Tata Power
17-02-2010,120,122.5,120,121.6,410148,Tata Power
18-02-2010,121.9,122.8,118.4,120.7,472358,Tata Power
19-02-2010,119.1,120.7,118.5,119.5,246789,Tata Power
22-02-2010,121.4,121.8,120.3,120.9,253577,Tata Power
23-02-2010,121,121.8,119.6,120.6,199448,Tata Power
24-02-2010,120.4,122.6,119.7,121.2,427283,Tata Power
25-02-2010,118.5,122.6,118.5,122.3,242341,Tata Power
26-02-2010,122.3,122.3,115.5,116.9,1175940,Tata Power
02-03-2010,116.8,123.8,115.3,122.8,1222586,Tata Power
03-03-2010,123.8,129.9,123.2,128.6,807514,Tata Power
04-03-2010,128.6,130.1,125.9,129,656126,Tata Power
05-03-2010,128.9,129.8,127.7,128.3,347015,Tata Power
08-03-2010,128.6,130.3,128.6,129.7,298895,Tata Power
09-03-2010,129,129.8,127.2,128.2,164032,Tata Power
10-03-2010,128.3,131.5,127.5,129.4,372119,Tata Power
11-03-2010,130.2,131.1,127.3,128,346550,Tata Power
12-03-2010,129,130.9,128.1,130.3,350859,Tata Power
15-03-2010,130.3,131,129.1,130.9,626432,Tata Power
16-03-2010,131,133.9,129.6,133.4,780807,Tata Power
17-03-2010,133.8,134.5,130.7,131.3,564967,Tata Power
18-03-2010,131.8,132.8,128.9,129.5,223812,Tata Power
19-03-2010,130.3,132.2,129.7,131,228125,Tata Power
22-03-2010,129.8,131.9,127.7,128.8,339371,Tata Power
23-03-2010,129.6,131,128.9,130.7,364889,Tata Power
25-03-2010,130.4,132.2,129.1,130.2,702781,Tata Power
26-03-2010,131,131.9,130.5,131.5,327266,Tata Power
29-03-2010,131.4,132.6,130.3,131.8,419721,Tata Power
30-03-2010,132,134.7,131.4,132.3,300728,Tata Power
31-03-2010,133.2,133.9,130.6,132.4,322410,Tata Power
01-04-2010,133.5,133.5,129.1,130.6,421360,Tata Power
05-04-2010,130.6,134.3,130.6,133.4,465041,Tata Power
06-04-2010,134,135.7,131.1,132,550266,Tata Power
07-04-2010,132.3,133.6,131.5,133,286657,Tata Power
08-04-2010,133,133.4,131.3,132.1,219817,Tata Power
09-04-2010,132,133,130.7,131.7,310987,Tata Power
12-04-2010,131.8,133,128.7,129.6,263676,Tata Power
13-04-2010,129.8,130.5,128.6,129.2,228966,Tata Power
15-04-2010,130.2,131.4,128,128.6,252982,Tata Power
16-04-2010,127.5,129.6,127.3,127.7,222349,Tata Power
19-04-2010,127.3,127.6,125.4,126.6,272794,Tata Power
20-04-2010,126.7,128.5,124.4,126.5,310833,Tata Power
21-04-2010,126.7,129.3,126.4,127.6,245233,Tata Power
22-04-2010,127.1,130.1,125.9,129,360951,Tata Power
23-04-2010,128.9,132,127.5,131.3,355691,Tata Power
26-04-2010,131.4,133.8,131.1,131.9,159726,Tata Power
27-04-2010,131,133.5,131,132,198115,Tata Power
28-04-2010,130.1,131.9,127.6,128.4,270056,Tata Power
29-04-2010,128.6,132.5,128.6,131.1,346224,Tata Power
30-04-2010,132.5,132.5,129.9,130.9,264795,Tata Power
03-05-2010,131.4,131.4,128.8,129.2,99325,Tata Power
04-05-2010,130.4,130.4,126.4,127.1,235246,Tata Power
05-05-2010,125.4,127.7,125.4,127.2,449375,Tata Power
06-05-2010,127,127.2,124.5,125.5,342488,Tata Power
07-05-2010,124.3,125.3,121.8,123.6,418879,Tata Power
10-05-2010,125.2,129.6,123.8,128.7,317919,Tata Power
11-05-2010,129.9,129.9,126.1,128.3,258170,Tata Power
12-05-2010,126.7,131,126.7,130.1,414722,Tata Power
13-05-2010,130.6,131.5,129.3,130.3,316841,Tata Power
14-05-2010,130.3,131.4,127.7,128.7,119841,Tata Power
17-05-2010,127.2,127.5,125.3,127.2,159906,Tata Power
18-05-2010,128.4,128.4,124,125.5,370190,Tata Power
19-05-2010,124.5,126.6,124,125.5,272158,Tata Power
20-05-2010,126,128.1,123.5,124.2,246386,Tata Power
21-05-2010,121.9,126.1,120.7,121.4,413580,Tata Power
24-05-2010,122.4,122.4,118.8,119.9,442551,Tata Power
25-05-2010,116.6,118.9,114.7,116,478661,Tata Power
26-05-2010,116.6,118.9,115.4,118.3,425935,Tata Power
27-05-2010,118.3,120.9,117.3,120.1,449007,Tata Power
28-05-2010,120.6,123.3,118.6,122.4,548754,Tata Power
31-05-2010,122.9,124.3,121.7,123.9,268214,Tata Power
01-06-2010,123.3,123.7,119.5,121,252850,Tata Power
02-06-2010,121,121.3,117.7,119.6,367880,Tata Power
03-06-2010,120.4,123.2,119.6,119.9,140418,Tata Power
04-06-2010,119.9,119.9,116.7,119.4,193815,Tata Power
07-06-2010,117.7,119.2,114.9,117.8,420217,Tata Power
08-06-2010,118.5,121.2,117.7,119.8,488224,Tata Power
09-06-2010,119.8,120.4,116.3,116.8,245452,Tata Power
10-06-2010,118,118.9,116.6,118.5,222551,Tata Power
11-06-2010,119.8,121.2,118.3,119.5,380611,Tata Power
14-06-2010,119.9,121.4,119.6,120.8,176891,Tata Power
15-06-2010,120.7,122.3,120,121.5,254263,Tata Power
16-06-2010,121.8,121.8,117.8,121.1,174850,Tata Power
17-06-2010,121.1,123,120.4,121.5,396490,Tata Power
18-06-2010,122.6,123.8,121.9,122.4,404101,Tata Power
21-06-2010,123.1,127.2,123.1,126.8,311236,Tata Power
22-06-2010,126.2,128.2,126.2,127.4,497877,Tata Power
23-06-2010,127.3,127.7,125.7,127.3,228246,Tata Power
24-06-2010,127.3,127.8,125.7,127.1,586966,Tata Power
25-06-2010,126.9,127.7,125.3,126.2,381264,Tata Power
28-06-2010,126.2,131,123.7,128.5,451434,Tata Power
29-06-2010,129.6,131,125,125.6,544911,Tata Power
30-06-2010,125.1,126.8,124.4,126.1,661150,Tata Power
01-07-2010,126.2,126.9,124.1,126.2,550173,Tata Power
02-07-2010,125.5,127.1,125.5,126.3,362643,Tata Power
05-07-2010,125.3,127.1,125.1,126.2,143874,Tata Power
06-07-2010,125.8,126.9,125.6,126.6,200100,Tata Power
07-07-2010,126.4,127.4,125.1,125.7,282389,Tata Power
08-07-2010,125.9,127.7,125.5,125.9,510174,Tata Power
09-07-2010,127,127.5,125.9,126.8,292315,Tata Power
12-07-2010,126.9,127.6,126,126.8,363827,Tata Power
13-07-2010,126.2,128.3,126.2,127.7,328271,Tata Power
14-07-2010,128.3,129.7,127.5,127.8,269217,Tata Power
15-07-2010,128.1,129.7,128.1,129.3,389221,Tata Power
16-07-2010,129.7,129.7,127.2,128.6,321979,Tata Power
19-07-2010,129,129,127.8,128.4,204536,Tata Power
20-07-2010,128.8,129,127.2,128,233892,Tata Power
21-07-2010,128.6,129,127,128.7,157169,Tata Power
22-07-2010,128.6,129.1,127.4,128.1,326449,Tata Power
23-07-2010,128.9,128.9,127.3,127.6,357804,Tata Power
26-07-2010,127.8,128.3,126.8,127.7,329233,Tata Power
27-07-2010,127.7,128.3,127.1,127.7,152111,Tata Power
28-07-2010,127.8,129.9,127.4,128.9,266935,Tata Power
29-07-2010,129.1,129.4,127.4,128.1,543803,Tata Power
30-07-2010,127.7,128.3,125.5,127.3,171317,Tata Power
02-08-2010,127.3,128.3,127.2,127.7,119757,Tata Power
03-08-2010,128.6,128.6,127.4,128,90940,Tata Power
04-08-2010,128.4,129.3,127.4,128.5,281712,Tata Power
05-08-2010,129,129.5,127.6,127.8,494831,Tata Power
06-08-2010,128.5,128.9,127.3,127.5,314493,Tata Power
09-08-2010,127.5,128.1,127.4,127.8,120424,Tata Power
10-08-2010,128,128.7,127.2,128.1,163079,Tata Power
11-08-2010,128,130.6,127.7,128.6,291702,Tata Power
12-08-2010,128.6,129.1,127,128.1,367416,Tata Power
13-08-2010,127.7,129.1,126.2,127.9,251935,Tata Power
16-08-2010,127.6,127.6,126.4,126.7,198534,Tata Power
17-08-2010,125.8,127.2,121.1,126.3,373058,Tata Power
18-08-2010,126.8,127.2,125.4,126.6,203765,Tata Power
19-08-2010,127.5,127.5,124.3,125.4,306323,Tata Power
20-08-2010,124.8,125.4,123.8,124.3,221391,Tata Power
23-08-2010,125.3,126,123.2,124.2,274759,Tata Power
24-08-2010,124.3,124.7,122.9,123.3,178204,Tata Power
25-08-2010,122.5,123.3,120.3,121,359121,Tata Power
26-08-2010,121.3,123.6,120,122.5,574578,Tata Power
27-08-2010,122.9,123.3,118.5,119.3,284064,Tata Power
30-08-2010,120,120.8,116.3,118.6,263173,Tata Power
31-08-2010,117.7,118.8,117,117.8,197259,Tata Power
01-09-2010,118.3,120.3,117.6,119.4,211153,Tata Power
02-09-2010,120,122.1,118.8,121.5,373516,Tata Power
03-09-2010,122.4,122.4,120.3,120.5,123450,Tata Power
06-09-2010,121.4,124.1,120.5,123.5,344615,Tata Power
07-09-2010,123.8,123.8,121.6,122.4,308372,Tata Power
08-09-2010,122.3,124,121.9,122.8,388331,Tata Power
09-09-2010,123.4,124.8,120.9,121.4,588361,Tata Power
13-09-2010,122.4,123.3,122.1,122.9,419583,Tata Power
14-09-2010,123.8,123.8,120.9,121.8,934107,Tata Power
15-09-2010,121.6,122.6,121,122.3,497300,Tata Power
16-09-2010,122,123.6,121.1,122.1,541108,Tata Power
17-09-2010,121.5,123,121.1,121.9,384289,Tata Power
20-09-2010,122.4,122.7,121.3,121.8,428850,Tata Power
21-09-2010,122.2,126.2,121.5,125.7,549340,Tata Power
22-09-2010,126.3,127.2,125.4,126.7,410660,Tata Power
23-09-2010,127.5,127.7,126.4,127,432993,Tata Power
24-09-2010,126.8,128.5,126.4,128.1,379676,Tata Power
27-09-2010,128.1,130.7,126.3,129.5,352482,Tata Power
28-09-2010,130.1,130.6,128.9,130,198137,Tata Power
29-09-2010,130.1,131.8,129.2,130.2,255747,Tata Power
30-09-2010,131,131.9,128.3,130.6,381957,Tata Power
01-10-2010,129.6,134.5,129.6,134,353172,Tata Power
04-10-2010,134.5,136.1,132.6,133.4,332867,Tata Power
05-10-2010,132.6,135.3,132.5,134.8,540649,Tata Power
06-10-2010,134.8,136.5,134.7,135.2,652132,Tata Power
07-10-2010,135.2,141.2,134.4,138.6,1038334,Tata Power
08-10-2010,138.9,141.5,136,137.4,455355,Tata Power
11-10-2010,138.3,138.6,136.1,137.1,279002,Tata Power
12-10-2010,137.2,137.2,135.6,136.4,185750,Tata Power
13-10-2010,136.1,138.9,136.1,138.2,593635,Tata Power
14-10-2010,138.3,139.8,136.9,137.9,434426,Tata Power
15-10-2010,138,139.8,135.9,137.8,437487,Tata Power
18-10-2010,136.8,138.1,133.7,134.4,278569,Tata Power
19-10-2010,135.3,135.4,132.2,132.5,238177,Tata Power
20-10-2010,133.5,134.7,132.3,134.1,147889,Tata Power
21-10-2010,133.7,139.1,132.3,138,420266,Tata Power
22-10-2010,136.5,138.8,134.9,137.6,237556,Tata Power
25-10-2010,138.8,138.8,135.6,136.2,102066,Tata Power
26-10-2010,136,138,135.4,136.1,151396,Tata Power
27-10-2010,134.9,137.3,133.9,135.2,132629,Tata Power
28-10-2010,134.8,137.7,133,136.2,494045,Tata Power
29-10-2010,136.2,137.4,133.2,134.6,175281,Tata Power
01-11-2010,134.6,137.8,134.4,135.4,115691,Tata Power
02-11-2010,135.3,136.3,132.6,133.3,164538,Tata Power
03-11-2010,133.9,136.3,132.4,133,270819,Tata Power
04-11-2010,133.6,135.4,133.6,134.7,172382,Tata Power
05-11-2010,134.5,135.6,134.4,135,12699,Tata Power
08-11-2010,134.4,135.4,133.6,134.2,138055,Tata Power
09-11-2010,132.5,134.4,132.5,133.2,119652,Tata Power
10-11-2010,133.5,134.4,132,132.7,108708,Tata Power
11-11-2010,133.1,136.7,132.5,134.7,226726,Tata Power
12-11-2010,134.7,136.1,131.7,132.6,238492,Tata Power
15-11-2010,132.1,134.4,131.6,133.9,130166,Tata Power
16-11-2010,134.7,134.7,128.3,129.6,196445,Tata Power
18-11-2010,130.8,132.7,126.2,127.4,317638,Tata Power
19-11-2010,128.2,128.2,125.3,126.4,241881,Tata Power
22-11-2010,125.9,130.6,125.8,129.9,200900,Tata Power
23-11-2010,128.7,129.3,124.5,125.2,408709,Tata Power
24-11-2010,125.3,126.7,123,124.2,304738,Tata Power
25-11-2010,123.7,127.6,121.2,122.6,506493,Tata Power
26-11-2010,123.1,125.7,120.9,124.3,437334,Tata Power
29-11-2010,126.1,126.2,124.3,125.9,125367,Tata Power
30-11-2010,125.4,126.2,123.4,124.6,257909,Tata Power
01-12-2010,125.1,127.5,124.5,126.7,189419,Tata Power
02-12-2010,128.4,129.5,124.6,125.7,238137,Tata Power
03-12-2010,125.7,126.3,124.1,124.3,198751,Tata Power
06-12-2010,126.2,126.2,123.8,124.5,109924,Tata Power
07-12-2010,123.9,126.7,123.5,125.6,133904,Tata Power
08-12-2010,124.3,125.5,123.9,124.9,138951,Tata Power
09-12-2010,124.4,126.2,121.5,123.4,224984,Tata Power
10-12-2010,122.4,124,122.2,123.6,161551,Tata Power
13-12-2010,123.5,127.4,121.5,126.1,178215,Tata Power
14-12-2010,125.9,127.2,125.2,126.3,104414,Tata Power
15-12-2010,125.4,128.1,124.5,126.9,164990,Tata Power
16-12-2010,125.3,125.9,122.7,125,203634,Tata Power
20-12-2010,124.8,125,122.6,123.2,192710,Tata Power
21-12-2010,123.5,124.5,123,123.8,215845,Tata Power
22-12-2010,124.7,125.7,123.6,124.9,147870,Tata Power
23-12-2010,125.6,125.6,123.9,124.3,88013,Tata Power
24-12-2010,121.9,126.2,121.9,125.5,45045,Tata Power
27-12-2010,125.3,127.5,125.3,126.4,68751,Tata Power
28-12-2010,126.1,129,125.5,128.7,152727,Tata Power
29-12-2010,128.8,130.3,127.8,129.3,150856,Tata Power
30-12-2010,129.3,132.5,128.5,131.6,329206,Tata Power
31-12-2010,131.2,133.2,131,131.6,175363,Tata Power
03-01-2011,133.4,133.4,131.8,132.5,168645,Tata Power
04-01-2011,132.3,133.4,131.4,133,218787,Tata Power
05-01-2011,132.8,135.6,131.9,135,311563,Tata Power
06-01-2011,134.4,136,133.1,134.8,266489,Tata Power
07-01-2011,133.7,135.6,132.6,133.9,292158,Tata Power
10-01-2011,134.7,135.3,131.5,132.3,371269,Tata Power
11-01-2011,131.5,134.5,129.2,132.1,463109,Tata Power
12-01-2011,131.8,132.6,128.6,131.1,372379,Tata Power
13-01-2011,130.3,132.8,129.4,130.1,321393,Tata Power
14-01-2011,130.1,133.7,127.5,131.3,234004,Tata Power
17-01-2011,131.3,131.8,128.2,129.3,101885,Tata Power
18-01-2011,129.7,130.9,124.9,128.4,226506,Tata Power
19-01-2011,129.1,130.6,126.2,126.9,154411,Tata Power
20-01-2011,125.3,129.1,124.6,128.3,156562,Tata Power
21-01-2011,127,129,125.7,126.8,176034,Tata Power
24-01-2011,125.8,127.1,125.5,126.6,167279,Tata Power
25-01-2011,125.9,127.7,125.9,127.1,118553,Tata Power
27-01-2011,126.1,128,123.8,124.9,265041,Tata Power
28-01-2011,124.8,126.1,120.7,121.7,146039,Tata Power
31-01-2011,120.4,120.5,116.7,119.8,126520,Tata Power
01-02-2011,120.2,120.4,116.2,118.7,142373,Tata Power
02-02-2011,118.5,120.4,116.5,117.5,166617,Tata Power
03-02-2011,116.6,119,116.4,118.2,112226,Tata Power
04-02-2011,118.5,118.9,113.3,114.1,344610,Tata Power
07-02-2011,114,116.5,111.4,115.1,265514,Tata Power
08-02-2011,116.8,118.3,114.8,116.6,309833,Tata Power
09-02-2011,115.6,118,114.7,117.1,201076,Tata Power
10-02-2011,116.6,119.2,112.7,117.1,294860,Tata Power
11-02-2011,116.3,117.1,113.8,115.6,309480,Tata Power
14-02-2011,115.7,120.2,115.1,119.6,324393,Tata Power
15-02-2011,119.6,123.2,118,122.2,452941,Tata Power
16-02-2011,121.2,124.8,121.2,123.8,162484,Tata Power
17-02-2011,123.8,125.1,121.7,124,341791,Tata Power
18-02-2011,124.1,125,121.5,121.9,126766,Tata Power
21-02-2011,121.4,122.1,119,120.4,124936,Tata Power
22-02-2011,120.5,120.5,117.4,119.2,145537,Tata Power
23-02-2011,119.4,120,115.7,116.1,351389,Tata Power
24-02-2011,114.9,117.3,112.3,114.8,743297,Tata Power
25-02-2011,114.2,114.8,111,113,305487,Tata Power
28-02-2011,113.7,114.4,109.7,110.8,665999,Tata Power
01-03-2011,112,112.4,109.1,110.9,800019,Tata Power
03-03-2011,110.6,115.9,110.3,114.8,1073948,Tata Power
04-03-2011,114.3,118.7,114.3,118,499784,Tata Power
07-03-2011,115.8,119.7,115.6,119.1,200007,Tata Power
08-03-2011,118.5,120.4,118.3,118.6,107788,Tata Power
09-03-2011,118.9,119.9,117.8,118.7,134358,Tata Power
10-03-2011,118.6,118.8,115.3,115.7,310639,Tata Power
11-03-2011,114.4,117,114.3,116,227861,Tata Power
14-03-2011,116,120.9,114.9,120.5,326452,Tata Power
15-03-2011,117.2,120.1,114.7,116.7,274173,Tata Power
16-03-2011,117.6,119.2,117.6,118.2,128842,Tata Power
17-03-2011,118,118.9,117.7,118.3,103933,Tata Power
18-03-2011,119.4,119.5,117.4,118.4,138190,Tata Power
21-03-2011,119,119.3,116.2,118.5,134629,Tata Power
22-03-2011,119.6,120.4,118.2,119.7,106115,Tata Power
23-03-2011,119.7,121.4,119.5,121,315054,Tata Power
24-03-2011,120.5,122.9,120.4,122.6,250363,Tata Power
25-03-2011,121.7,127.4,121.7,125.7,474350,Tata Power
28-03-2011,125.5,127.3,123.1,125.5,223736,Tata Power
29-03-2011,125.7,129.3,124.8,128.3,292035,Tata Power
30-03-2011,128,130.1,126.2,127.7,233833,Tata Power
31-03-2011,128.5,130.1,126.9,128.7,702279,Tata Power
01-04-2011,127.7,129.1,126.4,126.9,124409,Tata Power
04-04-2011,126,129.2,125.1,128.9,191021,Tata Power
05-04-2011,129.5,129.6,125.8,126.7,213986,Tata Power
06-04-2011,126.7,128.8,125.3,125.6,321063,Tata Power
07-04-2011,125.6,127.4,125.6,127.2,196075,Tata Power
08-04-2011,126.5,127.9,125.5,126.9,108846,Tata Power
11-04-2011,128.2,129.5,125.8,127,367580,Tata Power
13-04-2011,126.6,127.2,125.6,126.3,580809,Tata Power
15-04-2011,126.2,127.2,125.5,125.9,249976,Tata Power
18-04-2011,127.1,127.9,124.9,125.6,298157,Tata Power
19-04-2011,125.3,126.2,123.3,125.3,148138,Tata Power
20-04-2011,125.1,128.2,125.1,127.8,215687,Tata Power
21-04-2011,127.2,129.1,127.2,128.2,156515,Tata Power
25-04-2011,127.3,129.6,127,128.2,140310,Tata Power
26-04-2011,128.2,128.9,125.3,127.6,196809,Tata Power
27-04-2011,127.2,128.8,125.6,126.5,229847,Tata Power
28-04-2011,126.2,127.2,124.2,126.1,327734,Tata Power
29-04-2011,126.1,127.5,124.5,125.7,164615,Tata Power
02-05-2011,127.2,129.5,126.1,129,200628,Tata Power
03-05-2011,128.9,130.6,127.2,128,376766,Tata Power
04-05-2011,127.7,128.1,124.4,125.2,117931,Tata Power
05-05-2011,124.3,125.8,117.7,118.6,357761,Tata Power
06-05-2011,119,120,116.6,118.4,434159,Tata Power
09-05-2011,118.5,121.7,118.5,121.2,196757,Tata Power
10-05-2011,121,121.4,119.5,120.1,87904,Tata Power
11-05-2011,119.8,120.9,117.4,118,159187,Tata Power
12-05-2011,116.9,119.6,116.9,117.9,151724,Tata Power
13-05-2011,117.9,119.9,116.2,118.6,158231,Tata Power
16-05-2011,117.8,119.1,117.8,118.4,89544,Tata Power
17-05-2011,117.8,119.9,117.5,118.8,97000,Tata Power
18-05-2011,118,120.9,118,120.5,163531,Tata Power
19-05-2011,119.3,120,116.9,117.2,236006,Tata Power
20-05-2011,118.2,121,117.8,119.1,381979,Tata Power
23-05-2011,117.4,118.7,115.7,116.7,164120,Tata Power
24-05-2011,117.1,117.9,115.2,116.7,166035,Tata Power
25-05-2011,117.2,117.2,113.7,114.5,191263,Tata Power
26-05-2011,113.9,116.4,112.9,115.6,698650,Tata Power
27-05-2011,114.5,117.8,114.5,116.2,180511,Tata Power
30-05-2011,116.4,117.1,116.1,116.6,216460,Tata Power
31-05-2011,118.2,119.4,117.2,118.7,259086,Tata Power
01-06-2011,118.1,120.4,118.1,120.1,99738,Tata Power
02-06-2011,119,120.9,118.5,120.6,101566,Tata Power
03-06-2011,120.2,122.2,119.5,120.4,160684,Tata Power
06-06-2011,121.3,121.3,119.2,120.4,62523,Tata Power
07-06-2011,119.1,120.4,118.7,119.7,102600,Tata Power
08-06-2011,118.3,120.2,118.3,119.6,126707,Tata Power
09-06-2011,120.2,120.2,118.6,118.9,143674,Tata Power
10-06-2011,118.3,119.9,117.9,119.6,175905,Tata Power
13-06-2011,118.6,120,117,119.2,278604,Tata Power
14-06-2011,118.7,121.9,118.7,120.4,282887,Tata Power
15-06-2011,119.7,120.7,118.7,119.3,151187,Tata Power
16-06-2011,119.2,119.9,117.9,118.4,221548,Tata Power
17-06-2011,117.9,120,117.9,119.2,142572,Tata Power
20-06-2011,118.5,119.9,115.8,117,295766,Tata Power
21-06-2011,117.5,117.9,116.1,116.5,186495,Tata Power
22-06-2011,116.9,119.1,116.4,118.7,190048,Tata Power
23-06-2011,118,120,117.7,119.6,173963,Tata Power
24-06-2011,119.5,124,119.2,123,339991,Tata Power
27-06-2011,121.9,124.9,118.2,124,202294,Tata Power
28-06-2011,123.6,125.1,122.3,124,277015,Tata Power
29-06-2011,125.3,126,123.2,123.6,254407,Tata Power
30-06-2011,123.7,127.4,122.5,126.1,406393,Tata Power
01-07-2011,125.7,127.1,125.1,125.7,248822,Tata Power
04-07-2011,126.1,127.7,125.1,127.4,314370,Tata Power
05-07-2011,127.4,127.5,126.4,126.9,83351,Tata Power
06-07-2011,126.4,126.9,123.9,124.3,98675,Tata Power
07-07-2011,124.1,127.2,124.1,126.6,250988,Tata Power
08-07-2011,126.6,127.8,123.5,124.4,809115,Tata Power
11-07-2011,123.8,125.4,123.1,124.7,92684,Tata Power
12-07-2011,123.1,126,123.1,124.2,142267,Tata Power
13-07-2011,123.4,125.1,122.1,123.4,220787,Tata Power
14-07-2011,122.4,124.3,121.9,122.7,142335,Tata Power
15-07-2011,122.5,123.2,120.8,121.6,207302,Tata Power
18-07-2011,121.7,125.3,121.7,124.8,324535,Tata Power
19-07-2011,124.1,127,124.1,126.8,175765,Tata Power
20-07-2011,126.9,127.5,124.1,124.4,141391,Tata Power
21-07-2011,122.9,125.1,122.9,123.8,61464,Tata Power
22-07-2011,124.3,127.6,124.3,125.4,271202,Tata Power
25-07-2011,125,127,123.9,126.6,206856,Tata Power
26-07-2011,126.3,127.5,124.5,125.3,158278,Tata Power
27-07-2011,124.7,127,124.7,125.3,81887,Tata Power
28-07-2011,123.5,125.3,123.1,124.3,338263,Tata Power
29-07-2011,123.4,125.4,122.6,123.5,199930,Tata Power
01-08-2011,123,126.2,123,124.9,149520,Tata Power
02-08-2011,123.7,124.3,121.9,123.1,147478,Tata Power
03-08-2011,121.7,124.5,120.9,124,124124,Tata Power
04-08-2011,123.4,125,121.4,122.2,111700,Tata Power
05-08-2011,119.9,121.8,118.2,118.8,278987,Tata Power
08-08-2011,116.9,118.7,115.6,116.2,261177,Tata Power
09-08-2011,112.1,115.3,112.1,113.4,281653,Tata Power
10-08-2011,114.8,115.4,112.5,113.3,244720,Tata Power
11-08-2011,112.3,113.2,107.7,108.4,977081,Tata Power
12-08-2011,108.9,109.9,103.7,104.6,745160,Tata Power
16-08-2011,104.9,106.5,103.1,104.1,348591,Tata Power
17-08-2011,103.3,104.6,102.1,103.4,623653,Tata Power
19-08-2011,97.7,102.3,97.7,101.5,276982,Tata Power
22-08-2011,101.2,105.9,99.9,105.1,248389,Tata Power
23-08-2011,105.9,106,103.6,104.7,112653,Tata Power
24-08-2011,102.7,104,99.3,100.1,455814,Tata Power
25-08-2011,100.6,101.9,99.7,100.8,702106,Tata Power
26-08-2011,100.8,100.8,97,97.6,553315,Tata Power
29-08-2011,97.8,101.8,97.6,100.7,250883,Tata Power
30-08-2011,102.1,102.8,99.1,100.7,314041,Tata Power
02-09-2011,103.6,104.1,97,98.3,487540,Tata Power
05-09-2011,98.7,99.8,96.1,97.5,471709,Tata Power
06-09-2011,97.4,98.6,95.9,96.5,469277,Tata Power
07-09-2011,97.1,101.4,97.1,100.1,655874,Tata Power
08-09-2011,101.2,101.5,98.5,99,463574,Tata Power
09-09-2011,99.6,99.6,96.2,96.6,391110,Tata Power
12-09-2011,96.2,96.2,94.6,95.9,316485,Tata Power
13-09-2011,96.1,97.4,93.7,94.4,680562,Tata Power
14-09-2011,95.3,95.3,91.3,92.4,509980,Tata Power
15-09-2011,93,93.3,91.5,92.3,1012949,Tata Power
16-09-2011,92.7,96.3,92.7,94.9,998133,Tata Power
19-09-2011,94.7,95.6,94,95,298815,Tata Power
20-09-2011,94.9,96.4,94.1,96.1,645654,Tata Power
21-09-2011,95.9,96.4,95,96.2,757210,Tata Power
22-09-2011,95.6,97.4,93.1,94.3,601781,Tata Power
23-09-2011,93.5,96.2,93.1,95.5,464976,Tata Power
26-09-2011,97.7,97.9,89.1,93.4,3058567,Tata Power
27-09-2011,95.1,98.3,94.5,97.5,3040676,Tata Power
28-09-2011,98.5,98.5,96.4,97.2,3382648,Tata Power
29-09-2011,97.3,99.6,95.7,98.3,4844832,Tata Power
30-09-2011,97.8,97.8,95.4,96.2,4269265,Tata Power
03-10-2011,95.4,95.4,91.5,93.2,3264287,Tata Power
04-10-2011,93.9,94.7,92.3,93.2,2386324,Tata Power
05-10-2011,93.5,96,92.6,94.6,4058312,Tata Power
07-10-2011,98.3,99.5,93.7,94.7,3409751,Tata Power
10-10-2011,94.7,102.4,93.6,99.8,8623546,Tata Power
11-10-2011,101.2,102.3,98.3,99,6476284,Tata Power
12-10-2011,99.2,100.2,95.4,97.5,6028122,Tata Power
13-10-2011,98.9,99,94.9,95.2,4080390,Tata Power
14-10-2011,95.4,97.5,95.2,96.5,2832243,Tata Power
17-10-2011,97.6,97.6,95.9,96.4,2930676,Tata Power
18-10-2011,95.8,97.1,95.2,96.6,2287658,Tata Power
19-10-2011,97.3,97.3,95.7,96.5,2513063,Tata Power
20-10-2011,96.3,96.4,93.1,93.9,2832638,Tata Power
21-10-2011,94.5,95.2,93,93.7,2241248,Tata Power
24-10-2011,95.1,95.5,94.3,94.9,1830032,Tata Power
25-10-2011,95.4,97,94.5,96.4,5352133,Tata Power
26-10-2011,97.1,97.9,96.5,97.3,488892,Tata Power
28-10-2011,102.1,102.3,97,98.2,5763494,Tata Power
31-10-2011,99.3,99.3,95.6,96.8,3451849,Tata Power
01-11-2011,97,98.1,95.9,97.4,6684738,Tata Power
02-11-2011,96.4,99.1,96.2,98.3,4397999,Tata Power
03-11-2011,97.9,102.1,97.9,101.6,3916349,Tata Power
04-11-2011,102.1,102.1,98.8,99.5,1711387,Tata Power
08-11-2011,100.6,100.7,98.5,99.3,958419,Tata Power
09-11-2011,99.3,100.5,97.9,98.6,1469162,Tata Power
11-11-2011,98.2,99,96.2,98.4,1956643,Tata Power
14-11-2011,99.3,99.3,95.4,97.7,2776295,Tata Power
15-11-2011,91.4,96.2,89.9,95.2,5225694,Tata Power
16-11-2011,94.3,95.6,93,94.5,2788772,Tata Power
17-11-2011,94.4,94.9,91.2,91.6,2785461,Tata Power
18-11-2011,91.5,94.4,90.6,93.6,2878923,Tata Power
21-11-2011,93.2,94.4,92.3,92.6,2260963,Tata Power
22-11-2011,93.9,93.9,89.3,90.5,3285632,Tata Power
23-11-2011,90.1,90.8,87,87.7,2755427,Tata Power
24-11-2011,87.6,90,86.8,88.7,4115244,Tata Power
25-11-2011,89.4,90.5,87.9,88.9,1163604,Tata Power
28-11-2011,90.6,91.5,88.5,90.5,3188205,Tata Power
29-11-2011,91.3,91.3,88.4,88.7,1271485,Tata Power
30-11-2011,88.7,89.1,86.9,88.4,2365824,Tata Power
01-12-2011,91.4,91.4,89.4,89.6,2590220,Tata Power
02-12-2011,90.5,96.8,88.2,94,4089494,Tata Power
05-12-2011,94.4,95.1,92.7,93.9,1730007,Tata Power
07-12-2011,93.7,97.3,93,94.3,2863805,Tata Power
08-12-2011,93.9,95.7,91.6,94.6,2704066,Tata Power
09-12-2011,93.5,93.8,90.4,91.7,1844114,Tata Power
12-12-2011,92.8,93,83.1,85.2,4301308,Tata Power
13-12-2011,85.1,88.6,83.8,87.2,5473670,Tata Power
14-12-2011,86.8,87.1,83.1,83.6,3297306,Tata Power
15-12-2011,82.9,88.1,81.9,87.4,5406891,Tata Power
16-12-2011,87.7,90.8,83,85.5,6245517,Tata Power
19-12-2011,84.3,84.8,81.7,83.3,3598250,Tata Power
20-12-2011,83.6,84.7,77.2,78.1,3611790,Tata Power
21-12-2011,80.9,84.6,78.5,83.7,3963660,Tata Power
22-12-2011,82.5,86.3,82.2,85.9,1897305,Tata Power
23-12-2011,87,87.7,84.3,84.8,1542203,Tata Power
26-12-2011,85.7,86,84.3,85.2,992508,Tata Power
27-12-2011,86,87.7,85.3,87.3,3002509,Tata Power
28-12-2011,90,90.8,87.8,88.7,5649736,Tata Power
29-12-2011,89.1,89.1,84.5,85.3,2127477,Tata Power
30-12-2011,85.8,86.6,83.4,84.1,1437486,Tata Power
02-01-2012,84.8,85.8,82.9,84.9,2263972,Tata Power
03-01-2012,86.1,89.6,85.3,89.3,2748634,Tata Power
04-01-2012,89.6,90.4,87.6,88.6,1412277,Tata Power
05-01-2012,89.1,90.9,88.3,90.3,2000983,Tata Power
06-01-2012,90.5,91.5,86.8,88.5,3617862,Tata Power
09-01-2012,90,90.6,88.8,90,2148529,Tata Power
10-01-2012,90.1,91.2,87.9,90.6,4605878,Tata Power
11-01-2012,91.5,91.5,88.7,89.3,2431272,Tata Power
12-01-2012,89.5,91.8,89.1,90.9,5029973,Tata Power
13-01-2012,91.8,94.8,91.5,92.7,4921366,Tata Power
16-01-2012,92.5,95.1,91.8,94.1,4255893,Tata Power
17-01-2012,94.5,95.7,93.8,94.2,2017063,Tata Power
18-01-2012,95,96.9,93.5,94.3,4866036,Tata Power
19-01-2012,96.2,100.7,95,100.1,12176571,Tata Power
20-01-2012,100.2,102.9,100,101.2,4980150,Tata Power
23-01-2012,102.2,104.6,100.4,101.2,2530379,Tata Power
24-01-2012,100.4,104.1,100.1,103.7,2687112,Tata Power
25-01-2012,102.2,104.1,100.5,101.6,3360401,Tata Power
27-01-2012,102.6,102.9,100.4,101.2,3508390,Tata Power
30-01-2012,101.1,102.1,98.4,99.3,4456541,Tata Power
31-01-2012,99.9,101.4,98.9,100.1,3119516,Tata Power
01-02-2012,101.1,106.8,100.2,106.1,5124356,Tata Power
02-02-2012,107.9,111.2,106.6,107.2,6456916,Tata Power
03-02-2012,107.9,109.4,107.2,108.6,2845173,Tata Power
06-02-2012,110.2,110.2,101.7,103.5,5708516,Tata Power
07-02-2012,104,105.1,102.9,103.2,3308796,Tata Power
08-02-2012,102.5,105,101.6,104.1,3692038,Tata Power
09-02-2012,103.2,108.9,103.1,107.4,4085700,Tata Power
10-02-2012,109.3,110.8,105.5,106.8,5862771,Tata Power
13-02-2012,105.8,107.2,102.8,104.1,4457811,Tata Power
14-02-2012,104.7,105,99,100.4,7422837,Tata Power
15-02-2012,102.4,107.6,100.8,106.3,9918753,Tata Power
16-02-2012,106.5,112.4,106.2,109.8,16523611,Tata Power
17-02-2012,111.2,115.8,110,114.3,11845877,Tata Power
21-02-2012,114.9,116.8,110.4,111.3,7608262,Tata Power
22-02-2012,112,113.6,105.8,106.8,7053730,Tata Power
23-02-2012,106.8,110.4,104.1,107.5,5960671,Tata Power
24-02-2012,108,110.6,106.7,109.7,3445386,Tata Power
27-02-2012,109.8,110.3,104.1,105.6,4701955,Tata Power
28-02-2012,106,109,106,108.1,3752648,Tata Power
29-02-2012,109.1,113.5,108.9,110.7,10878195,Tata Power
01-03-2012,110,113,109.6,112,4161817,Tata Power
02-03-2012,112.7,112.7,109.9,110.5,3418682,Tata Power
05-03-2012,111.8,112.3,108.2,109.4,1646627,Tata Power
06-03-2012,109.9,110.4,103.8,104.5,3850897,Tata Power
07-03-2012,104.4,106.3,103.2,105,3949985,Tata Power
09-03-2012,106.1,107.2,104.2,104.7,3449923,Tata Power
12-03-2012,106.8,106.9,102.1,103.7,6477244,Tata Power
13-03-2012,104.6,106.6,103.5,104.2,5597262,Tata Power
14-03-2012,105.5,106.5,104.6,105.9,4692785,Tata Power
15-03-2012,105.7,107.2,103.8,105.7,4542341,Tata Power
16-03-2012,106.5,107.5,101.2,101.7,7089170,Tata Power
19-03-2012,102.1,102.6,98,98.9,3545473,Tata Power
20-03-2012,98.9,100.8,97.5,100,5410020,Tata Power
21-03-2012,100,101.1,98.9,100.4,3354265,Tata Power
22-03-2012,100.8,101.2,94.1,95.5,3330527,Tata Power
23-03-2012,96.8,96.9,94.3,96,3462266,Tata Power
26-03-2012,96.1,96.2,91.2,92.1,3941084,Tata Power
27-03-2012,92.5,94.2,90.2,92.7,5060828,Tata Power
28-03-2012,93.5,94.5,91.4,92.2,4580737,Tata Power
29-03-2012,91.5,99,90,93.7,8603283,Tata Power
30-03-2012,96.5,98.2,95.8,97.3,2981469,Tata Power
02-04-2012,97.8,98.6,96.1,96.4,2429266,Tata Power
03-04-2012,96.9,98.1,96.8,97.9,3127459,Tata Power
04-04-2012,98.9,100.8,96.6,97.1,7207239,Tata Power
09-04-2012,97.3,98.8,96.2,96.6,4265127,Tata Power
10-04-2012,97,101.2,96.5,100.7,4434865,Tata Power
11-04-2012,100.1,101.9,96.1,98.7,5878574,Tata Power
12-04-2012,99.3,101.4,98.7,99.5,2521058,Tata Power
13-04-2012,100.5,101.9,98.1,99.4,2823079,Tata Power
16-04-2012,99.5,100.6,98.9,99.3,2626237,Tata Power
17-04-2012,100.2,100.9,98.8,100.3,2688852,Tata Power
18-04-2012,101.1,103.5,100.8,102.8,3261943,Tata Power
19-04-2012,103.4,105.3,102.9,103.6,3686984,Tata Power
20-04-2012,103.8,103.8,99.6,101.2,1651210,Tata Power
23-04-2012,101.5,102,97.7,98.1,1411171,Tata Power
24-04-2012,98.3,101.5,98.1,101.1,1613706,Tata Power
25-04-2012,101.6,102.6,99.1,102.1,3152986,Tata Power
26-04-2012,102.8,103.1,98,98.5,3280653,Tata Power
27-04-2012,99,100.3,98.3,99.9,1092436,Tata Power
30-04-2012,100.2,102.1,100,101.8,1819037,Tata Power
02-05-2012,102.1,102.6,98.7,99.3,2574887,Tata Power
03-05-2012,98.3,99.3,96.3,97,3901829,Tata Power
04-05-2012,96.5,98.4,95.5,96.4,4881555,Tata Power
07-05-2012,95.8,98.8,94.4,98,7207653,Tata Power
08-05-2012,98.4,98.8,94.4,95.6,2613604,Tata Power
09-05-2012,95.4,95.6,93.7,94,3808813,Tata Power
10-05-2012,93.7,96.4,89.4,93.9,2839937,Tata Power
11-05-2012,93.5,94,87.6,89.5,4417979,Tata Power
14-05-2012,89.1,91.2,87.4,90.6,3337769,Tata Power
15-05-2012,89.2,93,89.2,91.4,4526378,Tata Power
16-05-2012,90.3,90.3,88.6,89.1,1981849,Tata Power
17-05-2012,88.7,90.3,86.9,87.6,2755462,Tata Power
18-05-2012,86.8,88.9,85.3,87.6,3225406,Tata Power
21-05-2012,88,93.4,88,92.2,3084833,Tata Power
22-05-2012,93.4,93.5,86.7,87.1,4953978,Tata Power
23-05-2012,83.4,86.1,83,85.4,8152880,Tata Power
24-05-2012,85.8,86.7,82.6,86.1,3463976,Tata Power
25-05-2012,85.8,86.9,85,86,1971370,Tata Power
28-05-2012,86,89.8,86,89,1583882,Tata Power
29-05-2012,89.6,90.6,89.3,89.8,1977852,Tata Power
30-05-2012,89.5,91.5,88.8,91.2,3810383,Tata Power
31-05-2012,89.2,92,88.7,90.1,6437804,Tata Power
01-06-2012,90,91.2,88,89.7,2726335,Tata Power
04-06-2012,87.7,88.7,86.2,86.6,2494628,Tata Power
05-06-2012,87.2,88.1,85.5,85.9,2524637,Tata Power
06-06-2012,86.5,89.6,86.3,88.3,3213380,Tata Power
07-06-2012,89.5,90.4,88.7,89.9,2400590,Tata Power
08-06-2012,89.1,91.6,88.2,90.9,2322992,Tata Power
11-06-2012,92.5,94.9,91.8,92.6,2682749,Tata Power
12-06-2012,92.5,93.9,91,92.6,2905737,Tata Power
13-06-2012,92.7,93.4,90.4,90.8,2112730,Tata Power
14-06-2012,90.6,92,87.5,88.7,2774618,Tata Power
15-06-2012,88.8,90.8,88.3,90.2,3520617,Tata Power
18-06-2012,91.1,91.7,87.4,88.8,2884151,Tata Power
19-06-2012,88.7,89.3,86.9,87.5,3703737,Tata Power
20-06-2012,88.2,89.7,87.9,89.2,2472421,Tata Power
21-06-2012,89.3,91.4,88.3,90.9,3205434,Tata Power
22-06-2012,89.7,91.5,88.5,91.1,3160161,Tata Power
25-06-2012,91.1,93.5,88.7,90.6,2798182,Tata Power
26-06-2012,91.4,92.7,91.1,92.3,2217012,Tata Power
27-06-2012,94.4,95.9,93.6,94.3,3894157,Tata Power
28-06-2012,95.8,95.9,94.5,95.3,4872864,Tata Power
29-06-2012,96.4,101.7,95.9,100.9,8196084,Tata Power
02-07-2012,102.1,102.3,99.6,100.6,3622064,Tata Power
03-07-2012,101.9,101.9,99.8,100.4,3383157,Tata Power
04-07-2012,101.1,102.3,99.3,100.9,3220296,Tata Power
05-07-2012,100.9,102.1,100.1,101.8,2156359,Tata Power
06-07-2012,101.7,101.9,99,99.9,1743649,Tata Power
09-07-2012,99.7,99.7,96.9,97.7,2374799,Tata Power
10-07-2012,96.7,98.3,96.3,97.7,3125089,Tata Power
11-07-2012,96.7,97.3,95.8,96.4,2867961,Tata Power
12-07-2012,95.9,98,95.4,97.2,2943418,Tata Power
13-07-2012,97.1,97.7,94.6,95,2613819,Tata Power
16-07-2012,94.8,95.6,92.4,92.9,3131703,Tata Power
17-07-2012,93,94.4,91.5,92.2,3053557,Tata Power
18-07-2012,91.5,95.4,91.5,95,2512483,Tata Power
19-07-2012,96.4,97.6,95.8,97.1,2663911,Tata Power
20-07-2012,96.4,96.7,95.2,95.9,1131664,Tata Power
23-07-2012,95.4,96.8,93.5,94,2194918,Tata Power
24-07-2012,93.7,94.3,92.5,93.4,1645965,Tata Power
25-07-2012,93.5,93.8,91.3,92.7,1746938,Tata Power
26-07-2012,92.5,93.2,88.7,89.7,4240817,Tata Power
27-07-2012,91.3,93,90.6,91.3,1366302,Tata Power
30-07-2012,91.6,95.6,91.6,94.9,1593103,Tata Power
31-07-2012,95.4,95.9,93.3,94.7,1913979,Tata Power
01-08-2012,95.1,96.4,91.8,96.2,2011063,Tata Power
02-08-2012,96.4,96.8,93.8,94.4,1085782,Tata Power
03-08-2012,94,94.2,92.4,93.8,1067640,Tata Power
06-08-2012,95.1,95.3,93.3,93.7,936019,Tata Power
07-08-2012,93.8,95.4,93.5,95.2,1305492,Tata Power
08-08-2012,96,96.4,94,94.6,4022194,Tata Power
09-08-2012,93.5,97.3,93,96.9,5061213,Tata Power
10-08-2012,96.5,97.3,95,96.4,1817729,Tata Power
13-08-2012,96.6,98,95.4,97.2,2027048,Tata Power
14-08-2012,97.3,97.6,95.9,97.1,1379855,Tata Power
16-08-2012,97.1,98.4,96.9,97.6,1529801,Tata Power
17-08-2012,99.3,99.3,91.4,93.7,3275407,Tata Power
21-08-2012,94.4,96.4,93,96.2,1540329,Tata Power
22-08-2012,95.5,95.8,94,95,1710085,Tata Power
23-08-2012,94.4,96.9,94.4,95.8,1919956,Tata Power
24-08-2012,95.4,95.8,94.4,94.7,937877,Tata Power
27-08-2012,95.3,95.6,92.9,93.2,905363,Tata Power
28-08-2012,92.9,96,92.9,94.4,6555604,Tata Power
29-08-2012,94.9,97.6,94.9,95.5,7315445,Tata Power
30-08-2012,96,97.6,94.5,96.2,9140879,Tata Power
31-08-2012,96.2,96.6,95.1,95.9,2262577,Tata Power
03-09-2012,96.4,97,93.7,94,1795356,Tata Power
04-09-2012,94.4,94.9,87.1,92.9,1283918,Tata Power
05-09-2012,93.1,93.1,90.6,91.6,1693883,Tata Power
06-09-2012,91.6,92.7,91.2,91.9,1121603,Tata Power
07-09-2012,93.5,93.7,92.2,92.6,1428151,Tata Power
10-09-2012,93,93.3,91.6,91.9,1675324,Tata Power
11-09-2012,91.8,92.2,91,91.6,3178674,Tata Power
12-09-2012,92,92.5,91.5,92.1,2167153,Tata Power
13-09-2012,92,92.1,91.3,91.8,1560527,Tata Power
14-09-2012,93,95.6,93,94,8029597,Tata Power
17-09-2012,95.4,97.1,95,95.6,4618238,Tata Power
18-09-2012,95.9,96.4,94.1,94.6,3641891,Tata Power
20-09-2012,94,96.1,93.5,95.1,1716611,Tata Power
21-09-2012,95.1,100.7,94.2,98.9,15890154,Tata Power
24-09-2012,100.2,103.3,97.9,99.5,8024411,Tata Power
25-09-2012,101.9,102.8,98.8,99.3,4231889,Tata Power
26-09-2012,99.3,99.3,96.9,99.1,3453867,Tata Power
27-09-2012,98.9,106.6,97.6,100.7,15411157,Tata Power
28-09-2012,102.9,105.2,102.7,103.1,4997071,Tata Power
01-10-2012,102.3,103.1,101.2,102.2,1603424,Tata Power
03-10-2012,102.1,103.5,100.9,101.2,3584628,Tata Power
04-10-2012,102.1,102.8,100.4,100.6,11985026,Tata Power
05-10-2012,101.7,102.9,81.5,100.2,8076159,Tata Power
08-10-2012,99.2,99.7,97.3,97.6,4046423,Tata Power
09-10-2012,98,100.2,98,98.7,4812640,Tata Power
10-10-2012,98.3,98.5,96.2,96.5,3255204,Tata Power
11-10-2012,97.2,98.7,96.2,98.1,2899461,Tata Power
12-10-2012,97.7,99.6,94.2,98.8,2464024,Tata Power
15-10-2012,98.9,100.2,97.8,99.9,1797006,Tata Power
16-10-2012,99.5,101,97.4,98,2020825,Tata Power
17-10-2012,98.5,100.5,98.4,100.2,3481827,Tata Power
18-10-2012,101,103.8,100.6,103.1,5704287,Tata Power
19-10-2012,103.6,103.6,101.1,101.2,3148887,Tata Power
22-10-2012,100.2,103,100.2,102.4,1398968,Tata Power
23-10-2012,101.4,102.1,100.8,101.6,881855,Tata Power
25-10-2012,101.3,102.4,101,101.2,4873111,Tata Power
26-10-2012,101.2,101.9,99.6,100.9,1716365,Tata Power
29-10-2012,101.6,103.3,101.2,102.7,2193817,Tata Power
30-10-2012,102.5,103.7,101,101.6,1863202,Tata Power
31-10-2012,101.1,102.9,100.9,102.2,1437770,Tata Power
01-11-2012,102.6,103,101.2,102.3,3373089,Tata Power
02-11-2012,103.1,103.5,102,102.6,1452672,Tata Power
05-11-2012,102.2,103,101,101.7,1357534,Tata Power
06-11-2012,100.8,102.8,100.8,102.6,2008282,Tata Power
07-11-2012,101.2,101.8,99.4,100,3184402,Tata Power
08-11-2012,99.3,99.3,96.4,98,2683431,Tata Power
09-11-2012,98.3,100.2,97.1,97.4,3128452,Tata Power
12-11-2012,97.9,98.3,95.5,95.9,2042570,Tata Power
13-11-2012,96.1,96.7,95.7,96.4,393855,Tata Power
15-11-2012,97.6,97.6,95.7,96.6,2853092,Tata Power
16-11-2012,96.3,96.8,94.9,95.5,2626902,Tata Power
19-11-2012,95.8,96.3,92.7,93.3,2602767,Tata Power
20-11-2012,93.6,95.3,93.4,94.9,4143070,Tata Power
21-11-2012,95,97.3,94,96.9,1938458,Tata Power
22-11-2012,97.3,97.7,95.4,97.4,1933491,Tata Power
23-11-2012,97.8,98.7,96.5,98.4,1295348,Tata Power
26-11-2012,98.9,100,98.7,99.4,2146456,Tata Power
27-11-2012,99.7,100.7,99.4,99.7,2232820,Tata Power
29-11-2012,99.7,102.7,99.7,102.2,5093375,Tata Power
30-11-2012,102.3,104.6,102,103.9,2463182,Tata Power
03-12-2012,104.1,104.6,102.5,103.6,1314715,Tata Power
04-12-2012,103.6,108.1,103.1,107.6,4430676,Tata Power
05-12-2012,109,109,103.4,103.8,8121354,Tata Power
06-12-2012,103.8,105.4,101.9,104.8,3588948,Tata Power
07-12-2012,106.5,106.9,105,105.8,3766996,Tata Power
10-12-2012,106.3,106.8,103.7,105,2108497,Tata Power
11-12-2012,106.1,106.3,102.4,103.5,4020024,Tata Power
12-12-2012,104,104.1,101.9,102.6,4645855,Tata Power
13-12-2012,103.1,103.4,101.2,101.9,2457585,Tata Power
14-12-2012,101.7,102.4,100.5,100.9,5007070,Tata Power
17-12-2012,101,103,100.4,102.3,2135096,Tata Power
18-12-2012,103.1,103.4,102.1,102.4,1809336,Tata Power
19-12-2012,102.7,103.6,102.2,103.2,2227590,Tata Power
20-12-2012,103.3,104.3,102.2,103.9,1664813,Tata Power
21-12-2012,103.6,103.6,101.3,102.1,2740201,Tata Power
24-12-2012,102.3,103.6,101.9,103.2,2256668,Tata Power
26-12-2012,103,105.2,102.6,104.9,2482992,Tata Power
27-12-2012,105.7,105.9,103.6,104.6,4186155,Tata Power
28-12-2012,105.2,105.9,104.6,105.3,2021520,Tata Power
31-12-2012,104.6,106.7,104.6,106.3,1791065,Tata Power
01-01-2013,107.2,107.8,106.5,107.3,2030458,Tata Power
02-01-2013,107.9,108.3,107.4,107.9,1881288,Tata Power
03-01-2013,108.4,108.5,105.8,106.1,1607008,Tata Power
04-01-2013,106,106.7,104.6,106.2,1359434,Tata Power
07-01-2013,106.5,106.5,104.6,104.8,1557867,Tata Power
08-01-2013,104.9,106,104,105.5,1173046,Tata Power
09-01-2013,106,106.8,104.7,105.2,1619289,Tata Power
10-01-2013,105.4,106.3,104.2,104.8,1145420,Tata Power
11-01-2013,104.8,105.2,102.6,102.9,1737274,Tata Power
14-01-2013,103.2,103.5,102,102.5,2142346,Tata Power
15-01-2013,102.7,104.7,101.7,104.1,4066456,Tata Power
16-01-2013,104.1,104.6,101.7,102.2,1468549,Tata Power
17-01-2013,102.4,103,101.2,102.7,1859287,Tata Power
18-01-2013,102.8,104.8,101.6,104.2,2088840,Tata Power
21-01-2013,104.4,105.2,103.2,104.6,1294926,Tata Power
22-01-2013,104.6,104.8,102.2,103.5,2040973,Tata Power
23-01-2013,103.7,106.6,102.4,106,2718301,Tata Power
24-01-2013,106,106.5,102.1,103.7,1811557,Tata Power
25-01-2013,103,103.2,101.7,102.1,3485395,Tata Power
28-01-2013,102.5,103,101.8,102.1,1379694,Tata Power
29-01-2013,102.1,103.9,101.9,102.6,1237910,Tata Power
30-01-2013,103.1,103.1,99.3,99.6,1911018,Tata Power
31-01-2013,99.5,99.5,96.7,97.4,3987665,Tata Power
01-02-2013,97.4,99.4,97.4,98.6,5105495,Tata Power
04-02-2013,99.3,99.8,96.4,96.6,1237891,Tata Power
05-02-2013,95.4,97.8,94.7,95.1,3160620,Tata Power
06-02-2013,95.5,96.7,94.8,95.4,3480810,Tata Power
07-02-2013,95.4,95.7,93.1,93.4,3426695,Tata Power
08-02-2013,93.5,94.3,92.4,93.6,3458050,Tata Power
11-02-2013,94.2,94.8,92,94,4191228,Tata Power
12-02-2013,93.5,94,92.7,93.2,1298450,Tata Power
13-02-2013,93.2,93.7,90.2,90.6,2394146,Tata Power
14-02-2013,90.6,91.8,89.5,91.5,3030446,Tata Power
15-02-2013,90.8,93.5,90.8,93,1920683,Tata Power
18-02-2013,93.8,93.9,91.9,92.7,1270883,Tata Power
19-02-2013,92.7,93.5,92.1,93.3,1541740,Tata Power
20-02-2013,93.8,94.3,93.1,93.9,1523978,Tata Power
21-02-2013,93.7,94.7,93.1,93.8,3207716,Tata Power
22-02-2013,93.9,94.9,92.5,93.8,2445464,Tata Power
25-02-2013,93.8,95.3,93.5,94.7,1874291,Tata Power
26-02-2013,94.3,95.1,93.7,93.8,1294471,Tata Power
27-02-2013,94.5,94.6,92.9,93.9,2801934,Tata Power
28-02-2013,94.5,95.3,89.8,91,5671493,Tata Power
01-03-2013,90.8,94.7,89.6,93.8,3401112,Tata Power
04-03-2013,93.4,94.6,92.7,93.7,3257249,Tata Power
05-03-2013,94.3,95.4,92.3,95.2,2019286,Tata Power
06-03-2013,95.4,96,94.4,94.6,1913048,Tata Power
07-03-2013,95.2,95.8,93.7,94.3,1407837,Tata Power
08-03-2013,94.4,95.6,94.4,95.2,840767,Tata Power
11-03-2013,95.3,97.9,94.7,97.5,1971157,Tata Power
12-03-2013,97,97.7,94.3,94.5,2884019,Tata Power
13-03-2013,94.5,94.9,93.9,94.4,2645019,Tata Power
14-03-2013,94.1,97.6,94,97,3608749,Tata Power
15-03-2013,97.3,98.9,97.1,98,2381314,Tata Power
18-03-2013,97.1,97.3,94.5,94.7,1731657,Tata Power
19-03-2013,94.7,95,94.3,94.4,3762950,Tata Power
20-03-2013,94.1,95.3,94,94.8,3823097,Tata Power
21-03-2013,94.9,96.7,90.5,91.2,2129656,Tata Power
22-03-2013,90.9,94.2,90.7,92.3,1816083,Tata Power
25-03-2013,93.1,94,91.1,92.2,1609957,Tata Power
26-03-2013,92,92.6,90.8,91.4,1878995,Tata Power
28-03-2013,91.4,93.5,90.1,93,1804298,Tata Power
01-04-2013,92.9,93.4,91.6,92.4,880565,Tata Power
02-04-2013,91.9,92.9,91.4,91.8,1642326,Tata Power
03-04-2013,92.9,97.7,91.7,92.5,5315125,Tata Power
04-04-2013,92.4,93.6,91.3,91.6,2300925,Tata Power
05-04-2013,91.2,92.5,91.1,91.7,1751442,Tata Power
08-04-2013,91.7,93.7,91.5,93.1,1401665,Tata Power
09-04-2013,93.5,93.8,90.6,91.3,1438754,Tata Power
10-04-2013,91.4,92,90.6,91.6,1768538,Tata Power
11-04-2013,91.9,92.4,90.1,90.7,2328890,Tata Power
12-04-2013,90.4,92.2,90.3,91.9,1170746,Tata Power
15-04-2013,92.1,92.1,90.2,90.5,1376571,Tata Power
16-04-2013,95.1,95.9,92.4,92.7,4971013,Tata Power
17-04-2013,92.8,93.3,90.7,91.1,1866838,Tata Power
18-04-2013,91,91.7,90.7,91.4,1821700,Tata Power
22-04-2013,91.3,92.3,91.3,92.1,1574797,Tata Power
23-04-2013,92,92.3,90.8,91.3,2531825,Tata Power
25-04-2013,91.2,92.4,90.8,91.2,4017298,Tata Power
26-04-2013,91.2,92.5,91.1,91.4,3757638,Tata Power
29-04-2013,91.2,92.5,91.2,91.8,1685381,Tata Power
30-04-2013,92.1,92.6,90.2,91.3,2470678,Tata Power
02-05-2013,91.2,92.2,90.5,91,4311069,Tata Power
03-05-2013,90.7,91.5,90.1,90.3,2981900,Tata Power
06-05-2013,90.8,91.1,89.6,90.6,2832568,Tata Power
07-05-2013,91.5,91.5,90.3,90.8,5867174,Tata Power
08-05-2013,91.5,91.6,90.3,90.5,2073588,Tata Power
09-05-2013,90.9,91.2,90.1,90.5,5685341,Tata Power
10-05-2013,90.3,91.1,90.3,90.6,1140589,Tata Power
13-05-2013,90.8,91.1,89.4,89.7,968451,Tata Power
14-05-2013,89.7,91.1,88.7,90.6,2522397,Tata Power
15-05-2013,90.5,91.4,90.1,90.6,3077037,Tata Power
16-05-2013,90.7,91,89.5,89.8,2580860,Tata Power
17-05-2013,89.9,90.8,89.8,90.5,2830763,Tata Power
20-05-2013,90.7,91.3,89.8,90,1668292,Tata Power
21-05-2013,90,91.2,88.9,89.3,2436716,Tata Power
22-05-2013,89.6,89.9,87.2,87.5,1400147,Tata Power
23-05-2013,87.4,87.6,84.5,84.8,2367738,Tata Power
24-05-2013,85,88.5,83.8,88.2,4574152,Tata Power
27-05-2013,88.2,88.9,87.3,88.4,1120330,Tata Power
28-05-2013,88.2,88.6,87.3,87.6,2633772,Tata Power
29-05-2013,87.6,87.6,86.2,86.9,2424726,Tata Power
30-05-2013,87.2,88.1,86.3,86.9,3719338,Tata Power
31-05-2013,86.7,88.6,85.6,86.1,3055017,Tata Power
03-06-2013,85.8,86.1,84.4,84.8,1707918,Tata Power
04-06-2013,84.8,86.5,84.6,85.8,2357320,Tata Power
05-06-2013,86.1,86.4,84.9,85.7,967215,Tata Power
06-06-2013,85.1,85.7,84.7,85,1779979,Tata Power
07-06-2013,85.8,86.1,85,85.4,1988057,Tata Power
10-06-2013,85.9,86.1,84.1,84.5,1360766,Tata Power
11-06-2013,83.8,84.5,77.9,79.4,4154210,Tata Power
12-06-2013,79.4,80.2,76.5,76.9,2673703,Tata Power
13-06-2013,76.8,77.8,74.4,75.3,2438128,Tata Power
14-06-2013,76.6,78.4,75.5,78.1,2812179,Tata Power
17-06-2013,78.1,79.7,77.4,79.4,1458618,Tata Power
18-06-2013,79.1,81,77.2,80.3,3367226,Tata Power
19-06-2013,80,80.8,78.7,79.8,2073383,Tata Power
20-06-2013,78.4,79.9,77.4,78,3987258,Tata Power
21-06-2013,78.1,81.8,77.7,78.5,3936720,Tata Power
24-06-2013,78.5,80,77.7,79.2,3350915,Tata Power
25-06-2013,79,79.5,76.3,77.5,5500160,Tata Power
26-06-2013,77.3,78.9,77,77.5,4219835,Tata Power
27-06-2013,78.1,79.4,77.8,78.4,3446399,Tata Power
28-06-2013,78.2,83.5,78.1,83.2,3851541,Tata Power
01-07-2013,85.4,85.8,84.2,85.4,3275409,Tata Power
02-07-2013,84,84.8,83.1,83.5,2137266,Tata Power
03-07-2013,83.1,83.4,79,79.5,1914692,Tata Power
04-07-2013,80,83,80,82.4,3054247,Tata Power
05-07-2013,83,84.4,82.2,82.7,1198716,Tata Power
08-07-2013,82.3,82.7,81.3,81.9,4130674,Tata Power
09-07-2013,82.1,83.4,82,82.4,2150976,Tata Power
10-07-2013,82.5,84.3,82.5,83.3,1661446,Tata Power
11-07-2013,83.8,85.7,83.8,85.1,1028998,Tata Power
12-07-2013,85.1,86.6,83.2,86.3,1544530,Tata Power
15-07-2013,86.1,87.4,85,85.4,1162721,Tata Power
16-07-2013,83.7,86.5,83.6,86,1075288,Tata Power
17-07-2013,86.7,88,86,87.7,2701336,Tata Power
18-07-2013,87.8,90,87.7,89.7,1823046,Tata Power
19-07-2013,89.6,89.7,87.4,89.1,756241,Tata Power
22-07-2013,89.1,90.3,89,90.1,1327057,Tata Power
23-07-2013,90.3,91.3,90.3,91.1,1436907,Tata Power
24-07-2013,90.6,91.7,88.4,89,1519018,Tata Power
25-07-2013,88.7,88.7,84.6,86.4,1790741,Tata Power
26-07-2013,86,87.8,85.3,85.7,1320824,Tata Power
29-07-2013,86.7,87.3,84.5,85,985900,Tata Power
30-07-2013,85.1,85.8,82.9,83.3,1069833,Tata Power
31-07-2013,82.8,85.5,82.3,84.8,2725437,Tata Power
01-08-2013,84.9,86,83.5,84.8,1676136,Tata Power
02-08-2013,84.7,84.7,80.9,81.4,4333102,Tata Power
05-08-2013,80.9,82.4,78.9,80.9,4131033,Tata Power
06-08-2013,80,80.1,65.6,68.8,15148881,Tata Power
07-08-2013,67.9,75.2,66.2,74.2,9226082,Tata Power
08-08-2013,73.8,75.5,72.3,74.9,2647785,Tata Power
12-08-2013,75.2,75.3,72.3,72.7,2362638,Tata Power
13-08-2013,72.3,74.2,70.8,73.6,1547017,Tata Power
14-08-2013,73.6,75.6,73,75.4,2308459,Tata Power
16-08-2013,74.7,75.1,70,70.8,4762005,Tata Power
19-08-2013,71.8,73.1,70.5,72.2,3675945,Tata Power
20-08-2013,72.3,72.8,70.4,70.9,4016183,Tata Power
21-08-2013,72,73.9,69.9,71.3,4193023,Tata Power
22-08-2013,70.8,73.1,70.4,71.9,3353955,Tata Power
23-08-2013,72.8,75.6,71.3,75.2,3727903,Tata Power
26-08-2013,76.1,78.8,74.1,74.9,3178662,Tata Power
27-08-2013,75,75.9,71.2,71.7,3019996,Tata Power
28-08-2013,71.3,75.2,69.9,74.3,3888403,Tata Power
29-08-2013,74.4,75.6,73.3,74.1,4246123,Tata Power
30-08-2013,73.8,73.9,70.3,73.1,2642357,Tata Power
02-09-2013,73.3,74.1,71.2,71.5,5942754,Tata Power
03-09-2013,71.7,72.8,68.5,69.3,4344294,Tata Power
04-09-2013,69.3,71,68.5,70.3,5366934,Tata Power
05-09-2013,71.4,72,69.6,69.9,8587461,Tata Power
06-09-2013,71.2,71.2,67.2,68.2,9665114,Tata Power
10-09-2013,68.7,70.1,68.6,69.8,6989669,Tata Power
11-09-2013,70.6,72.8,69.9,71,12832836,Tata Power
12-09-2013,72.3,76.2,72.2,73.9,7015856,Tata Power
13-09-2013,74.1,76.1,74.1,75.5,3085464,Tata Power
16-09-2013,76.5,77.4,72.9,73.5,2773865,Tata Power
17-09-2013,73.5,74.2,71.9,72.8,1766065,Tata Power
18-09-2013,73,75.8,72.8,75.3,3190391,Tata Power
19-09-2013,77.2,80.6,76,80.1,4835203,Tata Power
20-09-2013,81.5,81.9,76.4,79.3,4950652,Tata Power
23-09-2013,79,80.8,75.7,76.1,2970584,Tata Power
24-09-2013,76.1,78.4,75.5,77.9,3026940,Tata Power
25-09-2013,79.6,79.8,77.4,78.4,4048107,Tata Power
26-09-2013,78.9,80,77.9,79.4,3125959,Tata Power
27-09-2013,79.4,80.5,78.2,78.7,2140489,Tata Power
30-09-2013,78.6,78.8,77.2,78.2,1861309,Tata Power
01-10-2013,78.1,78.7,74.7,75,4349910,Tata Power
03-10-2013,75.5,78.5,75.4,78.2,2410863,Tata Power
04-10-2013,78.5,78.7,75.4,78.1,2629087,Tata Power
07-10-2013,78,79.3,76.6,78.9,1863808,Tata Power
08-10-2013,79.1,81.8,79.1,81,3954386,Tata Power
09-10-2013,81.2,82.9,80.5,82.7,4157696,Tata Power
10-10-2013,82.1,82.9,80.5,80.7,3526230,Tata Power
11-10-2013,81.7,82,78.1,78.8,4254092,Tata Power
14-10-2013,79,79.4,77.7,78.1,2149226,Tata Power
15-10-2013,78.5,78.9,76.1,76.4,2296935,Tata Power
17-10-2013,77.1,78.1,75.5,76,2597748,Tata Power
18-10-2013,76.1,77.3,76.1,76.9,2965339,Tata Power
21-10-2013,76.9,77.8,76.7,77.1,2279840,Tata Power
22-10-2013,76.6,79.4,76.6,79,3156741,Tata Power
23-10-2013,79.3,80.8,77.8,78.8,3387806,Tata Power
24-10-2013,78.8,80.3,77.7,78.1,1889321,Tata Power
25-10-2013,77.8,78.4,76.8,77.1,1553770,Tata Power
28-10-2013,77.6,78.4,75.6,76.2,1762436,Tata Power
29-10-2013,76.7,78.5,76,78.3,1616314,Tata Power
30-10-2013,77.3,78.8,76.8,77.7,1512325,Tata Power
31-10-2013,77.8,79.8,76.9,79.2,4868011,Tata Power
01-11-2013,78.5,80,78.4,79.5,1792750,Tata Power
05-11-2013,79,81.6,78.6,80.4,2463776,Tata Power
06-11-2013,80.5,82.7,79.8,81,3615640,Tata Power
07-11-2013,81.2,81.8,78.7,79,2002385,Tata Power
08-11-2013,79,79.8,78.5,79.4,1260707,Tata Power
11-11-2013,79.3,79.4,77.1,78.6,1797569,Tata Power
12-11-2013,79.3,79.4,76.1,76.2,2225019,Tata Power
13-11-2013,76.1,76.4,74.7,74.9,1737817,Tata Power
14-11-2013,76.1,77.4,74.6,75.7,4348619,Tata Power
18-11-2013,76.5,77,74.9,76,2938698,Tata Power
19-11-2013,76.2,76.6,75.6,76,2018607,Tata Power
20-11-2013,76.5,77.7,76.1,76.6,3097414,Tata Power
21-11-2013,76.6,76.8,74.2,74.5,2257027,Tata Power
22-11-2013,75.1,75.2,73.8,74.1,2022506,Tata Power
25-11-2013,74.3,75.8,73.9,75.4,1822262,Tata Power
26-11-2013,75.2,75.7,74.5,74.8,2125527,Tata Power
27-11-2013,74.3,75.2,74.3,74.9,1120519,Tata Power
28-11-2013,75,76.4,75,75.3,3266818,Tata Power
29-11-2013,75.7,77.2,75.3,76.6,1987524,Tata Power
02-12-2013,77.3,78,76.3,77,1722588,Tata Power
03-12-2013,76.9,78.1,76.2,77.1,3488514,Tata Power
04-12-2013,77,79.7,76.8,79,5591963,Tata Power
05-12-2013,80.4,81.5,79.8,80.5,6588187,Tata Power
06-12-2013,80.9,86.6,80.5,85.2,11049397,Tata Power
09-12-2013,87.6,89.2,85.2,85.8,5076705,Tata Power
10-12-2013,86.5,86.5,83.4,84.6,3109209,Tata Power
11-12-2013,83.9,84.8,82.5,82.8,2186916,Tata Power
12-12-2013,81,88.1,81,86,13160329,Tata Power
13-12-2013,86.1,86.1,83.6,84,5596878,Tata Power
16-12-2013,83.8,87.4,82.4,85.6,3395529,Tata Power
17-12-2013,85.3,88,84.5,84.8,4504000,Tata Power
18-12-2013,84.2,88.7,84.2,88.3,4404701,Tata Power
19-12-2013,89,89.2,86,86.2,3081563,Tata Power
20-12-2013,86,87.6,84.8,87.4,2200202,Tata Power
23-12-2013,86.4,87.7,85.5,85.8,3259096,Tata Power
24-12-2013,84.7,85.4,82.9,83.1,4947056,Tata Power
26-12-2013,83.4,87.1,83,86.6,6637066,Tata Power
27-12-2013,87.4,87.4,85.8,86.4,2217512,Tata Power
30-12-2013,86.4,87.2,85.2,85.6,1696310,Tata Power
31-12-2013,85.8,88.7,85.8,88,4390441,Tata Power
01-01-2014,87.3,88.6,86.5,87.1,4335490,Tata Power
02-01-2014,87.2,88,83.8,84.2,4066617,Tata Power
03-01-2014,84.1,84.2,78.6,81,10142266,Tata Power
06-01-2014,80.9,81.1,78.3,78.9,7619556,Tata Power
07-01-2014,78.9,79.6,76.5,76.7,5675927,Tata Power
08-01-2014,77.1,78.5,76.6,78.1,6682185,Tata Power
09-01-2014,78.1,79.4,77.3,78.3,3640767,Tata Power
10-01-2014,78.3,78.5,76.6,77.4,3229366,Tata Power
13-01-2014,77.2,78.2,75.1,76,3955388,Tata Power
14-01-2014,75.1,75.8,74.8,75.2,2746189,Tata Power
15-01-2014,75.1,76.1,75.1,75.5,2756212,Tata Power
16-01-2014,75.6,76.3,75,75.2,1561467,Tata Power
17-01-2014,75.3,77,75.1,75.5,2625217,Tata Power
20-01-2014,75.2,75.9,74.3,74.6,2524308,Tata Power
21-01-2014,75.1,75.3,74,74.1,1631138,Tata Power
22-01-2014,73.9,74.6,73.3,73.9,2231177,Tata Power
23-01-2014,73.8,74.9,73.8,74.1,1913010,Tata Power
24-01-2014,74,74.5,72.6,72.9,2070273,Tata Power
27-01-2014,72.5,72.5,69.6,69.9,2707079,Tata Power
28-01-2014,69.9,71.6,69.1,70.6,4170681,Tata Power
29-01-2014,70.8,71.5,70.2,70.3,2877202,Tata Power
30-01-2014,69.9,70.1,68.8,69.3,2331823,Tata Power
31-01-2014,69.5,71.8,69.2,71.3,2963846,Tata Power
03-02-2014,72.6,73.9,69.8,70,2994049,Tata Power
04-02-2014,69.4,70.8,68.8,70,1910549,Tata Power
05-02-2014,70.3,70.8,69.5,70.3,1367360,Tata Power
06-02-2014,70.6,73.1,70.6,72.5,3469785,Tata Power
07-02-2014,73.6,74,71,72.2,5267182,Tata Power
10-02-2014,72,73.2,71.8,72.8,1205698,Tata Power
11-02-2014,72.8,73.9,72.3,73.1,1400263,Tata Power
12-02-2014,73.2,73.7,72,72.4,1089458,Tata Power
13-02-2014,73.2,73.2,70.3,70.4,1887059,Tata Power
14-02-2014,70.8,71.7,70.2,71.2,1751510,Tata Power
17-02-2014,71.7,74.9,71.7,74.6,5106257,Tata Power
18-02-2014,74.6,77.2,73.3,76.6,5379532,Tata Power
20-02-2014,73.8,76.9,73.2,75.5,4081553,Tata Power
21-02-2014,75.6,77,75.2,75.9,2881797,Tata Power
24-02-2014,80.8,81.3,78.7,79.8,13941908,Tata Power
25-02-2014,80.2,80.5,77.4,78,4168059,Tata Power
26-02-2014,78.8,79,76.1,76.6,4249582,Tata Power
28-02-2014,77,77.5,75.2,75.9,4438765,Tata Power
03-03-2014,75.9,77,74.9,75.4,3705493,Tata Power
04-03-2014,75.2,77.8,75.1,77.1,5456455,Tata Power
05-03-2014,77.5,77.8,74.3,74.6,5173350,Tata Power
06-03-2014,75.4,76,74.8,75.5,4642716,Tata Power
07-03-2014,75.9,77,74.9,76.6,3882691,Tata Power
10-03-2014,76.1,77.4,75,76.3,5786452,Tata Power
11-03-2014,77.4,80.2,77.3,79.2,11195811,Tata Power
12-03-2014,79.5,80.7,78.5,80.3,7067602,Tata Power
13-03-2014,80.5,82.5,79.2,80.1,7289170,Tata Power
14-03-2014,80.5,81.8,79.5,80.3,4887582,Tata Power
18-03-2014,80.3,82.2,79.6,80.8,5569263,Tata Power
19-03-2014,81.3,82.9,79,79.4,7037784,Tata Power
20-03-2014,79.3,79.6,77.8,78,2053959,Tata Power
21-03-2014,78.8,80.2,78.3,79.9,4279465,Tata Power
24-03-2014,79.8,81.2,79.7,80.5,3233179,Tata Power
25-03-2014,81,81.8,80.2,81.6,3457592,Tata Power
26-03-2014,82,83,81,81.9,3936008,Tata Power
27-03-2014,81.9,83.1,80.6,82.8,8796256,Tata Power
28-03-2014,82.9,87,82.9,86.6,5626196,Tata Power
31-03-2014,87,87.9,84.2,85.2,5635757,Tata Power
01-04-2014,85.5,85.5,83.3,84.3,2314247,Tata Power
02-04-2014,85,85.9,83.4,85.2,5848748,Tata Power
03-04-2014,85.3,86,83,84.4,4253155,Tata Power
04-04-2014,84.6,84.7,83.1,83.4,3191638,Tata Power
07-04-2014,84.3,84.5,82.3,83,3826405,Tata Power
09-04-2014,83.3,84.5,83.1,84,4457416,Tata Power
10-04-2014,84.4,87.9,83.9,87.3,9463502,Tata Power
11-04-2014,87,87.7,85.8,86.3,4995075,Tata Power
15-04-2014,87,87,84,84.7,3537288,Tata Power
16-04-2014,84.3,86,81.1,81.7,3402283,Tata Power
17-04-2014,81.1,84.3,81.1,84,2957439,Tata Power
21-04-2014,83.3,85.4,83.2,83.6,2529429,Tata Power
22-04-2014,84.8,84.8,82.2,83.8,4521626,Tata Power
23-04-2014,84,85.1,83,83.7,6988690,Tata Power
25-04-2014,83.8,84.7,82.7,83.1,3048548,Tata Power
28-04-2014,82.4,84.2,82.2,83,2450866,Tata Power
29-04-2014,83.3,83.7,80.3,80.9,4361270,Tata Power
30-04-2014,80.6,81.7,77.4,78.1,7023343,Tata Power
02-05-2014,79,80.7,78.5,80.2,5147535,Tata Power
05-05-2014,80.7,80.7,78.3,78.8,2678478,Tata Power
06-05-2014,79.2,79.6,76.8,77.5,2233739,Tata Power
07-05-2014,77.8,78,76.5,76.8,3586567,Tata Power
08-05-2014,77.1,77.4,75.7,76.3,2659609,Tata Power
09-05-2014,77,81,76.7,80.6,4519272,Tata Power
12-05-2014,81,82.1,80,81.6,3632458,Tata Power
13-05-2014,83,86,82.5,84.6,8949640,Tata Power
14-05-2014,85.4,85.4,83.8,84.8,4087872,Tata Power
15-05-2014,85.6,88.6,85.4,87.6,15190345,Tata Power
16-05-2014,89.5,93,88.2,90.9,17989176,Tata Power
19-05-2014,93.6,98.5,93,97.7,23539634,Tata Power
20-05-2014,99.7,101.2,96.1,97.6,8477857,Tata Power
21-05-2014,98,99,95,96.4,9017961,Tata Power
22-05-2014,97.6,100.9,96.2,99.5,21934332,Tata Power
23-05-2014,101.5,106.7,100.2,105.8,29449860,Tata Power
26-05-2014,108,109.3,95.7,101.4,17705852,Tata Power
27-05-2014,102.3,104,96.4,98.7,7103526,Tata Power
28-05-2014,99.4,103.5,96.8,102.2,10138958,Tata Power
29-05-2014,103.9,104.7,100.2,101.1,11421113,Tata Power
30-05-2014,101,104.9,99.5,103.8,9314863,Tata Power
02-06-2014,105,106.6,102.8,106.1,7961792,Tata Power
03-06-2014,106.5,107,104.5,105.8,8559427,Tata Power
04-06-2014,105.3,107.2,104.4,105.9,6597958,Tata Power
05-06-2014,106.2,111,103,110.1,19664512,Tata Power
06-06-2014,111.5,112.4,108.8,111.2,13457531,Tata Power
09-06-2014,113,115.6,112,114,15412309,Tata Power
10-06-2014,114.9,115,109,112.6,7676143,Tata Power
11-06-2014,113,113,106.3,107,9263934,Tata Power
12-06-2014,107.1,109.2,105.1,106.9,7510491,Tata Power
13-06-2014,107.9,108.8,102.2,103.7,5903253,Tata Power
16-06-2014,103.7,106.5,98.6,105.7,7741071,Tata Power
17-06-2014,105.5,107.5,103.2,106.7,6171457,Tata Power
18-06-2014,106.7,108.3,103.5,105.3,6261319,Tata Power
19-06-2014,105.5,107,103.3,104,4790326,Tata Power
20-06-2014,102.9,103.6,100.8,101.2,7041508,Tata Power
23-06-2014,102.1,102.5,100.5,101.7,4541525,Tata Power
24-06-2014,102,105.2,102,103.5,7453252,Tata Power
25-06-2014,103.6,105.3,103.5,104.9,3893505,Tata Power
26-06-2014,105,105.7,102.7,103.5,6158341,Tata Power
27-06-2014,104.9,104.9,102.5,103.8,3076730,Tata Power
30-06-2014,104.8,108.5,104.1,107.8,6336653,Tata Power
01-07-2014,108,109,107.2,108.4,4758298,Tata Power
02-07-2014,109.4,109.9,108,109.4,3947984,Tata Power
03-07-2014,110,110,106,106.8,4413886,Tata Power
04-07-2014,107.8,108.2,104.4,107.2,4466280,Tata Power
07-07-2014,110,111.6,109.2,111.1,13090499,Tata Power
08-07-2014,111.9,112.2,104.6,106,10764632,Tata Power
09-07-2014,105.6,106,100.2,102.9,8250198,Tata Power
10-07-2014,104.5,108.8,99.3,105.9,9861947,Tata Power
11-07-2014,107,107.9,101.1,102,7297889,Tata Power
14-07-2014,103,105.6,102.2,104.8,4018624,Tata Power
15-07-2014,105.6,105.9,102.8,104.6,3287814,Tata Power
16-07-2014,105.6,105.7,103.6,105,3023157,Tata Power
17-07-2014,104.3,109.8,104.1,108.6,6232642,Tata Power
18-07-2014,107.7,108.2,104.6,105.9,4076731,Tata Power
21-07-2014,106.2,106.8,103.6,103.9,3736984,Tata Power
22-07-2014,104.1,105.6,103.5,104.4,3101225,Tata Power
23-07-2014,104.7,104.8,102.4,103.3,4231618,Tata Power
24-07-2014,103.4,104.4,102.6,103.4,2008514,Tata Power
25-07-2014,103.5,104.1,100,100.7,2703451,Tata Power
28-07-2014,102.2,102.2,100.3,101.3,2237424,Tata Power
30-07-2014,101,101.9,98.2,99.6,4845623,Tata Power
31-07-2014,99.6,99.9,97.3,97.8,7123096,Tata Power
01-08-2014,97,97.4,94.5,95,5987147,Tata Power
04-08-2014,95.6,97,94.2,96.3,5349328,Tata Power
05-08-2014,97,97.3,95.4,96.6,2948466,Tata Power
06-08-2014,96.3,98,95.4,95.8,3690508,Tata Power
07-08-2014,96.2,96.5,94.7,94.9,2283552,Tata Power
08-08-2014,94.2,94.2,91.1,91.4,2992782,Tata Power
11-08-2014,92,92.5,90.1,90.9,4258906,Tata Power
12-08-2014,91.3,93.5,89.4,91.4,7891284,Tata Power
13-08-2014,88.5,90.8,87.4,88.6,8423787,Tata Power
14-08-2014,89.3,91,88.1,90.6,4483658,Tata Power
18-08-2014,91.9,96.4,91.3,91.8,5758840,Tata Power
19-08-2014,92.8,93.5,92.3,92.6,4214178,Tata Power
20-08-2014,92.8,95.2,92.3,94.6,4950709,Tata Power
21-08-2014,94.7,95.4,93,93.4,4094833,Tata Power
22-08-2014,93.5,94.6,93.2,93.7,2683473,Tata Power
25-08-2014,94,94.2,90,90.4,4539905,Tata Power
26-08-2014,88,88.2,86.2,87.9,7472783,Tata Power
27-08-2014,88.6,89.6,87.7,88.7,4316618,Tata Power
28-08-2014,88.8,89.1,86.4,86.6,5467007,Tata Power
01-09-2014,86.9,90.5,86.9,90.2,3173474,Tata Power
02-09-2014,90.9,91.2,88.7,89,3734173,Tata Power
03-09-2014,89.6,90.6,89.1,90,8421318,Tata Power
04-09-2014,89.9,89.9,87.6,89.2,3596268,Tata Power
05-09-2014,88.8,89.7,87.8,88.4,3255832,Tata Power
08-09-2014,88.5,89.5,87.1,87.7,5293469,Tata Power
09-09-2014,88.5,89.3,87.8,88.7,3762779,Tata Power
10-09-2014,88.5,90.9,87.9,89.9,4245607,Tata Power
11-09-2014,90.5,91.4,89.4,90.9,2587403,Tata Power
12-09-2014,90.5,91.1,89.1,89.4,3912825,Tata Power
15-09-2014,88.9,89.9,88,89,4915814,Tata Power
16-09-2014,89.5,89.6,82.6,83.6,7848375,Tata Power
17-09-2014,84.9,85.7,84.1,85.5,5292749,Tata Power
18-09-2014,85.1,88.6,84.5,88,2889128,Tata Power
19-09-2014,90,90.3,87.7,88,5022094,Tata Power
22-09-2014,87.5,87.8,86.6,87.1,2327887,Tata Power
23-09-2014,87,87.5,84.5,84.9,3040000,Tata Power
24-09-2014,84.9,87,82.3,85.3,9990051,Tata Power
25-09-2014,85.1,85.6,83,83.5,5570528,Tata Power
26-09-2014,83.1,84.6,82,84.3,2885553,Tata Power
29-09-2014,84.3,84.6,83,83.9,3794415,Tata Power
30-09-2014,85,85.1,82.8,83.1,4125891,Tata Power
01-10-2014,83.1,83.4,80.3,80.8,4296594,Tata Power
07-10-2014,80.3,81.6,80.1,81.1,5010211,Tata Power
08-10-2014,81.1,82.6,81.1,82.4,4300717,Tata Power
09-10-2014,82.6,84.8,82.6,84.5,3867500,Tata Power
10-10-2014,84,84.1,82.2,82.8,4671068,Tata Power
13-10-2014,82.1,85.4,81.7,85.2,4283741,Tata Power
14-10-2014,85.9,87.7,85.1,87,5778203,Tata Power
16-10-2014,86.1,86.2,83.2,83.8,3898781,Tata Power
17-10-2014,84,85.5,82.7,85,5017635,Tata Power
20-10-2014,86.2,87.3,85.7,86.8,2753762,Tata Power
21-10-2014,88,88.5,87.5,87.9,4393254,Tata Power
22-10-2014,88.8,88.9,87,87.9,2251508,Tata Power
23-10-2014,88.8,89,88,88.2,416432,Tata Power
27-10-2014,88.7,89.3,87.3,88.5,4074719,Tata Power
28-10-2014,88.3,91,87.9,90.6,4412559,Tata Power
29-10-2014,91.4,91.7,89.7,90.9,5228877,Tata Power
30-10-2014,90.4,91,89.7,90.7,4989619,Tata Power
31-10-2014,91.2,94.5,90.7,93.9,5743498,Tata Power
03-11-2014,93.5,94.7,92.8,93.4,4225829,Tata Power
05-11-2014,94.1,94.9,90.5,91.8,5144626,Tata Power
07-11-2014,92.2,92.5,90.6,91.4,2128537,Tata Power
10-11-2014,91.1,93.6,91,93.4,2396002,Tata Power
11-11-2014,93.3,93.9,92.4,93.6,2402461,Tata Power
12-11-2014,94,94.2,90.7,91.1,4158776,Tata Power
13-11-2014,91.3,92,88.2,88.8,3120197,Tata Power
14-11-2014,87,89.5,85.4,88.8,7347382,Tata Power
17-11-2014,88.5,89.6,87.6,88.6,3124700,Tata Power
18-11-2014,89,89.8,88.3,88.9,2659512,Tata Power
19-11-2014,89,90.7,88.3,88.5,2476923,Tata Power
20-11-2014,88.3,89.8,87.2,89.4,2185146,Tata Power
21-11-2014,89.2,90,87.7,88.1,2524562,Tata Power
24-11-2014,88.2,92,88.2,91.8,4558803,Tata Power
25-11-2014,92,92.4,88.7,90.2,5441863,Tata Power
26-11-2014,89.9,92,89.5,90.8,4862623,Tata Power
27-11-2014,91.5,92.9,90.5,92.5,4647634,Tata Power
28-11-2014,93,93.8,92.1,93,5499191,Tata Power
01-12-2014,92.5,93.3,90,90.5,2416386,Tata Power
02-12-2014,90.5,91.7,90.1,90.7,1923777,Tata Power
03-12-2014,90.7,91.4,90.1,90.7,2350157,Tata Power
04-12-2014,91,91.3,88.9,89.2,2266148,Tata Power
05-12-2014,89.5,90.7,88.7,89.3,2056592,Tata Power
08-12-2014,89.4,91.2,88.8,89.1,2909642,Tata Power
09-12-2014,88.8,89.3,84.4,85.4,4054069,Tata Power
10-12-2014,84.7,89.7,84.7,86.9,2874888,Tata Power
11-12-2014,87.4,87.4,84.5,84.8,2573066,Tata Power
12-12-2014,85.5,86.1,83.8,84.3,2684167,Tata Power
15-12-2014,84.4,85.5,83.7,83.9,3090059,Tata Power
16-12-2014,83.9,84.5,79.3,79.9,5186863,Tata Power
17-12-2014,80.3,80.9,76.6,78.5,5203187,Tata Power
18-12-2014,80,82,79.9,81.4,2662912,Tata Power
19-12-2014,82.6,83.9,80.9,83.4,4597905,Tata Power
22-12-2014,84.4,84.6,83.4,84.2,3318925,Tata Power
23-12-2014,84,84.4,81.1,81.4,2773675,Tata Power
24-12-2014,81.1,82.1,80.6,81.2,6973235,Tata Power
26-12-2014,81.6,82.1,80.5,81.2,2385791,Tata Power
29-12-2014,81.5,82.7,81.3,81.4,2000305,Tata Power
30-12-2014,81.5,81.9,81.3,81.5,1371454,Tata Power
31-12-2014,81.5,82.6,81.5,82.2,1883974,Tata Power
01-01-2015,82.2,82.7,82,82.2,938370,Tata Power
02-01-2015,82.3,83.8,82.3,83.4,2387959,Tata Power
05-01-2015,84.1,84.6,82.7,82.9,1932062,Tata Power
06-01-2015,82,82.3,79.5,79.7,3509161,Tata Power
07-01-2015,79.5,80.2,78,78.3,6050723,Tata Power
08-01-2015,78.8,80.4,78.8,80,2131875,Tata Power
09-01-2015,80.8,80.8,79,79.8,1628211,Tata Power
12-01-2015,79.7,80.6,79.1,80.3,1152593,Tata Power
13-01-2015,80.1,80.5,78.8,79.1,1239610,Tata Power
14-01-2015,79.2,79.5,78.2,78.9,1698726,Tata Power
15-01-2015,80,82.5,79.8,81.7,3779466,Tata Power
16-01-2015,81.4,83,81.1,82.7,3751660,Tata Power
19-01-2015,82.5,83.7,82.4,82.8,1681839,Tata Power
20-01-2015,82.9,83.7,81.6,82.1,2328202,Tata Power
21-01-2015,82.2,83.7,81.5,83.4,3908410,Tata Power
22-01-2015,83.5,83.8,82.7,83.3,1743113,Tata Power
23-01-2015,83.9,90.9,82.8,88.9,7726076,Tata Power
27-01-2015,89.4,91.2,88.3,89,6022715,Tata Power
28-01-2015,89,90.3,87.5,88,4184638,Tata Power
29-01-2015,88,88.8,86.5,88.2,6091464,Tata Power
30-01-2015,88.4,91.6,87.8,90.5,4689840,Tata Power
02-02-2015,91.2,92.5,89.3,91.2,5228666,Tata Power
03-02-2015,91.5,92,86.9,87.4,3239110,Tata Power
04-02-2015,88.1,92,87.8,90.1,8146546,Tata Power
05-02-2015,91,91.1,82.4,83.3,8635942,Tata Power
06-02-2015,83.3,84.5,80.6,82.1,6246080,Tata Power
09-02-2015,80.5,80.9,78.5,80.1,6683197,Tata Power
10-02-2015,78.3,82.2,78,81.3,6072995,Tata Power
11-02-2015,81.8,82.7,81.5,82.2,1923495,Tata Power
12-02-2015,82.1,84.4,81.8,83.9,2829265,Tata Power
13-02-2015,84.5,84.7,83.2,84.4,2601904,Tata Power
16-02-2015,84.3,85,83.4,84.1,1912876,Tata Power
18-02-2015,84.4,86.8,84,86.3,2950082,Tata Power
19-02-2015,86.7,88.8,83.5,88.3,3956381,Tata Power
20-02-2015,88.3,88.7,85.5,86,3317379,Tata Power
23-02-2015,86.5,87.8,84.4,85,4082849,Tata Power
24-02-2015,85.3,86.1,83.3,84.5,4198879,Tata Power
25-02-2015,84.9,85.7,82.6,83,2045340,Tata Power
26-02-2015,82.8,83.7,81.2,82.7,4020091,Tata Power
27-02-2015,84.6,87.9,84.5,87.3,7855296,Tata Power
02-03-2015,86.5,87.4,85.1,86.3,3162250,Tata Power
03-03-2015,86.4,87.8,85,87.3,2803269,Tata Power
04-03-2015,88,88.3,83.8,84.4,2752005,Tata Power
05-03-2015,84.4,85.9,84,85.3,2394050,Tata Power
09-03-2015,84.6,84.9,82,82.3,2210809,Tata Power
10-03-2015,82.8,83.2,80.9,81.1,2361600,Tata Power
11-03-2015,81.8,82.2,80.6,80.9,3338126,Tata Power
12-03-2015,81.3,82.4,81.2,81.5,3011012,Tata Power
13-03-2015,82.7,82.7,79.4,79.7,3689687,Tata Power
16-03-2015,80.7,81.5,79.5,81,3030132,Tata Power
17-03-2015,81.7,81.8,80.1,80.6,2387387,Tata Power
18-03-2015,80.2,82.1,78.9,80.4,5906417,Tata Power
19-03-2015,81,81.8,79.5,79.8,2905760,Tata Power
20-03-2015,80,80.4,78.7,79,2398900,Tata Power
23-03-2015,79.5,79.6,78.4,78.8,2500710,Tata Power
24-03-2015,78.6,79.5,78.2,78.4,2560026,Tata Power
25-03-2015,78.9,78.9,77.3,77.4,1892901,Tata Power
26-03-2015,77.5,78.3,76,76.2,4567870,Tata Power
27-03-2015,77,77,74,74.9,3761113,Tata Power
30-03-2015,75.6,75.9,73.6,74.4,4614892,Tata Power
31-03-2015,75.3,77.5,74.9,77.1,6840776,Tata Power
01-04-2015,77.1,77.9,76.7,77.5,2798293,Tata Power
06-04-2015,78,78.3,76.1,77.3,4749503,Tata Power
07-04-2015,77.8,79,77.2,78.4,2546427,Tata Power
08-04-2015,78.9,79,77.2,77.4,2227241,Tata Power
09-04-2015,77.8,78.6,77.4,78.4,1948487,Tata Power
10-04-2015,78.5,79.6,78,78.9,1930751,Tata Power
13-04-2015,79.2,80.5,78.9,80.2,2412265,Tata Power
15-04-2015,80.5,82.4,79.4,81.2,4619530,Tata Power
16-04-2015,81.2,81.3,79.4,80.2,1788962,Tata Power
17-04-2015,80,81.5,79.3,80.5,1602765,Tata Power
20-04-2015,80.4,81.1,78.5,78.8,1983867,Tata Power
21-04-2015,78.5,79.4,77.2,77.5,2395252,Tata Power
22-04-2015,77.6,79.5,76.6,78.7,3366177,Tata Power
23-04-2015,79.8,80.4,78.6,79.3,2348489,Tata Power
24-04-2015,79.3,79.4,77.6,78.1,1487555,Tata Power
27-04-2015,78.5,79.2,77.4,77.6,2222370,Tata Power
28-04-2015,77.4,78.6,76.6,77.9,2494510,Tata Power
29-04-2015,77.9,78.2,77.2,77.5,1615193,Tata Power
30-04-2015,77.5,78,74.4,75.8,6036198,Tata Power
04-05-2015,76.3,77.7,76.3,77.3,1665818,Tata Power
05-05-2015,77.2,77.4,76,76.1,1528185,Tata Power
06-05-2015,76,76.2,73.1,73.5,4113387,Tata Power
07-05-2015,73.4,73.7,70.6,71.7,5413380,Tata Power
08-05-2015,72.7,74.2,72.4,73.2,3156909,Tata Power
11-05-2015,73.9,74.8,73.3,74.3,1887506,Tata Power
12-05-2015,74.7,74.7,71.2,71.5,3909128,Tata Power
13-05-2015,72,73.7,71.4,73.4,2948873,Tata Power
14-05-2015,73.9,74,72.8,73.6,2013494,Tata Power
15-05-2015,74,74.3,72.6,73,1709357,Tata Power
18-05-2015,73.5,75.5,72.5,75.3,2663775,Tata Power
19-05-2015,75.7,76.9,74.5,75.9,8089446,Tata Power
20-05-2015,79.5,79.6,76.8,77.1,9937909,Tata Power
21-05-2015,77.5,77.6,75.8,76.2,2586311,Tata Power
22-05-2015,76.3,76.9,75.6,76,1980853,Tata Power
25-05-2015,75.7,75.8,74.5,74.8,3492569,Tata Power
26-05-2015,75.1,75.3,74.5,75.1,1557907,Tata Power
27-05-2015,74.6,76,74.4,75.9,2333746,Tata Power
28-05-2015,75.4,76.1,73.7,74.1,6131083,Tata Power
29-05-2015,74.2,75.4,73.8,74.6,8196956,Tata Power
01-06-2015,75.1,76.4,74.1,76.1,2732139,Tata Power
02-06-2015,75.6,76.2,74.5,75.1,2958395,Tata Power
03-06-2015,74.9,74.9,69,70.9,6074343,Tata Power
04-06-2015,70.8,70.9,68.4,70.2,4884209,Tata Power
05-06-2015,70.1,71.4,69.2,70.7,2612950,Tata Power
08-06-2015,70.7,71.9,70.3,71.4,2485596,Tata Power
09-06-2015,71.4,72.7,70.4,72.4,2864231,Tata Power
10-06-2015,72.9,74.6,72.7,73.9,4019510,Tata Power
11-06-2015,74,74.6,69.4,70,5389454,Tata Power
12-06-2015,70,73,69.7,72.7,4929775,Tata Power
15-06-2015,73,73.7,71.2,72.1,5738366,Tata Power
16-06-2015,72,74.5,71.6,74.1,4089658,Tata Power
17-06-2015,74.1,74.2,72.5,72.8,2194377,Tata Power
18-06-2015,72.6,73.5,71.9,73.1,2860807,Tata Power
19-06-2015,73.1,73.6,72.1,72.3,3897925,Tata Power
22-06-2015,72.5,74.8,71.6,74.5,2835299,Tata Power
23-06-2015,74,74.7,73.1,74.2,3045780,Tata Power
24-06-2015,74,75,73.3,73.8,1408455,Tata Power
25-06-2015,73.1,75.8,72.8,75,4048264,Tata Power
26-06-2015,75,75,73.4,73.9,1366790,Tata Power
29-06-2015,73.5,73.6,71.9,72.9,2006949,Tata Power
30-06-2015,73,74.4,73,74.2,2226284,Tata Power
01-07-2015,74.2,75.3,73.5,74.8,1730442,Tata Power
02-07-2015,75,75.5,74.5,74.9,1558746,Tata Power
03-07-2015,74.5,75.3,74,74.3,1118064,Tata Power
06-07-2015,73.3,74.8,72.7,74.5,1379039,Tata Power
07-07-2015,75,75.4,73.5,73.8,1519519,Tata Power
08-07-2015,73,73.3,72.1,72.5,2119540,Tata Power
09-07-2015,72.5,73.2,72.2,72.5,1491726,Tata Power
10-07-2015,72.5,72.7,71.1,71.5,8725027,Tata Power
13-07-2015,71.7,73,71.5,72.8,2062761,Tata Power
14-07-2015,73,73.5,72.4,73,1117660,Tata Power
15-07-2015,72.5,74.9,72.5,74.3,2339626,Tata Power
16-07-2015,75,76.2,74.2,76,1977357,Tata Power
17-07-2015,76.3,76.9,75.7,75.9,2361802,Tata Power
20-07-2015,74.8,75,74,74.5,1908650,Tata Power
21-07-2015,74.2,74.6,72,72.2,1792346,Tata Power
22-07-2015,72,73.6,71.5,73,2257135,Tata Power
23-07-2015,73.2,73.4,71.7,71.9,2138940,Tata Power
24-07-2015,72.2,72.4,71.4,71.8,2110460,Tata Power
27-07-2015,71.7,72.2,70.3,71.3,3130774,Tata Power
28-07-2015,71,71.8,70,71,2122680,Tata Power
29-07-2015,71,71.2,67.1,68.3,5818545,Tata Power
30-07-2015,66,70,66,69.6,5359448,Tata Power
31-07-2015,69.7,70.5,68.2,68.5,3855766,Tata Power
03-08-2015,69.2,69.9,68.6,69.5,1826681,Tata Power
04-08-2015,69.5,70.2,68.6,69.9,2441973,Tata Power
05-08-2015,70,71,69.3,69.8,2964149,Tata Power
06-08-2015,70.4,70.5,69.2,69.8,1500113,Tata Power
07-08-2015,69.8,70.2,68.9,69.1,1379657,Tata Power
10-08-2015,69.2,70.2,68.8,69.1,1268145,Tata Power
11-08-2015,69.2,69.7,68,68.3,1563841,Tata Power
13-08-2015,67.9,70.8,67.3,69.2,8195280,Tata Power
14-08-2015,69.9,70.1,69.2,69.7,1931964,Tata Power
17-08-2015,69.8,70,68,68.7,1239265,Tata Power
18-08-2015,68.6,69,67.6,68.1,2079478,Tata Power
19-08-2015,68.5,68.5,67.3,67.4,1602637,Tata Power
20-08-2015,67,68.5,66.2,67.5,2941443,Tata Power
21-08-2015,66.8,68.3,66.2,68,3125893,Tata Power
24-08-2015,66.5,66.8,61.8,62.3,5925675,Tata Power
25-08-2015,62.3,63.2,55.2,58.5,11755899,Tata Power
26-08-2015,58.6,61.6,57.8,60.2,5847098,Tata Power
27-08-2015,61.4,61.5,60.3,60.6,5956925,Tata Power
28-08-2015,61.6,62.3,59.7,61.1,9597680,Tata Power
31-08-2015,61.1,62.2,60,60.6,6311543,Tata Power
01-09-2015,60.3,61,59.6,60.4,5519413,Tata Power
02-09-2015,60.8,60.9,58.1,58.5,3677920,Tata Power
03-09-2015,59,60.4,58.7,59.9,1759906,Tata Power
04-09-2015,59.4,59.8,56.1,56.6,4740800,Tata Power
07-09-2015,57.5,57.8,55.3,56.2,4116671,Tata Power
08-09-2015,56.4,59.1,56.2,58.7,3906976,Tata Power
09-09-2015,59.9,59.9,58.6,59.2,3209916,Tata Power
10-09-2015,58.8,61.3,58.5,61,3898795,Tata Power
11-09-2015,61.1,61.5,58.8,59.6,3058038,Tata Power
14-09-2015,59.8,62.1,59.5,61.8,3161574,Tata Power
15-09-2015,61.9,62.1,60.7,61.9,2276796,Tata Power
16-09-2015,62,62.4,61.3,62.2,1556239,Tata Power
18-09-2015,62.3,65,61.7,64.3,4338334,Tata Power
21-09-2015,63.7,65.7,63.6,64.7,3129377,Tata Power
22-09-2015,64.9,65.5,62.2,62.9,2552620,Tata Power
23-09-2015,62.4,64,61.9,63.3,2186897,Tata Power
24-09-2015,63.1,66.5,62.7,65.1,6380468,Tata Power
28-09-2015,64.9,67,63.8,65.5,2253633,Tata Power
29-09-2015,64.5,66.3,63.6,66.1,3623790,Tata Power
30-09-2015,66.5,67,64.8,65,3624923,Tata Power
01-10-2015,65.3,66.7,65.3,65.9,1818223,Tata Power
05-10-2015,66.1,67.5,65.9,67.2,2183790,Tata Power
06-10-2015,67.5,69.5,67,69.1,3684704,Tata Power
07-10-2015,69.1,70.8,68.4,70.4,3527961,Tata Power
08-10-2015,70.5,71,69.1,70.3,2156145,Tata Power
09-10-2015,70.5,71.1,69.3,69.7,2545925,Tata Power
12-10-2015,70,71.3,69.6,70,5866783,Tata Power
13-10-2015,70,70.4,69.4,70.2,2212905,Tata Power
14-10-2015,70,70.4,69.5,69.7,1506954,Tata Power
15-10-2015,70.2,71.1,70,70.2,2276032,Tata Power
16-10-2015,70.4,70.6,64,69.8,2399414,Tata Power
19-10-2015,70,70,68.8,69.5,1948781,Tata Power
20-10-2015,69.4,72.5,69.4,70.9,7165327,Tata Power
21-10-2015,71.4,71.4,69.4,70.6,3607852,Tata Power
23-10-2015,71.1,71.3,70.1,70.4,2483461,Tata Power
26-10-2015,70.7,71.9,70.2,70.7,3336007,Tata Power
27-10-2015,70.5,71.5,70.4,71,4220398,Tata Power
28-10-2015,70.8,71.1,69.4,69.7,2772890,Tata Power
29-10-2015,69.6,70,68.5,69.7,6150955,Tata Power
30-10-2015,69.8,71.5,68.7,68.9,7852546,Tata Power
02-11-2015,68.7,69.2,68.1,68.8,1629516,Tata Power
03-11-2015,69.5,69.6,68.4,68.9,1841334,Tata Power
04-11-2015,69.4,69.5,68.5,68.6,2170065,Tata Power
05-11-2015,69.1,69.5,68.2,68.5,1836314,Tata Power
06-11-2015,69.4,69.5,66.6,67.6,2400308,Tata Power
09-11-2015,67,69.6,66.1,68.1,9032436,Tata Power
10-11-2015,69.3,69.8,67.4,67.8,4596144,Tata Power
13-11-2015,68.5,68.9,67.6,68.3,1967314,Tata Power
16-11-2015,68.2,68.6,66.7,67.3,4186093,Tata Power
17-11-2015,67.5,68.2,67,67.4,1783141,Tata Power
18-11-2015,67.6,68.3,65.7,65.9,2070946,Tata Power
19-11-2015,66.1,67,66.1,66.8,1319920,Tata Power
20-11-2015,66.4,67.5,66.3,66.7,1435324,Tata Power
23-11-2015,67,67.1,66.5,67,1691812,Tata Power
24-11-2015,66.9,67.3,66.3,66.6,1807371,Tata Power
26-11-2015,66.7,67.1,66.2,66.3,4945512,Tata Power
27-11-2015,66.8,67.4,65.9,66.3,1778931,Tata Power
30-11-2015,66.5,67.9,66.5,67.2,6754131,Tata Power
01-12-2015,68,68,66.4,66.6,3104617,Tata Power
02-12-2015,66.8,67,65.9,66.3,1407703,Tata Power
03-12-2015,66,66.8,65.3,65.7,1727696,Tata Power
04-12-2015,64.9,66,64,64.2,2544924,Tata Power
07-12-2015,64.9,65,64,64.2,1516182,Tata Power
08-12-2015,62.9,64.3,62.8,63.6,2207354,Tata Power
09-12-2015,63.8,63.8,61.7,62,1717959,Tata Power
10-12-2015,62.3,62.9,62,62.6,1552855,Tata Power
11-12-2015,62.4,63.2,61,61.9,2013081,Tata Power
14-12-2015,62,62.6,61.1,61.6,1926459,Tata Power
15-12-2015,61.5,62.1,61.1,61.5,1989111,Tata Power
16-12-2015,62,63.1,61.7,62,2509005,Tata Power
17-12-2015,63,65,62.3,64.8,3638996,Tata Power
18-12-2015,64.8,66,64.5,65,3813660,Tata Power
21-12-2015,65,65.5,64.4,65,2932353,Tata Power
22-12-2015,65.1,66.4,64.8,65.3,2654585,Tata Power
23-12-2015,65.7,66.2,65.3,65.8,1163831,Tata Power
24-12-2015,66,66.8,65.5,66.4,1359015,Tata Power
28-12-2015,67,68.4,67,67.5,3739245,Tata Power
29-12-2015,67.7,67.9,66.8,67.1,1868048,Tata Power
30-12-2015,68.5,68.5,67.5,67.8,2193301,Tata Power
31-12-2015,67.9,69,67.6,67.9,3580051,Tata Power
01-01-2016,68.1,69.5,67.8,69,1973896,Tata Power
04-01-2016,68.9,69.9,67.5,68.3,2644953,Tata Power
05-01-2016,68.6,70.7,68.5,69.4,3266085,Tata Power
06-01-2016,69.3,69.8,68,68.8,3274557,Tata Power
07-01-2016,68,68.4,65.8,66.4,2616771,Tata Power
08-01-2016,67,69.3,66.4,68.7,2913346,Tata Power
11-01-2016,68,68,66.2,67.2,3288875,Tata Power
12-01-2016,67.7,68.3,66.5,67.1,2857305,Tata Power
13-01-2016,67.5,68,64.4,65.7,3728023,Tata Power
14-01-2016,65.1,65.9,63.5,64.8,2720635,Tata Power
15-01-2016,65,65.5,61.3,61.8,2254377,Tata Power
18-01-2016,61.5,63.5,61.1,61.7,2870369,Tata Power
19-01-2016,62.2,65,62,64.3,3722032,Tata Power
20-01-2016,63.2,63.7,60.4,61.8,3483973,Tata Power
21-01-2016,62.1,62.8,60.1,61.2,4223902,Tata Power
22-01-2016,62.4,62.5,61.5,61.8,2793950,Tata Power
25-01-2016,62.6,62.6,61.1,61.4,2573219,Tata Power
27-01-2016,62.4,62.4,61,61.3,2950538,Tata Power
28-01-2016,61.3,61.7,59.8,60,5165366,Tata Power
29-01-2016,60.2,61.4,59.8,60.1,4490327,Tata Power
01-02-2016,61,61,60.1,60.6,3874248,Tata Power
02-02-2016,60.8,60.9,58.4,58.8,4705494,Tata Power
03-02-2016,58.5,58.5,56.5,57.1,3077309,Tata Power
04-02-2016,57.5,59.9,57.5,59.1,3734608,Tata Power
05-02-2016,59.8,60.5,59.5,60.3,4254914,Tata Power
08-02-2016,60.3,60.8,58.7,58.9,4217105,Tata Power
09-02-2016,58.5,60,58.3,59.7,2166595,Tata Power
10-02-2016,59.6,59.8,57.7,59.2,2181050,Tata Power
11-02-2016,59,59.5,55.6,56.3,3390846,Tata Power
12-02-2016,56.6,57.9,55,56.5,3828563,Tata Power
15-02-2016,57.2,60.3,57.2,59.6,11819297,Tata Power
16-02-2016,60.8,61.9,58.1,58.6,6203807,Tata Power
17-02-2016,58.9,59.5,57,58.7,5755969,Tata Power
18-02-2016,59.2,59.7,58.4,59.2,3013798,Tata Power
19-02-2016,59.2,59.9,58.3,58.8,4420717,Tata Power
22-02-2016,59.5,59.5,58.4,58.6,1875698,Tata Power
23-02-2016,59,59.1,57.8,58,1930159,Tata Power
24-02-2016,57.9,58.6,57.6,57.8,1459265,Tata Power
25-02-2016,58.1,59,56.6,57.1,5151016,Tata Power
26-02-2016,57.7,58,57,57.6,1469491,Tata Power
29-02-2016,58,58.4,56.3,57.3,3685533,Tata Power
01-03-2016,57.7,58.8,57.2,58.4,2593429,Tata Power
02-03-2016,59.5,59.8,58.6,58.9,4236895,Tata Power
03-03-2016,59.3,59.9,58.5,59.5,3763947,Tata Power
04-03-2016,59.8,59.9,58.8,59.3,4978583,Tata Power
08-03-2016,59.3,59.8,58.4,58.8,4639963,Tata Power
09-03-2016,57.4,59.1,57.4,58.7,5840040,Tata Power
10-03-2016,59.2,59.6,58.8,58.9,2834684,Tata Power
11-03-2016,58.9,59.4,58.6,59,2138542,Tata Power
14-03-2016,59.2,59.7,59.1,59.2,1546387,Tata Power
15-03-2016,59.2,59.5,58.7,58.8,3150180,Tata Power
16-03-2016,58.9,59.1,58.1,58.9,3192053,Tata Power
17-03-2016,59.1,59.4,58.3,58.5,3314559,Tata Power
18-03-2016,58.6,58.8,58,58.5,3214536,Tata Power
21-03-2016,58.5,59.4,58.4,59.2,1715057,Tata Power
22-03-2016,59.3,62,59.2,61.8,9339334,Tata Power
23-03-2016,63.1,63.4,62.4,62.7,7172438,Tata Power
28-03-2016,63.1,63.1,60.8,61,3602398,Tata Power
29-03-2016,61.3,62.4,60.4,61.4,2455934,Tata Power
30-03-2016,61.7,63.3,61.2,62.7,6428062,Tata Power
31-03-2016,63.4,65.1,63.1,64.7,16079185,Tata Power
01-04-2016,65,65.5,63.7,65.2,4168582,Tata Power
04-04-2016,65.9,69.8,65.7,68.3,9789614,Tata Power
05-04-2016,68.2,68.2,66.5,67,6724126,Tata Power
06-04-2016,67.3,67.7,66,66.5,3777207,Tata Power
07-04-2016,68,70.1,60.6,63.9,53852649,Tata Power
08-04-2016,65.7,66.2,64.1,65.8,9017859,Tata Power
11-04-2016,65.7,67.9,65.5,67.7,6184956,Tata Power
12-04-2016,67.7,69.2,67.5,67.9,6464234,Tata Power
13-04-2016,68.5,70.3,68.3,70,6604092,Tata Power
18-04-2016,69.5,70.3,68.7,69.6,3167747,Tata Power
20-04-2016,69.6,71.5,69.5,70.6,4163252,Tata Power
21-04-2016,71,71.5,68.8,69.7,2708771,Tata Power
22-04-2016,69.9,70.9,69.8,70,2624221,Tata Power
25-04-2016,70.1,70.5,68.8,69.6,1890213,Tata Power
26-04-2016,69.6,72.2,69.3,72,4028690,Tata Power
27-04-2016,72.1,72.3,70.3,70.8,3189399,Tata Power
28-04-2016,71,71.1,68.9,69.3,4533595,Tata Power
29-04-2016,69.1,71,68.3,70.5,4697803,Tata Power
02-05-2016,70.5,71,69.5,70.2,3813866,Tata Power
03-05-2016,71.4,73.5,70.7,71.1,9645821,Tata Power
04-05-2016,70.6,72,70.1,70.4,3527824,Tata Power
05-05-2016,70.4,71.3,69.9,70.3,2260946,Tata Power
06-05-2016,70.3,72.5,69.9,72.2,3358906,Tata Power
09-05-2016,72.5,74,72.3,73.5,4298244,Tata Power
10-05-2016,73.4,73.5,71.8,72.5,2270352,Tata Power
11-05-2016,71.8,72.3,70.9,71,2852221,Tata Power
12-05-2016,71.2,72.1,70.5,70.9,2876247,Tata Power
13-05-2016,70.6,71.1,69.6,70.4,3286426,Tata Power
16-05-2016,70.5,70.9,69.4,70.3,4503427,Tata Power
17-05-2016,70.5,70.7,69.5,70,3257541,Tata Power
18-05-2016,69.5,70.5,69.2,70,2552016,Tata Power
19-05-2016,70,70.4,68,68.4,2676759,Tata Power
20-05-2016,68.7,70.2,68.5,69.4,3274768,Tata Power
23-05-2016,71.2,71.4,70.3,70.7,4459879,Tata Power
24-05-2016,72.2,72.8,71.3,71.7,7098409,Tata Power
25-05-2016,72.2,73.4,71.8,73.2,3625265,Tata Power
26-05-2016,73.5,74,72.3,73.7,5051648,Tata Power
27-05-2016,73.7,74.8,72.4,72.6,4308396,Tata Power
30-05-2016,72.9,76,72.3,75.2,4012385,Tata Power
31-05-2016,75,75.3,73.3,73.8,6855752,Tata Power
01-06-2016,75,75,72.5,72.8,4052173,Tata Power
02-06-2016,72.9,73.6,71.9,72.3,4488291,Tata Power
03-06-2016,72.4,74.5,72.4,73.9,4785183,Tata Power
06-06-2016,74,75,73,74.2,2596711,Tata Power
07-06-2016,74.5,74.7,73,73.5,5048835,Tata Power
08-06-2016,73.9,75.9,73.2,75.5,4076787,Tata Power
09-06-2016,76.2,77.2,75.2,75.7,6019577,Tata Power
10-06-2016,75.8,76.7,75.4,76.2,2779257,Tata Power
13-06-2016,77,77.4,75.1,75.7,8139327,Tata Power
14-06-2016,76,76.2,74.6,75.7,3686745,Tata Power
15-06-2016,76.4,77,75.6,76.6,3143905,Tata Power
16-06-2016,76.5,77,74.5,76.3,3581801,Tata Power
17-06-2016,76,76.2,72.3,73.7,6058409,Tata Power
20-06-2016,73.4,75.2,72.5,75.1,2258131,Tata Power
21-06-2016,75.4,75.9,73.2,73.3,3364513,Tata Power
22-06-2016,73.6,74.1,73.1,73.7,2269167,Tata Power
23-06-2016,73.3,75.1,72,73.1,6538971,Tata Power
24-06-2016,71.6,72.9,69.3,72.7,4366513,Tata Power
27-06-2016,72.5,72.7,71.8,72.2,2383918,Tata Power
28-06-2016,72.3,72.8,71.8,72,2667445,Tata Power
29-06-2016,72.4,73.2,72,72.7,4642666,Tata Power
30-06-2016,72.9,73.7,72.6,73.4,10502775,Tata Power
01-07-2016,74,74.9,73.9,74.4,7839162,Tata Power
04-07-2016,75,75.6,74.6,74.9,3698418,Tata Power
05-07-2016,74.9,74.9,73.9,74.3,3605391,Tata Power
07-07-2016,74.3,74.4,73.4,73.6,3261411,Tata Power
08-07-2016,73.6,74.1,72.8,73.2,3813860,Tata Power
11-07-2016,74.1,74.3,73.5,74,4781338,Tata Power
12-07-2016,74.1,74.3,71.1,72.7,6293320,Tata Power
13-07-2016,72.8,73.3,71.9,72.1,3796673,Tata Power
14-07-2016,71.8,72,71.2,71.8,3847226,Tata Power
15-07-2016,72.6,72.6,71.2,71.7,4554188,Tata Power
18-07-2016,71.7,71.9,70.1,70.4,2888146,Tata Power
19-07-2016,70.8,71,69.8,70.4,4152512,Tata Power
20-07-2016,70.5,73,70.4,72.4,6920848,Tata Power
21-07-2016,73,73.2,70.5,70.8,5259727,Tata Power
22-07-2016,71.5,72.5,71.1,72.1,3320745,Tata Power
25-07-2016,72.2,72.4,71.3,72,2470483,Tata Power
26-07-2016,72.5,73,71.1,71.4,4026980,Tata Power
27-07-2016,71.2,71.8,70.6,71.1,3949676,Tata Power
28-07-2016,71.2,71.5,70.4,70.7,5838516,Tata Power
29-07-2016,71,72.5,70.6,72,6171422,Tata Power
01-08-2016,72.6,73.1,71.1,72,4255363,Tata Power
02-08-2016,72.4,72.7,71.5,71.7,2909215,Tata Power
03-08-2016,72.3,72.5,70.8,71.3,5023751,Tata Power
04-08-2016,71.6,71.8,70.5,70.8,4065811,Tata Power
05-08-2016,71.2,71.5,70.9,71.1,7685151,Tata Power
08-08-2016,71.5,73.3,71.1,72.8,14343063,Tata Power
09-08-2016,73.3,76.4,73.3,75.4,14218653,Tata Power
10-08-2016,75.9,75.9,73.6,74,4373197,Tata Power
11-08-2016,74.2,76,73.3,74.7,3901357,Tata Power
12-08-2016,74.9,76.2,73.6,75.2,5276189,Tata Power
16-08-2016,75,77.3,75,76.6,8040643,Tata Power
17-08-2016,76.7,78.6,75.9,78,8821668,Tata Power
18-08-2016,78,78.6,76.4,76.9,5317797,Tata Power
19-08-2016,77,78.5,76.6,78.1,3821975,Tata Power
22-08-2016,78.4,79.2,76.9,77.1,4454151,Tata Power
23-08-2016,77.9,78.3,73.8,74.8,16453253,Tata Power
24-08-2016,74.1,76.8,73.8,76.5,10358139,Tata Power
25-08-2016,77,77,75.5,75.7,4536646,Tata Power
26-08-2016,75.8,76.3,75,75.8,4446656,Tata Power
29-08-2016,75.9,76.3,75.2,76,2310645,Tata Power
30-08-2016,76.1,77.8,76,77.1,3920589,Tata Power
31-08-2016,77.4,79,76.6,78.5,7628462,Tata Power
01-09-2016,79.8,80.4,77.5,78.2,7490214,Tata Power
02-09-2016,78.1,79.4,77.4,79,3402719,Tata Power
06-09-2016,79.3,79.5,78.1,78.5,3986718,Tata Power
07-09-2016,77.4,77.8,76.2,76.7,4132449,Tata Power
08-09-2016,76.8,77.9,76.8,77.6,5396824,Tata Power
09-09-2016,77.5,78.5,76.9,77.2,3383997,Tata Power
12-09-2016,76.5,76.5,73.6,74.3,3976891,Tata Power
14-09-2016,74,76.3,73.6,75.4,4303082,Tata Power
15-09-2016,76.4,77,74.6,74.8,4190124,Tata Power
16-09-2016,75.1,75.9,74.7,75.5,5836470,Tata Power
19-09-2016,75.7,77.3,74.1,76.9,5397880,Tata Power
20-09-2016,77.4,77.5,75.3,75.8,4918419,Tata Power
21-09-2016,75.8,76.7,75.5,76.3,5084986,Tata Power
22-09-2016,76.8,76.8,75.7,76,2402809,Tata Power
23-09-2016,76.2,76.3,75.2,75.6,4724644,Tata Power
26-09-2016,75.4,76.7,75.3,75.9,4237303,Tata Power
27-09-2016,75.8,76,74.1,74.9,6149199,Tata Power
28-09-2016,75,76.3,74.9,76.1,4637687,Tata Power
29-09-2016,76.5,76.6,71.8,73.7,11226254,Tata Power
30-09-2016,72.7,75.9,72.6,75.4,5403340,Tata Power
03-10-2016,75.5,76.8,75.4,76.5,2908866,Tata Power
04-10-2016,76.9,78.2,76.5,77.5,4695492,Tata Power
05-10-2016,77.7,79,77.6,78.3,6805356,Tata Power
06-10-2016,78.2,80.8,77.9,79.1,5917911,Tata Power
07-10-2016,79,81.1,78.3,80.7,4301610,Tata Power
10-10-2016,81,82,80.7,80.9,3776119,Tata Power
13-10-2016,81,81,77.3,77.7,3527748,Tata Power
14-10-2016,77.8,78.9,77.7,78.4,2071637,Tata Power
17-10-2016,78.2,78.8,77.4,77.6,2024554,Tata Power
18-10-2016,77.7,79,77.7,78.8,2658639,Tata Power
19-10-2016,78.9,81.8,78.7,81.3,3816188,Tata Power
20-10-2016,81,83.5,80.9,82,4880194,Tata Power
21-10-2016,82,84,81.5,83.6,4707277,Tata Power
24-10-2016,83.7,84.4,83.4,83.7,4203588,Tata Power
25-10-2016,82,83.3,81.2,82.4,3720701,Tata Power
26-10-2016,82,82.1,80,80.9,4997075,Tata Power
27-10-2016,77.5,80,77.5,79.6,10205441,Tata Power
28-10-2016,79.2,81.4,78.2,78.3,8118517,Tata Power
01-11-2016,78,79.5,76.6,78.2,6868528,Tata Power
02-11-2016,77.5,78.1,76.8,77.1,2066811,Tata Power
03-11-2016,77,78.5,76.2,76.7,2997405,Tata Power
04-11-2016,76.4,77.4,74,74.6,3582019,Tata Power
07-11-2016,75.3,76.4,75,75.4,2464750,Tata Power
08-11-2016,75.7,77.3,74.1,74.4,2120863,Tata Power
09-11-2016,71,72.8,67,71.7,4934441,Tata Power
10-11-2016,72.9,75.4,72.4,74.5,4391024,Tata Power
11-11-2016,74.8,74.8,71.6,72.1,3712989,Tata Power
15-11-2016,72.5,72.5,68.6,69.3,4954987,Tata Power
16-11-2016,69.7,71.4,69.3,70.7,4243025,Tata Power
17-11-2016,71.5,72.6,70,70.2,3410138,Tata Power
18-11-2016,70.6,71,69.5,70.1,4256768,Tata Power
21-11-2016,70.2,70.5,68.1,68.6,6898248,Tata Power
22-11-2016,69.1,69.7,68.4,69,3736671,Tata Power
23-11-2016,69.7,69.9,68.8,69.3,3746416,Tata Power
24-11-2016,69,70.1,68.5,69.4,7541314,Tata Power
25-11-2016,69.6,70.8,69.3,70.1,1479482,Tata Power
28-11-2016,70.5,73.2,70.1,72.7,4400662,Tata Power
29-11-2016,73.4,73.5,72,72.3,4671961,Tata Power
30-11-2016,72.2,74.5,70.9,74.1,10053588,Tata Power
01-12-2016,74.8,75.1,72.5,72.9,4458587,Tata Power
02-12-2016,72.7,74.7,72.3,73.5,6273560,Tata Power
05-12-2016,73.5,74.4,72.8,73.2,3703955,Tata Power
06-12-2016,74.9,75.8,74.4,75.2,8017447,Tata Power
07-12-2016,75.3,78,73.9,74.3,14527202,Tata Power
08-12-2016,75,75.8,74.8,75.6,3878732,Tata Power
09-12-2016,75.7,77.5,75.2,77.1,9503932,Tata Power
12-12-2016,76.9,77,75.7,76.7,4574949,Tata Power
13-12-2016,78,78,76.6,77.6,3380691,Tata Power
14-12-2016,77.9,78.9,77.4,78.7,8826457,Tata Power
15-12-2016,78,80.3,77.7,78.2,18054475,Tata Power
16-12-2016,78.4,78.5,76.3,76.6,3776059,Tata Power
19-12-2016,76.6,78,76.6,77.2,2739927,Tata Power
20-12-2016,77.7,79.3,76.3,76.6,4427929,Tata Power
21-12-2016,77.1,77.3,75.7,76.1,4125562,Tata Power
22-12-2016,75.8,76.4,74.4,74.8,1979396,Tata Power
23-12-2016,75.5,75.5,72.6,74,3375465,Tata Power
26-12-2016,73.8,74.3,73.3,73.5,2706384,Tata Power
27-12-2016,73.5,73.9,72.9,73.6,1190912,Tata Power
28-12-2016,73.7,75,73.7,73.9,1410555,Tata Power
29-12-2016,74,76,73.5,75.2,2634432,Tata Power
30-12-2016,76.2,78.1,75,75.9,5312629,Tata Power
02-01-2017,75.9,76.3,75.2,75.4,2053581,Tata Power
03-01-2017,75.8,76.4,75.1,75.7,2334237,Tata Power
04-01-2017,75.8,76.7,75.4,75.8,2803996,Tata Power
05-01-2017,76.1,77,76,76.9,2567580,Tata Power
06-01-2017,77.4,77.8,76.8,77.1,2891404,Tata Power
09-01-2017,77.4,77.4,76.3,76.4,1185572,Tata Power
10-01-2017,76.3,77.4,76.3,77.1,2121660,Tata Power
11-01-2017,77.9,78,76.7,76.8,2098665,Tata Power
12-01-2017,77,80.3,77,79.3,10133269,Tata Power
13-01-2017,80,80.2,78.7,79.3,4239234,Tata Power
16-01-2017,79.5,79.7,77.6,77.8,2584541,Tata Power
17-01-2017,78.2,78.5,77.5,77.9,1536443,Tata Power
18-01-2017,78.1,79.2,77.9,78.7,2845239,Tata Power
19-01-2017,79.3,79.6,78.5,79.3,4536872,Tata Power
20-01-2017,79,79.4,77.2,77.6,2916442,Tata Power
23-01-2017,77.5,78.6,77.3,77.6,4403351,Tata Power
24-01-2017,77.7,80.4,77.6,79.9,2965222,Tata Power
25-01-2017,80.1,81.3,79.3,80.1,5123965,Tata Power
27-01-2017,80.2,81.5,80.1,81,2690791,Tata Power
30-01-2017,81,81.8,80.3,80.6,1829020,Tata Power
31-01-2017,80.5,82.8,79.4,79.8,5627724,Tata Power
01-02-2017,80.1,80.8,79,80.5,2843799,Tata Power
02-02-2017,80.7,82,79.5,80.5,2895268,Tata Power
03-02-2017,81.1,82,80.3,80.7,2963991,Tata Power
06-02-2017,81.1,82.5,80.9,82.3,2498815,Tata Power
07-02-2017,82.5,82.6,80.7,81.2,2860747,Tata Power
08-02-2017,81.3,82.4,81,81.7,3418339,Tata Power
09-02-2017,82,82.5,80.6,81.6,3367729,Tata Power
10-02-2017,82,83,81,81.6,7624409,Tata Power
13-02-2017,82,83.7,81.5,83.4,3417059,Tata Power
14-02-2017,83.7,84.2,82.7,83.5,3619668,Tata Power
15-02-2017,83.5,84.2,81.3,81.7,2627363,Tata Power
16-02-2017,82,83.5,81.1,83.2,2925775,Tata Power
17-02-2017,83.7,85,82.7,84.1,4841292,Tata Power
20-02-2017,84.5,86,84.2,85.4,4558887,Tata Power
21-02-2017,86,86,83.8,84.3,3393310,Tata Power
22-02-2017,84.2,85.8,83.4,84.2,3266659,Tata Power
23-02-2017,84.1,85.5,83,83.5,5234969,Tata Power
27-02-2017,83.8,84,82.5,82.7,2257546,Tata Power
28-02-2017,82.9,84.6,82.4,82.6,4371200,Tata Power
01-03-2017,82.8,83.3,81.7,82,3931679,Tata Power
02-03-2017,82.4,82.7,80.8,81.1,2051192,Tata Power
03-03-2017,81,83,80.8,81.9,5871263,Tata Power
06-03-2017,82,82.8,81.9,82.5,4706563,Tata Power
07-03-2017,82.9,83.8,82.7,83,7309780,Tata Power
08-03-2017,83.3,83.4,82,82.1,3008752,Tata Power
09-03-2017,82,82.7,81.5,82.2,4968194,Tata Power
10-03-2017,82.3,83.2,81.3,82,1925931,Tata Power
14-03-2017,84,84,82.4,83.7,3935493,Tata Power
15-03-2017,84,85.8,83.5,85.1,6653375,Tata Power
16-03-2017,85.5,86.7,84,86.2,3900973,Tata Power
17-03-2017,87,87.2,85.7,86.4,5676646,Tata Power
20-03-2017,86.5,87.9,86.3,87.2,4079021,Tata Power
21-03-2017,87.8,87.9,86.5,87.7,3260875,Tata Power
22-03-2017,87,87.5,86.3,87,3390664,Tata Power
23-03-2017,87.1,87.7,86.7,87.1,4769669,Tata Power
24-03-2017,87.7,88.1,86.1,86.6,4159127,Tata Power
27-03-2017,86.7,87.6,85.6,87.3,5247392,Tata Power
28-03-2017,87.3,89.2,86.7,88.8,6485431,Tata Power
29-03-2017,90,91.2,89.8,90,8268726,Tata Power
30-03-2017,90,90.9,89.4,89.9,9240905,Tata Power
31-03-2017,90.5,91,88.6,90.4,5424608,Tata Power
03-04-2017,90.7,90.7,89,89.2,3693246,Tata Power
05-04-2017,89.3,89.7,87.9,88.2,6266078,Tata Power
06-04-2017,88.1,88.2,86.7,87.3,4469693,Tata Power
07-04-2017,87,88.2,86.2,87.5,5373922,Tata Power
10-04-2017,87.8,87.9,86.9,87.1,5509757,Tata Power
11-04-2017,87.5,90.2,81.2,85.5,32224697,Tata Power
12-04-2017,85.1,86.3,84.1,85.6,7643076,Tata Power
13-04-2017,84.7,85.2,83.9,84.7,4775644,Tata Power
17-04-2017,84.9,84.9,83.7,84.1,6224581,Tata Power
18-04-2017,84.2,84.6,83.4,83.6,4184680,Tata Power
19-04-2017,84.2,86.7,84.1,85.7,7511675,Tata Power
20-04-2017,86.2,86.3,84,84.2,3216298,Tata Power
21-04-2017,85.4,85.4,83.7,84.2,3326507,Tata Power
24-04-2017,84.5,86.3,84.2,86,2678461,Tata Power
25-04-2017,86.8,86.9,85,85.2,4439588,Tata Power
26-04-2017,85.2,85.6,84.8,85,3153522,Tata Power
27-04-2017,85.1,85.5,83.9,84.7,4571169,Tata Power
28-04-2017,84.3,85,83.9,84.3,2302640,Tata Power
02-05-2017,84.4,84.7,83.4,83.7,1944305,Tata Power
03-05-2017,84,84.1,82.1,82.2,2287917,Tata Power
04-05-2017,82.2,83.3,81.8,83,3787868,Tata Power
05-05-2017,82.8,84.2,82.5,83.4,2399071,Tata Power
08-05-2017,83.2,83.5,82.5,83.1,2569523,Tata Power
09-05-2017,83.3,83.4,82.7,83.1,1743406,Tata Power
10-05-2017,83.3,83.6,81.4,81.6,5865523,Tata Power
11-05-2017,82,83.1,81.6,82.6,2866991,Tata Power
12-05-2017,82.6,82.9,82,82.3,1575436,Tata Power
15-05-2017,82.6,83.8,82.2,83.6,2007841,Tata Power
16-05-2017,83.9,86,83.4,83.9,5141578,Tata Power
17-05-2017,84,86,83.6,85.4,5499293,Tata Power
18-05-2017,84.8,85.6,83.5,83.8,2296399,Tata Power
19-05-2017,84.4,85.5,83.1,84.2,6222693,Tata Power
22-05-2017,84.3,84.5,80.6,82.1,5011530,Tata Power
23-05-2017,82.1,82.3,80,80.5,5940971,Tata Power
24-05-2017,80.7,81.8,80.1,80.3,4879178,Tata Power
25-05-2017,80.4,81.3,79.9,80.4,8911228,Tata Power
26-05-2017,80.4,81.3,79.6,81.1,2377593,Tata Power
29-05-2017,81.4,81.4,79.8,81.2,1724129,Tata Power
30-05-2017,81.2,82.8,80.9,82.4,1879356,Tata Power
31-05-2017,82.6,82.6,80.6,81,5984254,Tata Power
01-06-2017,81.3,81.4,80.1,80.7,2767159,Tata Power
02-06-2017,81,81.7,80.9,81.1,1447974,Tata Power
05-06-2017,81.5,81.6,80.6,81,2458920,Tata Power
06-06-2017,81,81.1,79.3,79.6,3011010,Tata Power
07-06-2017,79.5,80.2,79.2,80,2020824,Tata Power
08-06-2017,79.7,80,78.6,79.1,2330855,Tata Power
09-06-2017,78.7,79.1,77.6,77.8,3785162,Tata Power
12-06-2017,77.5,79.2,76.7,78.9,3119107,Tata Power
13-06-2017,79,79.5,77.7,78.1,2322985,Tata Power
14-06-2017,77.9,77.9,76.8,77.6,4060663,Tata Power
15-06-2017,77.3,77.9,76.8,77.1,3411180,Tata Power
16-06-2017,77.1,78.4,76.8,77.9,4329268,Tata Power
19-06-2017,77.9,78.7,77.2,78.1,2691021,Tata Power
20-06-2017,77.7,82.5,77.7,82.1,10963089,Tata Power
21-06-2017,82.5,82.5,81.4,81.8,5082680,Tata Power
22-06-2017,82,83.4,80.8,82.8,11286863,Tata Power
23-06-2017,82.7,82.8,81.2,81.5,3436311,Tata Power
27-06-2017,81.7,83.8,80.8,81.1,6031291,Tata Power
28-06-2017,81.8,82,80.9,81.7,3192237,Tata Power
29-06-2017,82.1,82.7,81,81.6,2374978,Tata Power
30-06-2017,81.4,81.5,80.5,80.6,3999194,Tata Power
03-07-2017,80.3,81.1,80,80.4,5308137,Tata Power
04-07-2017,80.9,81.7,80.6,81.2,2415946,Tata Power
05-07-2017,81.8,82.3,81.6,81.8,2227119,Tata Power
06-07-2017,82.3,82.5,81.9,82,1223744,Tata Power
07-07-2017,82,83,81.4,81.7,3227783,Tata Power
10-07-2017,83.1,83.8,82.6,83.5,1406680,Tata Power
11-07-2017,84,84.2,82.8,83,4536568,Tata Power
12-07-2017,83.7,84,82.8,83.1,3279731,Tata Power
13-07-2017,83.6,83.9,82.9,83.3,1882220,Tata Power
14-07-2017,83.4,83.6,82.8,83,4106073,Tata Power
17-07-2017,83,84.1,83,83.4,5230073,Tata Power
18-07-2017,83.3,83.9,81.9,82.5,3271847,Tata Power
19-07-2017,82.4,83.3,81.9,83,3930557,Tata Power
20-07-2017,83,83.5,82.3,82.9,1375720,Tata Power
21-07-2017,83.2,83.6,82.5,83.4,2135714,Tata Power
24-07-2017,83.4,83.5,82.9,83.3,2111317,Tata Power
25-07-2017,83.3,83.4,82.7,83,7554662,Tata Power
26-07-2017,83,83.5,81.9,82.6,9530863,Tata Power
27-07-2017,83,83.2,81.9,82,2646710,Tata Power
28-07-2017,82.1,82.9,81.1,82.2,1689815,Tata Power
31-07-2017,81.9,82.7,81.1,82,2681618,Tata Power
01-08-2017,81.2,83.3,81.2,82.8,2365558,Tata Power
02-08-2017,82.8,83,82.1,82.6,867025,Tata Power
03-08-2017,82.5,83.4,82.2,82.7,2966583,Tata Power
04-08-2017,82.6,82.8,79.7,80.3,5298112,Tata Power
07-08-2017,80.7,80.9,79.9,80,3124773,Tata Power
08-08-2017,80.2,80.4,78.1,78.3,1840878,Tata Power
09-08-2017,78.3,78.3,77.2,77.8,2107243,Tata Power
10-08-2017,77,77.8,75.8,76.7,10816439,Tata Power
11-08-2017,76.5,77.1,75.9,76.6,4403984,Tata Power
14-08-2017,77,81.2,76.6,79.6,8120241,Tata Power
16-08-2017,81.3,83.5,81.1,82.1,11428360,Tata Power
17-08-2017,82.6,82.6,81.4,81.7,3774599,Tata Power
18-08-2017,80.4,81.4,80.1,80.3,2900287,Tata Power
21-08-2017,80.7,80.9,80,80.2,2749000,Tata Power
22-08-2017,81,81.5,79.7,80.1,2316424,Tata Power
23-08-2017,80.4,80.4,78.6,78.8,2065914,Tata Power
24-08-2017,79.7,80.8,78.8,79.2,7107291,Tata Power
28-08-2017,79.3,79.7,78.5,78.9,2117665,Tata Power
29-08-2017,78.4,78.4,76.8,77,4659510,Tata Power
30-08-2017,77.5,78,77.1,77.7,2203355,Tata Power
31-08-2017,77.7,79.8,77.6,79.3,5439368,Tata Power
01-09-2017,79.3,80.8,78.9,80.1,7004328,Tata Power
04-09-2017,79.9,80.2,78,78.5,1847590,Tata Power
05-09-2017,79,79,78,78.4,1500822,Tata Power
06-09-2017,78.3,78.7,77.9,78,4084036,Tata Power
07-09-2017,78.2,78.4,77.2,77.4,2557393,Tata Power
08-09-2017,77.6,78.3,76.8,77,1894241,Tata Power
11-09-2017,78,81,77.9,80.6,7804066,Tata Power
12-09-2017,81.2,81.8,80.7,81,5963630,Tata Power
13-09-2017,85,86.7,83.5,84.8,31484628,Tata Power
14-09-2017,85.1,87.3,84.8,85.3,15122422,Tata Power
15-09-2017,85,85,83.8,84.3,6486746,Tata Power
18-09-2017,85,85.3,83.4,83.7,3959456,Tata Power
19-09-2017,83.8,85.7,82.5,84.6,6973722,Tata Power
20-09-2017,86,86.2,83.8,84,6704318,Tata Power
21-09-2017,83.9,84.4,82.9,83.1,3563888,Tata Power
22-09-2017,82.9,82.9,80.1,80.4,3947805,Tata Power
25-09-2017,81.7,82.5,80.4,81.9,9668182,Tata Power
26-09-2017,82.9,82.9,79.7,80,7178936,Tata Power
27-09-2017,80.4,80.5,77.8,78.2,5905731,Tata Power
28-09-2017,78.5,78.8,76.9,77.3,42574215,Tata Power
29-09-2017,78,78.7,77.2,77.8,7966435,Tata Power
03-10-2017,79.2,79.6,77.1,77.4,8461033,Tata Power
04-10-2017,77.5,78.4,77.4,78,4682880,Tata Power
05-10-2017,78.4,79.2,78.3,79,3315187,Tata Power
06-10-2017,79.5,80.9,79.4,80.7,7199557,Tata Power
09-10-2017,80.4,82.1,80.3,81.5,6239160,Tata Power
10-10-2017,81.8,82.1,81.3,81.6,3898379,Tata Power
11-10-2017,81.8,82.6,80.5,81,5318204,Tata Power
12-10-2017,81,82.1,80.5,81.7,4280242,Tata Power
13-10-2017,82.6,82.6,81.4,81.7,2469408,Tata Power
16-10-2017,82,82.3,81.4,82,2578188,Tata Power
17-10-2017,82,82.1,81.5,81.6,3977209,Tata Power
18-10-2017,81.8,82.1,81.1,81.9,3092776,Tata Power
19-10-2017,82.6,82.6,81.1,81.4,536886,Tata Power
23-10-2017,82,82.1,81.2,81.8,1906801,Tata Power
24-10-2017,82,82.5,81.6,82.2,1983329,Tata Power
25-10-2017,82.5,83.8,81.9,82.3,6803458,Tata Power
26-10-2017,82.7,83.3,82,82.2,7214920,Tata Power
27-10-2017,82.5,85.7,82.4,85.1,7554777,Tata Power
30-10-2017,86,87.5,85.4,86,5887950,Tata Power
31-10-2017,86.4,86.4,84.6,84.9,3517881,Tata Power
01-11-2017,85.7,86.2,84.4,85.2,3999344,Tata Power
02-11-2017,85.2,85.7,84.1,84.8,3855149,Tata Power
03-11-2017,86,88.5,83.7,84.5,23606567,Tata Power
06-11-2017,84.5,86.5,83.8,85.5,9048909,Tata Power
07-11-2017,86,86.4,82.5,83.1,8529822,Tata Power
08-11-2017,83.5,84.6,83,83.3,5729398,Tata Power
09-11-2017,83.6,84.4,82.7,83.8,3733865,Tata Power
10-11-2017,83.5,84.3,82.4,83,3201517,Tata Power
13-11-2017,83.2,83.4,81.8,82.2,3917398,Tata Power
14-11-2017,82,83.2,81.7,81.8,5252226,Tata Power
15-11-2017,81.7,82.7,81.7,82.1,4310040,Tata Power
16-11-2017,82.4,85.3,82.4,84.8,9687109,Tata Power
17-11-2017,85.5,90.4,85.4,89,17486215,Tata Power
20-11-2017,89,92.4,89,91.7,22268784,Tata Power
21-11-2017,92.2,94.6,91.7,92.9,17274882,Tata Power
22-11-2017,92.8,93.4,90.5,93.1,10917988,Tata Power
23-11-2017,93.4,95,92.2,93.2,11289675,Tata Power
24-11-2017,93.1,94.4,92.6,93.7,6622336,Tata Power
27-11-2017,93.4,95.8,92.5,95.3,11711838,Tata Power
28-11-2017,95.8,96.9,94.6,95.9,13765563,Tata Power
29-11-2017,95.7,97.1,94.5,95.1,12104211,Tata Power
30-11-2017,94.8,95.8,93.7,94.7,17098296,Tata Power
01-12-2017,94.9,95.6,89.7,90.3,7310376,Tata Power
04-12-2017,91,91.9,89.3,89.9,4903439,Tata Power
05-12-2017,89.8,89.9,88.1,88.9,4046457,Tata Power
06-12-2017,89,90.3,87,87.4,4891755,Tata Power
07-12-2017,87.9,91.2,87.7,90.7,10031260,Tata Power
08-12-2017,91.5,93.9,91.2,91.6,8248218,Tata Power
11-12-2017,92.2,94.1,90.4,93.6,8217955,Tata Power
12-12-2017,92.9,93,90.2,90.6,5463807,Tata Power
13-12-2017,90.6,91.7,89.9,90.3,7782576,Tata Power
14-12-2017,90.5,91,89.4,90.5,9796726,Tata Power
15-12-2017,91.6,92.1,90.7,91.2,4984491,Tata Power
18-12-2017,90,93.1,88.3,91.1,8374309,Tata Power
19-12-2017,91.8,92,90.6,91.1,3616578,Tata Power
20-12-2017,91,91.9,90.6,90.9,4907711,Tata Power
21-12-2017,90.9,91.7,90.6,91,4925527,Tata Power
22-12-2017,91.3,93.9,91,92.8,12421581,Tata Power
26-12-2017,95.9,95.9,92.6,93.2,8476138,Tata Power
27-12-2017,93.5,94.2,91.6,92.3,5456865,Tata Power
28-12-2017,92.7,93.5,91.6,92.1,6436421,Tata Power
29-12-2017,92.8,94.8,92.3,93.5,9494201,Tata Power
01-01-2018,93.8,100,92.4,97.2,33659894,Tata Power
02-01-2018,98.3,100.3,96.2,99.7,29174233,Tata Power
03-01-2018,100.3,101.6,99.6,100.8,23056832,Tata Power
04-01-2018,101,101,99.3,99.6,6688043,Tata Power
05-01-2018,99.8,101.8,99.3,99.6,11646646,Tata Power
08-01-2018,100,100.5,98.9,99.9,5874354,Tata Power
09-01-2018,100.1,101.5,98.3,98.6,8661596,Tata Power
10-01-2018,98.9,99.9,97.1,98.3,5961340,Tata Power
11-01-2018,98.3,100.3,97.8,99.6,7143254,Tata Power
12-01-2018,99.7,101.2,97.5,99.1,8351731,Tata Power
15-01-2018,99.6,99.8,97.7,98,4943917,Tata Power
16-01-2018,98.2,98.5,92.9,93.7,9672170,Tata Power
17-01-2018,93.7,94,91.5,93.2,11511446,Tata Power
18-01-2018,93.9,94.3,90.1,90.6,8188295,Tata Power
19-01-2018,90.7,92.5,90.2,92.2,4545029,Tata Power
22-01-2018,92.6,92.8,91.3,92.1,3904900,Tata Power
23-01-2018,92.3,93.4,91.8,92.5,4928177,Tata Power
24-01-2018,92.3,92.9,90.9,91.8,4353614,Tata Power
25-01-2018,91.9,92.6,89.6,90,10848150,Tata Power
29-01-2018,90.1,91.2,89.5,90.1,4361006,Tata Power
30-01-2018,88.7,91.4,88.2,90.6,6984202,Tata Power
31-01-2018,90.4,91.2,88.6,89,5862598,Tata Power
01-02-2018,89,90.9,87.8,89.7,9055967,Tata Power
02-02-2018,88.4,88.7,84.2,84.8,6950966,Tata Power
05-02-2018,83.4,85.5,82.4,85,5165430,Tata Power
06-02-2018,82,84.2,79.6,82.8,7742393,Tata Power
07-02-2018,84,85.9,83.7,84.7,5612811,Tata Power
08-02-2018,85,86.2,84.7,85.1,3975580,Tata Power
09-02-2018,82.5,86,82.5,85.1,3539836,Tata Power
12-02-2018,85.5,87.4,85.5,86.8,3958245,Tata Power
14-02-2018,87.5,88.9,86.5,87.1,8735379,Tata Power
15-02-2018,88.8,88.8,85.6,86.3,4726842,Tata Power
16-02-2018,86.5,87.4,85.9,86.7,3919700,Tata Power
19-02-2018,86.7,86.9,85,86.1,3506211,Tata Power
20-02-2018,86.1,86.8,85.6,86.4,2973442,Tata Power
21-02-2018,86.5,87.1,84.6,86.4,6105693,Tata Power
22-02-2018,86.2,87.2,83.5,84.9,11344724,Tata Power
23-02-2018,85,86.5,84.5,85.8,6224406,Tata Power
26-02-2018,85.9,87.1,85.6,85.9,5083760,Tata Power
27-02-2018,86.4,86.9,85.3,85.7,3483539,Tata Power
28-02-2018,85.6,85.8,84.3,84.5,3879178,Tata Power
01-03-2018,85,86,84,84.3,6936315,Tata Power
05-03-2018,84.3,84.3,81.4,82.2,5009614,Tata Power
06-03-2018,82.6,83.2,81.1,81.8,4764070,Tata Power
07-03-2018,81.2,81.7,79,79.2,3996821,Tata Power
08-03-2018,78.6,80.4,77,79.9,8699087,Tata Power
09-03-2018,80,81.6,79.8,80,5486959,Tata Power
12-03-2018,80.6,81.1,80,80.9,3328605,Tata Power
13-03-2018,80.8,82.3,80.4,81.4,5000216,Tata Power
14-03-2018,81.3,81.4,79.9,80.4,3251098,Tata Power
15-03-2018,80.6,81.2,80,80.3,3876762,Tata Power
16-03-2018,80.3,80.7,79.7,80,9813941,Tata Power
19-03-2018,80,80.5,78.9,79.6,4114695,Tata Power
20-03-2018,78.8,80.6,78.8,80.4,2206517,Tata Power
21-03-2018,80.4,80.8,79.8,80,5279874,Tata Power
22-03-2018,79.9,80.4,79.8,80,3112967,Tata Power
23-03-2018,78,80.3,78,80,6418882,Tata Power
26-03-2018,81,81.3,78.8,79.9,6556759,Tata Power
27-03-2018,80.5,81.5,79.7,80.1,4073519,Tata Power
28-03-2018,79.8,80.4,78.4,79,10620637,Tata Power
02-04-2018,79,82.2,78.8,81.9,3657360,Tata Power
03-04-2018,81.2,84.6,81.2,84.5,3298435,Tata Power
04-04-2018,84.7,86,82.6,83.1,4973672,Tata Power
05-04-2018,84,84.8,83.3,83.5,2956519,Tata Power
06-04-2018,83.6,85.1,82.6,84.5,4231975,Tata Power
09-04-2018,84.2,85.4,84,85,1829399,Tata Power
10-04-2018,85.3,87.6,84,87.1,8597297,Tata Power
11-04-2018,86.9,88.1,86,87,5792098,Tata Power
12-04-2018,87.1,88.5,86.3,87.9,8423805,Tata Power
13-04-2018,87.8,88.7,87.2,87.7,4719330,Tata Power
16-04-2018,86.9,88.3,85.7,87.8,2340628,Tata Power
17-04-2018,87.9,88.1,87,87.5,3111160,Tata Power
18-04-2018,87.6,88.4,87.1,87.7,3471674,Tata Power
19-04-2018,87.9,88.6,86.5,86.8,7133021,Tata Power
20-04-2018,86.8,86.9,85.5,85.9,4158260,Tata Power
23-04-2018,85.5,86.1,84.6,85.4,4863546,Tata Power
24-04-2018,85.4,86.3,84.6,85.3,5006507,Tata Power
25-04-2018,85.1,87,84.8,86.1,3593228,Tata Power
26-04-2018,86,87.2,84.9,86.1,3632913,Tata Power
27-04-2018,85.9,88.6,85.2,87.8,6838988,Tata Power
30-04-2018,87.9,89.2,87.1,88.3,6431222,Tata Power
02-05-2018,88.8,89.6,86.3,87,5877657,Tata Power
03-05-2018,88,88.8,84.9,86.2,8417244,Tata Power
04-05-2018,86.1,86.6,83.4,85.5,8584365,Tata Power
07-05-2018,84.9,86.2,84.4,85.1,6888782,Tata Power
08-05-2018,85.2,86.2,82.7,84.3,6183895,Tata Power
09-05-2018,84,84.6,82.9,83.4,4556128,Tata Power
10-05-2018,83.4,83.8,80.9,82,5727033,Tata Power
11-05-2018,81.8,82.4,80.8,81.9,4097448,Tata Power
14-05-2018,81.6,82,80.4,81.6,7645061,Tata Power
15-05-2018,81.4,82.1,80.4,81.3,4188197,Tata Power
16-05-2018,80.7,81.5,80.5,81.3,2846781,Tata Power
17-05-2018,81.5,82.5,80.6,81.7,5906232,Tata Power
18-05-2018,81.5,81.5,80.3,80.9,7138023,Tata Power
21-05-2018,80.8,80.8,78.4,78.8,3399879,Tata Power
22-05-2018,79,79.3,77.7,77.9,3793522,Tata Power
23-05-2018,78,78.6,77.1,77.5,2530994,Tata Power
24-05-2018,77.6,77.9,75.3,76.5,5298717,Tata Power
25-05-2018,76.4,81.7,76,81.2,6118812,Tata Power
28-05-2018,81.3,83,80.7,82.3,3655542,Tata Power
29-05-2018,82,84.4,81.6,83.5,7252300,Tata Power
30-05-2018,82.5,84,81.5,82.5,5164168,Tata Power
31-05-2018,82.5,83.2,79.9,81.3,9109367,Tata Power
01-06-2018,80.7,81.3,78.3,79.6,3087156,Tata Power
04-06-2018,79.7,80.1,76.6,77.2,2185214,Tata Power
05-06-2018,77.1,79.3,76.3,78.8,5406955,Tata Power
06-06-2018,78.7,79.7,77.5,78.1,2849279,Tata Power
07-06-2018,78.7,79.9,78.1,78.4,3366418,Tata Power
08-06-2018,79,79,77.7,78,4045326,Tata Power
11-06-2018,78.3,80.4,78.1,78.4,7365983,Tata Power
12-06-2018,79,79.2,77.7,77.8,3505780,Tata Power
13-06-2018,78.2,78.4,76.8,77.1,3049374,Tata Power
14-06-2018,77.2,77.8,76.4,77.3,2956563,Tata Power
15-06-2018,77.4,77.6,75.9,76.1,2703757,Tata Power
18-06-2018,76.1,76.4,74.8,75,1857389,Tata Power
19-06-2018,74.6,74.9,73.1,73.4,3696735,Tata Power
20-06-2018,73.4,74.5,72.8,73.9,3586906,Tata Power
21-06-2018,74.8,75.2,73.9,74.6,2985501,Tata Power
22-06-2018,75.1,76.4,75,76.2,3099772,Tata Power
25-06-2018,76.8,77.3,76,76.4,4466618,Tata Power
26-06-2018,76.6,76.6,75,75.1,2552275,Tata Power
27-06-2018,75,75.3,71.3,71.9,4334784,Tata Power
28-06-2018,71.4,74.9,71,71.7,7471148,Tata Power
29-06-2018,72,73.7,71.8,73.3,3668110,Tata Power
02-07-2018,73.6,73.9,71.9,72.3,2632012,Tata Power
03-07-2018,72.5,73,71.9,72.2,3149476,Tata Power
04-07-2018,72.3,72.6,71.6,72.1,2327587,Tata Power
05-07-2018,72,72.2,71.1,71.3,1328748,Tata Power
06-07-2018,71.2,72.4,71,71.8,1688831,Tata Power
09-07-2018,72,73.8,72,73.2,1713958,Tata Power
10-07-2018,73.8,74.1,72.8,73.1,1897237,Tata Power
11-07-2018,72.6,73.5,71.7,72.2,2829649,Tata Power
12-07-2018,71.4,71.7,69.3,69.5,4361939,Tata Power
13-07-2018,69.7,70.5,69.1,70.2,3113836,Tata Power
16-07-2018,70,70.2,68.7,69,2182138,Tata Power
17-07-2018,68.7,71.3,68.1,70.9,2621707,Tata Power
18-07-2018,70.9,71.8,68.9,70,4730154,Tata Power
19-07-2018,70.2,70.5,67.6,68.2,2671048,Tata Power
20-07-2018,68.2,68.3,67.2,67.9,2467860,Tata Power
23-07-2018,67.9,68.7,66.6,68.1,3592808,Tata Power
24-07-2018,68.2,69,67.3,67.8,8544903,Tata Power
25-07-2018,68.1,69.5,67.5,67.8,2761319,Tata Power
26-07-2018,68,72.5,68,70.9,13063298,Tata Power
27-07-2018,71.1,72.5,70.9,71.9,4748886,Tata Power
30-07-2018,71.9,74.7,70.9,73.9,5228991,Tata Power
31-07-2018,73.8,75,72.6,74.6,3593905,Tata Power
01-08-2018,74.4,74.7,72.7,73.1,1910149,Tata Power
02-08-2018,73,73.1,71.4,72,2722659,Tata Power
03-08-2018,71.9,73.2,71.9,72.4,2275783,Tata Power
06-08-2018,72.6,72.9,71.7,71.9,1936040,Tata Power
07-08-2018,72,72.1,70.1,70.3,2069542,Tata Power
08-08-2018,70.3,70.9,69.1,69.5,2391506,Tata Power
09-08-2018,70,70.4,69.2,69.9,1540636,Tata Power
10-08-2018,69.9,71.2,69,69.4,2354841,Tata Power
13-08-2018,69.2,70.1,68.6,68.8,2145648,Tata Power
14-08-2018,69.1,69.6,68.6,68.8,1529387,Tata Power
16-08-2018,68.6,68.6,67,67.2,3007914,Tata Power
17-08-2018,67.4,69,67.1,68.7,2814891,Tata Power
20-08-2018,68.9,70.4,68.5,70.1,1947407,Tata Power
21-08-2018,69.8,73,69.7,72.3,4051774,Tata Power
23-08-2018,73.4,73.4,71.2,72.1,3874963,Tata Power
24-08-2018,71.8,72.5,70.6,71.8,1880021,Tata Power
27-08-2018,71.8,76.6,71.8,75.6,8322360,Tata Power
28-08-2018,75.4,76.8,73.9,74.9,6849642,Tata Power
29-08-2018,74.5,77.7,74.4,76.9,5498653,Tata Power
30-08-2018,77,77.4,75.7,76.1,3984371,Tata Power
31-08-2018,75.5,77.6,74.4,76.7,8664078,Tata Power
03-09-2018,77,79,76.3,78.2,9367421,Tata Power
04-09-2018,78.9,78.9,72.8,73.4,6421244,Tata Power
05-09-2018,73.5,75.4,72.7,74.9,4558713,Tata Power
06-09-2018,75.4,75.8,73.6,75.1,3305924,Tata Power
07-09-2018,75,76,73.9,75.2,3672000,Tata Power
10-09-2018,75.4,75.8,73.5,73.8,2481496,Tata Power
11-09-2018,74,77,73.9,74.5,9600604,Tata Power
12-09-2018,74.8,75,72.9,74,3114148,Tata Power
14-09-2018,74.2,76.5,74.2,76.2,3673610,Tata Power
17-09-2018,76,78.7,75.1,77.9,4917413,Tata Power
18-09-2018,77.9,79,74.1,74.6,5822581,Tata Power
19-09-2018,75.3,77.4,74.8,75.6,5377830,Tata Power
21-09-2018,75.6,76.5,68.3,72.9,11584620,Tata Power
24-09-2018,72.8,72.9,68.1,69.1,5131356,Tata Power
25-09-2018,69,71.3,68,70.3,6281761,Tata Power
26-09-2018,70.7,71,68.9,70.3,3273684,Tata Power
27-09-2018,70.1,70.7,68.2,68.6,3697390,Tata Power
28-09-2018,69.1,69.4,65.5,65.9,4314947,Tata Power
01-10-2018,66.5,68.4,64.8,68,5836832,Tata Power
03-10-2018,67.7,69.3,66.4,67.5,3650280,Tata Power
04-10-2018,66.9,68,66.1,66.9,2925150,Tata Power
05-10-2018,67.5,67.5,62.3,62.9,3751740,Tata Power
08-10-2018,62.9,65.3,60.4,61.5,4837741,Tata Power
09-10-2018,62,62.4,59.8,61,4969265,Tata Power
10-10-2018,61.3,65.5,61.3,65,5665257,Tata Power
11-10-2018,62.8,63.9,61.6,62.3,5043513,Tata Power
12-10-2018,63.1,72.1,63,68.9,29093448,Tata Power
15-10-2018,70,71.6,68.8,71.3,11621446,Tata Power
16-10-2018,71.6,74.1,70.5,73.8,11095793,Tata Power
17-10-2018,74.3,74.6,71.7,72.6,10862420,Tata Power
19-10-2018,72,72.4,69.3,70.2,4497227,Tata Power
22-10-2018,70.8,71.4,68.8,69.6,7954462,Tata Power
23-10-2018,69.3,69.9,68,69.5,4377235,Tata Power
24-10-2018,69.6,70.9,68.5,69.3,2743564,Tata Power
25-10-2018,68.8,69.9,67.6,69,9727241,Tata Power
26-10-2018,68.9,70.8,68,68.9,5515389,Tata Power
29-10-2018,69.2,86.1,68.4,77.6,44673883,Tata Power
30-10-2018,78.5,80.1,76.7,77.8,17409930,Tata Power
31-10-2018,78.2,79,74.7,76.6,9638641,Tata Power
01-11-2018,76.3,77.7,75.3,76.4,9074632,Tata Power
02-11-2018,77.2,77.4,75.3,76,7177611,Tata Power
05-11-2018,74.9,75.9,73.3,75.3,4561329,Tata Power
06-11-2018,75.5,77.1,75,75.7,4673161,Tata Power
09-11-2018,76.5,77.1,75,75.9,8564873,Tata Power
12-11-2018,75.9,76.4,74.2,74.6,3131624,Tata Power
13-11-2018,74.1,76.5,73.1,76.1,5609725,Tata Power
14-11-2018,76.3,78.8,75.5,78,5642238,Tata Power
15-11-2018,78,78.4,75.9,76.7,3328106,Tata Power
16-11-2018,76.8,77.4,75.1,76.8,4743419,Tata Power
19-11-2018,76.9,77.8,75.8,77.4,5660440,Tata Power
20-11-2018,77.4,78.9,76.4,78.3,10567258,Tata Power
21-11-2018,78.1,79.1,76.8,78.2,4999835,Tata Power
22-11-2018,77.8,78.3,74.5,74.9,4807716,Tata Power
26-11-2018,75.5,76.4,74.5,75.6,4950029,Tata Power
27-11-2018,75.7,76.2,74.5,75.7,4127732,Tata Power
28-11-2018,76.1,76.1,73.9,74.4,3949157,Tata Power
29-11-2018,74.9,75.8,73.4,75.2,14742072,Tata Power
30-11-2018,75.2,76.5,73.8,76.1,8135493,Tata Power
03-12-2018,76.9,83.2,76.8,82.6,29213251,Tata Power
04-12-2018,82.6,83.9,80.7,81.5,9652045,Tata Power
05-12-2018,80.8,81.5,79.9,80.5,4817088,Tata Power
06-12-2018,80.2,80.2,78.8,79.4,4685342,Tata Power
07-12-2018,80,81.2,78.4,79.5,5677506,Tata Power
10-12-2018,78.5,79.3,76.3,77.7,3040723,Tata Power
11-12-2018,76.1,80.2,75.9,79.2,3917069,Tata Power
12-12-2018,79.4,80,77.8,79.1,4227632,Tata Power
13-12-2018,79.3,81.3,77.5,78.7,5535207,Tata Power
14-12-2018,78.8,79.9,78.2,79.3,1828782,Tata Power
17-12-2018,79.6,80.9,77.4,77.9,3358110,Tata Power
18-12-2018,77.8,79,77.5,78.7,3915779,Tata Power
19-12-2018,78.8,80.3,78.6,79.5,3721346,Tata Power
20-12-2018,76.1,80.9,76.1,80.3,9768078,Tata Power
21-12-2018,80.5,80.7,76.1,76.5,7243377,Tata Power
24-12-2018,76.8,78.7,76.1,76.8,5132728,Tata Power
26-12-2018,76.6,76.7,74.9,76,4017872,Tata Power
27-12-2018,76.7,77.7,75.5,77,12997320,Tata Power
28-12-2018,77.2,77.9,76.8,77.1,3477676,Tata Power
31-12-2018,77.4,78,76.1,76.8,3602334,Tata Power
01-01-2019,77,77.3,76.3,76.7,2153622,Tata Power
02-01-2019,76.8,77,74.4,74.9,2504768,Tata Power
03-01-2019,76,76.3,73.9,74.2,4583837,Tata Power
04-01-2019,74.3,75.6,73.7,75.1,3170169,Tata Power
07-01-2019,75.5,75.8,74.3,74.7,1691362,Tata Power
08-01-2019,74.8,75.5,74.6,75,1684121,Tata Power
09-01-2019,75.1,75.5,73.9,74.4,2006348,Tata Power
10-01-2019,74.3,75.1,73.9,74.9,1704653,Tata Power
11-01-2019,75.1,75.3,73.8,75,3214817,Tata Power
14-01-2019,75,75,73.7,74.3,3702534,Tata Power
15-01-2019,74.5,75.3,74.2,75.1,3099444,Tata Power
16-01-2019,75,77,74.5,76.5,4222858,Tata Power
17-01-2019,76.4,77,75,76,4496763,Tata Power
18-01-2019,76,76.5,75.2,76,4009644,Tata Power
21-01-2019,76,77.2,75.5,76,5188679,Tata Power
22-01-2019,75.9,77.5,74.9,76.4,4074882,Tata Power
23-01-2019,77,78,74.9,75.2,5394325,Tata Power
24-01-2019,75.3,75.8,74.3,74.6,3700318,Tata Power
25-01-2019,74.7,75.3,73.5,74,3724093,Tata Power
28-01-2019,74,74,69.7,71,5766908,Tata Power
29-01-2019,68.5,72.4,68.5,71.1,12562431,Tata Power
30-01-2019,71.2,71.5,67.9,68.2,4846733,Tata Power
31-01-2019,68.5,72,67.9,71.3,7442257,Tata Power
01-02-2019,71.5,72.3,70.3,71.5,3343602,Tata Power
04-02-2019,71,71.2,69.6,70.6,3028680,Tata Power
05-02-2019,70.3,71.8,69.3,69.9,2916745,Tata Power
06-02-2019,69.8,70.9,68.4,70.4,3066537,Tata Power
07-02-2019,70.4,71.4,69.2,69.6,3536220,Tata Power
08-02-2019,69.1,70.4,68.1,68.8,2124482,Tata Power
11-02-2019,68.5,68.5,65.2,65.6,7041255,Tata Power
12-02-2019,65.7,67.3,65.5,66.3,4213698,Tata Power
13-02-2019,66.5,68.2,64.6,65.3,4469396,Tata Power
14-02-2019,65.8,67.9,65.1,67.6,6828282,Tata Power
15-02-2019,67.3,70.2,66.5,69.2,11110591,Tata Power
19-02-2019,65.9,67.2,65.7,65.9,2892850,Tata Power
20-02-2019,66.5,68,65.8,66.9,5950455,Tata Power
21-02-2019,67.7,68.2,66.9,67.5,3283026,Tata Power
22-02-2019,67.5,68,66.8,67.1,3078805,Tata Power
25-02-2019,67.1,67.5,66.4,66.6,3161336,Tata Power
26-02-2019,66.3,67.2,64.1,66.2,10552247,Tata Power
27-02-2019,66.6,68,65.2,65.5,4724311,Tata Power
28-02-2019,65.9,66.3,65.1,65.5,9665743,Tata Power
01-03-2019,66,67.8,65.6,67.1,11001198,Tata Power
05-03-2019,67.9,69.7,67.2,69.2,13327374,Tata Power
06-03-2019,70,72.2,69.2,71.3,11046556,Tata Power
07-03-2019,73,74,70.4,70.6,12534795,Tata Power
08-03-2019,70.5,70.8,68.9,70,6200799,Tata Power
11-03-2019,71.2,72.1,70.3,71.7,5319324,Tata Power
12-03-2019,72.1,74,72,73.4,8901828,Tata Power
13-03-2019,73,74.5,72.2,73.8,7408808,Tata Power
14-03-2019,74.2,74.2,72.8,73.1,3962991,Tata Power
15-03-2019,73,74.8,72.8,73.8,7751928,Tata Power
18-03-2019,74.1,74.7,72.7,73.1,5296795,Tata Power
19-03-2019,73.5,74.3,72.7,73,5567624,Tata Power
20-03-2019,73.2,73.9,71.7,72.1,5050030,Tata Power
22-03-2019,73,73.8,72,72.6,3913385,Tata Power
25-03-2019,72.5,73.2,70.6,71.9,4332510,Tata Power
26-03-2019,72.5,73,70.9,71.3,3789439,Tata Power
27-03-2019,71.5,72.9,71.1,71.4,4812399,Tata Power
28-03-2019,71.9,72.7,71.1,71.6,9265724,Tata Power
29-03-2019,72.4,74.6,72,73.8,9504154,Tata Power
01-04-2019,74.2,76,73.7,74.4,7267624,Tata Power
02-04-2019,75.5,77,73.1,74.1,12971969,Tata Power
03-04-2019,74.6,74.6,71.1,71.5,6417056,Tata Power
04-04-2019,71.5,72.4,70.3,70.8,6416069,Tata Power
05-04-2019,71,72.7,70.5,72,7793935,Tata Power
08-04-2019,73,73.6,70.8,71.9,8540124,Tata Power
09-04-2019,71.9,73,70.8,72.6,7591689,Tata Power
10-04-2019,72.6,73.2,70.6,70.9,6360330,Tata Power
11-04-2019,71.4,73.2,70.6,72.7,9396530,Tata Power
12-04-2019,73.1,74.6,71.9,73.3,11615133,Tata Power
15-04-2019,73,73.2,71.2,71.4,11147566,Tata Power
16-04-2019,71.8,72,71.1,71.5,8590291,Tata Power
18-04-2019,71.8,71.8,70,70.6,7272249,Tata Power
22-04-2019,70,70.2,69,69.2,7738634,Tata Power
23-04-2019,69.5,69.7,68.1,68.3,4138151,Tata Power
24-04-2019,68.4,68.5,67.5,67.8,7350305,Tata Power
25-04-2019,68,69.6,67.4,67.7,6836123,Tata Power
26-04-2019,68.1,68.2,67.2,67.9,4838776,Tata Power
30-04-2019,67.9,68.1,66.6,67.8,5128196,Tata Power
02-05-2019,67.6,68.2,66.3,66.6,8983855,Tata Power
03-05-2019,65.6,68.2,65.4,67,10461436,Tata Power
06-05-2019,66.7,67,65.6,65.9,3484887,Tata Power
07-05-2019,66.5,66.5,64.1,64.4,6153618,Tata Power
08-05-2019,64,64.8,63.2,64.5,6615929,Tata Power
09-05-2019,64.1,65,63.9,64.4,5987301,Tata Power
10-05-2019,64.4,65.3,63.6,63.8,5801249,Tata Power
13-05-2019,63.8,64.3,61.8,62.6,5045201,Tata Power
14-05-2019,62,63.9,61.5,63.2,5023042,Tata Power
15-05-2019,63.4,63.6,61,61.4,3881241,Tata Power
16-05-2019,61.6,61.9,60.9,61.4,4252067,Tata Power
17-05-2019,61.4,61.9,60.9,61.4,3714715,Tata Power
20-05-2019,63.4,67.9,63.3,65.8,12597503,Tata Power
21-05-2019,66.4,66.4,63.6,64.4,5274759,Tata Power
22-05-2019,64.5,65.1,64.1,64.8,10055230,Tata Power
23-05-2019,66,67.5,64.3,64.6,8012364,Tata Power
24-05-2019,65,68,64.8,67.7,7448138,Tata Power
27-05-2019,67.5,71,67.1,70.8,7770706,Tata Power
28-05-2019,71.5,71.5,70,70.6,10842080,Tata Power
29-05-2019,70.5,70.7,68.2,68.7,4104774,Tata Power
30-05-2019,68,71,67.8,70.5,4710748,Tata Power
31-05-2019,70.5,70.6,68,68.8,7040284,Tata Power
03-06-2019,69,69.3,67.8,68.4,4792922,Tata Power
04-06-2019,67.5,68,66.5,66.7,4864404,Tata Power
06-06-2019,66.8,67,64.7,65.1,4982307,Tata Power
07-06-2019,65,66.6,64.1,66.3,4984037,Tata Power
10-06-2019,66.7,67.3,66,66.6,4586585,Tata Power
11-06-2019,66.5,67.2,66.1,66.4,2979053,Tata Power
12-06-2019,66.6,67.8,65.9,66.3,4196963,Tata Power
13-06-2019,66.1,66.4,65.1,65.9,10026686,Tata Power
14-06-2019,66,67,64.9,65.2,7474667,Tata Power
17-06-2019,65.6,65.6,63.6,64.5,6489309,Tata Power
18-06-2019,64.3,65.1,63.9,64.3,2523540,Tata Power
19-06-2019,65.2,65.4,63.2,63.5,6911446,Tata Power
20-06-2019,63.5,64.9,63,64.6,3388105,Tata Power
21-06-2019,64.6,65.5,64.1,65.3,7069181,Tata Power
24-06-2019,65,65.7,64.5,65.1,3456625,Tata Power
25-06-2019,65,67.6,64.8,66.3,8164192,Tata Power
26-06-2019,67,69.5,66.7,68.6,7878180,Tata Power
27-06-2019,68.6,69.3,68.4,68.7,3985838,Tata Power
28-06-2019,68.9,70.2,68.1,69,6407062,Tata Power
01-07-2019,69.4,71,68.2,70.7,6683580,Tata Power
02-07-2019,71.1,73.4,70.2,73.1,20164926,Tata Power
03-07-2019,73.4,74.2,71.5,73.9,13757355,Tata Power
04-07-2019,73.5,74.1,71.8,72.2,4570483,Tata Power
05-07-2019,72.2,72.5,70.2,70.6,4542388,Tata Power
08-07-2019,70.2,70.4,67.4,68.6,5025170,Tata Power
09-07-2019,68.2,69.1,67.9,68.5,4835452,Tata Power
10-07-2019,69,69.1,66.1,66.4,6342661,Tata Power
11-07-2019,67,67.8,66.7,67.4,3017441,Tata Power
12-07-2019,67.7,69.1,67.2,68.2,5451127,Tata Power
15-07-2019,68.6,69.2,67,68.6,5917414,Tata Power
16-07-2019,68.6,69.4,67.6,68,4176351,Tata Power
17-07-2019,68.1,69.7,68,69.1,5283091,Tata Power
18-07-2019,69.7,70,66.1,66.4,6841872,Tata Power
19-07-2019,66.4,67.3,65.2,66.6,6236877,Tata Power
22-07-2019,66.7,67.3,65.5,67.1,3031714,Tata Power
23-07-2019,67.2,68,66.1,66.3,4302826,Tata Power
24-07-2019,66.4,66.6,63,63.9,12131637,Tata Power
25-07-2019,64,64.3,61.3,61.6,10579797,Tata Power
26-07-2019,61.3,63.2,61,62.3,5026025,Tata Power
29-07-2019,62.4,63.3,61.2,61.4,8028637,Tata Power
30-07-2019,62,62,58.4,58.9,8542201,Tata Power
31-07-2019,58.9,60.8,57.9,60.6,8823980,Tata Power
01-08-2019,60.3,60.9,58.5,59.8,6467008,Tata Power
02-08-2019,58.9,60.5,57.8,59.2,9264426,Tata Power
05-08-2019,58.5,59,57.4,57.9,4471359,Tata Power
06-08-2019,58.1,60,58.1,59.3,5274512,Tata Power
07-08-2019,59.4,60.2,58.7,59.1,5497938,Tata Power
08-08-2019,59.2,59.5,57.2,57.8,16880937,Tata Power
09-08-2019,58.2,59.7,56.8,57.5,12338857,Tata Power
13-08-2019,58,58,55.4,55.8,9698903,Tata Power
14-08-2019,56.3,56.4,54.7,55.5,7587853,Tata Power
16-08-2019,55.6,56.4,54.1,56.1,5629413,Tata Power
19-08-2019,56.2,58.1,56.2,57.3,5798705,Tata Power
20-08-2019,57.3,57.5,54.1,56,8336718,Tata Power
21-08-2019,56,56,50.4,51.1,20675582,Tata Power
22-08-2019,51.4,55.8,51,53.4,20698816,Tata Power
23-08-2019,53.5,55.8,52.2,54.5,11745308,Tata Power
26-08-2019,54.9,56.5,53.9,56,7338648,Tata Power
27-08-2019,56.1,56.7,55.1,55.4,11904371,Tata Power
28-08-2019,55.4,55.9,53.8,55.5,7447749,Tata Power
29-08-2019,54.9,56,54.4,55.5,7509337,Tata Power
30-08-2019,55.5,57,55,56.8,8245510,Tata Power
03-09-2019,55.1,56.2,53.7,53.9,7278914,Tata Power
04-09-2019,53.9,54.6,53,54.1,7314423,Tata Power
05-09-2019,54.1,55.7,53.9,55.3,5761504,Tata Power
06-09-2019,56,59.3,55.2,58.2,10295942,Tata Power
09-09-2019,58.9,61.8,57.8,60.4,13876046,Tata Power
11-09-2019,59,61.7,59,61.2,9565117,Tata Power
12-09-2019,62,65.1,61.7,63.9,33622571,Tata Power
13-09-2019,64.3,64.8,62.5,64.3,10918356,Tata Power
16-09-2019,63.8,64.5,63.2,64.4,10435287,Tata Power
17-09-2019,64.6,64.7,63.5,64,12557507,Tata Power
18-09-2019,64.1,64.5,63.1,64.1,10420154,Tata Power
19-09-2019,64.1,65.1,63.6,64.8,18037975,Tata Power
20-09-2019,65.2,68.5,64.1,67.1,18160706,Tata Power
23-09-2019,67.8,68.9,65.7,67.2,13710399,Tata Power
24-09-2019,67.7,68,65.4,66.4,7243291,Tata Power
25-09-2019,65.4,66,62.9,63.8,16576534,Tata Power
26-09-2019,64.1,64.3,62.8,63.7,10135989,Tata Power
27-09-2019,63.7,64,61.9,62.1,5874118,Tata Power
30-09-2019,62.5,62.8,61,62.5,7001421,Tata Power
01-10-2019,62.5,62.9,58.8,59.4,9081992,Tata Power
03-10-2019,59,59.8,58.6,59.4,5139225,Tata Power
04-10-2019,59.8,60,57.8,58,4218735,Tata Power
07-10-2019,58.3,59,56.8,58.2,8486582,Tata Power
09-10-2019,58.5,61.8,58.1,61.5,12749464,Tata Power
10-10-2019,61.1,62.1,60.4,61.6,7059183,Tata Power
11-10-2019,62,62,60.7,61.1,6976429,Tata Power
14-10-2019,60.8,61.6,59.6,59.8,4814837,Tata Power
15-10-2019,60,60.3,59.2,59.8,4933745,Tata Power
16-10-2019,60,60.1,57.8,58.1,7716452,Tata Power
17-10-2019,58.2,60.2,57.6,59.9,11906599,Tata Power
18-10-2019,60,60.5,59.2,60,10786215,Tata Power
22-10-2019,59.9,60.7,58.9,59.2,8748155,Tata Power
23-10-2019,59.6,62.3,59.3,61.1,9254939,Tata Power
24-10-2019,61.5,61.5,58.5,59.2,5162218,Tata Power
25-10-2019,59.7,59.7,57.3,57.6,4657499,Tata Power
27-10-2019,58.5,58.6,57.7,58.3,674171,Tata Power
29-10-2019,58.5,59.3,57.9,58.5,14361888,Tata Power
30-10-2019,58.7,59,58.3,58.6,4477801,Tata Power
31-10-2019,58.9,59.7,58.4,59.3,8154223,Tata Power
01-11-2019,59.6,60.3,59.2,59.5,6997405,Tata Power
04-11-2019,59.8,60.8,59.2,59.7,9648773,Tata Power
05-11-2019,60.1,60.2,58.5,58.7,5308306,Tata Power
06-11-2019,58.7,59.3,57.9,58.9,8233444,Tata Power
07-11-2019,59.4,59.4,57.5,58.8,9181608,Tata Power
08-11-2019,59.6,60.4,58.7,59.6,25224076,Tata Power
11-11-2019,60.8,60.8,56.6,57.5,24360351,Tata Power
13-11-2019,57.9,58,55.1,55.4,10060059,Tata Power
14-11-2019,55.3,56,54.4,54.7,6076033,Tata Power
15-11-2019,55,55.5,54.2,54.5,5676494,Tata Power
18-11-2019,54.5,56.6,54.5,56,7099868,Tata Power
19-11-2019,56,56.3,55.4,55.8,3922027,Tata Power
20-11-2019,55.7,55.9,55.1,55.4,4758920,Tata Power
21-11-2019,55.4,56.2,54.6,54.9,7025549,Tata Power
22-11-2019,55.2,55.8,54.7,55.2,8206981,Tata Power
25-11-2019,55.2,56.1,55.2,56,5254263,Tata Power
26-11-2019,56.3,57.1,55.4,56.7,13251685,Tata Power
27-11-2019,57,57.5,56.6,56.8,6969108,Tata Power
28-11-2019,56.6,56.8,55.7,56.5,12572613,Tata Power
29-11-2019,56.8,59,56.6,57.4,13401893,Tata Power
02-12-2019,57.4,57.4,55.6,56.5,12052254,Tata Power
03-12-2019,56.5,56.5,55,55.5,5536309,Tata Power
04-12-2019,55,56.2,54.9,55.9,3605231,Tata Power
05-12-2019,56.2,56.2,55.3,55.8,7119298,Tata Power
06-12-2019,57.4,57.4,53.2,53.5,14587403,Tata Power
09-12-2019,53.5,54.7,52.3,52.5,8338162,Tata Power
10-12-2019,52.7,53.8,51.1,51.4,18892627,Tata Power
11-12-2019,51.2,53.1,51.2,52.8,7113895,Tata Power
12-12-2019,52.7,53.8,52.6,53.4,5730574,Tata Power
13-12-2019,53.6,54.6,52.9,54,13996578,Tata Power
16-12-2019,54.2,55.6,54.1,55,13368024,Tata Power
17-12-2019,55,56.2,54.7,56.1,7255855,Tata Power
18-12-2019,56.3,56.3,54.8,55.5,5634510,Tata Power
19-12-2019,55,56.1,54.6,55.7,6911871,Tata Power
20-12-2019,55.7,56.1,55.3,55.5,5836678,Tata Power
23-12-2019,55,56,55,55.8,6340544,Tata Power
24-12-2019,56.5,56.7,55.8,56.1,7649247,Tata Power
26-12-2019,56,56.6,55,55.2,4026238,Tata Power
27-12-2019,55.3,56.3,55.3,56.1,2983035,Tata Power
30-12-2019,55.9,56.7,55.7,56.5,3198070,Tata Power
31-12-2019,56.5,56.9,56.3,56.5,3504310,Tata Power
01-01-2020,56.8,57.9,56.7,57.6,3878107,Tata Power
02-01-2020,57.9,58.2,56.8,58,12142359,Tata Power
03-01-2020,58,58.6,57.3,57.8,9746134,Tata Power
06-01-2020,57.1,57.5,56,56.8,3833784,Tata Power
07-01-2020,57.1,57.6,56.1,56.6,3974582,Tata Power
08-01-2020,56,56.8,55.7,56.3,3078686,Tata Power
09-01-2020,56.6,58.2,56.6,57.8,6282472,Tata Power
10-01-2020,57.8,59.5,57.4,59,10571670,Tata Power
13-01-2020,59.2,59.9,58.9,59.4,5570014,Tata Power
14-01-2020,59.5,60.4,59.2,60.2,5841008,Tata Power
15-01-2020,60.3,61.1,59.9,60.9,5808570,Tata Power
16-01-2020,61.1,61.4,60.4,61,14551255,Tata Power
17-01-2020,61.1,62.1,60.8,61.6,6414265,Tata Power
20-01-2020,61.6,61.7,59.9,60.3,8384043,Tata Power
21-01-2020,59.6,60.3,59.4,59.6,6250007,Tata Power
22-01-2020,59.9,60,58.9,59.2,8871316,Tata Power
23-01-2020,59,60.3,58.9,60.2,8476777,Tata Power
24-01-2020,60,62,59.8,61.2,6085340,Tata Power
27-01-2020,60.8,62,60.4,60.7,7343803,Tata Power
28-01-2020,60.7,61.8,60.3,60.8,7799785,Tata Power
29-01-2020,61.4,62,60.4,60.9,5292349,Tata Power
30-01-2020,60.7,61.6,59,60.3,15197956,Tata Power
31-01-2020,60.5,60.6,57.6,58.1,7977888,Tata Power
01-02-2020,57.8,58.4,54.8,55.1,6906803,Tata Power
03-02-2020,55.1,56.4,54.7,54.9,5011428,Tata Power
04-02-2020,55.3,56.8,54.6,56.4,8418747,Tata Power
05-02-2020,56.9,57.4,56.2,57.2,4115182,Tata Power
06-02-2020,57.1,58.2,56.9,57.7,3658979,Tata Power
07-02-2020,57.4,58.2,57.4,58,3340932,Tata Power
10-02-2020,57.7,58.2,56,57,3640927,Tata Power
11-02-2020,57,57.9,56.9,57.7,3188511,Tata Power
12-02-2020,57.8,58.3,55.8,56,4132841,Tata Power
13-02-2020,55.9,56,54.8,55.3,6687073,Tata Power
14-02-2020,55.3,55.6,53.6,53.8,7158438,Tata Power
17-02-2020,53.9,54,51.5,51.8,5167878,Tata Power
18-02-2020,51.8,52,50.6,51.6,5096324,Tata Power
19-02-2020,52,52.4,50.8,51.4,7216081,Tata Power
20-02-2020,51.9,52.7,50.9,51.6,22312622,Tata Power
24-02-2020,51.5,52.7,50.9,51.9,8835835,Tata Power
25-02-2020,52.2,53,51.6,51.7,7099808,Tata Power
26-02-2020,51.1,51.2,48.8,49.4,22209900,Tata Power
27-02-2020,49.5,49.7,47.5,49.3,18385687,Tata Power
28-02-2020,47.7,48.6,46.1,46.7,24044762,Tata Power
02-03-2020,47.1,47.8,43.3,43.8,17866454,Tata Power
03-03-2020,44.4,45.1,43.4,44.4,11775256,Tata Power
04-03-2020,44.1,45.3,43.4,44.8,8268039,Tata Power
05-03-2020,44.5,45.8,43.9,44.3,11568670,Tata Power
06-03-2020,43.3,44.2,41.5,43.1,8034080,Tata Power
09-03-2020,42.1,42.3,38.4,39.8,12060078,Tata Power
11-03-2020,39.4,40.1,37.8,37.9,13031474,Tata Power
12-03-2020,36,41.4,33.9,40.4,41975166,Tata Power
13-03-2020,37.9,42.8,34.6,42.2,36149619,Tata Power
16-03-2020,40.8,41.5,39.7,40.5,11112173,Tata Power
17-03-2020,40.5,42.6,38.5,39,9356850,Tata Power
18-03-2020,39.6,40,34.7,35.1,12715433,Tata Power
19-03-2020,33.2,36.7,32.8,34.2,11398319,Tata Power
20-03-2020,34.4,37.5,34,36.7,12777728,Tata Power
23-03-2020,34.4,35,31.2,32.9,7632572,Tata Power
24-03-2020,33.2,35,31.2,34.4,11652363,Tata Power
25-03-2020,34.3,35.7,34,35,5874352,Tata Power
26-03-2020,35.4,35.8,33.5,35.2,11152318,Tata Power
27-03-2020,35.9,36.9,33.3,34,9984777,Tata Power
30-03-2020,34,34,32.1,32.3,9090303,Tata Power
31-03-2020,32.8,33.6,32.5,32.9,7034291,Tata Power
01-04-2020,32.3,32.8,31.4,31.6,5645202,Tata Power
03-04-2020,31.8,31.9,30,30.2,10639666,Tata Power
07-04-2020,31.8,34.3,30.8,33.7,12216411,Tata Power
08-04-2020,33.7,36.5,33,35.7,13337228,Tata Power
09-04-2020,36.3,37,35.6,36.5,6744006,Tata Power
13-04-2020,36.7,36.9,35,35.9,4971865,Tata Power
15-04-2020,36.6,37.5,34.6,35.1,8243453,Tata Power
16-04-2020,35.1,35.5,34.5,34.7,9452841,Tata Power
17-04-2020,35.6,36.3,34.1,34.4,11838672,Tata Power
20-04-2020,34.7,34.7,33.2,33.6,24635627,Tata Power
21-04-2020,32.9,33.2,32.2,32.5,11655142,Tata Power
22-04-2020,32.4,33.3,31.7,32.4,11600504,Tata Power
23-04-2020,32.6,33.4,32.4,32.7,8034445,Tata Power
24-04-2020,32.6,32.6,30.8,31.1,13996811,Tata Power
27-04-2020,31.5,32,30.8,31.1,10333718,Tata Power
28-04-2020,31.4,31.5,30.5,30.7,10619659,Tata Power
29-04-2020,31.1,31.5,31,31.1,14336257,Tata Power
30-04-2020,31.4,32.2,31.1,31.7,32596006,Tata Power
04-05-2020,31.5,31.5,30,30.1,15845975,Tata Power
05-05-2020,30.9,31.5,30.4,30.5,11704376,Tata Power
06-05-2020,30.8,30.8,28.9,29,31848714,Tata Power
07-05-2020,29.1,29.5,28.8,29,13470623,Tata Power
08-05-2020,29.8,29.8,27.7,28.5,20381903,Tata Power
11-05-2020,29,29,27.2,27.3,36503825,Tata Power
12-05-2020,27.3,28.6,27,28.4,27227530,Tata Power
13-05-2020,30,31,28.9,30.3,53614387,Tata Power
14-05-2020,31,33.2,30.5,30.9,69089728,Tata Power
15-05-2020,31,31.8,29.8,31.4,36970466,Tata Power
18-05-2020,32,32.1,30.3,31.3,33654822,Tata Power
19-05-2020,31.5,32.9,30.6,32.5,37941203,Tata Power
20-05-2020,34.2,34.6,32.8,33.3,91642346,Tata Power
21-05-2020,33.7,33.9,32.6,32.9,35029406,Tata Power
22-05-2020,32.5,34.1,31.9,33.8,40499126,Tata Power
26-05-2020,33.8,36,33.6,35.8,51053714,Tata Power
27-05-2020,36,36.5,35.4,35.8,41541631,Tata Power
28-05-2020,36,37.5,35.9,36.9,45715750,Tata Power
29-05-2020,36.2,37.2,35.6,36.6,149707993,Tata Power
01-06-2020,37.6,40.1,37.2,39.5,64630599,Tata Power
02-06-2020,41.5,43,40.6,42.6,75509875,Tata Power
03-06-2020,43.4,43.8,41.1,41.7,70318245,Tata Power
04-06-2020,41.1,43.2,40.3,42.5,81868961,Tata Power
05-06-2020,44,44.4,42.8,43.9,55225627,Tata Power
08-06-2020,44.9,44.9,42.3,42.7,42629869,Tata Power
09-06-2020,43,43.7,42.2,42.8,34471526,Tata Power
10-06-2020,42.8,43.6,42.5,42.8,19799689,Tata Power
11-06-2020,42.8,42.8,41,41.2,23571592,Tata Power
12-06-2020,38,42.2,37.8,41.7,43585696,Tata Power
15-06-2020,41.7,43,41.6,42.4,32174680,Tata Power
16-06-2020,43.5,43.5,40.2,41.1,33915142,Tata Power
17-06-2020,40.9,42.2,40.2,41.3,30297033,Tata Power
18-06-2020,41.1,43.4,41.1,43,29310786,Tata Power
19-06-2020,43.5,44,42.8,43.2,28219725,Tata Power
22-06-2020,43.7,43.9,43,43.7,21166732,Tata Power
23-06-2020,43.7,45,42.9,44.5,36866233,Tata Power
24-06-2020,44.4,44.7,42.7,43.3,40592891,Tata Power
25-06-2020,43.2,44.6,43.1,44,35940234,Tata Power
26-06-2020,44.5,47.4,44.3,46.4,46056290,Tata Power
29-06-2020,46.5,47.3,44.5,44.9,29330081,Tata Power
30-06-2020,45.7,45.9,44.1,44.9,26717577,Tata Power
01-07-2020,45,46.7,44.1,46.1,28894350,Tata Power
02-07-2020,46.7,50.7,45.8,49.8,112208004,Tata Power
03-07-2020,50.5,51.2,49.4,49.9,62702080,Tata Power
06-07-2020,50.7,50.9,49.9,50.4,33196343,Tata Power
07-07-2020,50.4,51.2,50,50.9,25556074,Tata Power
08-07-2020,50.9,52.7,50.7,52.2,41927852,Tata Power
09-07-2020,52.5,53.2,52.1,52.5,26307686,Tata Power
10-07-2020,50.6,52.5,49.7,50.3,53816347,Tata Power
13-07-2020,50.9,51.1,49.2,49.7,23184293,Tata Power
14-07-2020,49.1,49.1,46.9,48.2,29076742,Tata Power
15-07-2020,48.5,49,46.8,47.2,18653252,Tata Power
16-07-2020,47,47.7,46,46.7,17980352,Tata Power
17-07-2020,47.2,49.6,47.2,49.3,31130318,Tata Power
20-07-2020,50,50,48.8,49.1,16779115,Tata Power
21-07-2020,49.5,49.5,48.6,48.9,11941141,Tata Power
22-07-2020,48.7,51.5,48.6,50.1,30638770,Tata Power
23-07-2020,50,50.4,49.6,50,18215827,Tata Power
24-07-2020,50,50.4,48.7,48.9,15734708,Tata Power
27-07-2020,48.8,50.4,47.7,49.5,26232321,Tata Power
28-07-2020,49.7,50.4,48.6,49.2,19972798,Tata Power
29-07-2020,49.3,50.4,49.2,49.8,18449635,Tata Power
30-07-2020,49.8,50.3,47.6,48,23602346,Tata Power
31-07-2020,48.1,49,47.5,48.7,19705075,Tata Power
03-08-2020,48.8,49.5,48.4,48.8,10560743,Tata Power
04-08-2020,49.2,50.5,49.1,49.7,25280807,Tata Power
05-08-2020,50,50,48.7,49,14901694,Tata Power
06-08-2020,49,50.1,48.5,49.4,22695057,Tata Power
07-08-2020,49.4,50.6,49.1,49.7,20080105,Tata Power
10-08-2020,49.8,51.9,49.8,51.5,27048832,Tata Power
11-08-2020,52,52.6,51.1,51.9,20281306,Tata Power
12-08-2020,51.9,53.6,51.2,53,26298223,Tata Power
13-08-2020,55,57.9,52.6,56.1,112756517,Tata Power
14-08-2020,56.5,57.2,54.5,55,39662265,Tata Power
17-08-2020,55.5,56.4,54.9,56.1,22575130,Tata Power
18-08-2020,56.2,56.4,55,55.7,24508248,Tata Power
19-08-2020,56,58.3,55.8,56.7,48760696,Tata Power
20-08-2020,56.2,62.3,56,61.4,117119754,Tata Power
21-08-2020,62.5,63.4,61.7,62,64263209,Tata Power
24-08-2020,62.4,62.7,60.2,60.9,36278775,Tata Power
25-08-2020,61,61.7,59.1,60,45588317,Tata Power
26-08-2020,60.3,63.3,60,62.7,73744794,Tata Power
27-08-2020,63.1,63.3,61.4,61.6,28622828,Tata Power
28-08-2020,62.1,62.3,60.3,61.2,21775730,Tata Power
31-08-2020,61.4,61.8,57.9,58.8,36840665,Tata Power
01-09-2020,59.6,60.5,58.2,59.5,43683296,Tata Power
02-09-2020,59.7,61.4,58.9,61,25824346,Tata Power
03-09-2020,61,61.6,59.9,60.7,23071949,Tata Power
04-09-2020,60,60.3,58.2,58.9,20140042,Tata Power
07-09-2020,59,59.4,56.1,57.4,26138663,Tata Power
08-09-2020,57.7,58.2,54.7,55.2,24214285,Tata Power
09-09-2020,54.1,56.2,52.5,55.7,36318229,Tata Power
10-09-2020,56.5,57.2,54.7,55.5,30551390,Tata Power
11-09-2020,55,57.2,54.8,56.7,22160895,Tata Power
14-09-2020,56.9,58.4,56.5,57.1,22921766,Tata Power
15-09-2020,57.5,58.8,57.1,57.8,18732445,Tata Power
16-09-2020,58.1,58.3,56.6,56.8,18217195,Tata Power
17-09-2020,57.4,58.2,56.4,56.8,27360433,Tata Power
18-09-2020,57.1,57.4,55.8,56.2,15697139,Tata Power
21-09-2020,56.1,56.2,52.5,53,27254314,Tata Power
22-09-2020,53,53.6,50.4,51.5,34523774,Tata Power
23-09-2020,52.3,54.2,51.4,53.5,24481354,Tata Power
24-09-2020,52.6,53,50.1,50.5,21626315,Tata Power
25-09-2020,51.1,53.4,50.7,53.1,24166175,Tata Power
28-09-2020,53.6,54.6,53.4,54.2,16190640,Tata Power
29-09-2020,54.5,54.7,53.3,54,18384412,Tata Power
30-09-2020,53.8,54,53,53.3,10804820,Tata Power
01-10-2020,53.5,54.7,53.5,54.5,13913795,Tata Power
05-10-2020,54.5,55.2,53.6,53.9,13583076,Tata Power
06-10-2020,54.1,54.8,53.8,54.6,10850472,Tata Power
07-10-2020,54.7,56.9,54.4,56.2,25064887,Tata Power
08-10-2020,56.1,56.5,53.8,55,16737370,Tata Power
09-10-2020,55,55.5,54.2,54.5,10432265,Tata Power
12-10-2020,54.5,55.1,52.6,52.9,12879707,Tata Power
13-10-2020,52.8,55.1,52.6,54.1,18622520,Tata Power
14-10-2020,53.9,54,52.3,53,15451785,Tata Power
15-10-2020,53.1,54.8,52.7,52.9,23963776,Tata Power
16-10-2020,53.6,54.6,52.3,54.2,24637365,Tata Power
19-10-2020,54.4,55.6,53.9,55.2,18875642,Tata Power
20-10-2020,55,56.2,54.6,54.8,17720582,Tata Power
21-10-2020,54.9,55.4,53.2,54,17054867,Tata Power
22-10-2020,53.9,55.6,53.5,55.1,15185287,Tata Power
23-10-2020,55.1,55.7,54.7,55.3,13365977,Tata Power
26-10-2020,55.7,55.7,53,53.9,20120600,Tata Power
27-10-2020,54.5,54.5,53,53.8,13240998,Tata Power
28-10-2020,53.8,54.1,52.9,53.1,13646853,Tata Power
29-10-2020,52.6,53.1,51.7,52.1,15351610,Tata Power
30-10-2020,52.5,52.9,51.7,52.2,12994341,Tata Power
02-11-2020,52.4,52.9,52,52.7,9575485,Tata Power
03-11-2020,52.7,53.9,52.7,53.6,11671919,Tata Power
04-11-2020,53.3,54,52.3,53.3,13555398,Tata Power
05-11-2020,53.5,55.9,53.5,55.4,22517409,Tata Power
06-11-2020,55.4,56.8,54.5,54.7,21662709,Tata Power
09-11-2020,55.5,55.6,53.9,55,22041528,Tata Power
10-11-2020,55.5,57.1,55,56.7,23878927,Tata Power
11-11-2020,57.5,58.5,56.7,57.3,40249499,Tata Power
12-11-2020,57.4,57.4,55.2,55.6,19585504,Tata Power
13-11-2020,55,55.8,54.6,55.3,15417488,Tata Power
17-11-2020,56.5,58.2,55.9,57.7,26801425,Tata Power
18-11-2020,57.9,61.3,57.7,60.6,54298315,Tata Power
19-11-2020,60.3,61.5,58.8,59.2,28987133,Tata Power
20-11-2020,59.6,59.9,56.7,58.1,23428511,Tata Power
23-11-2020,58.9,59.8,57.8,58.9,24196085,Tata Power
24-11-2020,59.4,60.2,58.4,60,25057495,Tata Power
25-11-2020,60.5,63.9,60.2,61.5,75949155,Tata Power
26-11-2020,62.2,62.7,61.2,62.4,30119954,Tata Power
27-11-2020,63,65.3,62.5,64.9,56608140,Tata Power
01-12-2020,65.6,69.5,65,68.9,70704403,Tata Power
02-12-2020,69.5,69.7,66.7,68,46261091,Tata Power
03-12-2020,68.5,69.7,67.6,69.3,37361699,Tata Power
04-12-2020,71.7,73.6,69.4,71.7,97738908,Tata Power
07-12-2020,72.5,73.4,71.2,71.7,39355314,Tata Power
08-12-2020,73,73.1,70.3,72,43645664,Tata Power
09-12-2020,72.6,75,71.9,73.2,58476323,Tata Power
10-12-2020,73,73.5,71,72.7,29242808,Tata Power
11-12-2020,72.8,74.1,72.2,72.8,36847385,Tata Power
14-12-2020,73.5,74.1,72.8,73.5,20767955,Tata Power
15-12-2020,73.4,75.5,72.5,75.2,38943070,Tata Power
16-12-2020,75.5,76.5,74.7,76.2,36595158,Tata Power
17-12-2020,76.3,76.7,74.7,75.2,28073186,Tata Power
18-12-2020,75,76.5,73.7,76.1,49891456,Tata Power
21-12-2020,75.9,75.9,66.4,69.1,51731072,Tata Power
22-12-2020,69,71.9,66.7,71.7,46224467,Tata Power
23-12-2020,72,74.5,71.5,74.2,30689573,Tata Power
24-12-2020,74.6,75.6,74.3,74.5,23223241,Tata Power
28-12-2020,75.3,78,75.1,77.2,35601036,Tata Power
29-12-2020,78,78.8,76.3,76.6,28745694,Tata Power
30-12-2020,77,77,75.2,75.8,17918812,Tata Power
31-12-2020,75.9,76.5,75.4,75.7,15495713,Tata Power
01-01-2021,76,77.8,75.8,77.4,19041567,Tata Power
04-01-2021,78.1,79.7,77.5,79.3,23712305,Tata Power
05-01-2021,78,82.2,77.9,81.2,46181972,Tata Power
06-01-2021,82,83.5,80.8,82.5,46157617,Tata Power
07-01-2021,83.2,83.7,81.5,81.9,35219703,Tata Power
08-01-2021,84.4,84.6,82.6,83.1,41178215,Tata Power
11-01-2021,83.6,84,82.2,83.3,25575169,Tata Power
12-01-2021,83,87.3,82.7,86.1,43670529,Tata Power
13-01-2021,86.9,87.7,83.8,85.9,37272052,Tata Power
14-01-2021,86.1,87.2,84.9,86,20620191,Tata Power
15-01-2021,86.4,88,84.4,85.6,35416980,Tata Power
18-01-2021,85.9,85.9,81,82.1,31480725,Tata Power
19-01-2021,82.8,85.7,82.6,85.4,25469132,Tata Power
20-01-2021,85.6,86.5,84.2,84.8,19476831,Tata Power
21-01-2021,85.5,85.7,82.2,83,16889392,Tata Power
22-01-2021,82.9,83.1,78,79.4,42934185,Tata Power
25-01-2021,84,84,78,79.3,55671719,Tata Power
27-01-2021,79.7,79.8,75.7,76,47062543,Tata Power
28-01-2021,75,77.9,74.5,77.1,40097316,Tata Power
29-01-2021,78.6,78.6,75,75.4,28386915,Tata Power
01-02-2021,76.4,81.2,74.5,79.9,45909331,Tata Power
02-02-2021,81.5,84.1,79.7,83.6,47955673,Tata Power
03-02-2021,84.2,85.5,82.3,84.2,41816643,Tata Power
04-02-2021,85,90.5,84.5,89.6,94513383,Tata Power
05-02-2021,91.5,91.7,85,87.5,98504307,Tata Power
08-02-2021,88,91.7,87.5,90,70145365,Tata Power
09-02-2021,90.2,90.5,86.5,87.2,37086127,Tata Power
10-02-2021,88.1,90,86.4,88.1,57056934,Tata Power
11-02-2021,88.7,89.2,87.5,87.8,18482937,Tata Power
12-02-2021,88,88.5,86,87.3,18854969,Tata Power
15-02-2021,88,88.9,86.4,86.7,28371641,Tata Power
16-02-2021,87.4,91,86.6,90.3,45833754,Tata Power
17-02-2021,90.9,92.5,89.8,91.1,66947755,Tata Power
18-02-2021,91.8,94.1,90.2,93.1,48616071,Tata Power
19-02-2021,93.4,94.9,89.4,91.1,69544392,Tata Power
22-02-2021,91,92.5,89,90.1,38203233,Tata Power
23-02-2021,90.7,93.4,89.8,92.1,43925417,Tata Power
24-02-2021,92.9,94.5,92.1,94.1,27561130,Tata Power
25-02-2021,94.9,97.7,94.4,96,70938332,Tata Power
26-02-2021,94.8,96.4,93,95.2,50696555,Tata Power
01-03-2021,96.6,99.5,95.6,97.9,62133610,Tata Power
02-03-2021,100,100.8,98,100.4,67108317,Tata Power
03-03-2021,104.6,105.5,102.5,105.3,85272517,Tata Power
04-03-2021,103.8,114,102.8,109.3,147425687,Tata Power
05-03-2021,110.7,110.7,104,107.4,75015270,Tata Power
08-03-2021,108.9,111.9,108.2,109.1,57273663,Tata Power
09-03-2021,110,110.7,104.7,107,51804429,Tata Power
10-03-2021,109.1,109.3,105.8,107.4,43852673,Tata Power
12-03-2021,108.4,114.5,107,113.3,162828658,Tata Power
15-03-2021,114,114.2,108,111.6,101456890,Tata Power
16-03-2021,112,112.3,109.1,109.7,50275101,Tata Power
17-03-2021,109.2,110.5,102.4,103.3,64241698,Tata Power
18-03-2021,104.6,106.6,96,100.6,102669579,Tata Power
19-03-2021,100,104.8,96.3,104.2,118996777,Tata Power
22-03-2021,104.9,106.5,103.8,104.8,74913152,Tata Power
23-03-2021,105,106,104,104.6,41887531,Tata Power
24-03-2021,103,105.6,100.9,101.3,49603176,Tata Power
25-03-2021,101.8,102.2,96.6,98.7,78179436,Tata Power
26-03-2021,101,104.4,100,103.5,78988471,Tata Power
30-03-2021,105.4,105.4,102.8,103.6,47453372,Tata Power
31-03-2021,103.7,105.9,102.9,103.3,35702981,Tata Power
01-04-2021,103.9,105.5,103.6,105.1,34637782,Tata Power
05-04-2021,105,105.5,100.5,103.4,48340372,Tata Power
06-04-2021,103.8,107.4,102.5,104.7,56713336,Tata Power
07-04-2021,104.4,105.7,103.5,104.5,36218955,Tata Power
08-04-2021,105,106.8,104.7,105,36910799,Tata Power
09-04-2021,105.4,106.2,103,104.1,35350727,Tata Power
12-04-2021,101,101,89.9,92.2,125893617,Tata Power
13-04-2021,92.3,96.3,91.6,95.9,76861733,Tata Power
15-04-2021,94.7,96.7,93.3,94.2,38846301,Tata Power
16-04-2021,95,98,94.1,97.2,49515934,Tata Power
19-04-2021,92.4,95,91.8,93.8,43657515,Tata Power
20-04-2021,96,96,92.4,93.6,35631799,Tata Power
22-04-2021,94,95,92.4,94.3,34186730,Tata Power
23-04-2021,94.2,96.9,93.6,95.7,40943046,Tata Power
26-04-2021,95.7,97.2,95.5,96.3,24546834,Tata Power
27-04-2021,97,98.5,96.4,98,26892254,Tata Power
28-04-2021,98.6,99.2,97.7,98,32345591,Tata Power
29-04-2021,98.9,100.2,97.5,97.7,39809692,Tata Power
30-04-2021,97,101.4,96.3,98.9,40125740,Tata Power
03-05-2021,98,100.4,96.4,99.9,37404501,Tata Power
04-05-2021,100.6,103.4,100,101.1,55562146,Tata Power
05-05-2021,102.4,103,100.3,102,25421812,Tata Power
06-05-2021,102.6,104.7,101.6,102.9,35150275,Tata Power
07-05-2021,103.9,104,102.3,102.7,28791094,Tata Power
10-05-2021,103.8,110.5,103.2,110,70028129,Tata Power
11-05-2021,109,111.2,107.1,109.4,64737614,Tata Power
12-05-2021,110.4,110.6,105.2,106.6,61946163,Tata Power
14-05-2021,106.4,108,101,101.5,66640242,Tata Power
17-05-2021,102.5,104.3,101.7,103.5,40412520,Tata Power
18-05-2021,105,107.4,104.7,105.4,40666745,Tata Power
19-05-2021,105.1,107,103.9,104.3,31394002,Tata Power
20-05-2021,105.2,105.5,102.5,103,19494462,Tata Power
21-05-2021,103.9,106,103.3,104.9,27004076,Tata Power
24-05-2021,105.6,108,104.5,107.3,41530007,Tata Power
25-05-2021,108.3,109.4,106.7,107.5,35294915,Tata Power
26-05-2021,108,108.3,105.8,106.1,26772472,Tata Power
27-05-2021,106.1,107,104.9,106.4,21200089,Tata Power
28-05-2021,107.2,107.5,105.1,105.4,19973552,Tata Power
31-05-2021,105.3,107,103.8,106.5,29739476,Tata Power
01-06-2021,106.4,106.4,103.7,104.7,25038000,Tata Power
02-06-2021,104.5,108.4,104.4,108.1,31238619,Tata Power
03-06-2021,110,110.5,107.9,108.7,38360946,Tata Power
04-06-2021,109.1,109.1,107,108.2,19048139,Tata Power
07-06-2021,109,115,108.3,113.4,95358858,Tata Power
08-06-2021,114.4,119.2,114,117.1,93023993,Tata Power
09-06-2021,120.8,132.7,119,124.7,360661838,Tata Power
10-06-2021,128,130.4,125.1,127.6,140351463,Tata Power
11-06-2021,128.8,128.8,124.3,125.7,62530141,Tata Power
14-06-2021,126.3,126.3,116.6,123.4,86326236,Tata Power
15-06-2021,125,125.6,121.7,122.2,45450324,Tata Power
16-06-2021,122,127.9,120.2,126,84445896,Tata Power
17-06-2021,124,126.9,122.3,124,73801920,Tata Power
18-06-2021,124.4,124.7,117,121.5,73972898,Tata Power
21-06-2021,118.2,124,118,123.3,44593802,Tata Power
22-06-2021,124.2,125.1,120.9,121.5,44246677,Tata Power
23-06-2021,122.5,123.2,120.6,120.8,29338636,Tata Power
24-06-2021,120.8,121.5,118.2,118.9,28009357,Tata Power
25-06-2021,119.9,122.6,119.6,121.1,25945027,Tata Power
28-06-2021,122,123.5,120.8,122.6,27616278,Tata Power
29-06-2021,123,124.8,121.8,122.8,30981874,Tata Power
30-06-2021,123.4,123.9,121.7,122.1,30099781,Tata Power
01-07-2021,122.8,122.8,121,121.4,18570986,Tata Power
02-07-2021,122,122.6,120.6,121,22789936,Tata Power
05-07-2021,122,126.9,121.8,125.9,61606669,Tata Power
06-07-2021,126,126.5,122.1,123,31062811,Tata Power
07-07-2021,123,124.5,122.2,123.9,19773453,Tata Power
08-07-2021,124.1,126.9,122.4,123.4,33870196,Tata Power
09-07-2021,123,124.8,121.7,124.5,24078290,Tata Power
12-07-2021,126,126.3,123.5,123.8,26731429,Tata Power
13-07-2021,124.2,125.3,123,124.1,19316578,Tata Power
14-07-2021,125,126,124.1,124.6,23276074,Tata Power
15-07-2021,124.9,126.5,124.2,124.5,22522585,Tata Power
16-07-2021,125.4,125.4,123.7,124.2,13479996,Tata Power
19-07-2021,126.3,128.5,124.6,125.8,65614163,Tata Power
20-07-2021,125.7,126.4,121.2,121.8,48822351,Tata Power
22-07-2021,123.4,124.2,122.4,123.7,20890960,Tata Power
23-07-2021,124.9,125.5,122.6,122.9,18344408,Tata Power
26-07-2021,123,123.8,122.1,122.6,14838935,Tata Power
27-07-2021,122.8,123.8,120.2,121.2,16292819,Tata Power
28-07-2021,121.5,121.9,118.4,120.4,19451371,Tata Power
29-07-2021,120.8,124,120.7,122.8,16366211,Tata Power
30-07-2021,122.6,126.7,122.3,125,30163350,Tata Power
02-08-2021,126.6,134,125.6,133.5,102355625,Tata Power
03-08-2021,134.4,135.5,132.2,132.6,50457587,Tata Power
04-08-2021,133,134.7,130.1,131.7,33758053,Tata Power
05-08-2021,132.2,135.4,129.6,134.6,39952286,Tata Power
06-08-2021,135.3,136.8,134.3,135.2,47743493,Tata Power
09-08-2021,137,137,130.3,132.1,66874756,Tata Power
10-08-2021,132.5,133.8,127.1,130.1,31526384,Tata Power
11-08-2021,130.3,131.7,126.5,129.6,32222624,Tata Power
12-08-2021,130.3,134.2,129.9,133.7,31898731,Tata Power
13-08-2021,134.4,134.5,132,132.6,23715152,Tata Power
16-08-2021,132.6,134.1,131.7,132.1,17472608,Tata Power
17-08-2021,132.1,133,128.5,131.1,21755033,Tata Power
18-08-2021,131.7,131.8,130.1,130.5,18082061,Tata Power
20-08-2021,129,130.2,125.3,126.2,27402061,Tata Power
23-08-2021,127.1,127.9,121.7,125,30434681,Tata Power
24-08-2021,125,126.6,123.7,125.9,22809811,Tata Power
25-08-2021,126.4,127.5,125.5,126.1,18144345,Tata Power
26-08-2021,126.5,126.6,124.6,125.7,16968193,Tata Power
27-08-2021,125.7,127.6,125.2,127.3,12708091,Tata Power
30-08-2021,128.4,130.1,128,129.2,17545528,Tata Power
31-08-2021,130.3,130.7,128.3,129.1,24301446,Tata Power
01-09-2021,129.7,134.3,128.7,133.4,31166001,Tata Power
02-09-2021,133.9,134.8,132.6,133.6,25276744,Tata Power
03-09-2021,134.1,135.5,133.3,133.9,19000628,Tata Power
06-09-2021,134.4,134.6,132,132.2,14304796,Tata Power
07-09-2021,132.4,132.6,129.3,130.1,14561241,Tata Power
08-09-2021,130.6,133.5,129.5,133.3,16351745,Tata Power
09-09-2021,133.2,134.3,131.8,132.8,14453584,Tata Power
13-09-2021,132.8,132.8,130.4,131.1,13771980,Tata Power
14-09-2021,131.5,133.3,131.3,133,13305823,Tata Power
15-09-2021,133.1,142.3,132.8,140.1,68917060,Tata Power
16-09-2021,140,142,138.5,140.3,24490647,Tata Power
17-09-2021,140.9,141.5,136.1,137.9,27560843,Tata Power
20-09-2021,137.6,139.4,133.2,134.3,21535092,Tata Power
21-09-2021,134.8,136.3,131.2,135.9,22526116,Tata Power
22-09-2021,137,139.7,136.4,137.9,21321952,Tata Power
23-09-2021,139.2,144.9,138.8,143.7,42890085,Tata Power
24-09-2021,145,145.4,138.7,139.1,29040576,Tata Power
27-09-2021,140.3,140.4,136.8,138.8,18192368,Tata Power
28-09-2021,140,142.9,139.1,140.1,29196888,Tata Power
29-09-2021,139.8,158.8,138.9,151.6,126746990,Tata Power
30-09-2021,152.5,161.2,151.3,158.8,111302311,Tata Power
01-10-2021,158.8,165,156.6,163.8,90310679,Tata Power
04-10-2021,166.3,172.5,164,168.6,93787605,Tata Power
05-10-2021,169,184.8,168.4,179.4,161189379,Tata Power
06-10-2021,182.9,182.9,172.8,176,101232618,Tata Power
07-10-2021,178.4,184,176.9,177.8,73313810,Tata Power
08-10-2021,180.2,180.2,175,176.9,43365657,Tata Power
11-10-2021,177.9,193.7,177,191.5,126307288,Tata Power
12-10-2021,194.9,198.7,189.8,195.8,104950239,Tata Power
13-10-2021,201.7,232.4,200,224.2,305037222,Tata Power
14-10-2021,235,237,220.7,222.6,126938132,Tata Power
18-10-2021,227.5,264.9,223.1,257.3,273591610,Tata Power
19-10-2021,266,267.9,221.5,229.8,245771135,Tata Power
20-10-2021,225,236.3,217.5,230.4,219286012,Tata Power
21-10-2021,234,234.4,220.6,226.2,82393222,Tata Power
22-10-2021,228.5,233.8,216,222,85764004,Tata Power
25-10-2021,224.6,224.9,208,213.6,92057542,Tata Power
26-10-2021,215.1,232.3,214.3,225.3,113036438,Tata Power
27-10-2021,231.5,232.7,222.7,224.3,78577000,Tata Power
28-10-2021,224.8,224.8,216.6,218,64733467,Tata Power
29-10-2021,210.5,217.7,201.4,214.3,115032835,Tata Power
01-11-2021,220,225.2,214.4,223,59687720,Tata Power
02-11-2021,228,235,227.3,228.5,91597155,Tata Power
03-11-2021,230,230.9,226.2,228.8,49974804,Tata Power
04-11-2021,231.8,233.2,230.6,231.4,14860447,Tata Power
08-11-2021,233,235.7,228.8,234.6,53880144,Tata Power
09-11-2021,235,248,234.7,241.9,103894620,Tata Power
10-11-2021,241.4,241.4,236.3,237,47845906,Tata Power
11-11-2021,237.5,241.3,235.6,239.8,50433666,Tata Power
12-11-2021,242,242.4,236,239.9,42038250,Tata Power
15-11-2021,241.9,244,239.3,241.7,32578602,Tata Power
16-11-2021,242.2,247.7,241.5,244.5,47776299,Tata Power
17-11-2021,244.5,252.5,243,249.9,58883464,Tata Power
18-11-2021,250.4,252.1,232.5,237.1,82052417,Tata Power
22-11-2021,238.4,238.4,224,227.7,62459802,Tata Power
23-11-2021,224,238,222.2,237,61158286,Tata Power
24-11-2021,240,246.7,237.3,238.6,67847218,Tata Power
25-11-2021,239.5,244.4,234,242.8,51777691,Tata Power
26-11-2021,238,240.3,225.8,227.4,80108784,Tata Power
29-11-2021,226,226.8,213.3,218.7,83187881,Tata Power
30-11-2021,222,228.3,213.1,216.8,222571262,Tata Power
01-12-2021,220,227.3,215,225.2,67127202,Tata Power
02-12-2021,230.5,230.5,221.2,226.4,78572738,Tata Power
03-12-2021,226.8,228.3,224.4,225.6,48145736,Tata Power
06-12-2021,225.6,226.6,220.1,220.9,34399066,Tata Power
07-12-2021,224,227.8,222.8,226.5,36287629,Tata Power
08-12-2021,228,230.8,227,229.4,30348053,Tata Power
09-12-2021,229.9,230.9,226.8,227.7,23516676,Tata Power
10-12-2021,226.4,229.9,225.4,228,26363105,Tata Power
13-12-2021,230.1,236.5,229,230.3,40382575,Tata Power
14-12-2021,230,230,225.5,229.1,24698002,Tata Power
15-12-2021,229,232.4,227.1,227.9,20127541,Tata Power
16-12-2021,229.8,230.1,219.2,221.9,40645402,Tata Power
17-12-2021,222.7,222.7,214,215.8,38813929,Tata Power
20-12-2021,210.5,212,202.8,209.1,47944121,Tata Power
21-12-2021,213,216.3,209.9,211.9,33006180,Tata Power
22-12-2021,214.5,218.7,213.3,218,21655596,Tata Power
23-12-2021,220,221.3,217.5,218.1,16940883,Tata Power
24-12-2021,219.1,219.5,214.2,216.8,18770416,Tata Power
27-12-2021,216.6,217.8,213.8,217.4,15870056,Tata Power
28-12-2021,218.7,222.2,218.5,221.6,19058757,Tata Power
29-12-2021,221,223.3,218.9,219.5,14504319,Tata Power
30-12-2021,218.7,221,217.1,218.4,14315067,Tata Power
31-12-2021,218.9,222,218.4,221,12737974,Tata Power
03-01-2022,221.2,223.9,216,223.4,19062825,Tata Power
04-01-2022,224.3,228.3,221,226.3,32469988,Tata Power
05-01-2022,226.4,226.6,223,223.5,17271276,Tata Power
06-01-2022,221.5,229.8,219.5,228.5,27537005,Tata Power
07-01-2022,230.3,232.9,227.1,229.8,34595209,Tata Power
10-01-2022,231,233.5,230.4,231.8,22061859,Tata Power
11-01-2022,233,236.7,231.8,233.1,25489182,Tata Power
12-01-2022,234.9,239.7,234.5,237.8,32665403,Tata Power
13-01-2022,239,246.7,236.5,245.3,50250827,Tata Power
14-01-2022,243.7,248.5,242.5,244.4,36940487,Tata Power
17-01-2022,245.9,249.3,245,247.9,25339181,Tata Power
18-01-2022,250,250.6,237.8,239.1,30408196,Tata Power
19-01-2022,239,249.7,236.1,248.5,36751594,Tata Power
20-01-2022,250,252.2,245.2,248.7,35990609,Tata Power
21-01-2022,245.8,250.8,238.6,242,35507032,Tata Power
24-01-2022,242.5,243.9,226.6,229.6,43279408,Tata Power
25-01-2022,226.3,240.9,223,238.8,39449718,Tata Power
27-01-2022,235.5,242.4,232.5,241.1,35920383,Tata Power
28-01-2022,244.7,250,242.9,244.1,34523855,Tata Power
31-01-2022,248,249.6,245.3,246.1,24939671,Tata Power
01-02-2022,249.5,256.4,244.8,249.9,74185275,Tata Power
02-02-2022,251.9,255,249.3,250.6,25162901,Tata Power
03-02-2022,250.6,254.4,249.3,252.9,27724870,Tata Power
04-02-2022,253.8,257.9,253,254.4,39309420,Tata Power
07-02-2022,255.5,256.7,250.6,251.8,32770930,Tata Power
08-02-2022,252.5,253.6,232.6,234.9,82053977,Tata Power
09-02-2022,236.7,238.9,232.6,238,35604075,Tata Power
10-02-2022,238.5,244.5,234.1,241.3,55153254,Tata Power
11-02-2022,240,242.1,230.2,232.3,36050888,Tata Power
14-02-2022,226,226.9,216,220.5,38301829,Tata Power
15-02-2022,222.8,231.8,218.8,230.4,36314556,Tata Power
16-02-2022,233.4,236.9,230.1,231.4,35144286,Tata Power
17-02-2022,233.4,233.9,227,227.8,23381354,Tata Power
18-02-2022,227,230,224.7,225.8,18717812,Tata Power
21-02-2022,224,227.7,222.3,225,24657963,Tata Power
22-02-2022,218,224.9,217.3,222.7,29360421,Tata Power
23-02-2022,226,226.8,220.4,221.2,23583042,Tata Power
24-02-2022,213,216.2,203.3,204.3,60097152,Tata Power
25-02-2022,210,221.3,209.6,220,52157687,Tata Power
28-02-2022,217.5,224.4,214.1,223.1,35508015,Tata Power
02-03-2022,220,227.3,218.4,225.4,28297089,Tata Power
03-03-2022,229,230.6,225.9,226.6,22429798,Tata Power
04-03-2022,225,226.5,220.8,221.5,22427429,Tata Power
07-03-2022,217,219.7,212.3,216.2,23498823,Tata Power
08-03-2022,215,227.8,214.6,227,41105290,Tata Power
09-03-2022,229.1,231.2,226.3,229.3,25437632,Tata Power
10-03-2022,235,235.9,229.9,232.3,25462569,Tata Power
11-03-2022,231.9,234.3,230.3,233.2,18163055,Tata Power
14-03-2022,233.1,234.7,230.6,231.6,12074559,Tata Power
15-03-2022,232,233.3,225.3,227.4,16150855,Tata Power
16-03-2022,230,231.7,229.1,230.5,12428032,Tata Power
17-03-2022,233.6,234,231.3,231.8,16453329,Tata Power
21-03-2022,233,233.4,227.4,228,12356508,Tata Power
22-03-2022,229.1,231.9,226.3,231.4,14893566,Tata Power
23-03-2022,232.4,237.5,231.7,234.3,29507641,Tata Power
24-03-2022,234,241,233,239.5,31525902,Tata Power
25-03-2022,240,244.3,239.2,241.4,24286187,Tata Power
28-03-2022,242.6,244,237.5,239.6,14835527,Tata Power
29-03-2022,243.6,244.9,238.5,239.1,20061075,Tata Power
30-03-2022,241,244.9,237.8,241.7,22893839,Tata Power
31-03-2022,242.9,242.9,237.7,238.7,13956014,Tata Power
01-04-2022,237.7,246.4,237.1,245.5,25666798,Tata Power
04-04-2022,247.2,253.6,246.1,252,39380622,Tata Power
05-04-2022,253.9,275.3,252.1,273.6,94568156,Tata Power
06-04-2022,276,296.5,273.1,289.8,227551020,Tata Power
07-04-2022,292.4,298.1,276,277.8,151174247,Tata Power
08-04-2022,280.9,282.8,273.1,278.1,64353330,Tata Power
11-04-2022,281,288.5,280.4,282.9,47972951,Tata Power
12-04-2022,283.4,283.4,271.6,275.2,44771140,Tata Power
13-04-2022,278.6,280.3,272.3,273.1,31460232,Tata Power
18-04-2022,267.9,267.9,252,257.9,89819229,Tata Power
19-04-2022,260.5,262,242.5,246.5,53483065,Tata Power
20-04-2022,250,254.7,246.6,249.7,41573598,Tata Power
21-04-2022,253,260.2,250.7,258.9,40617734,Tata Power
22-04-2022,258,259,252.3,253.1,30569068,Tata Power
25-04-2022,248,251.6,244.7,247.4,24620801,Tata Power
26-04-2022,251.2,251.5,248.1,248.9,17965504,Tata Power
27-04-2022,247.8,255.3,245.5,247.4,32027943,Tata Power
28-04-2022,250.9,250.9,244.4,248.3,20911099,Tata Power
29-04-2022,250.9,253.2,240.9,242.4,26234765,Tata Power
02-05-2022,240,249.7,238.4,248.5,26535475,Tata Power
04-05-2022,249.9,254.2,242.9,245,30780217,Tata Power
05-05-2022,249,251.3,245,247.5,24304759,Tata Power
06-05-2022,243,247,240.7,245.2,28044381,Tata Power
09-05-2022,235,236.5,223.1,230,60959066,Tata Power
10-05-2022,230,234.5,220.7,222.2,30274946,Tata Power
11-05-2022,222.8,229.8,219.5,226.5,35097575,Tata Power
12-05-2022,225.8,227.1,217.1,219.1,29320356,Tata Power
13-05-2022,225,229.2,221.3,222.8,33108597,Tata Power
16-05-2022,224.9,227.7,220.5,226.6,22192986,Tata Power
17-05-2022,229,242.5,227.9,241.2,34735919,Tata Power
18-05-2022,243.4,243.4,236.5,237.7,25004758,Tata Power
19-05-2022,229.5,232.6,226.4,228.5,23697546,Tata Power
20-05-2022,232.5,236,230.3,233.3,18294157,Tata Power
23-05-2022,235,235.9,228.8,229.8,16642801,Tata Power
24-05-2022,230.2,231.4,224.8,227,17636195,Tata Power
25-05-2022,229,229.9,220,220.9,16194564,Tata Power
26-05-2022,223,224.3,210.2,221.5,34963419,Tata Power
27-05-2022,225.7,226.8,222.7,224.7,16159280,Tata Power
30-05-2022,227.9,233.9,227,233.3,19674867,Tata Power
31-05-2022,232.9,237.6,231.3,235.2,21535025,Tata Power
01-06-2022,233.6,236.2,230.6,232.8,14805104,Tata Power
02-06-2022,232,235.9,231.3,234.2,13296442,Tata Power
03-06-2022,236.3,236.9,230.2,231.1,11433422,Tata Power
06-06-2022,231,233.6,227.6,232.3,11689465,Tata Power
07-06-2022,230.9,235.5,229.8,234.8,14994271,Tata Power
08-06-2022,236,236.4,231.1,233,13235033,Tata Power
09-06-2022,232,234.7,231.4,233.1,10241164,Tata Power
10-06-2022,231.4,232.4,229,230.3,9619461,Tata Power
13-06-2022,223.5,226.4,218.9,219.5,19190225,Tata Power
14-06-2022,214.7,224.4,214.7,220.4,16235651,Tata Power
15-06-2022,221,222.3,218.3,219,11820899,Tata Power
16-06-2022,222.4,223.3,209,209.8,22486470,Tata Power
17-06-2022,209.8,214,207.1,210.3,20447908,Tata Power
20-06-2022,211.8,212.9,190,194.9,46007687,Tata Power
21-06-2022,197.8,207.8,192.5,204.6,40390379,Tata Power
22-06-2022,203.7,204.6,199,201.3,19099052,Tata Power
23-06-2022,201.3,204.9,198.7,203,20176334,Tata Power
24-06-2022,204.9,208.8,203.7,207.9,16789270,Tata Power
27-06-2022,209.9,211.6,207.7,208.2,18526023,Tata Power
28-06-2022,206.1,209.2,204.9,208.7,13321760,Tata Power
29-06-2022,206.1,209.7,205.8,207.3,12179447,Tata Power
30-06-2022,207.3,209.3,201.4,202.2,16161389,Tata Power
01-07-2022,202.7,207.7,200.6,207,15807993,Tata Power
04-07-2022,207.7,212.8,207.2,211.5,14714951,Tata Power
05-07-2022,214.5,217.1,212,212.8,18209477,Tata Power
06-07-2022,212.5,214.8,210.1,214,13022748,Tata Power
07-07-2022,216,216.3,212.3,214.6,14827327,Tata Power
08-07-2022,217.7,220.9,214.8,220.1,17940782,Tata Power
11-07-2022,219,221.9,218.3,220.8,14996210,Tata Power
12-07-2022,219.9,224.2,219.1,221.5,14294272,Tata Power
13-07-2022,222,223.3,219.9,220.8,11090495,Tata Power
14-07-2022,222.9,223.3,219.2,221.4,11027964,Tata Power
15-07-2022,221.9,226.2,221.7,225,13191940,Tata Power
18-07-2022,227,228.9,225.5,227.8,11035599,Tata Power
19-07-2022,226.7,229.5,226.5,228,7716506,Tata Power
20-07-2022,230,230.6,226.8,227.6,10163009,Tata Power
21-07-2022,226.7,230.9,226.5,230.1,11218003,Tata Power
22-07-2022,230.2,234,230.2,230.9,12459803,Tata Power
25-07-2022,231.4,233.4,229.5,232.5,10169772,Tata Power
26-07-2022,233,233.5,225.1,226.2,11541475,Tata Power
27-07-2022,220.9,224,215.5,218,33675845,Tata Power
28-07-2022,220.4,221.5,216.9,218.2,22716582,Tata Power
29-07-2022,220.2,222.7,218.9,221.9,19006987,Tata Power
01-08-2022,222.3,231.3,221.6,230.4,22010178,Tata Power
02-08-2022,230,233.6,227.2,232.7,20231195,Tata Power
03-08-2022,232,237.3,231.1,232.5,25614730,Tata Power
04-08-2022,233.8,234.8,225.3,227.7,20979139,Tata Power
05-08-2022,228.7,233.3,227.7,232.1,33228441,Tata Power
08-08-2022,232.1,232.9,227.7,228.3,11852419,Tata Power
10-08-2022,229.5,230.4,227.2,228.5,11392194,Tata Power
11-08-2022,229.9,231.4,228.4,229.4,9195356,Tata Power
12-08-2022,230,235.7,228.6,232.4,23305682,Tata Power
16-08-2022,233.7,237.5,231.4,236,18790189,Tata Power
17-08-2022,238.5,241.8,236.6,237.3,23760210,Tata Power
18-08-2022,237,239.8,235.9,238,15238636,Tata Power
19-08-2022,238.9,241.9,232,232.7,23097652,Tata Power
22-08-2022,232.7,232.7,222.9,224.2,20956719,Tata Power
23-08-2022,222.8,232.1,221.7,231.5,19119958,Tata Power
24-08-2022,231,232.8,227.5,229.6,14521061,Tata Power
25-08-2022,230.6,233.2,228.7,229.3,13814880,Tata Power
26-08-2022,231,236.4,230.9,235.1,19400636,Tata Power
29-08-2022,227.2,233.7,227.1,232.7,14098344,Tata Power
30-08-2022,234,237.5,234,237,13418819,Tata Power
01-09-2022,235.1,240.3,234.4,237.2,14693953,Tata Power
02-09-2022,238.5,239.5,234.5,235.2,12347290,Tata Power
05-09-2022,235.5,238.4,235.2,236.5,10500643,Tata Power
06-09-2022,237.7,248,237.2,247.4,61475311,Tata Power
07-09-2022,247,251.2,245.2,247,30474615,Tata Power
08-09-2022,249.6,250.1,243.6,244.9,14951235,Tata Power
09-09-2022,246.5,247,241.2,242.4,12290186,Tata Power
12-09-2022,243.7,245.2,241.7,242.8,10322525,Tata Power
13-09-2022,243.9,244.9,240.1,241.1,13871114,Tata Power
14-09-2022,237.5,244.2,236.7,241.5,24228696,Tata Power
15-09-2022,242.4,246.9,239.9,245.4,19214950,Tata Power
16-09-2022,246.9,247.8,232.7,236.3,58044047,Tata Power
19-09-2022,237.5,238,231.9,232.4,14016637,Tata Power
20-09-2022,235,237.5,234.2,235.3,10376536,Tata Power
21-09-2022,235.5,236.6,230.4,231.2,14179308,Tata Power
22-09-2022,229.1,233.5,227.5,231.7,19648230,Tata Power
23-09-2022,231.3,232.4,223.6,224.5,16143866,Tata Power
26-09-2022,222.8,223.6,212.5,215.3,22684799,Tata Power
27-09-2022,217.3,219.9,214.5,217.5,14097631,Tata Power
28-09-2022,215,216.9,212.8,213.9,12102060,Tata Power
29-09-2022,216.2,218,210.5,212.3,18736174,Tata Power
30-09-2022,212.2,217.1,210.3,216.5,13008102,Tata Power
03-10-2022,216.5,218,211.8,213.2,10864491,Tata Power
04-10-2022,216.8,220,216.2,219.1,11173725,Tata Power
06-10-2022,221,223.3,220.3,221.7,10571565,Tata Power
07-10-2022,221.7,222.9,218.8,222.5,11098716,Tata Power
10-10-2022,220,220.8,217.1,220.4,9516511,Tata Power
11-10-2022,220.4,222.3,216.5,217.2,9006207,Tata Power
12-10-2022,218,219.4,215.1,218,9504518,Tata Power
13-10-2022,218,218.9,213.5,216.2,9559072,Tata Power
14-10-2022,220,220.6,215.5,215.9,8739363,Tata Power
17-10-2022,215,218.5,213.9,218,9420098,Tata Power
18-10-2022,219.1,222,218.7,220.7,10267276,Tata Power
19-10-2022,221.4,221.7,217.6,218.4,7712123,Tata Power
20-10-2022,217.9,221.3,216.1,220.8,7889548,Tata Power
21-10-2022,221.3,222.3,217.6,218.6,8153053,Tata Power
25-10-2022,219.1,222.9,217.7,220.7,9040336,Tata Power
27-10-2022,221.8,226.9,221.1,225.9,12783887,Tata Power
28-10-2022,227,227.7,222.6,225.1,13141721,Tata Power
31-10-2022,228.1,229,224.2,226,22697530,Tata Power
01-11-2022,226.5,231.4,226.5,230.6,16978101,Tata Power
02-11-2022,230,231.8,227.8,229.1,9478217,Tata Power
03-11-2022,228.2,229.5,225.8,227.4,9095013,Tata Power
04-11-2022,227.7,229.4,226.8,228.3,8681681,Tata Power
07-11-2022,228.4,230.4,226.9,229.2,9570452,Tata Power
09-11-2022,230.1,234.5,228.9,231.4,16625632,Tata Power
10-11-2022,231.2,233.4,228.5,229.2,8944902,Tata Power
11-11-2022,232,232,229.2,229.8,7259679,Tata Power
14-11-2022,230.1,230.4,226.8,227.7,7310857,Tata Power
15-11-2022,228.5,230.3,228,229.5,6426117,Tata Power
16-11-2022,229.5,230,222.3,224.6,10662953,Tata Power
17-11-2022,224.7,224.9,221,221.4,10679502,Tata Power
18-11-2022,222.4,222.9,218.7,220.5,7718744,Tata Power
21-11-2022,220.5,222.4,218.4,221.4,6226956,Tata Power
22-11-2022,221.1,222,219.1,220.5,7105721,Tata Power
23-11-2022,221.5,222.3,220.5,220.8,5966239,Tata Power
24-11-2022,221,221.7,219.6,220.8,6612342,Tata Power
25-11-2022,221.2,224.9,220.4,224.1,8062766,Tata Power
28-11-2022,224.1,226.5,223.3,224.6,7388645,Tata Power
29-11-2022,225,225.5,222.9,223.5,6165404,Tata Power
30-11-2022,223.6,225.4,222.7,224.8,8815900,Tata Power
01-12-2022,225.3,227.2,223.6,224.9,7833074,Tata Power
02-12-2022,225.5,226.4,223.9,225.3,7223274,Tata Power
05-12-2022,225.3,225.9,222.4,224.2,10750610,Tata Power
06-12-2022,224.2,230.3,223.5,228.8,20071039,Tata Power
07-12-2022,228.8,229.6,225.4,225.9,7548312,Tata Power
08-12-2022,226,227.3,224.8,225.1,7507975,Tata Power
09-12-2022,225.9,226.5,217.5,219.4,13087278,Tata Power
12-12-2022,219.8,219.8,215.7,217.7,8858525,Tata Power
13-12-2022,218.8,220.3,217.8,218.9,7265105,Tata Power
14-12-2022,219.8,223.2,219.4,222.7,9179593,Tata Power
15-12-2022,222.7,224.8,221.1,221.8,7909066,Tata Power
16-12-2022,221,222.5,216.1,217.4,10349382,Tata Power
19-12-2022,218,218,214.9,216.8,9302368,Tata Power
20-12-2022,216.8,218.5,214.6,217.9,6418826,Tata Power
21-12-2022,218.4,219.4,212.5,213.8,9737819,Tata Power
22-12-2022,214.9,215.3,206.6,208.9,14020296,Tata Power
23-12-2022,206.2,207.9,196,196.9,20819266,Tata Power
26-12-2022,197.3,204.7,194.6,203.2,18203352,Tata Power
27-12-2022,206.8,208.3,204.8,207.7,11851262,Tata Power
28-12-2022,207.4,210.3,206.8,208.3,8920331,Tata Power
29-12-2022,208.8,208.8,205,205.9,15374707,Tata Power
30-12-2022,207.4,210,207,207.7,7372810,Tata Power
02-01-2023,208.8,212.2,208.2,211.9,7746971,Tata Power
03-01-2023,212,213,210,211.4,7238453,Tata Power
04-01-2023,211,211.4,205.9,208.1,14226706,Tata Power
05-01-2023,209.6,209.8,205.2,207.6,10272550,Tata Power
06-01-2023,207.6,208.8,204.1,205.4,9603038,Tata Power
09-01-2023,206.5,207.2,205.2,206.2,6631221,Tata Power
10-01-2023,206.7,207.8,204.7,206.1,8246247,Tata Power
11-01-2023,206.9,207.3,205.2,205.9,7061239,Tata Power
12-01-2023,206.4,206.8,203.8,205.7,6167789,Tata Power
13-01-2023,205.7,206.8,204.2,206.5,5801690,Tata Power
16-01-2023,207.3,208.3,206.2,207,4396161,Tata Power
17-01-2023,206.9,208.5,206,207.7,5676087,Tata Power
18-01-2023,207.7,208.4,207.3,207.5,4564618,Tata Power
19-01-2023,207,207.5,205.1,205.3,4978935,Tata Power
20-01-2023,205.4,208.5,205.1,207.2,6362978,Tata Power
23-01-2023,207.8,208,206.7,207,4638356,Tata Power
24-01-2023,207.1,208.2,205.5,205.9,6551672,Tata Power
25-01-2023,205.9,206.3,200.9,201.5,9681030,Tata Power
27-01-2023,202.5,203.9,196.7,202.4,13521282,Tata Power
30-01-2023,203.5,205.8,201.4,204.4,10341362,Tata Power
31-01-2023,205.5,214.7,204.5,212.9,16807189,Tata Power
01-02-2023,214.9,215.4,196.7,205.9,19017445,Tata Power
02-02-2023,205,208.8,204,206.3,9841415,Tata Power
03-02-2023,207.5,208.2,202,205.3,10618799,Tata Power
06-02-2023,209,212.9,206.8,208.6,17908243,Tata Power
07-02-2023,209.5,210,205,206.3,8095192,Tata Power
08-02-2023,206.3,207.6,204.2,207.2,8259877,Tata Power
09-02-2023,207.2,207.7,203.6,205.5,6294658,Tata Power
10-02-2023,205.5,206.2,202.9,204.8,5515771,Tata Power
13-02-2023,205.3,206.3,202.3,203.6,6844360,Tata Power
14-02-2023,203.7,204.5,201.9,203.1,5125639,Tata Power
15-02-2023,202.7,205.7,202.4,205.3,6323738,Tata Power
16-02-2023,205.6,206.4,204.5,205.2,4862186,Tata Power
17-02-2023,204.5,206.1,204.2,204.7,5939096,Tata Power
20-02-2023,204.8,205.4,202.2,203.8,7780404,Tata Power
21-02-2023,204.9,209.8,204.6,208,15068225,Tata Power
22-02-2023,207.6,207.6,201.6,202.3,15048335,Tata Power
23-02-2023,202.8,203.7,200.6,201.3,10723010,Tata Power
24-02-2023,201.9,203,201.3,202.3,5212611,Tata Power
27-02-2023,202,202.3,197.5,199.8,12387738,Tata Power
28-02-2023,201,203,199.6,202.6,6795039,Tata Power
01-03-2023,203.3,205.4,202.4,204.6,6502602,Tata Power
02-03-2023,204.5,206.3,203.6,205.6,6290128,Tata Power
03-03-2023,206.1,209.3,206,207.8,9201938,Tata Power
06-03-2023,208.5,212.9,208.1,210.3,11959992,Tata Power
08-03-2023,209.5,211.9,208.1,211.3,7273306,Tata Power
09-03-2023,211.8,212.8,209.4,209.8,7481807,Tata Power
10-03-2023,208.1,209.2,206,208.8,5967859,Tata Power
13-03-2023,207.1,209.2,202.2,202.9,7250840,Tata Power
14-03-2023,203.9,205.2,201.7,203.4,7282943,Tata Power
15-03-2023,205,205.5,202.6,203,5658938,Tata Power
16-03-2023,203,204.6,198.9,203.4,7483698,Tata Power
17-03-2023,204.5,206.4,203.7,205.2,6398045,Tata Power
20-03-2023,204.5,204.6,200.5,202.6,6100721,Tata Power
21-03-2023,203,203.6,201.6,202.3,4431418,Tata Power
22-03-2023,203.4,203.8,200.5,201,7561000,Tata Power
23-03-2023,200,202.2,199.6,200.1,5367782,Tata Power
24-03-2023,200.1,201.3,192.1,192.8,16010459,Tata Power
27-03-2023,192.9,194,184.5,186.7,22247890,Tata Power
28-03-2023,186.7,187.5,182.4,184,12023683,Tata Power
29-03-2023,184.5,187.7,183.3,185.5,17480941,Tata Power
31-03-2023,188.5,191.6,188,190.3,13519886,Tata Power
03-04-2023,193.4,196.1,192.1,194,14927965,Tata Power
05-04-2023,194.7,195,192.5,194.6,7802577,Tata Power
06-04-2023,193.5,196,192.1,195.3,8898362,Tata Power
10-04-2023,195.5,197.8,195.1,195.7,7752647,Tata Power
11-04-2023,197,197.9,195.8,197.6,4957133,Tata Power
12-04-2023,198,198.6,195.6,197.1,8183550,Tata Power
13-04-2023,197.2,197.2,194.3,196.3,6448150,Tata Power
17-04-2023,196.3,197.6,194.8,197,4756452,Tata Power
18-04-2023,197.5,198.2,196.2,197.3,4249222,Tata Power
19-04-2023,197.6,197.8,193.1,193.5,6753761,Tata Power
20-04-2023,193.6,196.8,193.5,196.4,6086016,Tata Power
21-04-2023,197,197,194.5,195.7,4015567,Tata Power
24-04-2023,196.5,196.7,194.8,195.9,5017631,Tata Power
25-04-2023,195.9,198.8,195.4,197.7,5957551,Tata Power
26-04-2023,197.7,199,196.2,198.2,4910837,Tata Power
27-04-2023,198.5,200,197.7,198.5,5215692,Tata Power
28-04-2023,199.5,201.6,199,201.1,7951645,Tata Power
02-05-2023,202,203,200.4,201.8,6881245,Tata Power
03-05-2023,201.8,204.3,200.5,203.8,8641713,Tata Power
04-05-2023,203.9,204.6,202.1,203.9,8211667,Tata Power
05-05-2023,203.9,205.6,199.4,200.2,16337389,Tata Power
08-05-2023,201.5,203.2,199.5,202.7,7724617,Tata Power
09-05-2023,203.8,205.1,202.4,203.3,7956883,Tata Power
10-05-2023,203.5,204.5,202.2,204.2,5026713,Tata Power
11-05-2023,204.5,207.2,204.2,206.3,8986218,Tata Power
12-05-2023,206.9,207.8,206.2,207.1,7304524,Tata Power
15-05-2023,207.7,209.4,206.5,208.2,6740655,Tata Power
16-05-2023,208.9,215,208.2,211.4,18196503,Tata Power
17-05-2023,212.4,212.4,206.9,207.8,9107799,Tata Power
18-05-2023,209,209.7,204.1,204.6,8248339,Tata Power
19-05-2023,206.3,206.5,201.8,205.9,9002705,Tata Power
22-05-2023,206,206.9,204.1,206.2,5577418,Tata Power
23-05-2023,206.5,207.5,205.5,206.9,5017652,Tata Power
24-05-2023,206.7,208,205.6,207.2,5447203,Tata Power
25-05-2023,207.2,211.2,206.6,210.8,8705559,Tata Power
26-05-2023,212.3,213.8,210.7,212.2,8476048,Tata Power
29-05-2023,213,217.7,211.7,217,12956419,Tata Power
30-05-2023,218,218.5,215,216.9,11975300,Tata Power
31-05-2023,216.9,219,212.9,213.6,11299432,Tata Power
01-06-2023,214,217,213,215.3,6324964,Tata Power
02-06-2023,216.4,216.9,215,215.7,4908437,Tata Power
05-06-2023,217,219.4,216.2,219.1,8688870,Tata Power
06-06-2023,219.8,219.8,215.6,216.8,8301040,Tata Power
07-06-2023,216.6,219.7,214.1,218.5,11387499,Tata Power
08-06-2023,219,226.2,218.5,220.7,31056302,Tata Power
09-06-2023,224.6,224.6,220.2,221.2,11045069,Tata Power
12-06-2023,222,223.6,220.4,221,6342344,Tata Power
13-06-2023,221.5,222.8,220.9,221.8,6249947,Tata Power
14-06-2023,222.5,225.3,221.6,224.2,10509540,Tata Power
15-06-2023,224.4,224.7,220.2,220.6,7665159,Tata Power
16-06-2023,221.9,223.7,220.9,222.3,7136739,Tata Power
19-06-2023,223,224.2,221,223.2,7473608,Tata Power
20-06-2023,223.1,226.4,222.6,225,11221842,Tata Power
21-06-2023,225.3,226,222.6,224.3,6987933,Tata Power
22-06-2023,224.9,225.2,220.5,221.1,6857007,Tata Power
23-06-2023,222,222.1,215.7,218.3,10890426,Tata Power
26-06-2023,218.3,219.4,216.3,218.6,5136478,Tata Power
27-06-2023,218.9,220.5,218.6,219.3,4694432,Tata Power
28-06-2023,220,221,217.6,218.1,8345362,Tata Power
30-06-2023,219.7,222.5,218.9,221.9,9940002,Tata Power
03-07-2023,222.9,224.2,221.6,221.9,5792956,Tata Power
04-07-2023,222.1,223.3,220.2,220.7,4598056,Tata Power
05-07-2023,221,223.8,220.6,221.7,5879342,Tata Power
06-07-2023,225,230.3,223.6,229.6,30885511,Tata Power
07-07-2023,229.8,232.4,226.1,228,16592198,Tata Power
10-07-2023,229.3,229.3,224.7,225,7143637,Tata Power
11-07-2023,226,226.9,224.7,225.5,5156417,Tata Power
12-07-2023,226.3,227.3,225.2,226.3,7366992,Tata Power
13-07-2023,227,227.2,220.9,221.9,9389403,Tata Power
14-07-2023,222.8,222.8,218.6,221.1,10191602,Tata Power
17-07-2023,222,224.7,221.3,223.5,7071156,Tata Power
18-07-2023,224.2,224.3,220.8,221.5,6695221,Tata Power
19-07-2023,221.4,221.4,217.5,219.5,14481130,Tata Power
20-07-2023,219.8,220.7,217.8,218.2,6910107,Tata Power
21-07-2023,218.2,219.2,216.8,217.4,5715378,Tata Power
24-07-2023,218.3,218.8,216.8,217.4,4387406,Tata Power
25-07-2023,217.5,220.5,217.5,219.5,7602866,Tata Power
26-07-2023,220.4,222.4,219.8,221.5,8511027,Tata Power
27-07-2023,222.3,222.6,220.5,220.9,7845672,Tata Power
28-07-2023,220.9,237.2,220,234.7,57651036,Tata Power
31-07-2023,236.6,238.9,235.2,236.7,18682254,Tata Power
01-08-2023,237.4,245.4,236.3,244.4,27535144,Tata Power
02-08-2023,244.7,244.7,233.3,235.8,22636262,Tata Power
03-08-2023,235.3,237.6,232.6,235.5,10784942,Tata Power
04-08-2023,237,237.4,234.5,235.7,7710303,Tata Power
07-08-2023,236.9,237,232.2,232.8,7286281,Tata Power
08-08-2023,234.5,236.7,230.5,233.9,9464101,Tata Power
09-08-2023,237,237,232,234.9,10515447,Tata Power
10-08-2023,236,241.7,233.5,237.2,25155361,Tata Power
11-08-2023,238.1,238.4,235.2,236.2,6875382,Tata Power
14-08-2023,236,236.2,229.1,231.2,10730311,Tata Power
16-08-2023,230,235.5,228.1,235,6716135,Tata Power
17-08-2023,235,235.9,231.9,232.5,6535775,Tata Power
18-08-2023,232.5,233.5,229.6,230.1,6814759,Tata Power
21-08-2023,230.7,240.4,230.1,239.4,14519170,Tata Power
22-08-2023,242,244.1,239.6,243.5,22416067,Tata Power
23-08-2023,244.7,248.5,243.5,245.6,23010389,Tata Power
24-08-2023,247,252.8,246.5,249.8,28698029,Tata Power
25-08-2023,249.7,251.7,243.4,245.6,15076489,Tata Power
28-08-2023,246.2,246.9,243.7,245,7395680,Tata Power
29-08-2023,245,248.5,245,246.9,7267365,Tata Power
30-08-2023,248,250.5,246.9,247.4,8228142,Tata Power
31-08-2023,248.7,249.8,244.3,245.1,11641155,Tata Power
01-09-2023,246.8,256,246.1,255.4,28052910,Tata Power
04-09-2023,258,262.3,255.1,259.2,18767431,Tata Power
05-09-2023,260.8,262.5,255.7,258.5,14987193,Tata Power
06-09-2023,261,261.8,254.7,257.5,9250338,Tata Power
07-09-2023,258,266.4,256.3,263.7,17703150,Tata Power
08-09-2023,264.9,276.5,263.7,268.9,53019645,Tata Power
11-09-2023,274,274,269.2,271.9,16450404,Tata Power
12-09-2023,276,276,260,262.7,23738913,Tata Power
13-09-2023,263.5,267.6,261,265,11803636,Tata Power
14-09-2023,266.9,268,263.5,265.1,7915449,Tata Power
15-09-2023,267.1,268,263.1,264,7612098,Tata Power
18-09-2023,265.4,266.8,262.3,265.6,8425365,Tata Power
20-09-2023,265.4,267,261,262,9016803,Tata Power
21-09-2023,262,262,256.1,256.7,7948656,Tata Power
22-09-2023,257.2,259,254.3,257.1,6831744,Tata Power
25-09-2023,258.2,258.3,255,256.9,5384845,Tata Power
26-09-2023,257.1,263.8,257,259.9,9193002,Tata Power
27-09-2023,259.9,260.6,256.6,259.8,5650167,Tata Power
28-09-2023,262,264.3,257.3,258.1,11266992,Tata Power
29-09-2023,259.5,264.8,259.5,262.3,10214222,Tata Power
03-10-2023,262.6,266.5,260.8,264,7137959,Tata Power
04-10-2023,263,263,253.5,256.7,12531396,Tata Power
05-10-2023,258.6,260.2,256,257.8,6675848,Tata Power
06-10-2023,259.5,260,258.1,258.8,3828731,Tata Power
09-10-2023,255.1,256,249.1,250,11210941,Tata Power
10-10-2023,250.5,255,250.5,253.9,5951928,Tata Power
11-10-2023,255.2,256.4,253.1,254,6245802,Tata Power
12-10-2023,255.4,257.4,254.7,255.2,5375168,Tata Power
13-10-2023,254.5,255.9,253.2,254.1,4300916,Tata Power
16-10-2023,254.1,256.9,253.6,254.8,6720120,Tata Power
17-10-2023,256.9,259.3,256,256.9,6338761,Tata Power
18-10-2023,257,257.7,251.5,253.1,6003534,Tata Power
19-10-2023,252.6,252.9,249.5,252,4782988,Tata Power
20-10-2023,251.5,252.4,246.6,247.4,7678941,Tata Power
23-10-2023,248.4,248.8,236.3,238.3,9550108,Tata Power
25-10-2023,239.9,241.7,233.2,236.7,9555885,Tata Power
26-10-2023,235,235.4,230.8,234.4,9272278,Tata Power
27-10-2023,236.2,239,235.5,238.2,7031353,Tata Power
30-10-2023,238.5,239.9,235,239.1,5661460,Tata Power
31-10-2023,240.5,241.9,238.3,239.4,6266858,Tata Power
01-11-2023,240,240.3,236.3,236.9,4027707,Tata Power
02-11-2023,238,245.1,238,244.8,9816661,Tata Power
03-11-2023,245.9,246.2,243.9,244.6,5030180,Tata Power
06-11-2023,247,251.2,245.6,249.6,9389448,Tata Power
07-11-2023,250,252,248.9,249.8,7066697,Tata Power
08-11-2023,252.9,256.4,251.5,255,13131393,Tata Power
09-11-2023,254,254,247.2,248,15388769,Tata Power
10-11-2023,248,251.9,246.9,251.4,6974541,Tata Power
13-11-2023,252.8,258.5,251.3,257.1,10251490,Tata Power
15-11-2023,259.2,262.3,258.1,259.2,8436750,Tata Power
16-11-2023,259.4,265.5,259.4,262.5,13551131,Tata Power
17-11-2023,262.9,265,261.4,262.7,6452353,Tata Power
20-11-2023,263.9,264.4,260.1,260.9,4859705,Tata Power
21-11-2023,263.8,265.4,260.8,262.7,6931541,Tata Power
22-11-2023,263.4,263.6,259.3,262.1,4537969,Tata Power
23-11-2023,262.1,263.8,259.8,260.8,5466513,Tata Power
24-11-2023,261.4,261.9,257.1,258.2,7153583,Tata Power
28-11-2023,259.4,271.4,258.5,270.8,24745437,Tata Power
29-11-2023,275,275.7,271.5,273.4,26392589,Tata Power
30-11-2023,273,273,265.1,267.9,20403510,Tata Power
01-12-2023,270,278.5,268.6,276,32159928,Tata Power
04-12-2023,285,286,278.9,281.6,28890541,Tata Power
05-12-2023,283,283.2,276.5,281.5,21565252,Tata Power
06-12-2023,281.6,298.6,280.2,294.2,45934967,Tata Power
07-12-2023,295,332.2,292.2,325.8,152381610,Tata Power
08-12-2023,332,336,318.1,323.6,74992149,Tata Power
11-12-2023,325.4,335.3,322.4,333.7,40351523,Tata Power
12-12-2023,335,335,327.6,330.8,22627713,Tata Power
13-12-2023,332.1,340.5,329.8,338.2,33632037,Tata Power
14-12-2023,340.9,341.9,335,335.4,16560229,Tata Power
15-12-2023,337.4,338.5,331.8,333.2,17080409,Tata Power
18-12-2023,339,340.3,334.4,337.1,15561817,Tata Power
19-12-2023,338.5,338.5,330.5,335.9,11713755,Tata Power
20-12-2023,336.7,346.9,318,320.2,40678163,Tata Power
21-12-2023,318,330.7,312.7,328.6,26393082,Tata Power
22-12-2023,331,332,323.6,326.7,15179674,Tata Power
26-12-2023,328.6,331.4,325,325.4,11314266,Tata Power
27-12-2023,327.1,329.9,321.7,324.9,10349372,Tata Power
28-12-2023,326.6,331,324,329.8,16182026,Tata Power
29-12-2023,330.1,336,326.1,332.2,19909151,Tata Power
01-01-2024,333.9,335.9,328.2,330.3,10096386,Tata Power
02-01-2024,331.7,332.7,319.6,329.9,15689859,Tata Power
03-01-2024,329.6,329.6,324.9,326.7,9954264,Tata Power
04-01-2024,326.8,340.8,326.8,337.9,26968463,Tata Power
05-01-2024,339.4,349.7,336.2,340.8,37557423,Tata Power
08-01-2024,344,344,337.4,339,14548833,Tata Power
09-01-2024,341.7,344.9,338.1,340.2,14504090,Tata Power
10-01-2024,342.2,348.8,340.8,346.5,23432704,Tata Power
11-01-2024,349.5,360,347.9,357.3,33499272,Tata Power
12-01-2024,361.7,361.9,356.6,357.8,20933438,Tata Power
15-01-2024,359.7,360.2,353,358.9,12869181,Tata Power
16-01-2024,359,360.7,349,353.5,14129539,Tata Power
17-01-2024,352.4,355.4,346.5,348.8,12084011,Tata Power
18-01-2024,347.8,350,335.3,345.6,16863929,Tata Power
19-01-2024,348,351.3,345.1,348.7,13483525,Tata Power
23-01-2024,365.5,365.8,341.2,346.2,25989141,Tata Power
24-01-2024,348.5,357.9,343.8,357,19810051,Tata Power
25-01-2024,359,366.7,358,365.1,19949672,Tata Power
29-01-2024,369.5,387.3,366.9,381.9,34448280,Tata Power
30-01-2024,386.1,392.8,382,383.3,23860682,Tata Power
31-01-2024,385,391.2,383.7,389.8,15543971,Tata Power
01-02-2024,392.1,396.7,385.5,388.9,25396799,Tata Power
02-02-2024,391.6,394.8,387.6,389.8,13340756,Tata Power
05-02-2024,395.5,402.5,390.2,394,22188678,Tata Power
06-02-2024,396.7,396.7,386.8,393,12288416,Tata Power
07-02-2024,395.7,401.8,392,395.2,13281036,Tata Power
08-02-2024,396.5,410.9,393.1,407.4,21626429,Tata Power
09-02-2024,412.9,412.9,384.1,392.1,38295877,Tata Power
12-02-2024,379.9,386.2,359.2,361.7,44078652,Tata Power
13-02-2024,361.7,366.5,354.6,365.1,21221871,Tata Power
14-02-2024,364.3,374.6,358.2,373.7,15216135,Tata Power
15-02-2024,376.7,382.4,374.8,378.9,16001298,Tata Power
16-02-2024,383,383,375.3,376.3,9592754,Tata Power
19-02-2024,383.1,385.8,379.1,380.5,12557987,Tata Power
20-02-2024,381,382.5,376.1,379,7298102,Tata Power
21-02-2024,380.7,383.9,373.5,375.5,10283746,Tata Power
22-02-2024,377.1,379.7,369.3,377.9,8449170,Tata Power
23-02-2024,379.4,381.8,377.5,378.4,5691333,Tata Power
26-02-2024,379,381.4,377.7,378.4,6228934,Tata Power
27-02-2024,379,379.5,374,375.6,6322898,Tata Power
28-02-2024,375.5,378.3,364.6,365.8,8577264,Tata Power
29-02-2024,367,374,363.1,371.8,8088079,Tata Power
01-03-2024,375.6,379.8,374.6,377.4,7853708,Tata Power
04-03-2024,381.1,394,380.2,391.8,25814019,Tata Power
05-03-2024,392,400,390.5,396.2,18795182,Tata Power
06-03-2024,396.2,397.6,384.7,395,15795532,Tata Power
07-03-2024,396,433.3,396,425.3,98883541,Tata Power
11-03-2024,414,421.5,404.7,413.2,39122073,Tata Power
12-03-2024,414.4,414.7,395,396.1,26812422,Tata Power
13-03-2024,399.3,399.8,367.8,372,36185918,Tata Power
14-03-2024,372,386.3,365.6,384.5,27089563,Tata Power
15-03-2024,384.5,388,372,380.8,20859247,Tata Power
18-03-2024,382.9,394.5,378.6,392.8,34069247,Tata Power
19-03-2024,392.2,392.9,381.1,383.3,14809242,Tata Power
20-03-2024,386,388.4,371.1,379.9,18068658,Tata Power
21-03-2024,385.1,394.4,384,392.2,16908086,Tata Power
22-03-2024,389.9,395.5,386.5,390.7,11759985,Tata Power
26-03-2024,390.5,394,387.8,390.1,9140496,Tata Power
27-03-2024,391.6,393.9,387.5,388.4,9084482,Tata Power
28-03-2024,391,398.9,391,394.2,16040575,Tata Power
01-04-2024,399,408.9,397.6,407,17765438,Tata Power
02-04-2024,407,412.2,406.6,408.8,10630906,Tata Power
03-04-2024,409,415.3,407.4,412.3,12195598,Tata Power
04-04-2024,415.7,419.9,410.7,414.1,16383105,Tata Power
05-04-2024,414.1,415.5,408.1,414.6,8530184,Tata Power
08-04-2024,417.5,418.7,414.8,416.4,7588327,Tata Power
09-04-2024,417,436.2,416.4,429.9,37377906,Tata Power
10-04-2024,432,439.4,431,432,18390566,Tata Power
12-04-2024,431.5,444.2,429.1,437,25430924,Tata Power
15-04-2024,424,441.5,417.2,431.6,32551966,Tata Power
16-04-2024,431.4,435.7,426.6,430.4,14662756,Tata Power
18-04-2024,434.9,442.8,427.1,429.8,20997007,Tata Power
19-04-2024,426.3,431.7,419.3,428.1,17985425,Tata Power
22-04-2024,434,435,426.8,428,12126655,Tata Power
23-04-2024,430.1,432.4,427.7,429.7,9349694,Tata Power
24-04-2024,430.1,432.5,427,428.3,6456018,Tata Power
25-04-2024,428.3,433.1,427,431.5,7794324,Tata Power
26-04-2024,432.6,440.5,432.5,436.9,14337708,Tata Power
29-04-2024,439.9,451.4,437.3,448,23566023,Tata Power
30-04-2024,451.7,455.3,448.1,449.3,22517400,Tata Power
02-05-2024,450.1,460,449.3,457.9,15880502,Tata Power
03-05-2024,461.6,464.2,448.5,454.8,16825776,Tata Power
06-05-2024,458.6,458.6,442.4,446.3,16739666,Tata Power
07-05-2024,448.6,449.3,432.4,436.4,14131347,Tata Power
08-05-2024,434.8,441.2,430.1,435.1,13914786,Tata Power
09-05-2024,427.9,431.3,412.1,413.5,28007098,Tata Power
10-05-2024,415,418.3,404.2,414.9,19951523,Tata Power
13-05-2024,414.9,415.4,396.6,411.8,25148219,Tata Power
14-05-2024,413.1,432,412.7,430.4,18401250,Tata Power
15-05-2024,433.8,440,430.4,431.3,13804148,Tata Power
16-05-2024,435,435.4,426.9,434,8324498,Tata Power
17-05-2024,434,438.3,432.4,436.3,7388213,Tata Power
21-05-2024,443.4,446.4,440.1,441.7,11541624,Tata Power
22-05-2024,442,450.1,436.5,447.7,16085201,Tata Power
23-05-2024,450.4,452.1,445.5,449.2,8872759,Tata Power
24-05-2024,449.2,453,446.1,447.2,9759025,Tata Power
27-05-2024,448.9,452.6,445,446.1,10073185,Tata Power
28-05-2024,447,449.4,434.2,436.9,9560161,Tata Power
29-05-2024,435,439.5,432.1,432.9,7241846,Tata Power
30-05-2024,432.9,433.5,422.6,425.4,9059666,Tata Power
31-05-2024,425.4,438.7,425.4,436.8,15285970,Tata Power
03-06-2024,460,460,447.4,456.6,25033120,Tata Power
04-06-2024,458.9,458.9,371.7,399.6,58989328,Tata Power
05-06-2024,417,424.5,390,422.8,25587086,Tata Power
06-06-2024,430,438.4,425.8,431.6,13644903,Tata Power
07-06-2024,430,445.7,427,443.6,15039562,Tata Power
10-06-2024,446.6,458.8,445.2,448,20554460,Tata Power
11-06-2024,448,453.8,446.8,448.4,9802063,Tata Power
12-06-2024,451,453.9,448.6,449.7,7066407,Tata Power
13-06-2024,457,458,449.7,451.9,12208021,Tata Power
14-06-2024,452.4,453.6,447.5,448.7,7858446,Tata Power
18-06-2024,449.8,454.3,448.2,451.7,6522944,Tata Power
19-06-2024,452,452.7,441.7,442.4,8981273,Tata Power
20-06-2024,443,446.5,436.6,443.7,8058795,Tata Power
21-06-2024,443.7,445.2,437.7,438.7,16109190,Tata Power
24-06-2024,436,439.5,432.1,435.6,7878288,Tata Power
25-06-2024,436,438,429.4,430.8,7140628,Tata Power
26-06-2024,430.4,435.8,429.1,432.2,9323979,Tata Power
27-06-2024,432.2,443,426.5,439.5,18716207,Tata Power
28-06-2024,439.5,444.5,438.3,440.6,11339346,Tata Power
01-07-2024,441,441.7,434.4,435.4,8020642,Tata Power
02-07-2024,436,437,428,432.8,7511940,Tata Power
03-07-2024,433.5,435.5,430.8,433.9,9201151,Tata Power
04-07-2024,434,442.3,433.3,436.3,10686705,Tata Power
05-07-2024,436.5,440.3,434,440,8708995,Tata Power
08-07-2024,440.7,443.5,431.9,433.5,9154756,Tata Power
09-07-2024,437.5,441.8,434.7,439,6076549,Tata Power
10-07-2024,440,442,426.9,437.4,8745713,Tata Power
11-07-2024,439,444.5,436.1,440.4,8553094,Tata Power
12-07-2024,441.8,442.2,432.4,434.1,6826289,Tata Power
15-07-2024,436.4,442.6,431,439.4,6598992,Tata Power
16-07-2024,440.4,445.3,436.1,436.9,10724685,Tata Power
18-07-2024,440.9,441,429,430,12053566,Tata Power
19-07-2024,430,430,412.9,414.2,16560718,Tata Power
22-07-2024,415,425,409.6,424.1,9437893,Tata Power
23-07-2024,428.7,428.7,400,416.5,17985870,Tata Power
24-07-2024,416.5,425,415.3,420,9455765,Tata Power
25-07-2024,416.4,425.8,412.7,423.4,12474704,Tata Power
26-07-2024,432,446.2,430.2,444.7,33285673,Tata Power
29-07-2024,447,450,441,442.3,13720073,Tata Power
30-07-2024,442.3,449.2,440,444.1,11262582,Tata Power
31-07-2024,446.4,455,445,453.6,21227714,Tata Power
01-08-2024,455,465.9,454.1,464.4,34019552,Tata Power
02-08-2024,460.3,471,452.4,460.4,27534299,Tata Power
05-08-2024,446,452.9,430.1,434.8,28371364,Tata Power
06-08-2024,438,449.4,433.5,436.7,19245378,Tata Power
07-08-2024,444,445.3,426.1,430.3,29078704,Tata Power
08-08-2024,432.5,432.5,417,418,25148625,Tata Power
09-08-2024,424.9,425,416.1,417.8,13056991,Tata Power
12-08-2024,417.1,422.9,411.1,418.2,14448957,Tata Power
13-08-2024,420,420,406.4,408.3,13650935,Tata Power
14-08-2024,410,412.9,403.1,405.5,11672941,Tata Power
16-08-2024,408.9,414.4,406.8,413.7,8273268,Tata Power
19-08-2024,416.7,420.9,415.1,418.8,8187151,Tata Power
20-08-2024,418.2,423.9,416.7,422.3,7951880,Tata Power
21-08-2024,427.3,427.3,421.7,424.5,10587000,Tata Power
22-08-2024,425.8,425.8,421.6,423,4519043,Tata Power
23-08-2024,422.6,423.2,417.2,418,5647724,Tata Power
26-08-2024,420,423.5,417,422.5,6794262,Tata Power
27-08-2024,422.5,429.5,421,428.2,11895337,Tata Power
28-08-2024,430,434.2,428.6,431.4,18213329,Tata Power
29-08-2024,431.4,433.1,424.7,430.9,9942257,Tata Power
30-08-2024,432.4,437.4,431.4,434.7,12866589,Tata Power
02-09-2024,435.9,436.8,429.5,433.2,9400824,Tata Power
03-09-2024,433.5,434.7,431.3,434,9712479,Tata Power
04-09-2024,429.7,429.7,419.7,420.9,14761838,Tata Power
05-09-2024,421.1,424,419.2,420.9,8167304,Tata Power
06-09-2024,420,421.3,414.4,417,10236248,Tata Power
09-09-2024,417,419.2,411.3,417.9,6590372,Tata Power
10-09-2024,422.4,447.2,420.5,445.4,39706164,Tata Power
11-09-2024,445.9,449,432.8,435.7,20189436,Tata Power
12-09-2024,438.6,443.4,436.1,439.9,8729441,Tata Power
13-09-2024,446,449.6,441.1,441.8,13341086,Tata Power
16-09-2024,443.5,451.9,440.5,443.4,8850620,Tata Power
17-09-2024,443.4,450.9,439.6,445.1,10744634,Tata Power
18-09-2024,445.5,447.1,438,440.6,7014739,Tata Power
19-09-2024,442.7,450.6,430.8,439.6,12721422,Tata Power
20-09-2024,441.8,446.5,439.4,444.2,11837310,Tata Power
23-09-2024,445,460,444.5,454.5,26480471,Tata Power
24-09-2024,455.6,474.3,453.4,468.8,40263592,Tata Power
25-09-2024,468.8,470.9,460.4,468.1,15948993,Tata Power
26-09-2024,470,477.9,465.6,476.1,20074440,Tata Power
27-09-2024,482.5,494.9,477.5,485.5,32121777,Tata Power
30-09-2024,485.4,489,473.4,482.6,15756520,Tata Power
01-10-2024,486.8,491.2,479.4,481.3,15141589,Tata Power
03-10-2024,469.1,478,464.5,471.8,14971905,Tata Power
04-10-2024,471.5,474.5,460.6,466.7,13337665,Tata Power
07-10-2024,467.9,468.9,438.7,441.3,19893771,Tata Power
08-10-2024,441.6,461,439.6,456.9,20651560,Tata Power
09-10-2024,460,470.4,452.6,460.9,16274750,Tata Power
10-10-2024,460,477.9,456.2,465.7,20626505,Tata Power
11-10-2024,465.7,467.4,459.4,461.2,8006885,Tata Power
14-10-2024,463.8,464.8,458.4,462.3,8552461,Tata Power
15-10-2024,463.5,474.4,461.1,463.5,11987910,Tata Power
16-10-2024,463.3,469.5,457.3,460.5,8574770,Tata Power
17-10-2024,461,462.6,449,450.2,10204584,Tata Power
18-10-2024,449.9,456.5,443.1,453.6,11045862,Tata Power
21-10-2024,455.6,465.6,449.7,453.8,13387706,Tata Power
22-10-2024,453.8,454.1,434,435.9,12887529,Tata Power
23-10-2024,436.5,443.2,430.4,437.7,11696327,Tata Power
24-10-2024,437.1,441.3,432.1,438,7751620,Tata Power
25-10-2024,438,439.1,414.5,422.1,16754459,Tata Power
28-10-2024,423.5,429.5,415,425.7,8791214,Tata Power
29-10-2024,428,428.6,415.3,425.4,9520732,Tata Power
30-10-2024,426.1,433.3,421.9,427,9699786,Tata Power
31-10-2024,430.5,444.8,420.8,440.1,29693039,Tata Power
04-11-2024,446.3,446.8,426.1,429.1,13264369,Tata Power
05-11-2024,429,434.9,425.9,434.1,8889823,Tata Power
06-11-2024,437.1,452,436.5,449.3,12638381,Tata Power
07-11-2024,451.5,454.8,443,444.9,9820442,Tata Power
08-11-2024,446.8,446.8,430,432.8,9328678,Tata Power
11-11-2024,432,437.8,428.1,431.5,8278229,Tata Power
12-11-2024,432.1,436.4,412.5,414.2,11039936,Tata Power
13-11-2024,413,416.2,397,399.4,13327466,Tata Power
14-11-2024,402,411.9,400.5,404.7,11063591,Tata Power
18-11-2024,408,410.9,397.6,404.7,10703937,Tata Power
19-11-2024,406.3,417.8,406.3,408.1,8869625,Tata Power
21-11-2024,411.5,413.4,397.4,408.1,13362385,Tata Power
22-11-2024,414.9,416.9,409.3,413.8,11165181,Tata Power
25-11-2024,421.5,423.5,410,412.4,20232580,Tata Power
26-11-2024,413.9,415.4,408,410.3,7286324,Tata Power
27-11-2024,411.8,418.5,409.3,417.7,7869397,Tata Power
28-11-2024,418.4,421,412.1,414.5,9850477,Tata Power
29-11-2024,414.5,417.5,410.5,414.2,8478659,Tata Power
02-12-2024,413,418.9,412,416.5,8156409,Tata Power
03-12-2024,418.4,429.9,417.6,428.6,14366296,Tata Power
04-12-2024,428.6,432,424.3,425.7,6195150,Tata Power
05-12-2024,425.7,433.3,419.5,430.9,10798097,Tata Power
06-12-2024,433.8,442.5,433.3,439.7,17372298,Tata Power
09-12-2024,443,447.7,439.1,440.8,13417161,Tata Power
10-12-2024,442,442.7,432.1,435.2,9854285,Tata Power
11-12-2024,435.6,438.6,434.3,434.8,5815604,Tata Power
12-12-2024,435,436.8,429,433.6,6049186,Tata Power
13-12-2024,432,432.4,420.3,428.5,8032224,Tata Power
16-12-2024,428,430.4,424.4,425.5,4244188,Tata Power
17-12-2024,425.4,428,419.3,420.9,6450903,Tata Power
18-12-2024,420.9,421,413,415,6313538,Tata Power
19-12-2024,410,413.9,406.7,412.6,7242352,Tata Power
20-12-2024,412.6,415.4,400.1,401.1,10205219,Tata Power
23-12-2024,404.9,406,396.9,399.9,9052063,Tata Power
24-12-2024,400.9,405.3,398.3,399.4,6762204,Tata Power
26-12-2024,401,408,397.7,404.3,8622771,Tata Power
27-12-2024,406,408,398.2,399,5983308,Tata Power
30-12-2024,399.6,400.3,387,389.8,29023595,Tata Power
31-12-2024,389.5,395,385.5,392.4,9685224,Tata Power
01-01-2025,392.5,394.2,389.3,392.4,4404708,Tata Power
02-01-2025,392,397,387.1,395.5,11244310,Tata Power
03-01-2025,396,403,395.5,396.7,8254584,Tata Power
06-01-2025,397,397,377,378.7,11688108,Tata Power
07-01-2025,380,384.5,377.6,378.8,7289119,Tata Power
08-01-2025,379.5,380.5,372.1,374.1,8183207,Tata Power
09-01-2025,374.1,376,366,367.2,6423717,Tata Power
10-01-2025,367.2,368.5,355.1,356.4,9579404,Tata Power
13-01-2025,350,354.9,338.4,340,11236512,Tata Power
14-01-2025,341,358.2,341,357,11846097,Tata Power
15-01-2025,360,371.6,356,365.5,11046133,Tata Power
16-01-2025,371.8,374,368.1,368.9,5888896,Tata Power
17-01-2025,368.5,375.4,365.3,373.6,5504954,Tata Power
20-01-2025,374.9,376.2,371,374.5,3436674,Tata Power
21-01-2025,374.5,376.1,365.2,365.9,5074789,Tata Power
22-01-2025,368,368.7,352.2,358.9,5952212,Tata Power
23-01-2025,357.5,365.9,355.1,362.8,4886732,Tata Power
24-01-2025,362.8,370.7,362.2,363.4,7966520,Tata Power
27-01-2025,361,361,350.1,351.9,6562351,Tata Power
28-01-2025,355.5,356.1,343,346.4,9189775,Tata Power
29-01-2025,346.4,352.5,345,351,6707937,Tata Power
30-01-2025,352,356.3,348.4,352.2,7304454,Tata Power
31-01-2025,353,367,350.1,364.5,7026507,Tata Power
03-02-2025,367,367,351.5,354.9,8346246,Tata Power
04-02-2025,359,363.6,353.8,362.1,7633708,Tata Power
05-02-2025,366.5,375,362.5,366.2,16453177,Tata Power
06-02-2025,370.8,371.9,362.5,365.4,7562113,Tata Power
07-02-2025,365.6,372.8,363.9,367.1,5469279,Tata Power
10-02-2025,367.1,369,356.9,358.2,5124415,Tata Power
11-02-2025,358.2,358.7,347.2,349.1,4620826,Tata Power
12-02-2025,349,350.9,339,348.1,7835524,Tata Power
13-02-2025,351.4,357.5,346.4,347.9,5816040,Tata Power
14-02-2025,349.1,351.2,332,337.2,8576754,Tata Power
17-02-2025,337.1,338.5,326.4,337.2,7217327,Tata Power
18-02-2025,337.2,340.8,329.7,339.6,6538131,Tata Power
19-02-2025,337,350,334.7,347.7,6083541,Tata Power
20-02-2025,348,361,344.6,358,10098769,Tata Power
21-02-2025,358,362.5,353.7,357.2,6119901,Tata Power
24-02-2025,356,357,351.7,354.6,3758390,Tata Power
25-02-2025,354.6,356.6,350.2,351.5,4066133,Tata Power
27-02-2025,353.3,356,341,343.3,6464092,Tata Power
28-02-2025,340,342.1,335.5,339.2,8340920,Tata Power
03-03-2025,338.8,345.9,331.9,342.9,9727866,Tata Power
04-03-2025,339,347.9,337,346,5170345,Tata Power
05-03-2025,345,352.7,344.6,351.4,6098026,Tata Power
06-03-2025,355,357.5,351.2,354.1,4879725,Tata Power
07-03-2025,354,360.5,350.3,351.5,5520005,Tata Power
10-03-2025,356.5,362.8,351.4,352.5,11222110,Tata Power
11-03-2025,350.2,354,344.3,352.5,5141578,Tata Power
12-03-2025,353.6,359.6,351,356.3,5285957,Tata Power
13-03-2025,360.5,360.8,350,350.8,4898500,Tata Power
18-03-2025,352.1,363.7,351.8,362.7,7096285,Tata Power
19-03-2025,363.9,373.3,363,371.5,7875564,Tata Power
20-03-2025,374.8,374.8,367.6,370.4,4678329,Tata Power
21-03-2025,370.4,381.9,370.3,379.5,7559436,Tata Power
24-03-2025,385,385,379.6,383.3,6177301,Tata Power
25-03-2025,385,385.9,375.5,377.1,6063608,Tata Power
26-03-2025,377.1,381,374.6,376,8048272,Tata Power
27-03-2025,374.5,384.8,372.4,383.4,6287597,Tata Power
28-03-2025,384.1,386.1,373.3,375.4,6458106,Tata Power
01-04-2025,372.5,379.8,370.6,374.8,3414174,Tata Power
02-04-2025,374.8,379.2,368.3,378.3,3283925,Tata Power
03-04-2025,374,387.3,373.6,385.7,6580525,Tata Power
04-04-2025,383.8,388.2,367.1,369,7609077,Tata Power
07-04-2025,337,358.7,335,354.9,9906124,Tata Power
08-04-2025,360.3,370.7,356,359.7,6317158,Tata Power
09-04-2025,359.7,363,354.2,358.3,4343527,Tata Power
11-04-2025,368.1,368.9,362.1,364.5,5187303,Tata Power
15-04-2025,375,380.6,372.3,378.5,7238758,Tata Power
16-04-2025,378,383,377.5,381.3,5869686,Tata Power
17-04-2025,381,384.4,378.5,381.7,6156250,Tata Power
21-04-2025,383.1,394,382,390.9,7589962,Tata Power
22-04-2025,393,395.5,387,388.6,6180369,Tata Power
23-04-2025,390.1,396,382.2,394.5,8443906,Tata Power
24-04-2025,392.5,399.3,391.9,395.9,6639147,Tata Power
25-04-2025,394.5,402.5,382.2,387.6,14233760,Tata Power
28-04-2025,386.2,400.4,386.2,395.1,10237785,Tata Power
29-04-2025,395.1,403.3,392,393.4,8781695,Tata Power
30-04-2025,391.8,391.8,382,384.4,4942900,Tata Power
02-05-2025,384,390.5,380.7,381.8,5482908,Tata Power
05-05-2025,382,389.9,380.2,389.1,4274926,Tata Power
06-05-2025,388.1,389.8,373,374.9,5610082,Tata Power
07-05-2025,366,380.9,366,377.4,6822934,Tata Power
08-05-2025,377.4,383.6,367.3,370.2,5891937,Tata Power
09-05-2025,358.2,372.1,357.3,371,9008734,Tata Power
12-05-2025,382,393,378.5,391.4,8931721,Tata Power
13-05-2025,392,395.9,388.1,389.3,5941514,Tata Power
14-05-2025,390.5,398.9,390.3,397,8640596,Tata Power
15-05-2025,403,404,392.7,398,18848985,Tata Power
16-05-2025,398,409.8,397.7,405.8,13234846,Tata Power
19-05-2025,407.8,412,406.6,408.1,6903749,Tata Power
20-05-2025,408.3,408.8,398.3,399,5873673,Tata Power
21-05-2025,400.8,402.9,396.2,401.9,3841567,Tata Power
22-05-2025,399,402.6,389.5,395.6,5109983,Tata Power
23-05-2025,396.2,402.8,393.6,402.1,5125963,Tata Power
26-05-2025,402.3,406,400.6,402.6,5935753,Tata Power
27-05-2025,402.9,404,398.4,402.2,4088356,Tata Power
28-05-2025,401,404.6,395.5,396.4,5224499,Tata Power
29-05-2025,398.7,399.2,395.1,397.3,3547895,Tata Power
30-05-2025,397,399.9,391.1,392.8,6602059,Tata Power
02-06-2025,392.8,398.2,391.1,396.9,4988795,Tata Power
03-06-2025,396.9,399.2,389.9,391.5,4922600,Tata Power
04-06-2025,391,395,389.1,393.7,7238701,Tata Power
05-06-2025,393,398,392.3,393.6,3947460,Tata Power
06-06-2025,392.1,400.8,392.1,399.6,6204861,Tata Power
09-06-2025,400.4,407.5,400,406.2,5981383,Tata Power
10-06-2025,409,416,406.2,413.2,10129259,Tata Power
11-06-2025,415,416.8,409.4,412.1,6791313,Tata Power
12-06-2025,412,412.5,400.1,401.7,5284359,Tata Power
13-06-2025,395,399.4,393.8,397.2,4749159,Tata Power
16-06-2025,397,401.3,391.3,399.4,3609820,Tata Power
17-06-2025,399.4,402.2,395,396.1,3234777,Tata Power
18-06-2025,396.1,398,390.6,393.4,2973122,Tata Power
19-06-2025,392.5,394.1,383,384.6,4441866,Tata Power
20-06-2025,383.5,392.5,381.6,390.1,15318217,Tata Power
23-06-2025,385,394.6,384.6,393,5195843,Tata Power
24-06-2025,395,403.8,394.9,398.5,6296902,Tata Power
25-06-2025,401,405.7,400,403.1,6324991,Tata Power
26-06-2025,403.1,406,401.5,405.7,5064123,Tata Power
27-06-2025,407.1,411.5,406.4,408.9,5243333,Tata Power
30-06-2025,408.9,410.2,403.5,405.5,3232056,Tata Power
