Date,Open,High,Low,Close,Volume,Company
03-07-2006,153.1,153.8,149,150.4,1779994,Tata Motors
04-07-2006,151.8,154.8,151.8,152.3,2093093,Tata Motors
05-07-2006,151.8,153.7,150.1,153,2323606,Tata Motors
06-07-2006,152.4,154.2,150.3,152.4,1827491,Tata Motors
07-07-2006,153.7,154.5,145.9,147.2,1556803,Tata Motors
10-07-2006,148.4,151.2,145,150.3,1347759,Tata Motors
11-07-2006,150.6,150.6,143.7,144.5,1956861,Tata Motors
12-07-2006,143.7,147.6,141,147.1,2277345,Tata Motors
13-07-2006,147.1,147.6,144.4,147,1624853,Tata Motors
14-07-2006,145.1,145.1,140.4,141.2,1801494,Tata Motors
17-07-2006,141.3,141.3,131.9,132.8,1618162,Tata Motors
18-07-2006,133.7,135.6,130.4,131.6,2329313,Tata Motors
19-07-2006,133.5,133.7,125.1,125.9,2235322,Tata Motors
20-07-2006,128,133.6,128,131.5,2842152,Tata Motors
21-07-2006,130.8,137.5,127,128.4,1089247,Tata Motors
24-07-2006,127,131.4,124.5,130.7,1467935,Tata Motors
25-07-2006,132.9,135.1,131.8,134,2754561,Tata Motors
26-07-2006,134.6,140,134.6,139.2,3102633,Tata Motors
27-07-2006,139,142,137.8,141.1,2412462,Tata Motors
28-07-2006,141.3,143,137.1,139.1,1920177,Tata Motors
31-07-2006,140.7,143,140.4,141.7,876664,Tata Motors
01-08-2006,140.4,141.3,137.5,139.7,946369,Tata Motors
02-08-2006,141,145.2,140,144.8,1289196,Tata Motors
03-08-2006,148,150.7,145.1,146.8,2368411,Tata Motors
04-08-2006,147.6,148.7,143.9,144.9,909222,Tata Motors
07-08-2006,146,146.4,142.7,143.1,1320381,Tata Motors
08-08-2006,143.2,147,143.2,146.5,681663,Tata Motors
09-08-2006,143.1,153,141.7,151.5,2144165,Tata Motors
10-08-2006,151.2,152.2,149,150.7,1229654,Tata Motors
11-08-2006,151.2,154.9,150.5,150.8,1864347,Tata Motors
14-08-2006,152,153.5,151.1,152.9,927100,Tata Motors
16-08-2006,154.6,157.5,154.1,156.1,1238943,Tata Motors
17-08-2006,157,160.8,156.4,159.9,2441243,Tata Motors
18-08-2006,160.4,163.6,159.4,162.3,2942792,Tata Motors
21-08-2006,162.3,164.8,160.3,163.9,1806613,Tata Motors
22-08-2006,163.3,165.2,160.4,161.4,1290518,Tata Motors
23-08-2006,161.2,163.4,160.4,161.8,2210818,Tata Motors
24-08-2006,162.1,165,160.1,164.2,2368051,Tata Motors
25-08-2006,164.2,165.7,161.7,162.7,1212017,Tata Motors
28-08-2006,160.8,164.2,160.8,162.7,566957,Tata Motors
29-08-2006,166.3,166.3,160.9,161.4,808599,Tata Motors
30-08-2006,161.4,164.2,161.4,163.1,836823,Tata Motors
31-08-2006,162.9,164.8,159.9,161.5,1867247,Tata Motors
01-09-2006,161.2,165.9,161,164.8,1222342,Tata Motors
04-09-2006,166.1,171.7,166.1,171.3,1424404,Tata Motors
05-09-2006,171.7,171.9,168.2,169.3,1013330,Tata Motors
06-09-2006,169.9,171.3,168.6,169.2,894018,Tata Motors
07-09-2006,168.6,171.8,168,171.4,1397757,Tata Motors
08-09-2006,171.7,173,170.6,171.8,1577989,Tata Motors
11-09-2006,172,172.2,159.5,161.8,1836982,Tata Motors
12-09-2006,154.9,164,154.9,163,1578971,Tata Motors
13-09-2006,163.6,167.9,163.6,166.2,1397641,Tata Motors
14-09-2006,166.1,168,164.5,165.2,970716,Tata Motors
15-09-2006,165.6,167.1,163.7,166.1,948337,Tata Motors
18-09-2006,166.1,166.9,163.7,164.3,765606,Tata Motors
19-09-2006,164.2,165.1,157.4,158.8,1301481,Tata Motors
20-09-2006,158.4,161.4,157,160.8,2019678,Tata Motors
21-09-2006,166.1,166.1,160.1,161.8,1185111,Tata Motors
22-09-2006,161.7,161.7,159.1,159.6,1582121,Tata Motors
25-09-2006,160,163.7,160,161.9,1888088,Tata Motors
26-09-2006,162.3,164.1,161.6,163.8,1406112,Tata Motors
27-09-2006,164.2,165.5,162.3,162.7,861323,Tata Motors
28-09-2006,164.1,164.1,160,160.7,1515740,Tata Motors
29-09-2006,160.9,165.4,160.9,164.5,1159360,Tata Motors
03-10-2006,164.5,167.4,163.3,166.1,1457113,Tata Motors
04-10-2006,166.5,169.1,166.2,168.1,2843177,Tata Motors
05-10-2006,168.6,172.2,168.6,170.7,2123438,Tata Motors
06-10-2006,170.9,171.7,169,170.6,661402,Tata Motors
09-10-2006,170.3,172.8,162.3,172,946326,Tata Motors
10-10-2006,173.2,174.7,173.2,173.8,837034,Tata Motors
11-10-2006,173.5,175,166.9,168.2,881939,Tata Motors
12-10-2006,169.2,173.1,168.2,172.3,730506,Tata Motors
13-10-2006,173,175.2,171.4,174.2,999228,Tata Motors
16-10-2006,174.7,175.8,172,172.8,832336,Tata Motors
17-10-2006,168.5,174.1,168.5,171.7,631694,Tata Motors
18-10-2006,171.9,173.8,168.9,169.5,1144420,Tata Motors
19-10-2006,171.3,171.3,168.3,169.8,588619,Tata Motors
20-10-2006,170.7,172.2,168.4,169.7,363933,Tata Motors
23-10-2006,169,170.7,167.5,167.9,415813,Tata Motors
26-10-2006,169.4,169.5,165.4,166.4,785483,Tata Motors
27-10-2006,167.6,170.1,167.6,169.3,881330,Tata Motors
30-10-2006,170.5,171.8,160.4,162.2,2624191,Tata Motors
31-10-2006,162.1,162.3,157.3,158.1,2964777,Tata Motors
01-11-2006,158.5,160.5,157.5,158.3,1543130,Tata Motors
02-11-2006,158.9,161.3,158.1,158.4,2098080,Tata Motors
03-11-2006,158.9,159.8,154.1,155.7,2557421,Tata Motors
06-11-2006,156,156.9,154.5,155.8,2413589,Tata Motors
07-11-2006,156.6,158.7,155.9,156.3,1421256,Tata Motors
08-11-2006,157.5,157.5,151.3,153.2,1885432,Tata Motors
09-11-2006,154.7,155.2,151.4,153.4,2172452,Tata Motors
10-11-2006,153.7,156.9,152.2,156.2,2302595,Tata Motors
13-11-2006,157.3,159.4,156.8,159.2,1352026,Tata Motors
14-11-2006,160.4,160.4,156.3,158.4,1085563,Tata Motors
15-11-2006,158.5,159.4,156.6,157.3,874395,Tata Motors
16-11-2006,157.9,158.9,154.7,155.5,1169114,Tata Motors
17-11-2006,155.7,157.5,153.9,154.8,1398497,Tata Motors
20-11-2006,154.9,154.9,150.5,153.2,1676016,Tata Motors
21-11-2006,154.1,156.9,153.6,156,640266,Tata Motors
22-11-2006,155.6,159.4,155.6,159,1204557,Tata Motors
23-11-2006,159.6,161,156.2,157,1444901,Tata Motors
24-11-2006,157.5,158.7,156.3,157.6,655721,Tata Motors
27-11-2006,158.4,159.4,157.5,158.2,451052,Tata Motors
28-11-2006,157.5,157.5,154.1,154.7,1509467,Tata Motors
29-11-2006,156.2,157,153.3,154.7,1291642,Tata Motors
30-11-2006,155.6,156.6,154.1,154.5,1428450,Tata Motors
01-12-2006,172.4,172.4,154.7,160.9,1916514,Tata Motors
04-12-2006,161.5,169.9,161.5,168.5,3543460,Tata Motors
05-12-2006,169.6,170.3,166.7,168.6,1283894,Tata Motors
06-12-2006,166.5,169.6,165,168.3,924208,Tata Motors
07-12-2006,168,171.1,166.7,170.5,759474,Tata Motors
08-12-2006,169.9,170.7,164.8,165.5,1125416,Tata Motors
11-12-2006,166.1,166.1,155.6,160.3,1225367,Tata Motors
12-12-2006,160.2,162.5,144.2,156.6,2283631,Tata Motors
13-12-2006,158.8,163.3,153.1,160.6,1333217,Tata Motors
14-12-2006,160.9,164,159.7,162,934210,Tata Motors
15-12-2006,163.8,165.4,162.9,163.9,767125,Tata Motors
18-12-2006,164.4,170.9,158.7,170.5,1969061,Tata Motors
19-12-2006,170.4,171.1,161.9,164.5,1456447,Tata Motors
20-12-2006,164.8,168.2,158.2,159.7,2070195,Tata Motors
21-12-2006,159.4,165.9,159.4,165,937126,Tata Motors
22-12-2006,161.7,165.2,161.7,164.2,564972,Tata Motors
26-12-2006,166.1,170.2,162.7,168.9,982504,Tata Motors
27-12-2006,169.2,174.3,167.1,173.1,1571309,Tata Motors
28-12-2006,173.8,176.6,171.1,172.4,1843612,Tata Motors
29-12-2006,173.8,174.5,170,172,816820,Tata Motors
02-01-2007,172.3,178.3,170.9,177.5,842735,Tata Motors
03-01-2007,178.5,183.7,178.5,179.2,2327705,Tata Motors
04-01-2007,187.1,188.7,179.7,180.9,1770595,Tata Motors
05-01-2007,181.4,182.4,177.5,179,1452192,Tata Motors
08-01-2007,178.5,180.2,171.9,177.3,1561609,Tata Motors
09-01-2007,177.4,178.3,172.2,174,1154313,Tata Motors
10-01-2007,173.6,175.5,170.9,173.5,1716360,Tata Motors
11-01-2007,173.8,176.1,172.2,175.4,1197103,Tata Motors
12-01-2007,175.9,180.4,174.4,179.7,1635330,Tata Motors
15-01-2007,181.4,181.8,178.2,181.1,956570,Tata Motors
16-01-2007,181.4,183.6,180.6,182.8,862709,Tata Motors
17-01-2007,184.2,186.1,180.8,184.2,1194707,Tata Motors
18-01-2007,186.2,186.2,180,182.3,945914,Tata Motors
19-01-2007,182.9,184.2,177.6,181.5,1434597,Tata Motors
22-01-2007,182.4,185,179.5,183.9,1802014,Tata Motors
23-01-2007,184.3,185.2,180.5,181.5,610811,Tata Motors
24-01-2007,182.4,183.1,173.1,174.9,2010579,Tata Motors
25-01-2007,182.2,185,174.7,177.1,1451379,Tata Motors
29-01-2007,177,177.4,171.1,171.8,1156190,Tata Motors
31-01-2007,173.8,177.6,165.7,167.7,1306794,Tata Motors
01-02-2007,169.7,173.8,168.6,173.1,629770,Tata Motors
02-02-2007,175.6,176.2,172.6,173.7,862102,Tata Motors
05-02-2007,174.5,176.2,170.9,175.5,936178,Tata Motors
06-02-2007,176.2,177.2,173.4,175.7,605656,Tata Motors
07-02-2007,175.8,176,171.3,172.3,899022,Tata Motors
08-02-2007,174.1,177.6,170.2,171.2,750050,Tata Motors
09-02-2007,171.2,174,169,172.8,878416,Tata Motors
12-02-2007,177.6,177.6,164.8,167.1,1706697,Tata Motors
13-02-2007,166.9,172.4,162.3,165.5,1147134,Tata Motors
14-02-2007,166.9,166.9,159.1,162.3,2744781,Tata Motors
15-02-2007,166.1,169.9,162.7,166,2131251,Tata Motors
19-02-2007,168,169.8,165.2,166.1,576428,Tata Motors
20-02-2007,165.9,166.7,162.3,163.5,632946,Tata Motors
21-02-2007,163.5,166.5,162.7,164,878487,Tata Motors
22-02-2007,164.2,165.4,157.9,159.4,1471947,Tata Motors
23-02-2007,161.5,161.5,151.8,156,1712652,Tata Motors
26-02-2007,156.6,162.1,152,160.3,979335,Tata Motors
27-02-2007,161.1,162.1,155.7,157.2,609018,Tata Motors
28-02-2007,152.8,154.7,144.2,149.4,2017639,Tata Motors
01-03-2007,153,155.4,146.5,150.7,1990505,Tata Motors
02-03-2007,151.8,151.8,147.6,148.1,1607371,Tata Motors
05-03-2007,147.8,148.8,139,141.3,2075918,Tata Motors
06-03-2007,142.5,146.6,136.9,138.7,2885063,Tata Motors
07-03-2007,142.7,146.7,136,141,2325282,Tata Motors
08-03-2007,143.2,148,142.3,146.4,2146063,Tata Motors
09-03-2007,148,149.4,142.3,144.6,1107617,Tata Motors
12-03-2007,144.6,147.8,144.3,146,995086,Tata Motors
13-03-2007,146.3,148.7,144.6,147.6,705875,Tata Motors
14-03-2007,138,145.1,135.3,142,1676070,Tata Motors
15-03-2007,143.2,145.6,138.1,138.6,996502,Tata Motors
16-03-2007,139.6,143.8,139.6,142.9,1075918,Tata Motors
19-03-2007,143.4,148,142.8,147.4,622531,Tata Motors
20-03-2007,147.8,149.1,145.2,146.9,990960,Tata Motors
21-03-2007,147.4,148.7,145.2,148.1,1237288,Tata Motors
22-03-2007,149.1,154.9,148.8,153.7,1291689,Tata Motors
23-03-2007,153.9,153.9,149.7,150.8,1246165,Tata Motors
26-03-2007,142.3,151,142.3,143.7,2461128,Tata Motors
28-03-2007,143.2,143.4,136.7,137.4,2554496,Tata Motors
29-03-2007,139.2,142.9,133.4,136.8,4127404,Tata Motors
30-03-2007,138.1,140,136.8,139.1,1309380,Tata Motors
02-04-2007,135.8,135.8,126.2,128.1,3020164,Tata Motors
03-04-2007,129.8,131,128.1,130.1,2056475,Tata Motors
04-04-2007,131,131.9,127.8,130.4,2000265,Tata Motors
05-04-2007,129.8,132.7,129.7,131,2290205,Tata Motors
09-04-2007,131.8,135.5,131.8,134.4,1297707,Tata Motors
10-04-2007,135.9,138.6,135.2,137.8,2079862,Tata Motors
11-04-2007,137.8,139.6,136.3,138,1441891,Tata Motors
12-04-2007,137.3,137.3,135,136,1372051,Tata Motors
13-04-2007,136.4,138.9,134.4,138.7,1654733,Tata Motors
16-04-2007,140.4,144.2,139.4,143.3,1307430,Tata Motors
17-04-2007,143.4,145.4,139,139.5,2466809,Tata Motors
18-04-2007,135.8,141.5,135.8,138,701215,Tata Motors
19-04-2007,136.9,137.9,134.5,136.2,1525848,Tata Motors
20-04-2007,137.9,140.1,137.5,138,1090493,Tata Motors
23-04-2007,139.3,140.1,136.5,137.1,1016983,Tata Motors
24-04-2007,139.2,144,138.5,141.6,2088888,Tata Motors
25-04-2007,143.2,146.5,143.2,144.9,2270158,Tata Motors
26-04-2007,148.4,150.8,142.7,146.4,2118220,Tata Motors
27-04-2007,146.7,147.9,141.1,143.1,1906364,Tata Motors
30-04-2007,141.3,145.3,139.8,143.5,1427868,Tata Motors
03-05-2007,148.9,148.9,139.2,140,2198203,Tata Motors
04-05-2007,140.2,142.2,138.6,139.7,1367030,Tata Motors
07-05-2007,140.4,141.9,137.2,139.1,1813852,Tata Motors
08-05-2007,139.1,140.4,137.5,138.5,719162,Tata Motors
09-05-2007,139.4,139.7,136.2,138.1,1187896,Tata Motors
10-05-2007,139,140.1,136,136.5,991063,Tata Motors
11-05-2007,136.2,137.6,131.8,136.7,1500687,Tata Motors
14-05-2007,139.1,139.4,135.4,136.6,1051991,Tata Motors
15-05-2007,137.1,137.5,136.2,136.4,653654,Tata Motors
16-05-2007,136.5,140.9,136.5,140.3,987118,Tata Motors
17-05-2007,144.1,144.5,140.7,143.3,1540682,Tata Motors
18-05-2007,143.6,144.6,141.3,141.6,1459884,Tata Motors
21-05-2007,141.5,142.3,138.1,138.5,2350294,Tata Motors
22-05-2007,138.8,142,138.3,138.8,1774170,Tata Motors
23-05-2007,123.7,140.1,123.7,135.2,2043968,Tata Motors
24-05-2007,135,136.9,134.7,136.1,999539,Tata Motors
25-05-2007,135.2,139.2,134.3,138.8,1007529,Tata Motors
28-05-2007,139.4,141.5,139.1,139.9,1055061,Tata Motors
29-05-2007,140.4,142.1,139.4,141.5,1579781,Tata Motors
30-05-2007,142.4,142.4,140.5,141.7,922817,Tata Motors
31-05-2007,142.1,146,141.7,144.3,2388484,Tata Motors
01-06-2007,143.9,145.1,141.7,142.8,1443653,Tata Motors
04-06-2007,142.3,142.3,135.1,135.7,2342020,Tata Motors
05-06-2007,136.5,137.7,135.1,135.7,1486281,Tata Motors
06-06-2007,134.6,135.6,125.3,131.4,2400604,Tata Motors
07-06-2007,129.1,135.5,128.4,129.4,1209569,Tata Motors
08-06-2007,129.4,129.4,123.5,124.5,3325601,Tata Motors
11-06-2007,129.1,129.1,123.4,124.7,1422542,Tata Motors
12-06-2007,109.8,125.8,109.8,122.4,1668547,Tata Motors
13-06-2007,123.2,125.5,122.6,123.2,1732048,Tata Motors
14-06-2007,127,127,121.9,122.6,2997281,Tata Motors
15-06-2007,123.5,130.8,123.2,124.2,1780696,Tata Motors
18-06-2007,125.6,125.6,122.8,123.2,2341421,Tata Motors
19-06-2007,123,127,123,126.7,1341708,Tata Motors
20-06-2007,127.2,131.8,127.2,131.1,2121304,Tata Motors
21-06-2007,132.7,133.3,130.3,131.3,2370970,Tata Motors
22-06-2007,130.2,131.3,126.6,130.7,1211030,Tata Motors
25-06-2007,130.8,131.9,128.5,129.5,479764,Tata Motors
26-06-2007,129.5,131.4,128.1,130.7,677033,Tata Motors
27-06-2007,130.5,130.9,127.2,128.3,741039,Tata Motors
28-06-2007,128.6,129.1,126,126.9,1656289,Tata Motors
29-06-2007,127.2,128.9,127.2,128,661906,Tata Motors
02-07-2007,127.8,131.3,127.2,130.3,934528,Tata Motors
03-07-2007,130.6,132.7,129.1,131,1800352,Tata Motors
04-07-2007,132.5,135.1,131.2,133.9,1296811,Tata Motors
05-07-2007,133.7,136.1,132.8,135.5,1074664,Tata Motors
06-07-2007,135.4,137.1,132.8,135.8,1425392,Tata Motors
09-07-2007,135.8,138,135.8,136.8,818333,Tata Motors
10-07-2007,137.5,142.6,137.5,141.9,2128957,Tata Motors
11-07-2007,141.7,141.9,138.9,140.6,902873,Tata Motors
12-07-2007,140.6,142.3,138.8,141.3,1377694,Tata Motors
13-07-2007,143,147.4,141.9,146.5,2187188,Tata Motors
16-07-2007,150.1,150.1,143.5,145,2327119,Tata Motors
17-07-2007,145,146.5,142.3,143,1217484,Tata Motors
18-07-2007,143.2,144.2,139.7,141.9,895947,Tata Motors
19-07-2007,143.2,149.9,141.9,148.3,1638752,Tata Motors
20-07-2007,158.5,158.5,145.1,146.6,1815534,Tata Motors
23-07-2007,147,148.9,144.4,146.4,1137927,Tata Motors
24-07-2007,146.8,148.8,142.3,142.7,698349,Tata Motors
25-07-2007,142.7,142.7,138,138.6,1332282,Tata Motors
26-07-2007,139.6,145.6,137.1,139.7,3215620,Tata Motors
27-07-2007,140.4,140.4,132.7,133.5,1595272,Tata Motors
30-07-2007,137.6,137.6,132.9,135.1,1017540,Tata Motors
31-07-2007,134.8,137.3,130.9,133.6,2880301,Tata Motors
01-08-2007,131.6,131.6,126.2,127.4,1397491,Tata Motors
02-08-2007,127,129.4,123.5,124.5,2487936,Tata Motors
03-08-2007,128.5,128.5,124.9,125.3,1524285,Tata Motors
06-08-2007,124.1,125.1,120.5,123.9,1155849,Tata Motors
07-08-2007,125.1,127.4,125.1,125.6,966418,Tata Motors
08-08-2007,127,128,125.5,125.8,1403514,Tata Motors
09-08-2007,126.8,129.8,125.9,126.7,1378309,Tata Motors
10-08-2007,123.9,128.4,123.9,127.8,731935,Tata Motors
13-08-2007,128.9,132.9,128,132.2,1216947,Tata Motors
14-08-2007,132.9,133.4,130,132,871646,Tata Motors
16-08-2007,126.2,128.7,124.1,126.1,792462,Tata Motors
17-08-2007,126.1,127.7,121.9,122.4,2121937,Tata Motors
20-08-2007,126,127.4,123,124.1,2053269,Tata Motors
21-08-2007,124.1,125.1,119.9,121.1,2059747,Tata Motors
22-08-2007,120.9,122.7,117.6,118.3,2499153,Tata Motors
23-08-2007,120.3,122.6,117.1,118.5,2335631,Tata Motors
24-08-2007,119.9,126.8,119.9,125.4,1163631,Tata Motors
27-08-2007,127.1,130.2,127.1,129,873763,Tata Motors
28-08-2007,129.7,129.7,125.3,126.6,1230767,Tata Motors
29-08-2007,126,129.4,123.2,128.7,2759937,Tata Motors
30-08-2007,129.9,133.5,128.7,130,3138153,Tata Motors
31-08-2007,129.8,135.8,129.8,134,1640588,Tata Motors
03-09-2007,134.4,135.4,132.2,134.2,956895,Tata Motors
04-09-2007,133.7,135.2,130.2,132,1408049,Tata Motors
05-09-2007,133.7,136.1,131.2,133.4,1369426,Tata Motors
06-09-2007,133.9,136.9,131.8,136,961926,Tata Motors
07-09-2007,136.3,137.1,132.2,132.7,766734,Tata Motors
10-09-2007,131.1,134.6,130.1,134.2,772684,Tata Motors
11-09-2007,134.4,134.5,131.1,131.6,664373,Tata Motors
12-09-2007,132.1,133.5,130,130.8,872018,Tata Motors
13-09-2007,130.8,133.5,130.7,132.7,675746,Tata Motors
14-09-2007,133.9,134.6,131.6,132.5,662001,Tata Motors
17-09-2007,133.3,133.3,131.5,132.7,591344,Tata Motors
18-09-2007,133.3,133.9,132.2,132.9,408373,Tata Motors
19-09-2007,134.2,140.3,133.7,137.6,1361814,Tata Motors
20-09-2007,139.2,142.8,138.3,139.6,1293944,Tata Motors
21-09-2007,137.5,142.6,137.5,141.5,1008557,Tata Motors
24-09-2007,143.2,144.2,140.9,142.7,927479,Tata Motors
25-09-2007,142.7,142.8,140,141.5,948362,Tata Motors
26-09-2007,141.5,142.6,137.8,141.3,654575,Tata Motors
27-09-2007,142.6,145.3,141.3,143.5,3085126,Tata Motors
28-09-2007,144.2,157,141.7,148.4,2676078,Tata Motors
01-10-2007,154.1,154.1,146.1,147.7,1510765,Tata Motors
03-10-2007,148.6,154.6,143.6,150.5,1684130,Tata Motors
04-10-2007,152.8,154.2,148.4,152.7,1844696,Tata Motors
05-10-2007,152.7,152.8,147,148.8,915089,Tata Motors
08-10-2007,149,150.3,142.3,146,2919078,Tata Motors
09-10-2007,142.3,152.8,142.3,152,1085388,Tata Motors
10-10-2007,147.7,156.4,147.7,154,1144037,Tata Motors
11-10-2007,154.9,160.8,152.8,158.6,1556887,Tata Motors
12-10-2007,158.5,160.2,150.7,153.4,1679437,Tata Motors
15-10-2007,154.1,157.5,154.1,156.3,837321,Tata Motors
16-10-2007,159.8,159.8,153.7,156.7,796354,Tata Motors
17-10-2007,148.3,155.6,141.5,154.1,1474999,Tata Motors
18-10-2007,153,156.9,144.2,151.1,1820186,Tata Motors
19-10-2007,148.9,153,144.8,149.9,808891,Tata Motors
22-10-2007,148.8,149.7,145.1,147.6,886375,Tata Motors
23-10-2007,149.1,154.4,149.1,151.9,1456318,Tata Motors
24-10-2007,152.6,153.7,147,147.9,1783537,Tata Motors
25-10-2007,149.7,156,148,152.9,1089544,Tata Motors
26-10-2007,152.7,155.6,148,153.7,1050940,Tata Motors
29-10-2007,156,159.8,153,154.1,1246489,Tata Motors
30-10-2007,154.7,156,144.4,146.6,2591373,Tata Motors
31-10-2007,146.5,153.9,143.2,144.7,3034131,Tata Motors
01-11-2007,147,147.4,141.1,142.6,1679080,Tata Motors
02-11-2007,139.4,144.9,138.4,144.1,629420,Tata Motors
05-11-2007,143.2,143.2,140.4,141.3,1102483,Tata Motors
06-11-2007,141.3,142.2,136.8,137.4,658672,Tata Motors
07-11-2007,137.5,140.3,135.6,137.5,709701,Tata Motors
08-11-2007,136.5,138.4,134.5,135.1,431144,Tata Motors
09-11-2007,137.2,137.2,131.2,132.7,95986,Tata Motors
12-11-2007,131.2,132.6,128.9,130.7,641023,Tata Motors
13-11-2007,131.8,134.7,128.5,132.4,806150,Tata Motors
14-11-2007,133.7,139.7,133.7,135.1,594977,Tata Motors
15-11-2007,134.6,137.2,132.8,133.5,587750,Tata Motors
16-11-2007,130.8,135.8,130.8,133.1,1025123,Tata Motors
19-11-2007,133.1,136.5,133.1,134.3,506781,Tata Motors
20-11-2007,132.7,137.1,132.3,135.3,1210545,Tata Motors
21-11-2007,136.5,136.5,131,132,635570,Tata Motors
22-11-2007,131.8,133.9,129.5,132.6,912475,Tata Motors
23-11-2007,134.1,138.2,133.4,136.4,812063,Tata Motors
26-11-2007,137.5,139,134.6,135.9,714885,Tata Motors
27-11-2007,135.8,138,134.8,137.4,1151349,Tata Motors
28-11-2007,137.5,138.6,136.3,137.7,706459,Tata Motors
29-11-2007,138.8,141.9,136.3,137.1,2029084,Tata Motors
30-11-2007,138.3,142.1,136.3,139.9,1446036,Tata Motors
03-12-2007,140.5,143,140,140.6,481721,Tata Motors
04-12-2007,140.7,142.5,139.1,141.6,631272,Tata Motors
05-12-2007,142.1,149.7,142.1,147.5,1410714,Tata Motors
06-12-2007,148.1,149.3,145.7,148.1,807793,Tata Motors
07-12-2007,148,149.3,145.2,146.5,1128220,Tata Motors
10-12-2007,147.4,148.5,142.3,146.4,521361,Tata Motors
11-12-2007,147,148.4,145.3,148,676097,Tata Motors
12-12-2007,148.4,148.9,145.5,147,665743,Tata Motors
13-12-2007,146.1,150.4,143.2,145.7,1144862,Tata Motors
14-12-2007,145.1,145.9,140.9,142.2,901506,Tata Motors
17-12-2007,142,143.2,131.8,134,1270727,Tata Motors
19-12-2007,136.7,137,130.1,131.9,1652079,Tata Motors
20-12-2007,132.1,136.5,132.1,135.6,1326200,Tata Motors
24-12-2007,138.8,140.1,136.9,139.5,493832,Tata Motors
26-12-2007,140.5,144.3,139.4,143.6,737559,Tata Motors
27-12-2007,144.4,145.1,139.7,140.7,1098866,Tata Motors
28-12-2007,139.8,141.2,131.4,139.3,757259,Tata Motors
31-12-2007,142.1,142.3,140,141.7,823534,Tata Motors
01-01-2008,141.7,146.4,140.7,145.6,1325083,Tata Motors
02-01-2008,146.4,152.2,143.8,151.5,2033504,Tata Motors
03-01-2008,152.8,155.8,149,151.2,2027738,Tata Motors
04-01-2008,152.8,157.4,147.3,149.3,1776745,Tata Motors
07-01-2008,149.5,154.3,145.7,150,1457640,Tata Motors
08-01-2008,150.9,152.7,146.2,148,1407617,Tata Motors
09-01-2008,146.5,150.3,144,147.1,1160319,Tata Motors
10-01-2008,149.5,153.1,142.1,143.1,3382646,Tata Motors
11-01-2008,148.9,148.9,140.6,145.7,1284579,Tata Motors
14-01-2008,146.1,148.8,144.9,146.2,977468,Tata Motors
15-01-2008,148.5,150.9,144.9,146.8,1232319,Tata Motors
16-01-2008,143.2,144.2,139.5,143.2,1204742,Tata Motors
17-01-2008,143.2,144.2,139.5,140.7,879267,Tata Motors
18-01-2008,140.7,140.9,134.9,136.4,783241,Tata Motors
21-01-2008,136.3,136.7,121.7,124.8,1254800,Tata Motors
22-01-2008,121.3,131.8,101.3,124.3,1418976,Tata Motors
23-01-2008,129.8,135.6,122,125.8,1051545,Tata Motors
24-01-2008,128.5,132.4,123.2,125.8,1152704,Tata Motors
25-01-2008,127.4,137.1,127.4,135.7,1218813,Tata Motors
28-01-2008,134.6,141.2,127.9,136.1,620145,Tata Motors
29-01-2008,137.5,140.8,133.9,136.7,507027,Tata Motors
30-01-2008,138.2,138.2,131,133.1,653612,Tata Motors
31-01-2008,135.4,137.5,131.1,133.6,1435453,Tata Motors
01-02-2008,135.2,145.1,134.8,143.9,1416266,Tata Motors
04-02-2008,146.1,150.4,144,147,1225673,Tata Motors
05-02-2008,147,147.8,142.3,144,876988,Tata Motors
06-02-2008,140.2,141.9,134.2,140.5,647497,Tata Motors
07-02-2008,141.3,143,133.3,136.6,528624,Tata Motors
08-02-2008,136.9,139.4,133.1,135.8,287893,Tata Motors
11-02-2008,135.1,138.2,130.8,133.8,563497,Tata Motors
12-02-2008,133.8,135.7,131.5,132.5,535366,Tata Motors
13-02-2008,133.7,137.5,133.7,136.5,565686,Tata Motors
14-02-2008,138.3,142,137.8,140,559563,Tata Motors
15-02-2008,138.4,144.4,136.5,143.6,547703,Tata Motors
18-02-2008,138.3,144.2,138.3,139.9,421733,Tata Motors
19-02-2008,141.3,143.4,140.4,141.2,945757,Tata Motors
20-02-2008,141.1,141.1,133.7,135.6,469102,Tata Motors
21-02-2008,136.5,139.2,134.3,135.2,479113,Tata Motors
22-02-2008,135.3,135.3,131.8,132.9,779848,Tata Motors
25-02-2008,133.7,136.5,132.7,134.8,483149,Tata Motors
26-02-2008,135.6,136.3,133.7,134.5,711768,Tata Motors
27-02-2008,134.6,137.1,134.6,135.2,966406,Tata Motors
28-02-2008,134.6,136.5,134.3,135.5,1112006,Tata Motors
29-02-2008,135.5,136.5,131.1,133.7,1749326,Tata Motors
03-03-2008,133.7,135.6,130.8,132.7,712367,Tata Motors
04-03-2008,134.2,135,131.5,134.1,858233,Tata Motors
05-03-2008,134.2,135.9,133.7,134.5,648476,Tata Motors
07-03-2008,133.9,133.9,125.6,128.3,572299,Tata Motors
10-03-2008,128.4,133.6,116.8,128.9,527292,Tata Motors
11-03-2008,128.9,128.9,124.1,124.8,933716,Tata Motors
12-03-2008,127.7,127.7,121.9,123.2,1676823,Tata Motors
13-03-2008,122.2,128.9,117.3,118.7,888435,Tata Motors
14-03-2008,119.2,123.2,119.2,121.8,492921,Tata Motors
17-03-2008,119.3,120.2,114,116.4,772893,Tata Motors
18-03-2008,116.4,119.3,114,118.3,1331587,Tata Motors
19-03-2008,120.9,125.1,120.7,124.2,1114880,Tata Motors
24-03-2008,124.5,127.9,124.5,126.6,1067179,Tata Motors
25-03-2008,127.9,130.8,127.9,129.9,557364,Tata Motors
26-03-2008,131.8,132.5,124.3,129.6,1790485,Tata Motors
27-03-2008,127.9,128.6,120,125.1,4081251,Tata Motors
28-03-2008,124.9,124.9,120.9,123.4,2298119,Tata Motors
31-03-2008,122.4,123.2,117.9,118.9,1163542,Tata Motors
01-04-2008,119.3,121.4,117.5,120,624454,Tata Motors
02-04-2008,122.6,122.6,120.5,121.4,965134,Tata Motors
03-04-2008,122.2,124.1,118.4,120.1,880159,Tata Motors
04-04-2008,120.3,121.2,115.2,117,728181,Tata Motors
07-04-2008,117.4,121.3,117.3,120.7,1072708,Tata Motors
08-04-2008,121.3,121.3,118.8,120.2,484919,Tata Motors
09-04-2008,118.8,121,118.6,120.6,353439,Tata Motors
10-04-2008,118.4,122.4,118.2,119,2379947,Tata Motors
11-04-2008,121.1,121.3,118.3,118.9,320735,Tata Motors
15-04-2008,117.8,121,115,119.1,655018,Tata Motors
16-04-2008,120.3,120.9,116.8,117.2,871985,Tata Motors
17-04-2008,118.6,119.1,117.3,117.9,684621,Tata Motors
21-04-2008,118.4,120.6,118.4,118.8,360881,Tata Motors
22-04-2008,119.3,121.2,118,120.8,514607,Tata Motors
23-04-2008,120.9,122,120.7,121.3,271195,Tata Motors
24-04-2008,121.8,124.1,119.1,122.4,939461,Tata Motors
25-04-2008,123.4,125.2,121.3,122.1,607990,Tata Motors
28-04-2008,123,123.7,119.7,121.1,331403,Tata Motors
29-04-2008,121.4,123.8,120.6,122.2,275545,Tata Motors
30-04-2008,122.8,127.7,122.8,126.9,886011,Tata Motors
02-05-2008,127.6,132.7,127.6,132.1,972645,Tata Motors
05-05-2008,133.7,133.7,127.7,131,1680003,Tata Motors
06-05-2008,130.4,132.1,128.6,130.1,741864,Tata Motors
07-05-2008,130.1,130.6,127.2,129.8,583398,Tata Motors
08-05-2008,129.8,129.8,126.1,127.7,816262,Tata Motors
09-05-2008,128.9,128.9,126.2,127.8,378336,Tata Motors
12-05-2008,129.8,129.8,126.3,127.8,441775,Tata Motors
13-05-2008,128.9,128.9,124.6,127.2,763704,Tata Motors
14-05-2008,126,129.7,126,127.7,871415,Tata Motors
15-05-2008,128.8,129.8,124.7,126,885569,Tata Motors
16-05-2008,125.6,129,125.6,128.3,588330,Tata Motors
20-05-2008,128.2,130.2,126.1,129.6,352325,Tata Motors
21-05-2008,128.9,132.7,127.4,131.5,453135,Tata Motors
22-05-2008,128.9,128.9,125.5,126.2,712872,Tata Motors
23-05-2008,127,127,120.6,121.7,407960,Tata Motors
26-05-2008,121.5,121.5,118,118.5,658544,Tata Motors
27-05-2008,118.8,122.2,117.5,120.6,582824,Tata Motors
28-05-2008,120.3,123.3,116.7,121.4,1033709,Tata Motors
29-05-2008,120.1,122.2,110.8,111.4,2374436,Tata Motors
30-05-2008,113.8,116.3,109.2,109.9,1183110,Tata Motors
02-06-2008,110.8,112.6,106.2,107.8,556588,Tata Motors
03-06-2008,106.8,110.3,106.2,108.9,499024,Tata Motors
04-06-2008,114.4,114.4,102.2,103.3,1276505,Tata Motors
05-06-2008,103.3,103.9,100.3,101.8,1452605,Tata Motors
06-06-2008,103.5,104.6,100.8,103.2,998914,Tata Motors
09-06-2008,103.1,103.1,96.4,99.2,593906,Tata Motors
10-06-2008,97.5,101,96.7,97.3,567333,Tata Motors
11-06-2008,98.7,101.1,95,96.3,1650750,Tata Motors
12-06-2008,95.3,97.4,91.1,97,566250,Tata Motors
13-06-2008,99.4,99.6,96.5,98.6,1405326,Tata Motors
16-06-2008,97.8,100.1,97.2,98.7,832367,Tata Motors
17-06-2008,98.7,100,98.3,99.3,424858,Tata Motors
18-06-2008,99.9,102.7,98.4,98.9,727088,Tata Motors
19-06-2008,96.5,99.7,95.9,96.4,441079,Tata Motors
20-06-2008,96.8,97.2,92.3,93.5,542879,Tata Motors
23-06-2008,93.5,94.9,91.7,93.6,575948,Tata Motors
24-06-2008,93.6,94.4,90.8,92.3,627089,Tata Motors
25-06-2008,92.4,92.6,87.1,90.5,540657,Tata Motors
26-06-2008,92,94.4,88.5,93.2,2023087,Tata Motors
27-06-2008,89,89,83.1,84.9,814750,Tata Motors
30-06-2008,82.3,84.4,77.4,81.4,766826,Tata Motors
01-07-2008,81,81.5,77.6,78,424173,Tata Motors
02-07-2008,79.9,79.9,72.9,78.9,895496,Tata Motors
03-07-2008,77.7,78.5,73.2,74.8,336683,Tata Motors
04-07-2008,74.7,77.1,74.1,76.4,359169,Tata Motors
07-07-2008,74.9,77.9,74.1,75,826439,Tata Motors
08-07-2008,73.5,74.6,71.3,72.1,1116691,Tata Motors
09-07-2008,73.1,78.1,73.1,77.8,1082240,Tata Motors
10-07-2008,77,79.2,75.2,76.3,690422,Tata Motors
11-07-2008,77.3,77.7,74.9,76.4,541497,Tata Motors
14-07-2008,76.3,79.4,75.7,78.2,610007,Tata Motors
15-07-2008,77.7,78.3,74.3,77.5,435596,Tata Motors
16-07-2008,77.5,77.7,73.4,75.6,496557,Tata Motors
17-07-2008,78.3,81,76.6,78.5,690336,Tata Motors
18-07-2008,83.1,83.1,78.7,80.6,251859,Tata Motors
21-07-2008,80.6,82.5,78.7,80,478961,Tata Motors
22-07-2008,82.7,82.7,77,78.7,741730,Tata Motors
23-07-2008,83.1,85.5,81.2,84.2,817337,Tata Motors
24-07-2008,84.2,86.3,82.8,84.1,399064,Tata Motors
25-07-2008,81,83.2,78.7,81.4,534772,Tata Motors
28-07-2008,81.5,82.4,80.4,81.4,187052,Tata Motors
29-07-2008,80.8,83.1,74.7,75.7,446250,Tata Motors
30-07-2008,75.7,81.7,75.7,79.4,863550,Tata Motors
31-07-2008,82.1,82.1,75,77.1,1876940,Tata Motors
01-08-2008,76.8,77.2,75.2,75.5,793773,Tata Motors
04-08-2008,75.5,76.7,74.3,75.8,465366,Tata Motors
05-08-2008,76.4,78.8,75.5,78,919301,Tata Motors
06-08-2008,80.1,83.1,79.8,82,779807,Tata Motors
07-08-2008,81.9,85.8,80.2,85.2,1177733,Tata Motors
08-08-2008,83.1,85.2,81.3,84.2,1284474,Tata Motors
11-08-2008,86.8,87.3,84,85.5,731570,Tata Motors
12-08-2008,85.9,85.9,82.5,83.3,497113,Tata Motors
13-08-2008,84.9,84.9,81.4,82.7,392167,Tata Motors
14-08-2008,81.7,83.4,81.2,82.5,483287,Tata Motors
18-08-2008,83,83,78.6,81.2,771920,Tata Motors
19-08-2008,80.2,81.2,79.2,80.6,444730,Tata Motors
20-08-2008,80.2,82.3,79.8,81.1,359521,Tata Motors
21-08-2008,82.2,85,78.7,79.4,1078824,Tata Motors
22-08-2008,79.4,83.4,78.3,81.6,499346,Tata Motors
25-08-2008,82.5,84.8,80.3,82.8,1132936,Tata Motors
26-08-2008,80.5,83,79.8,82.7,812279,Tata Motors
27-08-2008,83.4,83.8,80,80.7,747358,Tata Motors
28-08-2008,81.2,81.9,77.8,79.3,1332841,Tata Motors
29-08-2008,79.8,84.8,79.8,84.1,924980,Tata Motors
01-09-2008,83.1,84,81.7,83.6,464764,Tata Motors
02-09-2008,84.4,84.9,81.2,82.1,1212183,Tata Motors
04-09-2008,80.6,83.6,79.6,81.6,1187664,Tata Motors
05-09-2008,80.2,80.8,79.6,80.2,1661119,Tata Motors
08-09-2008,85.5,85.5,82.4,83.3,1504112,Tata Motors
09-09-2008,84.1,84.3,81.3,83.2,1063615,Tata Motors
10-09-2008,82.7,83.4,82,83,634576,Tata Motors
11-09-2008,82.9,84.5,81.7,83.9,738013,Tata Motors
12-09-2008,84.1,84.9,79.9,81.7,1010567,Tata Motors
15-09-2008,81.7,81.7,76.2,77.3,941689,Tata Motors
16-09-2008,74.4,79.7,72.3,78.9,776572,Tata Motors
17-09-2008,80.7,83.1,79.1,82.7,847502,Tata Motors
18-09-2008,82.1,83.4,74.4,82.3,512150,Tata Motors
19-09-2008,84.5,86.3,82.8,83.8,1570948,Tata Motors
22-09-2008,84.1,85,81.4,82.2,815451,Tata Motors
23-09-2008,76.5,83,76.5,77.9,1087921,Tata Motors
24-09-2008,78,79.5,75.9,76.7,1306827,Tata Motors
25-09-2008,77.2,77.2,75.2,76,1628310,Tata Motors
26-09-2008,76,76,72.2,74.1,554191,Tata Motors
29-09-2008,70.3,78.1,68.9,70.2,734351,Tata Motors
30-09-2008,69.2,70.4,67.1,68,1589639,Tata Motors
01-10-2008,68.3,69.2,66.5,67.2,1362590,Tata Motors
03-10-2008,69.2,69.2,64.3,65.4,526140,Tata Motors
06-10-2008,64.7,71,61.5,62.1,1418637,Tata Motors
07-10-2008,65.3,65.3,62.1,62.6,867354,Tata Motors
08-10-2008,62.6,63.1,58.4,59.3,1933725,Tata Motors
10-10-2008,58.4,59.3,52.1,57.8,1389683,Tata Motors
13-10-2008,59.4,60.9,58.2,59.2,1571040,Tata Motors
14-10-2008,61.3,62.3,58.4,59.2,1381052,Tata Motors
15-10-2008,58.9,60.1,55.3,55.9,1051548,Tata Motors
16-10-2008,54.4,55.4,47.5,49.7,2156994,Tata Motors
17-10-2008,51.4,52.4,47.5,48.2,1344058,Tata Motors
20-10-2008,49.5,51.2,45.9,48.3,1277764,Tata Motors
21-10-2008,49.9,50.4,48.1,49,1713328,Tata Motors
22-10-2008,45.5,52.3,44.5,45.2,853516,Tata Motors
23-10-2008,41.9,47.2,37.7,38.5,2094294,Tata Motors
24-10-2008,38,38.5,31.7,32.2,2324645,Tata Motors
27-10-2008,32.3,35.2,25.9,27.7,3302353,Tata Motors
29-10-2008,31.7,34.4,28.3,31.6,2707150,Tata Motors
31-10-2008,32.6,34.8,31.7,33.5,3198154,Tata Motors
03-11-2008,36.4,40.5,35.4,37.7,4842529,Tata Motors
04-11-2008,36.5,39.2,35.1,38.4,3602874,Tata Motors
05-11-2008,39.6,40.3,34.9,36.1,3781526,Tata Motors
06-11-2008,35,35,30.1,31.2,5089928,Tata Motors
07-11-2008,31.3,32.2,29.7,31.2,3940502,Tata Motors
10-11-2008,31.7,33.9,31.5,33.7,2493335,Tata Motors
11-11-2008,33.2,33.4,30.3,30.6,2200332,Tata Motors
12-11-2008,29.9,30.9,28.7,29.8,2665442,Tata Motors
14-11-2008,30.9,30.9,26.9,27.1,3353725,Tata Motors
17-11-2008,27.7,28.3,25.7,27.9,2639699,Tata Motors
18-11-2008,27.2,29.1,26.7,27.4,3139320,Tata Motors
19-11-2008,27.7,28.3,26.3,26.6,2088039,Tata Motors
21-11-2008,25.1,26.6,24.7,26.3,1442777,Tata Motors
24-11-2008,26.3,27.4,25.4,26.4,1534108,Tata Motors
25-11-2008,27.7,27.7,26.2,26.9,1457417,Tata Motors
26-11-2008,27.5,28,26.9,27.8,1664584,Tata Motors
28-11-2008,27.7,27.8,26.3,27.1,2015586,Tata Motors
01-12-2008,27.4,27.4,26.1,26.2,1315332,Tata Motors
02-12-2008,25,26,24.8,25.4,1974237,Tata Motors
03-12-2008,26.7,26.7,25.6,26.4,1750249,Tata Motors
04-12-2008,26.9,30.4,25.9,29.9,2698960,Tata Motors
05-12-2008,30.1,31.6,29.6,30.3,2595491,Tata Motors
08-12-2008,31.4,33.2,29.7,30.1,2134296,Tata Motors
10-12-2008,30.7,34,28.9,32.3,4183216,Tata Motors
11-12-2008,33,34.2,31.3,31.8,3045669,Tata Motors
12-12-2008,30.7,30.8,29.1,30.3,2044404,Tata Motors
15-12-2008,31.1,32.3,30.9,31.3,1753248,Tata Motors
16-12-2008,31.3,33.2,30.5,32.6,2723129,Tata Motors
17-12-2008,33,33.6,31.7,32.1,2253223,Tata Motors
18-12-2008,32.4,35.1,31.6,34.4,2520916,Tata Motors
19-12-2008,34.2,36.9,33.9,35.4,3670949,Tata Motors
22-12-2008,35.4,38,35.4,37.2,2608758,Tata Motors
23-12-2008,36.4,36.6,33.8,34.5,2225727,Tata Motors
24-12-2008,33.7,33.9,31.3,31.6,2383267,Tata Motors
26-12-2008,32.6,32.7,30.5,30.8,1553736,Tata Motors
29-12-2008,30.8,30.8,28.6,29.5,2368696,Tata Motors
30-12-2008,29.7,31.1,29.7,30.9,1787537,Tata Motors
31-12-2008,31.5,32.3,30.9,31.6,2140262,Tata Motors
01-01-2009,31.8,35.5,31.5,33.7,1606898,Tata Motors
02-01-2009,34.4,36.1,33.8,34.8,3673821,Tata Motors
05-01-2009,36.6,36.6,34.6,35.3,2648005,Tata Motors
06-01-2009,35.6,37.4,34.7,36.9,3685004,Tata Motors
07-01-2009,37.4,37.4,33.4,34.5,1636689,Tata Motors
09-01-2009,35.6,35.6,31.1,32.8,2342208,Tata Motors
12-01-2009,33,33.2,30.9,32,1997889,Tata Motors
13-01-2009,32,32.1,30.1,30.7,1452243,Tata Motors
14-01-2009,31.3,31.6,30.3,30.9,1644244,Tata Motors
15-01-2009,30.3,30.6,28.7,29.8,2206742,Tata Motors
16-01-2009,30.7,30.7,29.6,30.3,1474667,Tata Motors
19-01-2009,30.5,30.6,29.2,29.7,1194224,Tata Motors
20-01-2009,29.7,29.7,28.7,28.8,1065262,Tata Motors
21-01-2009,29.1,29.7,27.3,27.7,2197103,Tata Motors
22-01-2009,28.1,28.3,26.1,26.3,3074916,Tata Motors
23-01-2009,26.7,27.7,25.8,26.7,1919510,Tata Motors
27-01-2009,27.6,28.1,26.9,27.8,956720,Tata Motors
28-01-2009,28.3,29.4,28.1,29,1615556,Tata Motors
30-01-2009,29.6,29.9,28.7,29.6,1682799,Tata Motors
02-02-2009,29.3,29.3,27.7,28.4,1143658,Tata Motors
03-02-2009,29.2,29.2,26.1,26.4,3233527,Tata Motors
04-02-2009,27.3,27.3,26.2,26.8,2161527,Tata Motors
05-02-2009,26,26.2,25.6,25.9,2111037,Tata Motors
06-02-2009,26.1,27.6,26.1,27.2,1938748,Tata Motors
09-02-2009,27.7,28.5,27.3,28,1215676,Tata Motors
10-02-2009,28.5,28.5,27,27.3,1896812,Tata Motors
11-02-2009,27,27.3,26.4,26.9,1610458,Tata Motors
12-02-2009,26.7,27.4,26.5,27,1773475,Tata Motors
13-02-2009,27.3,27.7,27,27.3,2846030,Tata Motors
16-02-2009,27.6,28.3,26.7,27,2132270,Tata Motors
17-02-2009,26.7,26.8,25.6,25.9,1582854,Tata Motors
18-02-2009,25.7,26.6,25.3,26.4,1076719,Tata Motors
19-02-2009,26,27,25.8,26.6,876202,Tata Motors
20-02-2009,26.3,26.7,25.8,26.5,1253724,Tata Motors
24-02-2009,26.4,26.5,25.7,26.1,1552376,Tata Motors
25-02-2009,26.7,27.9,26.5,27.7,2817446,Tata Motors
26-02-2009,28.1,30.1,27.4,29.7,6546667,Tata Motors
27-02-2009,30.1,31,28.7,29.5,5776999,Tata Motors
02-03-2009,28.9,30.5,28.4,28.8,3822556,Tata Motors
03-03-2009,29.3,29.6,27.8,28.1,2647522,Tata Motors
04-03-2009,28.6,29.2,27.6,28.3,2464751,Tata Motors
05-03-2009,28.9,29.1,27.3,27.6,3361062,Tata Motors
06-03-2009,26.7,27.6,26.7,27.4,2464971,Tata Motors
09-03-2009,27.7,27.9,26.8,27,1699420,Tata Motors
12-03-2009,27.7,29,27.6,28.9,2987699,Tata Motors
13-03-2009,29.9,32.5,29.9,32,5206640,Tata Motors
16-03-2009,32.4,33.5,32.3,33,4355437,Tata Motors
17-03-2009,32.8,34.3,32.1,34,4584185,Tata Motors
18-03-2009,34.4,35.9,34.3,34.9,4633589,Tata Motors
19-03-2009,35.6,36.4,33.4,34,4581522,Tata Motors
20-03-2009,33.6,34.4,31.5,31.8,7219494,Tata Motors
23-03-2009,32.6,34.3,32.3,32.9,9001891,Tata Motors
24-03-2009,33.7,34,31.9,32.1,7779136,Tata Motors
25-03-2009,31.9,32.5,30.7,31.7,5794301,Tata Motors
26-03-2009,32.5,35.7,31.5,34.8,9769095,Tata Motors
27-03-2009,34.6,38.2,33.9,37.4,9483446,Tata Motors
30-03-2009,36.6,37,33.4,34,6064416,Tata Motors
31-03-2009,33.6,36.7,33.6,35.7,6423571,Tata Motors
01-04-2009,36,36.5,34.7,35.6,7380931,Tata Motors
02-04-2009,36.4,41.2,36.1,40.3,13914963,Tata Motors
06-04-2009,41.3,42.4,40.4,41.6,7036078,Tata Motors
08-04-2009,39.6,44.6,39,44.2,9843681,Tata Motors
09-04-2009,45.1,47.4,43.4,44.9,7564818,Tata Motors
13-04-2009,45.3,51.4,45.3,49.9,5572703,Tata Motors
15-04-2009,49.7,58.3,47.6,55.7,12002123,Tata Motors
16-04-2009,56.4,58.2,47.3,47.8,13804568,Tata Motors
17-04-2009,48.5,51.2,45.1,46.7,8767730,Tata Motors
20-04-2009,45.7,49.4,45.7,48.7,6522826,Tata Motors
21-04-2009,47.2,48.2,45.2,46.2,6458065,Tata Motors
22-04-2009,46.3,47.6,45.2,46,4128720,Tata Motors
23-04-2009,46.5,49.1,45.8,48.6,4945137,Tata Motors
24-04-2009,48.5,50.6,46.2,50.2,7901010,Tata Motors
27-04-2009,51,51.4,47.9,49.3,5810897,Tata Motors
28-04-2009,49.1,49.6,45.4,46,3801647,Tata Motors
29-04-2009,46.5,48.7,44,48.2,7396020,Tata Motors
04-05-2009,49.5,51.6,48.9,51.1,4937843,Tata Motors
05-05-2009,51.9,54.9,50.3,53.7,6988522,Tata Motors
06-05-2009,54,54.7,51.8,52.4,4133428,Tata Motors
07-05-2009,52.4,55.1,52.4,53.8,5015307,Tata Motors
08-05-2009,53.8,54.4,51.7,53.2,3479968,Tata Motors
11-05-2009,53.8,54,49.9,50.9,2977562,Tata Motors
12-05-2009,50.5,53.3,48.8,52.9,4584162,Tata Motors
13-05-2009,53.2,53.8,51.5,53,2818655,Tata Motors
14-05-2009,51.4,51.9,50.1,51.4,2261185,Tata Motors
15-05-2009,51.8,54.4,51.7,52.5,3288693,Tata Motors
18-05-2009,56.4,62.3,56.4,59.6,12351,Tata Motors
19-05-2009,63.3,63.3,53.6,60.5,6394741,Tata Motors
20-05-2009,60.2,74.1,59.6,71.9,11801478,Tata Motors
21-05-2009,70.2,74.2,68.9,70.7,8652080,Tata Motors
22-05-2009,70.3,72.8,66.9,68.4,4792416,Tata Motors
25-05-2009,68.9,69.8,67,68.4,3065641,Tata Motors
26-05-2009,68.5,69.2,63.7,64.4,2993065,Tata Motors
27-05-2009,65.3,68.8,65.3,68,3180855,Tata Motors
28-05-2009,68.1,69.2,64.9,65.9,5785190,Tata Motors
29-05-2009,67.2,69.6,65.3,66.6,8456207,Tata Motors
01-06-2009,69,69,66,66.6,3872231,Tata Motors
02-06-2009,68.8,70.4,66.5,69.1,4955169,Tata Motors
03-06-2009,70.5,74.9,70.4,71.7,7126541,Tata Motors
04-06-2009,69.8,74,69.8,73,3549744,Tata Motors
05-06-2009,73.2,79.9,72.8,77,7699851,Tata Motors
08-06-2009,78.1,79.7,71.5,72.2,5053062,Tata Motors
09-06-2009,71.9,73.5,69.4,72.8,4436936,Tata Motors
10-06-2009,74.2,75.8,70.2,71.5,3637800,Tata Motors
11-06-2009,71.7,75.2,69.8,73,4729603,Tata Motors
12-06-2009,73.8,74.2,69.9,70.7,3693164,Tata Motors
15-06-2009,69.6,70.2,66.4,67.8,2877198,Tata Motors
16-06-2009,66.3,70,65.5,69.2,2769325,Tata Motors
17-06-2009,69.2,69.8,62.9,64.1,3356101,Tata Motors
18-06-2009,63.5,66.5,63.1,65.2,4088525,Tata Motors
19-06-2009,66.6,68.8,65.9,68.4,2715010,Tata Motors
22-06-2009,69.8,69.8,65.5,66,2243420,Tata Motors
23-06-2009,63.6,68.7,63.6,67.7,4129428,Tata Motors
24-06-2009,68.5,71.2,67.7,70.7,4756084,Tata Motors
25-06-2009,71.5,72.2,66.3,66.7,7841042,Tata Motors
26-06-2009,67.5,68.1,65,67.3,3035430,Tata Motors
29-06-2009,67.1,67.3,61.7,62.1,7761513,Tata Motors
30-06-2009,62.3,62.9,57,57.5,10162369,Tata Motors
01-07-2009,57.8,60.2,57.4,59.3,5044825,Tata Motors
02-07-2009,60.1,60.3,56.6,58.2,4419009,Tata Motors
03-07-2009,58.4,60.1,57,59.5,3975869,Tata Motors
06-07-2009,60.1,60.9,55.2,56,3861693,Tata Motors
07-07-2009,56.2,56.8,53.6,55.5,4627314,Tata Motors
08-07-2009,55,57.9,53.4,55.7,5567483,Tata Motors
09-07-2009,55.3,56.2,52.5,53.9,4312426,Tata Motors
10-07-2009,54.6,56.5,52.6,53.5,4327053,Tata Motors
13-07-2009,53.2,53.4,50.3,52,2611766,Tata Motors
14-07-2009,53.4,54.6,52.8,53.9,3280091,Tata Motors
15-07-2009,54.4,57.5,53.9,57.1,3158244,Tata Motors
16-07-2009,58.4,61,58,58.7,5145761,Tata Motors
17-07-2009,59.4,62.9,59.3,62.5,4384270,Tata Motors
20-07-2009,63.3,65.3,61.2,64.9,3826290,Tata Motors
21-07-2009,65.3,66.6,62.9,64.7,4643203,Tata Motors
22-07-2009,65.4,67.3,63.3,64.3,3577101,Tata Motors
23-07-2009,66.1,67.8,65.3,67.3,3254839,Tata Motors
24-07-2009,67.8,74.7,67.3,73.8,8415060,Tata Motors
27-07-2009,73.9,76.8,70.6,74,7419492,Tata Motors
28-07-2009,76.6,84,76,82,15517278,Tata Motors
29-07-2009,80.5,80.9,75.3,77.8,8423715,Tata Motors
30-07-2009,77.1,79.7,76.2,78.2,4893816,Tata Motors
31-07-2009,80.1,84.1,79.2,83.4,0,Tata Motors
03-08-2009,83.7,85.9,82.4,85.3,6159816,Tata Motors
04-08-2009,73.6,92.9,73.6,87.7,15695647,Tata Motors
05-08-2009,87.3,90.4,86.5,89,9098876,Tata Motors
06-08-2009,88.4,89.6,82.1,82.8,6825557,Tata Motors
07-08-2009,97.4,97.4,79.1,82,9332577,Tata Motors
10-08-2009,83.3,84.1,78,79.9,7966699,Tata Motors
11-08-2009,80.2,86.3,77.8,85.2,11327981,Tata Motors
12-08-2009,81.4,89.2,81.4,88.7,10307989,Tata Motors
13-08-2009,89.3,93.9,88.2,93.6,9632900,Tata Motors
14-08-2009,94.2,94.2,91.1,92.5,8160190,Tata Motors
17-08-2009,88.3,91.2,85.5,86.2,5049069,Tata Motors
18-08-2009,86.6,88.4,83.6,87.1,7498037,Tata Motors
19-08-2009,87.5,87.5,84.1,85,4722934,Tata Motors
20-08-2009,86.2,87.1,84.2,84.9,4003103,Tata Motors
21-08-2009,83.7,86.4,82.6,85.6,4702639,Tata Motors
24-08-2009,87.1,91.3,86.7,90.8,4931423,Tata Motors
25-08-2009,89.6,97.6,89.3,97,9098617,Tata Motors
26-08-2009,96.9,100.1,95.4,98.9,7415023,Tata Motors
27-08-2009,97.6,98.1,95.6,96.2,4948490,Tata Motors
28-08-2009,96.3,97.9,94.3,97,4924053,Tata Motors
31-08-2009,95.4,97.9,94.1,96.9,5412702,Tata Motors
01-09-2009,97.2,103.5,94.3,102.1,11924392,Tata Motors
02-09-2009,98.9,104.1,97.5,102.9,7992650,Tata Motors
03-09-2009,103.5,104.9,100.3,101,4946893,Tata Motors
04-09-2009,101.1,102.2,98.2,100.6,6013102,Tata Motors
07-09-2009,101,114.1,100.8,112,10576645,Tata Motors
08-09-2009,113.4,113.8,108.2,111.9,10275348,Tata Motors
09-09-2009,110.8,111.6,108.4,110.2,4598480,Tata Motors
10-09-2009,110.8,114.3,110.3,111.3,5969257,Tata Motors
11-09-2009,110.8,112.4,106.7,108.9,4213258,Tata Motors
14-09-2009,104.6,112.1,104.6,111.6,5102312,Tata Motors
15-09-2009,111.6,113.6,111.3,112.6,3407199,Tata Motors
16-09-2009,113.8,120.5,112.8,119.6,8904569,Tata Motors
17-09-2009,119.7,122.6,118.2,119.8,6196591,Tata Motors
18-09-2009,118.9,120,116.9,118.7,4151397,Tata Motors
22-09-2009,118.6,122.8,116.9,121.6,4946668,Tata Motors
23-09-2009,121.9,122.6,119.7,120.3,2991895,Tata Motors
24-09-2009,118.7,120.8,117.6,119.5,4476922,Tata Motors
25-09-2009,118.7,119.5,116.8,117.4,2945419,Tata Motors
29-09-2009,117.7,120.1,116.6,117.2,1658611,Tata Motors
30-09-2009,117.7,118.2,115.4,117,3101128,Tata Motors
01-10-2009,117.7,117.9,114.2,114.7,2300562,Tata Motors
05-10-2009,97.9,113.8,97.9,111.5,2087232,Tata Motors
06-10-2009,112.2,112.7,105.6,110.4,5187703,Tata Motors
07-10-2009,111.4,113.6,109.7,110.5,2555880,Tata Motors
08-10-2009,110.8,118.7,110.8,116.6,5549534,Tata Motors
09-10-2009,117.7,118.5,107,108,7228015,Tata Motors
12-10-2009,108.5,110,106.6,108.5,3648346,Tata Motors
14-10-2009,109.6,114.9,109.6,113.7,6387585,Tata Motors
15-10-2009,117,117,111.8,113.4,4229305,Tata Motors
16-10-2009,113.1,115.2,109.6,114.6,3037640,Tata Motors
20-10-2009,112.8,117.1,110,114.7,3968636,Tata Motors
21-10-2009,114.1,114.7,108.8,109.8,2904693,Tata Motors
22-10-2009,109.6,109.8,106,107.1,3606267,Tata Motors
23-10-2009,108.8,109.4,104,104.7,5080934,Tata Motors
26-10-2009,105.6,109.6,102.6,106.7,8361642,Tata Motors
27-10-2009,105.8,111.5,105.8,108.5,11917016,Tata Motors
28-10-2009,108.6,113.1,107.3,111.2,9195149,Tata Motors
29-10-2009,109.8,111.6,105.6,109.9,10223444,Tata Motors
30-10-2009,111.5,113.7,109.2,112.2,6501689,Tata Motors
03-11-2009,111.5,114.7,108.5,109.3,4983216,Tata Motors
04-11-2009,111.6,113.6,107.7,112.8,4996974,Tata Motors
05-11-2009,112.8,114.5,110.1,113.8,4008487,Tata Motors
06-11-2009,115.7,116.5,111.8,112.8,4988673,Tata Motors
09-11-2009,113.5,115.3,111.7,114.9,3209792,Tata Motors
10-11-2009,115.5,120,114.6,117.4,6532426,Tata Motors
11-11-2009,117.9,124.6,117.9,123,6689277,Tata Motors
12-11-2009,122.7,125.9,121.4,122.5,5936044,Tata Motors
13-11-2009,122.5,124,121.4,122.7,2940721,Tata Motors
16-11-2009,123.1,126.6,122.9,125.6,2887664,Tata Motors
17-11-2009,125.6,127,121.9,124,4228606,Tata Motors
18-11-2009,123.7,128.6,123.5,127.9,3630127,Tata Motors
19-11-2009,128,130,125.1,126,3461992,Tata Motors
20-11-2009,125.5,128,121.8,127,2994885,Tata Motors
23-11-2009,127.9,129.2,126.7,128.1,2164434,Tata Motors
24-11-2009,128,131.3,127.6,128.6,3737442,Tata Motors
25-11-2009,127.7,130,126.9,127.5,2310866,Tata Motors
26-11-2009,128.2,128.6,120.8,125.3,7192648,Tata Motors
27-11-2009,126.6,126.6,120.7,124.5,3703135,Tata Motors
30-11-2009,126.2,131.9,124.9,131.2,4242240,Tata Motors
01-12-2009,135.1,140,132.2,139.1,5884078,Tata Motors
02-12-2009,139.9,147.2,139.9,145,8930210,Tata Motors
03-12-2009,146.1,146.1,139.1,139.8,4361016,Tata Motors
04-12-2009,136.5,142.4,136.5,140.4,3157880,Tata Motors
07-12-2009,139.7,143.2,138.5,139.3,2884746,Tata Motors
08-12-2009,137.5,143.4,137.5,143.1,3383253,Tata Motors
09-12-2009,142.5,144.2,141.5,142.4,2306880,Tata Motors
10-12-2009,142.7,143.2,140.7,141.1,2367975,Tata Motors
11-12-2009,142.2,143.6,139.7,140.8,2299027,Tata Motors
14-12-2009,140.5,142.5,139.9,140.6,2016211,Tata Motors
15-12-2009,140.1,141.9,135.7,136.3,3133438,Tata Motors
16-12-2009,135.4,141.1,135.4,140.4,4602320,Tata Motors
17-12-2009,140.8,142,139.3,140.9,2906606,Tata Motors
18-12-2009,140.9,146.4,140.7,145.2,4446230,Tata Motors
21-12-2009,145.8,148.2,143.2,143.9,2604752,Tata Motors
22-12-2009,145.2,145.8,142.5,143.6,1811094,Tata Motors
23-12-2009,144.1,148.5,143.6,147.7,2438927,Tata Motors
24-12-2009,148,155.9,147.8,154.3,4852186,Tata Motors
29-12-2009,155.3,156.9,152.5,155.5,2943485,Tata Motors
30-12-2009,153.3,157.6,153.3,155.5,2977903,Tata Motors
31-12-2009,156.3,158.2,154.5,156.6,5476467,Tata Motors
04-01-2010,156.3,164,156.2,163.5,5522060,Tata Motors
05-01-2010,162.2,167.1,153.2,160.7,4683627,Tata Motors
06-01-2010,162.2,162.9,159.3,160.9,2966347,Tata Motors
07-01-2010,161.1,161.9,154.3,155.4,4496180,Tata Motors
08-01-2010,156.3,159.2,155.3,156.3,3264144,Tata Motors
11-01-2010,158.1,158.1,154.8,156.3,2330275,Tata Motors
12-01-2010,155.9,157.7,154.5,155.6,2108807,Tata Motors
13-01-2010,155.3,157.2,152.8,155.3,3494394,Tata Motors
14-01-2010,155.5,156.8,154.2,154.7,1706935,Tata Motors
15-01-2010,154.9,159,153.3,157.7,3750935,Tata Motors
18-01-2010,157,161,155.4,160.4,3711513,Tata Motors
19-01-2010,160.8,162,158.7,159.6,2287394,Tata Motors
20-01-2010,160.3,160.7,158.1,159.3,2015455,Tata Motors
21-01-2010,158.2,159,154.4,154.9,1838675,Tata Motors
22-01-2010,150.8,155.8,149.2,153.9,2512751,Tata Motors
25-01-2010,154,154.9,150.4,152.1,1671809,Tata Motors
27-01-2010,148.8,150.8,140.7,142,3184421,Tata Motors
28-01-2010,143.4,145.3,138.9,140.7,5366454,Tata Motors
29-01-2010,139.5,140.8,132.9,137.4,4135524,Tata Motors
01-02-2010,136.1,143.1,134.2,142.4,4769256,Tata Motors
02-02-2010,144.4,146.4,139.5,140.4,4317482,Tata Motors
03-02-2010,141.5,143.8,140.3,142.8,2308382,Tata Motors
04-02-2010,142.6,143.4,135.7,136.4,2842331,Tata Motors
05-02-2010,132.6,134.2,130.2,133,4402157,Tata Motors
08-02-2010,133.6,136.1,125.4,133.2,3433210,Tata Motors
09-02-2010,131.6,136.1,131.4,133.8,2648549,Tata Motors
10-02-2010,135.5,137.3,132,132.5,2660045,Tata Motors
11-02-2010,133.5,136.9,133.3,136.1,1998410,Tata Motors
15-02-2010,137.3,139,134.6,135.2,2403097,Tata Motors
16-02-2010,135.9,140.3,135.5,139.1,2023822,Tata Motors
17-02-2010,140.5,142.8,140.1,140.8,2477522,Tata Motors
18-02-2010,141.4,142.4,139.2,140.4,2346937,Tata Motors
19-02-2010,139.3,140.4,136,138.5,2505996,Tata Motors
22-02-2010,140.5,141.4,138.8,139.5,1719255,Tata Motors
23-02-2010,138.3,140.8,137.5,138.4,2583150,Tata Motors
24-02-2010,136.9,138.2,133.5,135.4,3052857,Tata Motors
25-02-2010,136.1,136.1,130.8,132,4692977,Tata Motors
26-02-2010,131.6,142.6,131.6,140.7,5526509,Tata Motors
02-03-2010,142.5,159.8,142.5,157.9,9871959,Tata Motors
03-03-2010,160.3,161,157.3,160.1,6852223,Tata Motors
04-03-2010,160,164.2,158.1,160.8,7319326,Tata Motors
05-03-2010,161.8,161.8,156.6,157.1,5344468,Tata Motors
08-03-2010,158.3,161.7,156.9,157.8,4041502,Tata Motors
09-03-2010,155.3,155.3,151,153.5,11411245,Tata Motors
10-03-2010,153.9,156.9,153.4,154.1,4505879,Tata Motors
11-03-2010,154.3,154.9,151.7,152.4,2616947,Tata Motors
12-03-2010,152.9,154.1,150.1,150.5,3569436,Tata Motors
15-03-2010,149.4,153.5,148.8,152.2,3471375,Tata Motors
16-03-2010,152.9,156,152.8,155.5,2849700,Tata Motors
17-03-2010,156.3,157.4,153.9,154.4,3721662,Tata Motors
18-03-2010,154.9,156.1,153.2,154.4,2039936,Tata Motors
19-03-2010,153.4,155.6,153.3,155,1971117,Tata Motors
22-03-2010,153.7,155,150.1,150.4,3003303,Tata Motors
23-03-2010,150.4,152,145.6,146.3,4765364,Tata Motors
25-03-2010,147.4,149,141.3,143.5,8706893,Tata Motors
26-03-2010,144.7,149.7,144.1,148.3,7802565,Tata Motors
29-03-2010,149,150.3,145.4,146.5,5205702,Tata Motors
30-03-2010,147.4,150.3,146.5,149.6,5530056,Tata Motors
31-03-2010,150,151.6,148.6,149.9,3197088,Tata Motors
01-04-2010,150.4,154.3,150.4,153.9,3958900,Tata Motors
05-04-2010,154.9,155.9,149.6,154.6,3188203,Tata Motors
06-04-2010,155.3,155.5,152,153.2,2358889,Tata Motors
07-04-2010,153.3,157.9,153.2,157.4,3973233,Tata Motors
08-04-2010,157.5,157.7,152.2,153.9,2248784,Tata Motors
09-04-2010,155.3,161.1,154.3,160.2,5807160,Tata Motors
12-04-2010,160.2,160.2,153.9,154.5,5893176,Tata Motors
13-04-2010,154.9,155.6,150.6,153.3,9792841,Tata Motors
15-04-2010,154.3,157.8,152.7,153.4,6006254,Tata Motors
16-04-2010,153.3,156.2,153.2,155.3,3366696,Tata Motors
19-04-2010,151.6,154.2,151,153.5,3611547,Tata Motors
20-04-2010,153.7,158,153.7,156.8,4193100,Tata Motors
21-04-2010,157.1,160.7,153.4,160.1,4938722,Tata Motors
22-04-2010,159.6,169.1,158.5,165.5,10511001,Tata Motors
23-04-2010,165.8,167.9,163.7,167.1,5731749,Tata Motors
26-04-2010,167.6,170.3,165.2,168.3,3113708,Tata Motors
27-04-2010,168,169.1,166.8,167.5,4498664,Tata Motors
28-04-2010,164.2,167,138.5,162.5,3896397,Tata Motors
29-04-2010,164.2,168.1,162.9,166.7,8275957,Tata Motors
30-04-2010,167.8,173.8,167.2,172.6,6106181,Tata Motors
03-05-2010,172.3,174.6,167.7,169,4704300,Tata Motors
04-05-2010,170,172,165.8,166.6,3753436,Tata Motors
05-05-2010,162.2,166.5,159.5,165.2,3749149,Tata Motors
06-05-2010,165.2,165.2,159.5,160.9,4751129,Tata Motors
07-05-2010,159.2,159.2,150,150.9,5699256,Tata Motors
10-05-2010,156.7,161.6,151.5,161,4397248,Tata Motors
11-05-2010,161.6,162,156.9,158.3,4299820,Tata Motors
12-05-2010,157.3,160.6,156.6,158.8,3787352,Tata Motors
13-05-2010,160.2,165.6,160.1,164.4,4722484,Tata Motors
14-05-2010,164.6,165.2,160.4,161.5,2736699,Tata Motors
17-05-2010,159.7,159.7,153.3,156.1,4783728,Tata Motors
18-05-2010,157.3,157.3,151.4,152.8,4518167,Tata Motors
19-05-2010,151.4,151.4,139.9,141.4,8430562,Tata Motors
20-05-2010,142.1,144.9,137.6,140.8,6426699,Tata Motors
21-05-2010,136.5,141.3,133.8,140.4,8391868,Tata Motors
24-05-2010,142.5,146.3,138.9,139.9,5477862,Tata Motors
25-05-2010,138.3,138.4,132.6,133.2,4530717,Tata Motors
26-05-2010,133.5,141.2,133.5,140.4,5331155,Tata Motors
27-05-2010,139.9,148.4,139.4,146.8,9131458,Tata Motors
28-05-2010,150.4,153.1,146.9,148.3,7729037,Tata Motors
31-05-2010,149.2,151.2,146.6,149.4,4435066,Tata Motors
01-06-2010,148,150,142.6,143.4,4758734,Tata Motors
02-06-2010,145.4,148.4,143.7,147.6,5679867,Tata Motors
03-06-2010,149.4,152.7,149.4,151.8,4891618,Tata Motors
04-06-2010,151.9,153.5,149.5,152.7,3498591,Tata Motors
07-06-2010,149.6,149.6,144.9,145.8,5512536,Tata Motors
08-06-2010,145.8,149.7,144.6,145.6,5338368,Tata Motors
09-06-2010,145.4,147.3,143.1,144,6586687,Tata Motors
10-06-2010,146.1,150.8,144.4,150.2,4937054,Tata Motors
11-06-2010,152.2,152.9,149.9,151.3,5228081,Tata Motors
14-06-2010,151.9,152.9,149.2,150.4,3491480,Tata Motors
15-06-2010,150.6,152.1,148.3,150.3,3235535,Tata Motors
16-06-2010,151.4,155.9,151.4,154.4,5148565,Tata Motors
17-06-2010,155.1,159.4,153.3,158.7,4720955,Tata Motors
18-06-2010,159.3,160.7,156.9,158.6,4139966,Tata Motors
21-06-2010,160.1,162.9,159.3,159.7,3956173,Tata Motors
22-06-2010,160.2,160.2,156.6,157.8,3121526,Tata Motors
23-06-2010,156.3,159.6,155.9,156.5,3440271,Tata Motors
24-06-2010,156.8,157.8,154.7,155.3,3016736,Tata Motors
25-06-2010,155.3,156.1,151.5,152.1,3367733,Tata Motors
28-06-2010,152.3,157.1,152.3,156.2,2484706,Tata Motors
29-06-2010,156.1,156.1,151.6,152.5,2827895,Tata Motors
30-06-2010,150.4,154.7,150.1,154,3458935,Tata Motors
01-07-2010,153.9,154.3,150.6,150.9,2428943,Tata Motors
02-07-2010,152.3,153.5,151,151.6,2382202,Tata Motors
05-07-2010,151.3,154.3,150.2,151,3185605,Tata Motors
06-07-2010,151.3,152.7,150.6,151.9,2774349,Tata Motors
07-07-2010,151.6,152.3,148.1,148.6,2523759,Tata Motors
08-07-2010,150.4,151.6,149.3,149.6,2254969,Tata Motors
09-07-2010,150.6,152.8,150.2,152.5,3150062,Tata Motors
12-07-2010,153.7,156.9,152.8,156.3,4403212,Tata Motors
13-07-2010,156.5,159.2,155.8,158.7,2907202,Tata Motors
14-07-2010,159.7,161.2,157.3,158.3,2706581,Tata Motors
15-07-2010,158.3,160.7,156.5,160.2,3097080,Tata Motors
16-07-2010,160.3,165.4,160,164.7,5229287,Tata Motors
19-07-2010,163.6,165,162.5,163.3,1846759,Tata Motors
20-07-2010,164,164.8,160.1,160.9,1753304,Tata Motors
21-07-2010,161.8,163.4,161.5,162.3,1828912,Tata Motors
22-07-2010,162,166.2,161.2,165.6,2621538,Tata Motors
23-07-2010,166.6,167.6,164.5,165.9,2610976,Tata Motors
26-07-2010,166.4,166.4,161.9,162.5,1771276,Tata Motors
27-07-2010,162.4,167.8,162.4,167.1,2878161,Tata Motors
28-07-2010,166.6,169.9,166.6,169.1,2832248,Tata Motors
29-07-2010,169.4,172,167.3,171.5,3581832,Tata Motors
30-07-2010,169,170.3,166.8,167.4,2142426,Tata Motors
02-08-2010,169,170.7,166.8,167.6,2191379,Tata Motors
03-08-2010,169.1,169.4,166,166.5,2914482,Tata Motors
04-08-2010,166.8,167.8,165.2,167.1,1504587,Tata Motors
05-08-2010,167.4,171.5,166.8,170.3,2915964,Tata Motors
06-08-2010,170.1,178.4,169.8,176.8,6905308,Tata Motors
09-08-2010,177.8,182.4,177.1,181.9,4247338,Tata Motors
10-08-2010,183,191.3,175.5,189.4,16038550,Tata Motors
11-08-2010,190.4,202.7,190.2,199.2,16322967,Tata Motors
12-08-2010,199.2,204.4,196,202.7,6862401,Tata Motors
13-08-2010,203.2,204.8,199.3,200.5,3872734,Tata Motors
16-08-2010,201.2,202.3,196.4,198.1,2672328,Tata Motors
17-08-2010,198.8,201.6,197.4,199.2,4137627,Tata Motors
18-08-2010,200.6,209.4,200.4,207.4,6618229,Tata Motors
19-08-2010,205.8,207.7,204.2,205.8,3033774,Tata Motors
20-08-2010,203.5,205.4,200.4,200.9,3991898,Tata Motors
23-08-2010,201.8,203,199,200.9,2550409,Tata Motors
24-08-2010,201,201.8,199.3,200.2,1952925,Tata Motors
25-08-2010,199.3,200.5,194.5,196.3,3120975,Tata Motors
26-08-2010,195.9,201.4,195.3,197.3,6112716,Tata Motors
27-08-2010,197.3,200.2,195.3,196,2553224,Tata Motors
30-08-2010,198.6,199.8,193.9,195.8,2595748,Tata Motors
31-08-2010,194.9,200.8,194.2,199.9,6437448,Tata Motors
01-09-2010,200.8,201.7,198.5,200,2853937,Tata Motors
02-09-2010,202,204.2,200.6,201.2,2711630,Tata Motors
03-09-2010,201.8,202.8,199.9,200.6,1184668,Tata Motors
06-09-2010,201.7,205.8,201.7,204.8,2140182,Tata Motors
07-09-2010,204.4,209.8,204.4,205.6,2197504,Tata Motors
08-09-2010,204.8,206.5,203,204.4,1581435,Tata Motors
09-09-2010,204.6,206.4,199.6,200.8,2356855,Tata Motors
13-09-2010,202,204.7,201.3,203.2,2457220,Tata Motors
14-09-2010,204.8,211.3,202.8,208.8,5681617,Tata Motors
15-09-2010,210.7,213.5,201.6,202.7,6505310,Tata Motors
16-09-2010,202.9,206,201.8,203.5,3666178,Tata Motors
17-09-2010,205.6,207.3,203.7,204.9,2838439,Tata Motors
20-09-2010,205.7,209.9,205.2,209.2,2658263,Tata Motors
21-09-2010,209.3,214.7,208,213.8,4790004,Tata Motors
22-09-2010,217.4,219.4,209.6,211.9,3124979,Tata Motors
23-09-2010,212.5,213.7,210.2,212.5,2231317,Tata Motors
24-09-2010,211.1,213.1,210.1,212.3,1590464,Tata Motors
27-09-2010,215.8,216.6,211.8,214.4,2185271,Tata Motors
28-09-2010,213.5,214.7,211,213.8,1625571,Tata Motors
29-09-2010,213.8,219.6,213.8,218.9,4037658,Tata Motors
30-09-2010,219.6,220.6,214.9,217.3,3110520,Tata Motors
01-10-2010,218.6,228.5,217.8,220.4,6868939,Tata Motors
04-10-2010,222.8,226.9,217.6,225.4,3516210,Tata Motors
05-10-2010,226.5,226.6,223.2,224.4,2149167,Tata Motors
06-10-2010,226.3,227.7,224.6,225.3,2857654,Tata Motors
07-10-2010,225.5,227.1,221.1,223.3,1879554,Tata Motors
08-10-2010,224.4,225.5,216.2,218.2,2700519,Tata Motors
11-10-2010,221.2,229.3,218.8,227.8,2579599,Tata Motors
12-10-2010,227.7,230.5,226.6,228.8,2924615,Tata Motors
13-10-2010,228.8,234,227.3,232.7,2672500,Tata Motors
14-10-2010,233.1,236.4,231.8,234.1,2642230,Tata Motors
15-10-2010,234.2,235.4,227.7,228.7,1847851,Tata Motors
18-10-2010,226.5,233,224,231.3,3104849,Tata Motors
19-10-2010,233.5,235,231.5,232.3,2025249,Tata Motors
20-10-2010,231.5,232.9,228.1,229,1549041,Tata Motors
21-10-2010,230.5,233.2,229.7,230.9,2017018,Tata Motors
22-10-2010,232.2,232.5,226.6,227.3,2111964,Tata Motors
25-10-2010,228.6,235.4,228.6,234.6,1873775,Tata Motors
26-10-2010,234.6,237.4,233.2,236.4,2814639,Tata Motors
27-10-2010,235.4,237.8,234.1,236.6,1684316,Tata Motors
28-10-2010,237.4,239.4,234.5,235.9,3200678,Tata Motors
29-10-2010,235.9,236.8,225.8,229.3,2132848,Tata Motors
01-11-2010,233.4,234.4,230.2,231.6,1558623,Tata Motors
02-11-2010,232.5,232.7,226.5,228.4,2303758,Tata Motors
03-11-2010,229.9,235.8,229.8,234.6,1592182,Tata Motors
04-11-2010,236.4,245.3,233.1,244.2,3703358,Tata Motors
05-11-2010,246.5,247.7,245.1,245.7,372167,Tata Motors
08-11-2010,247.3,253.2,245.8,251.1,2846942,Tata Motors
09-11-2010,253.4,256,249.6,251.2,3901323,Tata Motors
10-11-2010,266.3,266.7,256.6,257.7,5687186,Tata Motors
11-11-2010,261,261.8,250.2,252.4,3854920,Tata Motors
12-11-2010,250.3,255.4,245.6,246.6,3165674,Tata Motors
15-11-2010,246.7,248.8,242.2,247.7,2854821,Tata Motors
16-11-2010,250.3,250.4,234.9,238.5,3668755,Tata Motors
18-11-2010,241,244.7,232.7,243.5,5057615,Tata Motors
19-11-2010,245.3,246.3,232.9,235.2,3233804,Tata Motors
22-11-2010,238.6,244.1,235.6,242.9,2157159,Tata Motors
23-11-2010,241,243.2,233.7,240.1,3463587,Tata Motors
24-11-2010,240.6,249.4,238.4,241.1,4096644,Tata Motors
25-11-2010,243.4,247.3,237.4,238.6,3680676,Tata Motors
26-11-2010,239.8,241,225.1,230.8,4652687,Tata Motors
29-11-2010,230.7,236.3,226.5,234.6,2245153,Tata Motors
30-11-2010,232.5,246.2,230.2,244.3,3698167,Tata Motors
01-12-2010,243.3,257.8,242.6,254.6,5994329,Tata Motors
02-12-2010,257,262.8,256.4,261.2,5731817,Tata Motors
03-12-2010,260.4,266.4,257.8,260.1,5671000,Tata Motors
06-12-2010,262.1,273.4,261.8,268.6,8881460,Tata Motors
07-12-2010,267.1,267.5,259.6,264.2,4801008,Tata Motors
08-12-2010,263.5,266.5,256.4,264.3,7396827,Tata Motors
09-12-2010,264.5,265.1,249.1,252,5447129,Tata Motors
10-12-2010,250.7,250.9,239.8,246.8,4411832,Tata Motors
13-12-2010,248.5,256,247.9,252.7,3283615,Tata Motors
14-12-2010,254.6,260.2,250.9,258.4,3791092,Tata Motors
15-12-2010,257.8,264.1,255.2,261.7,3608508,Tata Motors
16-12-2010,261,270.7,255.5,266.5,3822439,Tata Motors
20-12-2010,263.5,269.8,261.6,267.3,2809244,Tata Motors
21-12-2010,267.3,269.8,263.7,267.1,2139463,Tata Motors
22-12-2010,268.3,271.3,266.5,270.1,2538398,Tata Motors
23-12-2010,269.3,271.9,264.3,267.6,2039011,Tata Motors
24-12-2010,265.5,266.9,257.6,258.4,3191356,Tata Motors
27-12-2010,258,261.3,255.8,257.4,1729961,Tata Motors
28-12-2010,258.3,258.6,249.9,251,3609994,Tata Motors
29-12-2010,251.3,253.2,247.7,252,3058551,Tata Motors
30-12-2010,252.1,258.2,251.9,257.2,2887614,Tata Motors
31-12-2010,258.4,260.3,256.4,258.8,1750451,Tata Motors
03-01-2011,262.7,264.1,257.4,258.9,1678140,Tata Motors
04-01-2011,259.9,261.3,254.2,256.9,2333384,Tata Motors
05-01-2011,257.2,259.2,252.4,253.8,1576151,Tata Motors
06-01-2011,255.1,257.4,247,249.5,2182701,Tata Motors
07-01-2011,249.3,249.9,229.5,235.5,4318326,Tata Motors
10-01-2011,235.6,238.8,229,232.8,4764220,Tata Motors
11-01-2011,234.2,237.2,225.7,229.1,4240627,Tata Motors
12-01-2011,233.5,242,232.7,241,4783793,Tata Motors
13-01-2011,241.6,246.7,239.8,244.7,5733344,Tata Motors
14-01-2011,242.4,242.4,231.9,233.9,3438870,Tata Motors
17-01-2011,234.9,235,228.6,233.2,2401956,Tata Motors
18-01-2011,234.4,239.1,233.9,237.3,2827658,Tata Motors
19-01-2011,239,239,234.1,236,2429130,Tata Motors
20-01-2011,234.4,237.8,229.9,236.4,2337303,Tata Motors
21-01-2011,235.4,238.2,231.9,234.9,2137983,Tata Motors
24-01-2011,234.9,237,232.5,235.1,1270451,Tata Motors
25-01-2011,237.2,237.2,229.5,230.7,2516799,Tata Motors
27-01-2011,233.8,237.3,231.7,236.6,4165911,Tata Motors
28-01-2011,235,235.4,222,227.6,3106133,Tata Motors
31-01-2011,220.6,229.3,220,226.9,2530027,Tata Motors
01-02-2011,227.8,227.8,210.3,211.5,5105505,Tata Motors
02-02-2011,215.1,223.3,213.1,220.4,4445302,Tata Motors
03-02-2011,217.6,230.4,216.4,228.9,2805179,Tata Motors
04-02-2011,227.6,235.4,225.5,227.7,4927297,Tata Motors
07-02-2011,225.8,229.5,219.8,226.8,3497490,Tata Motors
08-02-2011,227.5,229.1,218.5,220.1,2989423,Tata Motors
09-02-2011,217.6,221.2,208.2,212.4,4886364,Tata Motors
10-02-2011,212.9,221,212.4,218.1,3042596,Tata Motors
11-02-2011,219.3,231.5,217.4,226.1,3644665,Tata Motors
14-02-2011,236.1,241.7,235.8,239.2,4424196,Tata Motors
15-02-2011,240.2,246.9,237.8,244.8,4025122,Tata Motors
16-02-2011,244.1,246.3,240.8,245,1760803,Tata Motors
17-02-2011,243.7,248.2,242.4,247,1737971,Tata Motors
18-02-2011,247.1,248.9,237.6,238.5,2579872,Tata Motors
21-02-2011,238.4,239.1,224.6,229.8,4404748,Tata Motors
22-02-2011,227.5,228.3,222.1,224.9,2503673,Tata Motors
23-02-2011,224.6,230.1,223.6,226.3,2052678,Tata Motors
24-02-2011,225.3,225.9,205.5,208.6,5437575,Tata Motors
25-02-2011,214.1,222.6,212.2,219.7,4684753,Tata Motors
28-02-2011,220.6,222.9,208.7,214.2,6517299,Tata Motors
01-03-2011,217.4,226.7,217.1,225.9,3288143,Tata Motors
03-03-2011,225.1,234.4,221.6,232.8,4812705,Tata Motors
04-03-2011,236.2,236.3,230.7,232.6,3313941,Tata Motors
07-03-2011,228.5,228.5,221.8,223.2,2974670,Tata Motors
08-03-2011,222.8,230.5,222.6,229.9,2213827,Tata Motors
09-03-2011,231.7,232.8,228.1,230.2,1704505,Tata Motors
10-03-2011,230.7,232.4,227.7,230.5,1869556,Tata Motors
11-03-2011,228.7,231.9,224,230,2104678,Tata Motors
14-03-2011,228.5,233.4,225.6,232.6,1558207,Tata Motors
15-03-2011,225.6,229.5,223.3,226,1783640,Tata Motors
16-03-2011,227.9,232.3,226.9,230.8,1788126,Tata Motors
17-03-2011,227.1,230,224.1,225.5,1787373,Tata Motors
18-03-2011,228.1,228.1,220.2,221.1,2499929,Tata Motors
21-03-2011,223.4,224.2,220.6,221.8,1912554,Tata Motors
22-03-2011,223.6,226.3,223.6,224.8,2095566,Tata Motors
23-03-2011,223.9,226.5,222.8,224.9,1634169,Tata Motors
24-03-2011,226.8,229.9,226.6,229,1182009,Tata Motors
25-03-2011,231.7,235.8,229.8,234.2,1697574,Tata Motors
28-03-2011,235.8,242.9,235.3,242.2,2103659,Tata Motors
29-03-2011,243.6,246.5,239.9,245.2,2157720,Tata Motors
30-03-2011,245.6,249,245.1,247.1,1620328,Tata Motors
31-03-2011,248.3,249.5,241.6,247,2566187,Tata Motors
01-04-2011,245.5,247.3,244.2,245.7,1271631,Tata Motors
04-04-2011,245.3,248.9,244.7,248.1,1295147,Tata Motors
05-04-2011,249,254.2,246.1,253.3,1951428,Tata Motors
06-04-2011,254.7,257.9,252.9,256.9,2556379,Tata Motors
07-04-2011,255.2,257.6,252.5,255.4,1579291,Tata Motors
08-04-2011,254,254.8,246.5,248,1363240,Tata Motors
11-04-2011,244.9,247.3,239.5,241.3,1279438,Tata Motors
13-04-2011,239.4,247.8,238.4,247.1,2174825,Tata Motors
15-04-2011,247.1,251.1,243.1,244.5,1540816,Tata Motors
18-04-2011,244.8,249.8,237.6,238.6,1768403,Tata Motors
19-04-2011,237.2,240.2,235.1,237.7,1634043,Tata Motors
20-04-2011,240.3,248.4,240.2,247.7,1836290,Tata Motors
21-04-2011,248.3,248.9,243.9,246.1,1194759,Tata Motors
25-04-2011,244.6,248.7,244.6,245.8,712550,Tata Motors
26-04-2011,245.5,250.7,242.3,249.5,1145068,Tata Motors
27-04-2011,249.1,251.8,246.5,247.2,1302048,Tata Motors
28-04-2011,248.1,248.9,243,243.8,1366430,Tata Motors
29-04-2011,243.2,256.5,240.2,244.7,1257830,Tata Motors
02-05-2011,245.6,246.1,241.1,242.4,1161049,Tata Motors
03-05-2011,241.8,242.7,227.1,230.1,2066322,Tata Motors
04-05-2011,230.1,232.6,225.4,229.4,1613262,Tata Motors
05-05-2011,229.5,232.4,223.8,225,1067416,Tata Motors
06-05-2011,227.5,239,226.7,237.4,2224080,Tata Motors
09-05-2011,237.2,237.9,231.3,232.8,1266813,Tata Motors
10-05-2011,232.7,238.1,231.7,234.7,1494899,Tata Motors
11-05-2011,234.6,240.4,233.7,239.7,1772226,Tata Motors
12-05-2011,237,241.4,234,234.8,1881467,Tata Motors
13-05-2011,236.1,244.2,234.9,239.6,2004128,Tata Motors
16-05-2011,237.4,241.3,234.5,240.5,2379703,Tata Motors
17-05-2011,239.6,241,233.2,235.2,1561367,Tata Motors
18-05-2011,235.1,235.2,226.1,227.4,2555103,Tata Motors
19-05-2011,228.3,230.6,225.9,227.7,2008459,Tata Motors
20-05-2011,227.8,233.8,227.8,231.2,1426097,Tata Motors
23-05-2011,228.3,228.3,222.2,223.5,1874272,Tata Motors
24-05-2011,223.4,225.9,220,222,2098258,Tata Motors
25-05-2011,221.7,225.9,221.6,224.3,1791018,Tata Motors
26-05-2011,225.8,231.2,225.6,230,2815981,Tata Motors
27-05-2011,232.5,232.5,214.1,215.4,7224010,Tata Motors
30-05-2011,216.6,218,212.3,213.1,2837058,Tata Motors
31-05-2011,213.9,217.6,212.8,216.7,4316117,Tata Motors
01-06-2011,216.8,217,212.8,213.7,2412309,Tata Motors
02-06-2011,211.7,211.7,206.2,207.4,2604237,Tata Motors
03-06-2011,207.3,209.3,200.7,202.6,3600090,Tata Motors
06-06-2011,200.1,204.1,199.9,202.5,2076683,Tata Motors
07-06-2011,201.2,204.5,200.9,203.2,2117760,Tata Motors
08-06-2011,202.4,206.5,202,203.5,2069956,Tata Motors
09-06-2011,203.6,204,198.5,202,3029331,Tata Motors
10-06-2011,202.5,202.7,200,201.7,2051336,Tata Motors
13-06-2011,201,201.6,198.7,199.9,1804138,Tata Motors
14-06-2011,199.5,199.8,194.1,194.7,3593062,Tata Motors
15-06-2011,194.7,197.5,192.7,196.7,3376870,Tata Motors
16-06-2011,195.4,197.6,193.9,194.6,1759555,Tata Motors
17-06-2011,196.3,196.4,193.1,194.1,1387205,Tata Motors
20-06-2011,194.2,194.7,183.1,184.2,2402227,Tata Motors
21-06-2011,185.6,187.9,184,185.2,3090153,Tata Motors
22-06-2011,187,187.1,183.5,185.2,2151715,Tata Motors
23-06-2011,185,188.3,183.3,187,2797950,Tata Motors
24-06-2011,187.6,192.4,187.6,191.2,2526169,Tata Motors
27-06-2011,189.3,194.8,188,193.4,2165506,Tata Motors
28-06-2011,194.7,196,191.5,194.8,1741799,Tata Motors
29-06-2011,196,200.4,195.5,197.3,3089116,Tata Motors
30-06-2011,197.4,198.6,194.2,196.7,2413313,Tata Motors
01-07-2011,199.8,199.8,195.1,196.8,1945468,Tata Motors
04-07-2011,199.6,202.8,198.5,200.2,2128863,Tata Motors
05-07-2011,201.8,203.5,199.6,201,2316390,Tata Motors
06-07-2011,201.6,205.4,200.1,204.9,2377587,Tata Motors
07-07-2011,204.4,209.4,203.2,208.8,2701986,Tata Motors
08-07-2011,209.1,212.5,206.9,208.5,1886461,Tata Motors
11-07-2011,208.5,210.3,206.9,208.3,1176875,Tata Motors
12-07-2011,205,206.3,198.8,202.8,2094402,Tata Motors
13-07-2011,203.4,207.4,202.8,206.9,1448091,Tata Motors
14-07-2011,205.8,214,204.8,211.3,2279572,Tata Motors
15-07-2011,210,210.1,203.6,204.4,1756894,Tata Motors
18-07-2011,204.8,207,200.2,200.8,1667443,Tata Motors
19-07-2011,198,198.3,193.5,194.7,3122797,Tata Motors
20-07-2011,195.9,197,190.7,191.7,1896414,Tata Motors
21-07-2011,192.5,194.9,190.5,193.3,1342469,Tata Motors
22-07-2011,195.3,198.8,194,197.2,2146720,Tata Motors
25-07-2011,196.7,200.2,195.3,199.1,1358645,Tata Motors
26-07-2011,199.4,200.4,191,192.5,1937010,Tata Motors
27-07-2011,192.9,193.5,187.6,189.5,1736500,Tata Motors
28-07-2011,188.3,191.1,187.1,188.1,1630138,Tata Motors
29-07-2011,187.7,189.1,186,187.6,1361433,Tata Motors
01-08-2011,188.9,191.3,188.1,190.2,1147475,Tata Motors
02-08-2011,189,190.5,188,189.2,1587080,Tata Motors
03-08-2011,187,187,182.3,183.6,1786057,Tata Motors
04-08-2011,182.6,183.7,180.1,180.8,3752739,Tata Motors
05-08-2011,173.9,176.5,172.1,176,2439670,Tata Motors
08-08-2011,172.3,172.5,163,163.8,3109154,Tata Motors
09-08-2011,156.9,162.4,155.1,157.1,4985087,Tata Motors
10-08-2011,163.1,168.1,161.4,167,3085125,Tata Motors
11-08-2011,164,170.7,161.6,168,3925835,Tata Motors
12-08-2011,168.4,168.4,156.9,158.3,5268147,Tata Motors
16-08-2011,160.7,162.2,157.3,158.6,2297080,Tata Motors
17-08-2011,158.1,158.3,152.8,154.1,2541175,Tata Motors
19-08-2011,145.9,146.4,138.9,140.9,5589606,Tata Motors
22-08-2011,141.6,146.8,138.5,145.8,4437691,Tata Motors
23-08-2011,145.4,147.8,141.5,144,3613076,Tata Motors
24-08-2011,143.8,145.8,137.5,138.6,3593472,Tata Motors
25-08-2011,140.7,142.8,139.5,141.3,3461963,Tata Motors
26-08-2011,141.5,144.9,137.2,138.2,3045203,Tata Motors
29-08-2011,140.9,145.7,140.5,144.6,3553906,Tata Motors
30-08-2011,147.5,148.1,143.8,146.9,3211986,Tata Motors
02-09-2011,150,151,146.8,149.3,3921188,Tata Motors
05-09-2011,148,150.2,146.7,149,2068028,Tata Motors
06-09-2011,148,153.1,148,151.5,3774445,Tata Motors
07-09-2011,152.6,154.4,149.2,152.2,2948824,Tata Motors
08-09-2011,153.2,156.9,152.1,156.4,2644856,Tata Motors
09-09-2011,156.6,156.6,150.5,151.3,2010560,Tata Motors
12-09-2011,144.4,147.6,142,144.8,11190844,Tata Motors
13-09-2011,145.7,146.6,136.1,138.1,16043895,Tata Motors
14-09-2011,139.5,142.1,138.5,141,11520672,Tata Motors
15-09-2011,141.5,150.8,140,149.6,13269675,Tata Motors
16-09-2011,152.2,161.7,150.8,160.1,33242240,Tata Motors
19-09-2011,158.3,162.9,156.1,160,16379763,Tata Motors
20-09-2011,159.7,165,159.7,164.4,14496654,Tata Motors
21-09-2011,163.2,165.1,161.7,163.1,11289715,Tata Motors
22-09-2011,159,159.8,151.9,153,11465750,Tata Motors
23-09-2011,148.9,150.2,144.4,145.3,21336312,Tata Motors
26-09-2011,145.9,146.9,140.7,145.2,9140562,Tata Motors
27-09-2011,149.7,155.3,149,154.1,11579085,Tata Motors
28-09-2011,155.2,158,151.6,154.4,12869324,Tata Motors
29-09-2011,151.8,161.1,149.6,159.2,20056640,Tata Motors
30-09-2011,158.6,161.1,153.6,154.4,11949016,Tata Motors
03-10-2011,152.3,155.7,150.7,151.9,7871622,Tata Motors
04-10-2011,150.6,151,143.2,145.1,17589856,Tata Motors
05-10-2011,146.6,150.2,145.1,145.8,8880985,Tata Motors
07-10-2011,151.4,158.6,151.4,157.4,15720334,Tata Motors
10-10-2011,157.3,170.6,157.2,168.9,20224168,Tata Motors
11-10-2011,170.8,176,169.5,174.8,22825908,Tata Motors
12-10-2011,174.1,188,168.8,178.8,27138892,Tata Motors
13-10-2011,181.4,184.2,172.9,174,18665480,Tata Motors
14-10-2011,172.1,179.3,171.9,178.1,14881631,Tata Motors
17-10-2011,181,189.1,181,186.1,24140816,Tata Motors
18-10-2011,182.2,182.7,175.9,179.3,15025771,Tata Motors
19-10-2011,181.9,186.2,181.9,184.9,12154991,Tata Motors
20-10-2011,180.5,182.5,178.8,181.1,13618769,Tata Motors
21-10-2011,182.8,183.6,175.2,176.2,12320540,Tata Motors
24-10-2011,180.7,185.4,180.7,184.1,12922015,Tata Motors
25-10-2011,186,191.3,182.8,189.7,16437542,Tata Motors
26-10-2011,192.6,192.8,188.3,189.7,4230172,Tata Motors
28-10-2011,195.6,205.8,195.1,204.6,17870744,Tata Motors
31-10-2011,203.3,203.3,195.6,196.3,13294873,Tata Motors
01-11-2011,193,200.3,189.7,191.4,20481548,Tata Motors
02-11-2011,188.3,194.8,186.1,190,23017916,Tata Motors
03-11-2011,188.9,190.2,183.4,186.7,21786360,Tata Motors
04-11-2011,191.4,191.6,183.7,186.1,17979944,Tata Motors
08-11-2011,187.5,188.6,183.3,187.7,12237849,Tata Motors
09-11-2011,189.3,189.9,181.8,182.8,13899966,Tata Motors
11-11-2011,182.1,186.1,178.6,179.5,18515572,Tata Motors
14-11-2011,182.1,183.5,174.3,175.9,15767673,Tata Motors
15-11-2011,171.9,182.5,170,179.3,22258056,Tata Motors
16-11-2011,180,181.8,175.8,180.3,16532913,Tata Motors
17-11-2011,180,181,171.9,173.3,12583654,Tata Motors
18-11-2011,170.1,170.1,165.2,168.5,12886140,Tata Motors
21-11-2011,167.4,167.4,158.4,159.8,13449115,Tata Motors
22-11-2011,161.2,173.3,161.2,170.6,23723292,Tata Motors
23-11-2011,168.2,169.3,163.8,166.5,14098973,Tata Motors
24-11-2011,165.1,173.1,162.4,171.2,19430798,Tata Motors
25-11-2011,167.7,177.9,167.7,170,19926544,Tata Motors
28-11-2011,172.6,181,172,179.9,15320998,Tata Motors
29-11-2011,178.9,179.8,173.8,175.5,13279285,Tata Motors
30-11-2011,172.6,174.5,167.7,170.9,15058198,Tata Motors
01-12-2011,179.1,183.5,179,181,16480698,Tata Motors
02-12-2011,180,190.7,179.8,189.8,15746236,Tata Motors
05-12-2011,188.8,192.5,187.2,189.5,11428494,Tata Motors
07-12-2011,188.9,193.6,188,189.3,12425124,Tata Motors
08-12-2011,188.2,189.4,183.8,186.5,12145504,Tata Motors
09-12-2011,181.7,183.7,178.2,181,14871345,Tata Motors
12-12-2011,185,185.8,174.3,175.4,14403325,Tata Motors
13-12-2011,172.6,180.4,172.4,177,14281985,Tata Motors
14-12-2011,174.9,179.7,174.3,175.2,14496036,Tata Motors
15-12-2011,173.1,174.1,165.7,170.8,18077892,Tata Motors
16-12-2011,173.5,177.8,168.5,170.5,15919535,Tata Motors
19-12-2011,170.1,178.4,167.4,177.9,20513550,Tata Motors
20-12-2011,178.1,178.8,172,173,14568217,Tata Motors
21-12-2011,177.8,179.9,172.8,175.1,21077156,Tata Motors
22-12-2011,173.1,182.5,171.6,181.6,12323905,Tata Motors
23-12-2011,182.9,185.3,180.7,183,10593162,Tata Motors
26-12-2011,184,186.6,183.1,184.7,7097843,Tata Motors
27-12-2011,184,184.4,178.9,180.1,6199700,Tata Motors
28-12-2011,179.1,181.5,176.9,178.3,8777190,Tata Motors
29-12-2011,176.5,180.5,176.2,177.2,9982150,Tata Motors
30-12-2011,178.6,181.8,174.9,176.8,9288032,Tata Motors
02-01-2012,179,183.1,176.9,182,10067815,Tata Motors
03-01-2012,184.2,192.7,184.2,191.9,15700104,Tata Motors
04-01-2012,191.8,200.3,190.9,199,22511018,Tata Motors
05-01-2012,198.8,203.5,198,199.9,21411124,Tata Motors
06-01-2012,197.8,202.8,196.4,201.4,13409363,Tata Motors
09-01-2012,199.7,200.5,196.1,198.4,11480297,Tata Motors
10-01-2012,198.8,204.2,198.8,202.9,11788431,Tata Motors
11-01-2012,204,205.1,199.6,202.7,15458971,Tata Motors
12-01-2012,200.8,207.2,200.4,204,12058721,Tata Motors
13-01-2012,207.9,210.9,204.3,206.6,19007188,Tata Motors
16-01-2012,203.8,212.3,201.8,211.4,21477056,Tata Motors
17-01-2012,215.7,219,213.8,215.1,23807872,Tata Motors
18-01-2012,215,217.6,210.4,211.5,24272296,Tata Motors
19-01-2012,214.7,217.9,214.1,216.1,14411978,Tata Motors
20-01-2012,217.5,218.9,213.3,216.7,10540519,Tata Motors
23-01-2012,218.5,220.8,215.3,216.7,9127486,Tata Motors
24-01-2012,218.6,222.1,214.2,219.6,13795140,Tata Motors
25-01-2012,220.6,231.8,220.3,228.5,22401472,Tata Motors
27-01-2012,232.1,238.8,230.1,237.3,26107234,Tata Motors
30-01-2012,235.6,236.1,228.9,231.4,17288524,Tata Motors
31-01-2012,232.6,242.9,232.6,241.1,12974777,Tata Motors
01-02-2012,241.2,249.1,240.8,245.7,20257968,Tata Motors
02-02-2012,249.8,250,242.3,243.8,17382856,Tata Motors
03-02-2012,244.6,247.3,238.1,245,13971451,Tata Motors
06-02-2012,247.8,250.3,243,249,11740535,Tata Motors
07-02-2012,252,252,245.4,247.7,12643356,Tata Motors
08-02-2012,249.2,250.7,242.9,247.9,10137305,Tata Motors
09-02-2012,246.5,256.1,245.9,254.5,16635276,Tata Motors
10-02-2012,253.9,259.1,252.7,254.6,15661092,Tata Motors
13-02-2012,254.5,258,251,255.5,10826046,Tata Motors
14-02-2012,256.7,269.8,256.2,265.1,21562594,Tata Motors
15-02-2012,275.7,289.5,275,284.7,36821788,Tata Motors
16-02-2012,279.9,281.2,271.3,272.9,22683612,Tata Motors
17-02-2012,278.4,280.4,268.2,271,16865962,Tata Motors
21-02-2012,272.2,273,266.6,268.4,18313380,Tata Motors
22-02-2012,269.1,273,263,265.6,19307802,Tata Motors
23-02-2012,265.1,270.8,262.8,265.6,17239168,Tata Motors
24-02-2012,267.1,268.8,260.4,262.6,9297899,Tata Motors
27-02-2012,265,265,252.6,257.1,13321207,Tata Motors
28-02-2012,259.6,272.5,259.2,270.4,14818238,Tata Motors
29-02-2012,273,275.8,264.4,268,13002814,Tata Motors
01-03-2012,267,270.9,262.5,264.3,10231237,Tata Motors
02-03-2012,266.6,269.1,261.8,264.8,10962544,Tata Motors
05-03-2012,264.1,272.6,263.4,271.2,13724738,Tata Motors
06-03-2012,271.1,276,261.2,264.1,11559507,Tata Motors
07-03-2012,262.1,266.9,259.6,265.1,8513827,Tata Motors
09-03-2012,269.3,278.9,269.3,277.6,11975682,Tata Motors
12-03-2012,279.9,283.8,274.1,281.1,12242332,Tata Motors
13-03-2012,283.1,284.5,279.3,279.9,9452132,Tata Motors
14-03-2012,283.4,288.9,282.8,286.9,10028660,Tata Motors
15-03-2012,286.8,291,281.6,287.3,9766291,Tata Motors
16-03-2012,285.4,294.6,279.6,283.6,16288569,Tata Motors
19-03-2012,284.5,289.3,278.3,280.4,9352941,Tata Motors
20-03-2012,280.6,282.9,266.7,268.5,18187838,Tata Motors
21-03-2012,268.9,274.5,261.3,273.1,23030066,Tata Motors
22-03-2012,271.4,279.4,265.1,267.2,14518733,Tata Motors
23-03-2012,269.1,272.6,264.8,269.8,12114513,Tata Motors
26-03-2012,269.8,269.8,263.4,265.5,10695245,Tata Motors
27-03-2012,270,272.5,262.9,269.9,10955140,Tata Motors
28-03-2012,269,269.7,265.6,268.2,7516739,Tata Motors
29-03-2012,266,271,264.3,269,9807259,Tata Motors
30-03-2012,272,273.6,270,272.3,6343086,Tata Motors
02-04-2012,276.9,277,272.7,273.8,7925946,Tata Motors
03-04-2012,275.5,279,272.3,278.2,8217743,Tata Motors
04-04-2012,277,278.8,274.3,275.5,4783053,Tata Motors
09-04-2012,274,275.8,270.7,272.6,3938410,Tata Motors
10-04-2012,273.1,281.6,272.5,280.7,8158548,Tata Motors
11-04-2012,278.1,283.4,277.7,280,9845563,Tata Motors
12-04-2012,282.2,284.6,280.9,283.1,5662436,Tata Motors
13-04-2012,284.9,291.4,283.9,286.2,7715327,Tata Motors
16-04-2012,286.6,298.6,283.8,297.5,12236366,Tata Motors
17-04-2012,300.7,301.7,293.5,298.1,13941921,Tata Motors
18-04-2012,300.2,307.9,299.7,306.4,16888384,Tata Motors
19-04-2012,308,316.8,306.3,315.8,15579229,Tata Motors
20-04-2012,314.3,317.3,309.1,313.2,8967838,Tata Motors
23-04-2012,313.1,316.5,305.3,306.4,7833302,Tata Motors
24-04-2012,306.2,310.9,305.7,308.5,6156943,Tata Motors
25-04-2012,309.5,312,305.9,310.6,8616061,Tata Motors
26-04-2012,312.5,312.5,307,308.7,6768605,Tata Motors
27-04-2012,309.4,310.3,304.4,309.3,5604087,Tata Motors
30-04-2012,306.7,314.1,306.6,313.1,4648258,Tata Motors
02-05-2012,309.6,309.6,300.4,301.2,10171961,Tata Motors
03-05-2012,300.9,301.7,296.2,297.7,10047793,Tata Motors
04-05-2012,295.3,300.4,292.1,298.5,11603174,Tata Motors
07-05-2012,294.7,306.7,288.4,305.1,13072268,Tata Motors
08-05-2012,304.7,306.2,291.8,293.2,10733073,Tata Motors
09-05-2012,288.8,294.1,286.3,289.7,11204204,Tata Motors
10-05-2012,290.9,293.9,284,286.1,6651924,Tata Motors
11-05-2012,284.9,298.6,284.9,294.3,7947629,Tata Motors
14-05-2012,295.8,297.4,282.6,287.5,7048752,Tata Motors
15-05-2012,284.9,289.3,281.6,287.2,9120585,Tata Motors
16-05-2012,273.9,274.1,264.9,266.1,23045440,Tata Motors
17-05-2012,265.7,272.9,260.8,268.2,13669207,Tata Motors
18-05-2012,262.1,263.8,253.2,257.1,12592092,Tata Motors
21-05-2012,257.4,261.4,255.3,259,7849273,Tata Motors
22-05-2012,264,266.7,260.6,262.2,8507484,Tata Motors
23-05-2012,259.3,262.6,256.7,258.6,7773910,Tata Motors
24-05-2012,260,265.2,254.1,264.1,8791666,Tata Motors
25-05-2012,262.9,268.9,259.5,266.2,5198207,Tata Motors
28-05-2012,267.8,274.7,265.2,273.6,8099946,Tata Motors
29-05-2012,277.9,280,270.1,272.8,12557243,Tata Motors
30-05-2012,256.2,257,238.9,240.4,40496696,Tata Motors
31-05-2012,235.3,236.5,227.8,230.5,37435732,Tata Motors
01-06-2012,232.5,233.5,220.2,222.1,23853820,Tata Motors
04-06-2012,218,227.9,214.9,226.4,18440204,Tata Motors
05-06-2012,225.7,226.9,218.7,219.3,15397005,Tata Motors
06-06-2012,220.7,233.9,220.7,231.9,26730020,Tata Motors
07-06-2012,233,236.3,229.5,233.9,13589288,Tata Motors
08-06-2012,231.5,237.4,230.4,236.6,10370787,Tata Motors
11-06-2012,238.4,241.3,231.1,233,9868143,Tata Motors
12-06-2012,230.2,241.2,230,240.3,12949161,Tata Motors
13-06-2012,241.4,241.4,233.7,234.8,9855791,Tata Motors
14-06-2012,235.4,236.9,223.2,224.3,12660831,Tata Motors
15-06-2012,225.6,238.8,225.6,237.7,16396352,Tata Motors
18-06-2012,240.4,245.3,231.7,235.4,18164572,Tata Motors
19-06-2012,236.4,240,233.7,235.6,10439657,Tata Motors
20-06-2012,238.4,244.7,237.4,243.3,13169322,Tata Motors
21-06-2012,242.3,247.1,240,245.5,11224327,Tata Motors
22-06-2012,242.2,248.5,239.7,244.4,12861789,Tata Motors
25-06-2012,245.7,249.2,242.4,243.5,11353072,Tata Motors
26-06-2012,242.9,246.1,241.5,244,4812673,Tata Motors
27-06-2012,245.3,246.5,235.7,236.6,9252334,Tata Motors
28-06-2012,236.2,239.4,230.2,237.8,14726077,Tata Motors
29-06-2012,240.4,243.6,237.9,239.8,13145042,Tata Motors
02-07-2012,237.2,239.8,235,235.4,9226173,Tata Motors
03-07-2012,237.8,238.8,232.6,235,9144318,Tata Motors
04-07-2012,235.6,238.7,233,233.7,10541013,Tata Motors
05-07-2012,233.7,238.1,232,237.4,11400793,Tata Motors
06-07-2012,238.4,241.1,234.8,238.1,12310003,Tata Motors
09-07-2012,235.6,240.7,235.6,238.3,10221053,Tata Motors
10-07-2012,239.8,245.7,239.2,243.8,12445794,Tata Motors
11-07-2012,241.7,243.6,237.2,238.8,8699929,Tata Motors
12-07-2012,237.9,238.2,233.3,234.2,9412858,Tata Motors
13-07-2012,233.5,235.9,231.7,233.4,8215071,Tata Motors
16-07-2012,234.9,235.7,226.1,226.8,8649159,Tata Motors
17-07-2012,229.4,229.8,222.8,223.5,11887659,Tata Motors
18-07-2012,221.3,221.5,216,219.2,11771162,Tata Motors
19-07-2012,222.1,224.1,221.4,222.4,6606574,Tata Motors
20-07-2012,221.6,223,219.7,221,3899157,Tata Motors
23-07-2012,218.5,218.6,212.7,213.7,5700081,Tata Motors
24-07-2012,214.2,215.5,211.1,213.5,7290178,Tata Motors
25-07-2012,211.4,212.9,208.8,210.7,6727477,Tata Motors
26-07-2012,209.8,211,200.9,202.9,14417520,Tata Motors
27-07-2012,208.2,213.1,206.9,210.6,11726479,Tata Motors
30-07-2012,214.1,220.4,213,219.3,8997520,Tata Motors
31-07-2012,219.6,224.6,214.8,223.8,11178071,Tata Motors
01-08-2012,222.1,227.2,220.8,224.9,10315320,Tata Motors
02-08-2012,223.7,224.6,219.2,220.3,5747058,Tata Motors
03-08-2012,218.6,219.6,213.8,218.6,7250108,Tata Motors
06-08-2012,224.1,227.5,223.7,226.6,7516128,Tata Motors
07-08-2012,228.9,236.9,228.6,236.2,12147306,Tata Motors
08-08-2012,237.6,243.2,237.1,238.9,14943761,Tata Motors
09-08-2012,239.8,243.3,229.2,236.7,29371996,Tata Motors
10-08-2012,233.8,234.3,228.3,229.5,11091669,Tata Motors
13-08-2012,228.6,229,221.3,225.8,9061261,Tata Motors
14-08-2012,225,233.4,225,232.5,8451585,Tata Motors
16-08-2012,232.5,237.2,229.7,232.9,11955624,Tata Motors
17-08-2012,234.1,240.7,234,237.6,12680436,Tata Motors
21-08-2012,238.5,244.6,238.5,243.5,9855866,Tata Motors
22-08-2012,242,247.2,241.4,245.4,8687004,Tata Motors
23-08-2012,244.8,245.6,241,242.7,10533505,Tata Motors
24-08-2012,240.4,245.8,238.8,243.4,8538695,Tata Motors
27-08-2012,243.3,244,237.6,238.5,6625932,Tata Motors
28-08-2012,236.8,237.8,232.6,234.7,7017548,Tata Motors
29-08-2012,234.4,234.4,229.6,230.9,6382909,Tata Motors
30-08-2012,228.7,236.6,227.3,234.2,8860039,Tata Motors
31-08-2012,234.1,235.6,228.2,231.8,6808837,Tata Motors
03-09-2012,233.7,236.8,226.2,228.4,8902553,Tata Motors
04-09-2012,228.3,233,227.7,232.3,5942530,Tata Motors
05-09-2012,229.9,232.7,225.1,226.2,6115939,Tata Motors
06-09-2012,224.4,232.3,222.6,230.5,9223860,Tata Motors
07-09-2012,236.9,241.5,236,240.7,13269040,Tata Motors
10-09-2012,242.6,247.2,240,246.2,8861156,Tata Motors
11-09-2012,243.3,248.2,243.1,247.1,8792847,Tata Motors
12-09-2012,248.3,261.5,248.2,260.4,14770580,Tata Motors
13-09-2012,261.6,261.6,254.8,256.6,8408670,Tata Motors
14-09-2012,262.1,269.1,260.3,267.4,14806195,Tata Motors
17-09-2012,273.3,286.2,271.7,274.9,22186270,Tata Motors
18-09-2012,272.3,275.4,269.6,270.6,11855603,Tata Motors
20-09-2012,266.1,275.4,264.9,268.7,12521512,Tata Motors
21-09-2012,269.6,274.2,268,272.5,13992313,Tata Motors
24-09-2012,271.8,276.9,269.4,270.7,11283875,Tata Motors
25-09-2012,271.2,272.9,263.6,266,6868567,Tata Motors
26-09-2012,263.8,265.6,259.6,260.3,6678232,Tata Motors
27-09-2012,261.4,264.3,255.8,257,10475216,Tata Motors
28-09-2012,261.4,269.1,260.3,264.7,11540212,Tata Motors
01-10-2012,265.1,273.2,265.1,271.7,9420145,Tata Motors
03-10-2012,272,273,267.3,270.6,9136919,Tata Motors
04-10-2012,272.3,276,270.2,271.3,7581304,Tata Motors
05-10-2012,273.5,279.5,217.1,277.5,17095336,Tata Motors
08-10-2012,278.4,280.6,268.1,269.5,7590848,Tata Motors
09-10-2012,272.2,275.3,263.2,266.8,7864528,Tata Motors
10-10-2012,264.2,270.1,263.7,264.6,7367679,Tata Motors
11-10-2012,265.8,271.9,262.3,270.8,7852281,Tata Motors
12-10-2012,270.8,271.4,267,268.3,7520471,Tata Motors
15-10-2012,267.7,268.3,263.3,266.5,4752062,Tata Motors
16-10-2012,262.1,263.1,258.4,259.5,9523954,Tata Motors
17-10-2012,262.1,264.8,258.2,262,7572668,Tata Motors
18-10-2012,263.1,268.9,263.1,267.3,6627970,Tata Motors
19-10-2012,267.1,270.5,263.7,266.1,3928926,Tata Motors
22-10-2012,264.6,265.8,261.7,264.2,4470904,Tata Motors
23-10-2012,263.1,264.3,260.3,261.7,3120635,Tata Motors
25-10-2012,261.7,262.7,257.4,258.4,7531977,Tata Motors
26-10-2012,257.6,261.4,256.3,258.7,3586484,Tata Motors
29-10-2012,259.3,261.5,251.5,254,4690571,Tata Motors
30-10-2012,254.4,255,242.4,245,9560952,Tata Motors
31-10-2012,245.3,252.5,245.1,252,9122998,Tata Motors
01-11-2012,254.2,266.6,254.2,264.6,10469697,Tata Motors
02-11-2012,269.1,269.1,262.2,267.1,11070892,Tata Motors
05-11-2012,267.1,271.7,263.7,266.9,7809272,Tata Motors
06-11-2012,266.1,269.5,262.2,264.1,9567826,Tata Motors
07-11-2012,263.9,270.4,263.7,266.4,9676685,Tata Motors
08-11-2012,264.6,282.4,262.4,280.9,24412616,Tata Motors
09-11-2012,280.9,281.5,276.1,277.6,7187592,Tata Motors
12-11-2012,275.9,280.8,275.1,277.7,6932770,Tata Motors
13-11-2012,278,278.8,273.8,274.6,1145124,Tata Motors
15-11-2012,270.1,271.8,266.9,269.3,13068896,Tata Motors
16-11-2012,270.1,271.3,260.2,262.1,7322124,Tata Motors
19-11-2012,262.4,264.3,259.2,261.3,6616959,Tata Motors
20-11-2012,265.2,267.4,258.9,263.2,6864096,Tata Motors
21-11-2012,264,265.1,261.2,262.6,5284700,Tata Motors
22-11-2012,261.4,265.5,254.6,256,7511823,Tata Motors
23-11-2012,253.2,259,253.2,257.7,8493777,Tata Motors
26-11-2012,259.2,264.3,258.9,260.4,7629670,Tata Motors
27-11-2012,261.5,265,260.9,263.8,8474246,Tata Motors
29-11-2012,265.1,276.7,264.7,275.4,20010180,Tata Motors
30-11-2012,275,280.9,269,270.5,70995056,Tata Motors
03-12-2012,270.1,273.8,268.2,269.2,9636654,Tata Motors
04-12-2012,270.3,272.4,266.4,268.6,6715392,Tata Motors
05-12-2012,269.2,276,269.2,272,10577309,Tata Motors
06-12-2012,274.3,278.9,270.9,277.8,10561758,Tata Motors
07-12-2012,278.3,284.4,276,278.9,12808613,Tata Motors
10-12-2012,280.3,283.1,275,276.9,9514028,Tata Motors
11-12-2012,278.1,279.8,270.3,275.1,9015953,Tata Motors
12-12-2012,276,277.7,271.9,273.5,7634409,Tata Motors
13-12-2012,279.2,287.2,278.3,284.8,19468012,Tata Motors
14-12-2012,284.4,291,281.6,289,12250874,Tata Motors
17-12-2012,289.7,292.6,288,290.9,8295975,Tata Motors
18-12-2012,293.6,297.2,290.8,295.1,14461367,Tata Motors
19-12-2012,296.8,305.3,296.3,304.4,11633303,Tata Motors
20-12-2012,304.5,305.9,299.2,301.6,8080630,Tata Motors
21-12-2012,297.3,299.9,294.4,296.2,5434419,Tata Motors
24-12-2012,298.2,307.1,293.9,303.6,9826168,Tata Motors
26-12-2012,302.1,305.1,300.5,302.8,4828196,Tata Motors
27-12-2012,303.7,310.6,301.7,305.9,13097609,Tata Motors
28-12-2012,307.4,309,304.9,306.7,7580582,Tata Motors
31-12-2012,306.2,310.4,306.2,309.3,3537951,Tata Motors
01-01-2013,312.6,314.9,311.1,313.3,3938243,Tata Motors
02-01-2013,315.1,317.5,312.8,314.6,6855751,Tata Motors
03-01-2013,316.6,318.3,313.7,314.7,6099593,Tata Motors
04-01-2013,315.1,315.1,309.8,312,8870505,Tata Motors
07-01-2013,314.4,315.2,309.2,309.9,4890565,Tata Motors
08-01-2013,310.6,312.9,309.8,310.8,7226826,Tata Motors
09-01-2013,315.6,326.8,315.5,323.8,16501960,Tata Motors
10-01-2013,327.9,333.8,327.1,330.1,12617893,Tata Motors
11-01-2013,331.2,332.5,323.3,326.8,7289572,Tata Motors
14-01-2013,327.7,329.4,323.3,324.2,7133538,Tata Motors
15-01-2013,326.3,330.1,324.4,328,6718125,Tata Motors
16-01-2013,325.9,326.3,315.1,316.6,12610453,Tata Motors
17-01-2013,320.6,327.7,320.6,325.4,9952219,Tata Motors
18-01-2013,326.5,328.8,322.5,325,4962072,Tata Motors
21-01-2013,325.6,326.4,318.8,319.8,3868407,Tata Motors
22-01-2013,320,321.1,311.9,315.1,6037763,Tata Motors
23-01-2013,313.6,315.3,306.8,309.7,7207833,Tata Motors
24-01-2013,283.6,292.8,278.8,290.3,36503672,Tata Motors
25-01-2013,291.7,301.6,287,297.8,15381899,Tata Motors
28-01-2013,297.8,306.9,297.1,305.2,10597657,Tata Motors
29-01-2013,302.7,312.5,299.7,301,13291908,Tata Motors
30-01-2013,299.8,300.7,294.9,296,7935122,Tata Motors
31-01-2013,294.1,296.6,291.8,294.8,6996002,Tata Motors
01-02-2013,294.6,297.3,265.4,278.6,17075880,Tata Motors
04-02-2013,289.9,293.7,286.3,288.9,11067747,Tata Motors
05-02-2013,285.9,288.2,281.9,284.1,6213248,Tata Motors
06-02-2013,286.7,287.1,281,283.1,6834888,Tata Motors
07-02-2013,282.3,287.7,282.2,285.5,5701559,Tata Motors
08-02-2013,288.9,292,281.6,282.3,9896168,Tata Motors
11-02-2013,286.9,289.1,285.4,287.8,5157388,Tata Motors
12-02-2013,291.1,296.6,288.3,295.3,6616532,Tata Motors
13-02-2013,305.7,308.6,299.8,301.4,9814530,Tata Motors
14-02-2013,301.7,302.7,291.6,294,7467602,Tata Motors
15-02-2013,284.9,302.6,284.9,301.2,12481933,Tata Motors
18-02-2013,301.4,304.9,298.3,302.5,8292999,Tata Motors
19-02-2013,302.2,305.2,300,303.4,5386283,Tata Motors
20-02-2013,303.9,305.9,298.2,300.7,7027661,Tata Motors
21-02-2013,297.9,298.4,292.1,294.3,7613380,Tata Motors
22-02-2013,291.8,294.3,286.7,289.7,8266002,Tata Motors
25-02-2013,293.6,298,291.9,295.9,5915809,Tata Motors
26-02-2013,291.6,292.7,282.5,286.3,9081134,Tata Motors
27-02-2013,286.9,287.7,278.5,283.2,8740632,Tata Motors
28-02-2013,290.1,290.1,277.5,284.5,14454879,Tata Motors
01-03-2013,287.9,290,278.7,285.3,15648970,Tata Motors
04-03-2013,285.9,289.3,282.7,286.6,9671806,Tata Motors
05-03-2013,287.4,299.1,287.4,297.3,13164562,Tata Motors
06-03-2013,299.8,308.1,299.4,306.1,13992872,Tata Motors
07-03-2013,303.7,304.8,299.3,302.6,9840807,Tata Motors
08-03-2013,302.6,304.6,297.4,300.5,7450816,Tata Motors
11-03-2013,301.1,303.6,296.9,298.3,5754463,Tata Motors
12-03-2013,303,304.6,298.2,301.4,7907952,Tata Motors
13-03-2013,302.7,302.8,293.8,297.8,9309205,Tata Motors
14-03-2013,295.8,299.4,289.8,297.8,8440024,Tata Motors
15-03-2013,297.7,298,286.9,288,9480096,Tata Motors
18-03-2013,286.8,286.9,282,283.8,5900292,Tata Motors
19-03-2013,285,286.8,275.3,278.6,9485483,Tata Motors
20-03-2013,278.6,283.7,273.5,282.6,9562024,Tata Motors
21-03-2013,281.1,281.1,266.7,270.7,11742487,Tata Motors
22-03-2013,271.9,275.3,262.2,267.4,12820865,Tata Motors
25-03-2013,270.5,272.8,266,267.8,8333156,Tata Motors
26-03-2013,268.6,274.9,263.5,272.8,9374553,Tata Motors
28-03-2013,269.6,270.1,263.9,266.2,14523992,Tata Motors
01-04-2013,264.1,264.6,259.3,262.6,5416240,Tata Motors
02-04-2013,259.8,265.9,255.8,264.3,10458221,Tata Motors
03-04-2013,263.2,264.1,252.9,254.4,13014504,Tata Motors
04-04-2013,253.3,260.6,251.7,254.9,9369161,Tata Motors
05-04-2013,254.8,258.6,249.1,252.4,8703291,Tata Motors
08-04-2013,255.1,258,250.5,253.9,4739428,Tata Motors
09-04-2013,256.2,262.7,256.2,260,14601352,Tata Motors
10-04-2013,261.2,266.1,254.9,265.1,7331515,Tata Motors
11-04-2013,275,278.4,272.5,275.2,14081199,Tata Motors
12-04-2013,271.8,277.3,269.3,272.2,5380987,Tata Motors
15-04-2013,267.5,269.4,261.3,266.1,7759517,Tata Motors
16-04-2013,262.1,269.5,260,268,6514294,Tata Motors
17-04-2013,271.1,272.1,266,268.3,9704996,Tata Motors
18-04-2013,265.4,281.3,264.6,279.4,10750549,Tata Motors
22-04-2013,280.2,284.5,278.7,282.2,6519483,Tata Motors
23-04-2013,281.1,281.4,274,278.5,4307228,Tata Motors
25-04-2013,282.4,292.9,281.7,290.1,9750912,Tata Motors
26-04-2013,290.8,294.8,287.1,293.1,8055456,Tata Motors
29-04-2013,291.5,295.5,288.9,293,5048414,Tata Motors
30-04-2013,293,297.8,288,296.8,7962986,Tata Motors
02-05-2013,292.5,297.6,288.9,294.1,9184868,Tata Motors
03-05-2013,290.8,291.2,281.5,282.5,8403039,Tata Motors
06-05-2013,281.9,290.2,279.8,287.9,7815749,Tata Motors
07-05-2013,289.4,297.5,289.4,295.2,5479556,Tata Motors
08-05-2013,296.7,302.5,295.4,297,6459265,Tata Motors
09-05-2013,297.8,300.5,291.9,296.9,5577369,Tata Motors
10-05-2013,296.9,306.7,296,305.7,7393745,Tata Motors
13-05-2013,302.4,306.5,292.7,294.2,3785524,Tata Motors
14-05-2013,294.6,300.6,292.2,297.1,6699345,Tata Motors
15-05-2013,299.2,308.6,298.8,305.5,8414912,Tata Motors
16-05-2013,303.7,306.1,299,300.4,5186185,Tata Motors
17-05-2013,298,305.1,297.6,300.1,6975884,Tata Motors
20-05-2013,302.3,312.8,296.8,298.8,9271269,Tata Motors
21-05-2013,298.2,299.8,288.9,289.8,7468655,Tata Motors
22-05-2013,292.9,294.9,285.9,288,5937143,Tata Motors
23-05-2013,284.2,290.4,282.2,287.9,7921154,Tata Motors
24-05-2013,289.3,293,279.8,285,9101109,Tata Motors
27-05-2013,283.5,292.7,282.1,291.3,5514680,Tata Motors
28-05-2013,290.8,295.4,287.5,292.6,7124280,Tata Motors
29-05-2013,295.8,302.1,292.4,300.5,10664646,Tata Motors
30-05-2013,311.6,315.7,307.4,313.6,14890021,Tata Motors
31-05-2013,312.8,316.1,308.7,309.9,6832753,Tata Motors
03-06-2013,306.4,312.4,304.1,310.7,7991736,Tata Motors
04-06-2013,306.7,314.4,299.7,302.8,7785500,Tata Motors
05-06-2013,301.3,306.7,300.4,304,5666915,Tata Motors
06-06-2013,300.7,306.4,300.7,303.4,5515881,Tata Motors
07-06-2013,302.2,306.6,294.8,298.6,5839679,Tata Motors
10-06-2013,298.3,300.5,289.2,292.9,6474598,Tata Motors
11-06-2013,293.2,294.3,285.6,290,9747868,Tata Motors
12-06-2013,287.9,293.3,286.9,290.4,6462768,Tata Motors
13-06-2013,287.3,287.3,277.1,279.9,7846830,Tata Motors
14-06-2013,285.9,295.2,284.3,293.6,7610723,Tata Motors
17-06-2013,293.6,297.4,285.4,296.2,7205573,Tata Motors
18-06-2013,294.8,296.3,289.8,294.4,8257875,Tata Motors
19-06-2013,291.8,292.6,287.6,289,4812234,Tata Motors
20-06-2013,284,289.1,280.3,285.6,13426910,Tata Motors
21-06-2013,281.9,286.1,279.1,284,8394864,Tata Motors
24-06-2013,281.9,284.5,277.5,280.8,9699151,Tata Motors
25-06-2013,280.2,281.7,269.2,278.4,12647291,Tata Motors
26-06-2013,278,279.7,266.2,269.7,10379194,Tata Motors
27-06-2013,271.6,274.5,260.3,267.4,21100726,Tata Motors
28-06-2013,272.2,279,272.2,278.3,8113830,Tata Motors
01-07-2013,275,287.9,274,286.7,7770037,Tata Motors
02-07-2013,283.9,285.1,279,283.4,6304038,Tata Motors
03-07-2013,279.1,286.2,274.8,281.1,10505656,Tata Motors
04-07-2013,282.9,290.6,279.2,289.1,7025766,Tata Motors
05-07-2013,292.8,295.1,289.9,293,6383463,Tata Motors
08-07-2013,285.8,286.4,279.3,284.7,7342292,Tata Motors
09-07-2013,285.4,287.3,281.6,286,7075394,Tata Motors
10-07-2013,284.6,285.4,277.8,281,9886352,Tata Motors
11-07-2013,284.6,288.5,279.7,281.8,5910118,Tata Motors
12-07-2013,282.1,291.1,282,289.3,8593420,Tata Motors
15-07-2013,287.7,288.7,283,285.3,5312833,Tata Motors
16-07-2013,280.9,289.2,278.7,288.4,6937607,Tata Motors
17-07-2013,287.5,287.9,279.3,282.2,5373439,Tata Motors
18-07-2013,281.5,285,277.7,283.8,5208359,Tata Motors
19-07-2013,283.9,294.4,283.9,291.5,6247962,Tata Motors
22-07-2013,290.8,297.6,290.1,294.6,5330210,Tata Motors
23-07-2013,295,298.2,291.1,295.6,7317801,Tata Motors
24-07-2013,294.8,297.7,291.5,294.1,4795606,Tata Motors
25-07-2013,294.8,300,291.5,296.7,8102895,Tata Motors
26-07-2013,297.8,298.4,284.2,286.8,4255393,Tata Motors
29-07-2013,284.9,293.8,284.9,292.6,4588678,Tata Motors
30-07-2013,292.8,294.4,279.3,281.8,6381746,Tata Motors
31-07-2013,279.5,289.3,275,287.4,6074890,Tata Motors
01-08-2013,288.4,290.5,281.1,285.8,4065282,Tata Motors
02-08-2013,284.7,288.8,279.2,287.3,5526691,Tata Motors
05-08-2013,287.1,298.7,276.2,281.7,6363971,Tata Motors
06-08-2013,281.4,285.8,277.4,284.5,7936760,Tata Motors
07-08-2013,281,283.7,268.9,275.9,19307408,Tata Motors
08-08-2013,282.4,290.1,272.3,275.8,16147469,Tata Motors
12-08-2013,279,282.3,275.3,278.3,6850785,Tata Motors
13-08-2013,277.9,290.8,273.1,287.7,12092244,Tata Motors
14-08-2013,295,320.9,295,315.7,22573140,Tata Motors
16-08-2013,314.1,319.9,308,310.6,15609517,Tata Motors
19-08-2013,303.9,305.4,294.2,298.4,9626161,Tata Motors
20-08-2013,293.8,295.2,282.5,284.8,11189887,Tata Motors
21-08-2013,287.7,291.4,275.5,280.3,6630724,Tata Motors
22-08-2013,280.9,291.7,280.9,288.8,10446451,Tata Motors
23-08-2013,291.8,301.3,290.9,297.7,10250648,Tata Motors
26-08-2013,298.2,301,290.3,294.9,5415542,Tata Motors
27-08-2013,291.8,292.3,284.6,286.9,6614370,Tata Motors
28-08-2013,286.9,296.3,283.2,294.7,10404816,Tata Motors
29-08-2013,296.3,305.7,292.1,302.7,10493664,Tata Motors
30-08-2013,304.7,305.4,290.3,296,6378520,Tata Motors
02-09-2013,292.8,298.7,288.9,296.5,6556397,Tata Motors
03-09-2013,298.7,308,292.5,294.1,8166216,Tata Motors
04-09-2013,299.1,310.4,297,308.3,7751371,Tata Motors
05-09-2013,312.6,320.9,311.3,314.7,8725114,Tata Motors
06-09-2013,314.9,316.6,308.8,314.4,5172580,Tata Motors
10-09-2013,316.6,349.5,316.6,345.8,19020756,Tata Motors
11-09-2013,344.7,346.8,332.6,336.8,9117663,Tata Motors
12-09-2013,338.2,338.3,325.9,329.9,6590825,Tata Motors
13-09-2013,328.4,334.7,326.5,330.4,5908250,Tata Motors
16-09-2013,335.3,337.1,321.3,327.8,5733708,Tata Motors
17-09-2013,325.5,334,324.7,331.4,4875668,Tata Motors
18-09-2013,337.3,337.3,329.4,333.2,6544480,Tata Motors
19-09-2013,341.1,347.8,337.7,345.4,9317393,Tata Motors
20-09-2013,341.2,351,328.8,334.7,11600943,Tata Motors
23-09-2013,334,337.7,327.5,330.3,3938571,Tata Motors
24-09-2013,330.9,338.6,330.5,333.5,8854718,Tata Motors
25-09-2013,335.4,343.7,335.4,340.4,9674826,Tata Motors
26-09-2013,338.6,343.6,337.3,339.8,4832518,Tata Motors
27-09-2013,339.3,342.5,334.7,336.4,3325470,Tata Motors
30-09-2013,334.5,335.8,326.4,328.9,3492037,Tata Motors
01-10-2013,329.3,336.1,326.7,332,5030614,Tata Motors
03-10-2013,332.1,344.6,330.5,342.2,8229114,Tata Motors
04-10-2013,341.3,360.9,340.7,346.3,12261119,Tata Motors
07-10-2013,346.2,349,339.8,344.1,5520739,Tata Motors
08-10-2013,348.4,355.5,346,346.8,7297904,Tata Motors
09-10-2013,347,352.5,346.2,350.4,8808415,Tata Motors
10-10-2013,350.2,369.8,348.3,367.6,12367384,Tata Motors
11-10-2013,371,385.4,364.6,381.1,18024178,Tata Motors
14-10-2013,381.9,389.1,381.5,386.2,7173403,Tata Motors
15-10-2013,386.6,388.8,378.2,384.7,8293578,Tata Motors
17-10-2013,381.3,381.3,366.6,369.4,9937912,Tata Motors
18-10-2013,372.5,377.7,370.5,375.6,6931755,Tata Motors
21-10-2013,375.9,387.3,374.6,376,6909188,Tata Motors
22-10-2013,376.3,380.9,372,375.9,5165286,Tata Motors
23-10-2013,377,378.2,364.1,370.6,6365332,Tata Motors
24-10-2013,373,380.6,370.4,375.2,7336447,Tata Motors
25-10-2013,374,375.3,368.6,372.2,2965203,Tata Motors
28-10-2013,373.1,377.7,370.1,373.5,3421077,Tata Motors
29-10-2013,373.6,380.1,371,377.5,5667639,Tata Motors
30-10-2013,378.9,380,373.1,375.5,5324966,Tata Motors
31-10-2013,375.9,382.2,375.1,377,9109644,Tata Motors
01-11-2013,379.9,384.8,379.1,380.5,4489619,Tata Motors
05-11-2013,382.8,396.6,382.8,391,9064304,Tata Motors
06-11-2013,393,396.5,385.8,386.8,6519204,Tata Motors
07-11-2013,386.7,390.6,373.3,376.1,5685498,Tata Motors
08-11-2013,374.7,386.8,367.2,380,12659764,Tata Motors
11-11-2013,375.9,381.8,370.5,373,10752349,Tata Motors
12-11-2013,373.7,375.3,354.2,356.1,8282471,Tata Motors
13-11-2013,358.1,365.5,358.1,362.3,7488788,Tata Motors
14-11-2013,368.1,384.1,368.1,382.9,12280945,Tata Motors
18-11-2013,383.8,389.8,377.9,388,11542633,Tata Motors
19-11-2013,390.7,391.5,382.9,387.1,4658384,Tata Motors
20-11-2013,384.6,388.2,380.3,381.8,4884635,Tata Motors
21-11-2013,379.3,382.3,377.2,379,3632318,Tata Motors
22-11-2013,380.6,380.6,368,370.1,6189228,Tata Motors
25-11-2013,373.1,382.9,373.1,382,3812176,Tata Motors
26-11-2013,383.5,387.2,375,386,5183756,Tata Motors
27-11-2013,389.3,395.6,388.4,394.9,6706436,Tata Motors
28-11-2013,398.8,400.7,390.3,393.6,9112041,Tata Motors
29-11-2013,394.7,397.5,391,394.4,4816843,Tata Motors
02-12-2013,393.7,399.5,391.8,395.6,7630627,Tata Motors
03-12-2013,396.7,399.3,390.9,394.7,7562749,Tata Motors
04-12-2013,393,396.5,386.4,388.4,4921167,Tata Motors
05-12-2013,396.2,396.7,384,386.1,5020247,Tata Motors
06-12-2013,382.8,390.3,381.8,386.7,4654055,Tata Motors
09-12-2013,398.2,398.3,385.3,389.2,7847724,Tata Motors
10-12-2013,390.5,392.1,385.2,386.5,7596464,Tata Motors
11-12-2013,381,382.6,372,373.7,8323690,Tata Motors
12-12-2013,370.1,370.1,355.1,356.6,15423529,Tata Motors
13-12-2013,360.2,367.9,359.5,366.4,8602143,Tata Motors
16-12-2013,364,367.1,361.9,364.1,4753789,Tata Motors
17-12-2013,367.7,370.9,360.7,362.9,6974111,Tata Motors
18-12-2013,363,366.9,358.6,364.5,8733357,Tata Motors
19-12-2013,368,369,360.1,365.6,7418057,Tata Motors
20-12-2013,363.3,372.4,363.3,369.7,5307016,Tata Motors
23-12-2013,369.8,374.4,369.1,371.6,3229332,Tata Motors
24-12-2013,371.6,371.9,367.5,368.6,2273403,Tata Motors
26-12-2013,369,372.5,364,366.3,5538409,Tata Motors
27-12-2013,367.1,370.4,364.9,367.9,3302268,Tata Motors
30-12-2013,370.1,374,368.3,370.8,3693195,Tata Motors
31-12-2013,370.1,374,370.1,372.3,4341614,Tata Motors
01-01-2014,373.5,374.7,370,370.9,1350265,Tata Motors
02-01-2014,370.9,372.1,365.2,368.3,2983093,Tata Motors
03-01-2014,364,364,356.1,358.8,4950946,Tata Motors
06-01-2014,363.5,366.5,360.3,363,5431816,Tata Motors
07-01-2014,363,366,359.8,361.2,3978229,Tata Motors
08-01-2014,361.2,367.6,360.6,366.3,5397831,Tata Motors
09-01-2014,368.2,368.4,361.1,364,3565546,Tata Motors
10-01-2014,366,366.6,361.6,363,3067850,Tata Motors
13-01-2014,368.6,375.4,367.7,372.1,6635467,Tata Motors
14-01-2014,371.1,371.5,364.1,367.8,3237644,Tata Motors
15-01-2014,370,374.1,368.7,373.2,4795274,Tata Motors
16-01-2014,374.9,374.9,362.8,365.8,7705700,Tata Motors
17-01-2014,363.5,369.9,363.1,365.7,4947903,Tata Motors
20-01-2014,367,372.7,366.5,370.9,3212466,Tata Motors
21-01-2014,371,383.6,368.2,380.7,5720137,Tata Motors
22-01-2014,377.3,383.3,376,381.9,5594747,Tata Motors
23-01-2014,381.1,384.8,376.6,379.5,3750003,Tata Motors
24-01-2014,374.9,377.9,364.8,366.4,3581923,Tata Motors
27-01-2014,359.1,359.1,341.8,344.5,9140386,Tata Motors
28-01-2014,341.8,355.5,341.8,352.4,6542003,Tata Motors
29-01-2014,356.2,358.6,346.8,348,3252615,Tata Motors
30-01-2014,345.5,363.5,345.2,357.8,9019795,Tata Motors
31-01-2014,354.5,354.5,343.3,345.8,6859611,Tata Motors
03-02-2014,343.3,346,332,332.8,5577370,Tata Motors
04-02-2014,328.5,343,328.5,342.1,11339969,Tata Motors
05-02-2014,339.3,354.6,335.9,351.3,9337843,Tata Motors
06-02-2014,349.2,356.4,345.2,353.8,7999919,Tata Motors
07-02-2014,356.1,359.1,352.3,356.3,5432815,Tata Motors
10-02-2014,361.1,363.4,354.1,360.1,6509957,Tata Motors
11-02-2014,376.9,378.6,366.7,370.5,15661815,Tata Motors
12-02-2014,371.9,378.9,371.1,372.6,7720562,Tata Motors
13-02-2014,375.9,379.3,370.7,371.9,6753321,Tata Motors
14-02-2014,376.1,385.8,376.1,384.6,6688954,Tata Motors
17-02-2014,387.8,391.2,380.1,382.4,8551120,Tata Motors
18-02-2014,383.8,390,381.1,387.2,6011915,Tata Motors
20-02-2014,387.3,390.7,385.2,387.6,6663891,Tata Motors
21-02-2014,390.7,393.5,388.6,391.9,6329199,Tata Motors
24-02-2014,392.8,396.5,389.9,392.3,5194044,Tata Motors
25-02-2014,394.7,395.4,389.3,394.2,3031959,Tata Motors
26-02-2014,392.8,398.2,391.8,396.9,7239939,Tata Motors
28-02-2014,405.6,413.7,400,412.5,12543449,Tata Motors
03-03-2014,410.5,410.5,403.8,406.3,6613105,Tata Motors
04-03-2014,406.8,416.2,401.4,408.4,5556293,Tata Motors
05-03-2014,410.5,411.7,402.8,405.2,4002207,Tata Motors
06-03-2014,407.1,407.9,400,404,5657373,Tata Motors
07-03-2014,404.1,411.4,401.1,404.7,5997347,Tata Motors
10-03-2014,400,402.3,389.2,391.7,5777982,Tata Motors
11-03-2014,388.8,400.1,388.8,393.7,6048848,Tata Motors
12-03-2014,392.8,393.7,383.8,384.7,4478567,Tata Motors
13-03-2014,389.2,392.4,380.7,383.8,3857870,Tata Motors
14-03-2014,378.9,390.4,378.9,389,3208372,Tata Motors
18-03-2014,389.8,393.1,376.4,377.1,6811167,Tata Motors
19-03-2014,381.7,383.5,375.5,380.2,6265086,Tata Motors
20-03-2014,377.9,380.8,374.7,375.6,4092825,Tata Motors
21-03-2014,378,385.8,377.8,385,5685397,Tata Motors
24-03-2014,386.8,390.2,385.1,387.3,3159565,Tata Motors
25-03-2014,387.8,389.3,382.5,386.6,3891051,Tata Motors
26-03-2014,390.3,398.7,390.3,397.3,7347685,Tata Motors
27-03-2014,398.7,400.6,389.5,392.4,9166505,Tata Motors
28-03-2014,396.5,399,391.1,393,3365107,Tata Motors
31-03-2014,396.7,399.8,392.4,394.4,4118759,Tata Motors
01-04-2014,400.8,402.1,395.2,398.8,3946055,Tata Motors
02-04-2014,402.4,410.5,400.6,409.6,6294255,Tata Motors
03-04-2014,411.4,413.5,402.7,406.9,5301516,Tata Motors
04-04-2014,409.9,409.9,400.1,401.1,2900822,Tata Motors
07-04-2014,400.7,405.6,396.5,399.6,3792597,Tata Motors
09-04-2014,403.6,418.2,403.1,416.4,6886132,Tata Motors
10-04-2014,418.4,430.3,418.4,426.2,6320344,Tata Motors
11-04-2014,424.3,433.1,417.6,419,6082343,Tata Motors
15-04-2014,421,424.8,404.6,407.5,6865538,Tata Motors
16-04-2014,405.1,414.4,404.9,406.7,3782508,Tata Motors
17-04-2014,410.9,426,410.8,424.5,4577368,Tata Motors
21-04-2014,420.3,429.9,419.6,427.4,2818637,Tata Motors
22-04-2014,426.3,430,422,424.2,2488045,Tata Motors
23-04-2014,425.7,429,417.7,420.5,5383562,Tata Motors
25-04-2014,420.5,426.1,418,418.7,4118462,Tata Motors
28-04-2014,418.5,418.5,410.5,412,3517997,Tata Motors
29-04-2014,411.6,414.3,403.2,404.5,2379745,Tata Motors
30-04-2014,409.2,413.5,399.8,410.3,5583892,Tata Motors
02-05-2014,413.5,415.8,406.8,410.3,2816896,Tata Motors
05-05-2014,404.1,411.4,404.1,410,2450473,Tata Motors
06-05-2014,410.4,417.4,410,414.6,2735911,Tata Motors
07-05-2014,414.5,417.2,411,412.2,3380285,Tata Motors
08-05-2014,415.4,419.6,413,418.5,3040775,Tata Motors
09-05-2014,419.4,424.5,414.7,422.9,5002332,Tata Motors
12-05-2014,422.8,441.7,421.9,440.4,6310558,Tata Motors
13-05-2014,442.4,450.8,434.1,436.2,5470693,Tata Motors
14-05-2014,435.3,441.3,429.4,437.6,2878176,Tata Motors
15-05-2014,440.2,443.8,432.4,434.9,4353266,Tata Motors
16-05-2014,439.3,460,438.7,445,9394433,Tata Motors
19-05-2014,451.1,452.9,438,439.6,5822795,Tata Motors
20-05-2014,441.2,447,431.9,435.1,6228431,Tata Motors
21-05-2014,437.5,440.2,429.4,432.2,5246604,Tata Motors
22-05-2014,432.8,436.4,423.6,426.2,7587124,Tata Motors
23-05-2014,422.7,435.2,420.4,426.6,7325923,Tata Motors
26-05-2014,433.3,448.9,433.3,439.3,9114207,Tata Motors
27-05-2014,442.5,446.5,428.8,431.9,5495046,Tata Motors
28-05-2014,428.3,431.1,418.9,424.1,8431663,Tata Motors
29-05-2014,419.9,427.7,416.8,419.7,7090240,Tata Motors
30-05-2014,407.1,417.6,402.7,410.6,11027927,Tata Motors
02-06-2014,410.5,418.1,406.1,416.2,5453105,Tata Motors
03-06-2014,412.8,419.4,411.8,416.4,8815039,Tata Motors
04-06-2014,420.4,424.9,416.5,417.5,6432255,Tata Motors
05-06-2014,415.5,431.3,412.7,430.3,8990112,Tata Motors
06-06-2014,432.3,435.7,423.9,434.4,8064951,Tata Motors
09-06-2014,434.8,448.5,434.8,443.8,6990208,Tata Motors
10-06-2014,445.4,450.5,437.7,448.5,6351229,Tata Motors
11-06-2014,447.1,448.6,433,440.9,5822019,Tata Motors
12-06-2014,440.2,446.6,437,444.7,4224821,Tata Motors
13-06-2014,445.1,445.4,430.3,433.5,5398821,Tata Motors
16-06-2014,431.8,433.5,424.4,426.2,4751076,Tata Motors
17-06-2014,429.4,438.4,422.5,436.1,4834977,Tata Motors
18-06-2014,439.7,440.2,425.9,428.5,3014079,Tata Motors
19-06-2014,433.3,439,430.3,433.9,6664761,Tata Motors
20-06-2014,436.4,437.3,428.3,433.3,4730789,Tata Motors
23-06-2014,431.7,437.7,426.5,430.9,3759439,Tata Motors
24-06-2014,429.4,440.8,429.4,437.4,3977357,Tata Motors
25-06-2014,436.3,443.8,434.5,438.5,4431204,Tata Motors
26-06-2014,438.2,444,431.5,433.3,4030884,Tata Motors
27-06-2014,432.4,436.1,425.5,427.7,2593373,Tata Motors
30-06-2014,429.3,431.5,424.4,426.6,3209913,Tata Motors
01-07-2014,428.1,448,428.1,445.9,6363294,Tata Motors
02-07-2014,446.5,453.7,440.3,450.9,5764628,Tata Motors
03-07-2014,450.9,467.7,450.1,464.7,10030921,Tata Motors
04-07-2014,464.9,469.1,461.5,464.4,6984574,Tata Motors
07-07-2014,468.9,474.8,467,473.7,5245180,Tata Motors
08-07-2014,474.3,479.5,460.3,464.9,6686015,Tata Motors
09-07-2014,464.7,464.8,448.1,452.3,3885806,Tata Motors
10-07-2014,455.2,469.6,444.9,448.3,5303111,Tata Motors
11-07-2014,450.3,456.5,439,441.1,2709162,Tata Motors
14-07-2014,440.2,453.9,437.8,451.1,3573195,Tata Motors
15-07-2014,453.3,459.9,451.8,457.9,3571017,Tata Motors
16-07-2014,461.2,466.5,457.1,465.2,3554224,Tata Motors
17-07-2014,462,472.2,460.1,470.2,5060355,Tata Motors
18-07-2014,466.7,472.3,461.3,470.2,4104064,Tata Motors
21-07-2014,471.1,473.3,464.9,469.8,2125042,Tata Motors
22-07-2014,469.8,482.9,467.2,481.5,4200537,Tata Motors
23-07-2014,480.3,482.6,471.6,479.6,4694832,Tata Motors
24-07-2014,478,481.9,472,480,3303449,Tata Motors
25-07-2014,480.8,480.8,451.5,456.1,6276194,Tata Motors
28-07-2014,451.6,465,446.4,449,8303008,Tata Motors
30-07-2014,450.1,450.5,437.2,446.5,13451030,Tata Motors
31-07-2014,448.1,449.8,440.2,441.9,9372425,Tata Motors
01-08-2014,440,450.8,433.3,435.3,8788380,Tata Motors
04-08-2014,437.5,443.6,436.4,441.8,7438170,Tata Motors
05-08-2014,444.8,453,439.4,451.9,3987890,Tata Motors
06-08-2014,450.1,450.1,440.4,442.7,4807563,Tata Motors
07-08-2014,442.8,445.5,435.5,437.2,4819648,Tata Motors
08-08-2014,432.8,433.1,425.8,428.2,6422294,Tata Motors
11-08-2014,434.9,443.6,432.3,441.7,8643044,Tata Motors
12-08-2014,475.8,476.8,463.3,468.9,14729593,Tata Motors
13-08-2014,471.9,474.7,461.1,468.4,6232455,Tata Motors
14-08-2014,469.2,480.6,468.5,479.4,6349274,Tata Motors
18-08-2014,483.8,500.2,483.6,498.4,8564539,Tata Motors
19-08-2014,502,515.1,500.1,513.3,9859931,Tata Motors
20-08-2014,513.4,516.4,505.4,506.7,5409421,Tata Motors
21-08-2014,510.4,512.6,500.7,507.2,5405948,Tata Motors
22-08-2014,509.7,515,505.1,506,4357503,Tata Motors
25-08-2014,511.4,512.4,499.9,502.9,3963009,Tata Motors
26-08-2014,493.1,509.6,491,507.1,4674270,Tata Motors
27-08-2014,513.3,518.3,510.6,516.1,3863988,Tata Motors
28-08-2014,518.1,525.9,517,519.4,5538124,Tata Motors
01-09-2014,520.3,523.8,511.2,514.4,6254629,Tata Motors
02-09-2014,514.4,515.1,506.5,510.7,4650966,Tata Motors
03-09-2014,520.4,524.8,515.7,517,7316875,Tata Motors
04-09-2014,517.1,517.1,503.8,507.5,7803460,Tata Motors
05-09-2014,507.5,511,497.7,500.5,9954962,Tata Motors
08-09-2014,502.5,506.5,497.5,504.6,9167389,Tata Motors
09-09-2014,505.6,512.8,502.1,511.6,9037982,Tata Motors
10-09-2014,508.3,515.3,506.9,511,7237841,Tata Motors
11-09-2014,512.4,512.7,505.5,508.8,3952038,Tata Motors
12-09-2014,509.4,513.7,507.9,511.6,4596246,Tata Motors
15-09-2014,506.5,509.8,504.6,506.9,2970679,Tata Motors
16-09-2014,504.5,505.2,489.3,494.4,5734024,Tata Motors
17-09-2014,496.6,504,486.1,501.5,4947732,Tata Motors
18-09-2014,500.2,521.1,495.3,519.7,7051279,Tata Motors
19-09-2014,519.5,523.3,511,513.3,5132096,Tata Motors
22-09-2014,509.4,536.6,508.5,534.2,7888770,Tata Motors
23-09-2014,535.9,536.7,510.5,512.2,7448994,Tata Motors
24-09-2014,510.4,512.2,501.1,507.9,3846158,Tata Motors
25-09-2014,507.2,509.2,494.6,498.9,6322423,Tata Motors
26-09-2014,496.7,507.5,487,505.6,7175476,Tata Motors
29-09-2014,504.6,510,502.2,505.2,5106197,Tata Motors
30-09-2014,509.1,509.1,494.9,496.7,5517683,Tata Motors
01-10-2014,495.8,501.9,493.9,497.3,3687493,Tata Motors
07-10-2014,497.3,511.2,497.3,499.5,5404357,Tata Motors
08-10-2014,501.5,507.2,496.6,503.5,3921022,Tata Motors
09-10-2014,509.4,516.9,507.8,515,3718984,Tata Motors
10-10-2014,509,509,484.1,487.4,7455947,Tata Motors
13-10-2014,484.7,492.8,474.9,490.9,5138424,Tata Motors
14-10-2014,493.5,494.8,480.9,482.7,3845609,Tata Motors
16-10-2014,480.2,495.7,476.5,478.6,6573240,Tata Motors
17-10-2014,478.5,478.5,463,470.7,9493560,Tata Motors
20-10-2014,482.6,491.6,479.4,489.3,5777633,Tata Motors
21-10-2014,493.7,498.7,488.4,496,3930435,Tata Motors
22-10-2014,503.2,514.9,503.2,513.5,5780947,Tata Motors
23-10-2014,513.4,513.4,509,510.3,356219,Tata Motors
27-10-2014,511.4,512.4,496.8,498.3,3143561,Tata Motors
28-10-2014,500.2,505.8,497.6,503.2,2396689,Tata Motors
29-10-2014,509.9,521.8,509.9,520.5,4369226,Tata Motors
30-10-2014,516.7,525.6,514.5,521.3,6176152,Tata Motors
31-10-2014,520.7,532.7,515.3,530.1,3914563,Tata Motors
03-11-2014,524.9,530.1,520.6,525.7,2764829,Tata Motors
05-11-2014,523.3,534,515.6,530.2,6515021,Tata Motors
07-11-2014,531.3,538.1,526.5,527.6,2454112,Tata Motors
10-11-2014,525,528.7,513.2,516.7,3353906,Tata Motors
11-11-2014,519.3,521.8,511.5,516.1,2523943,Tata Motors
12-11-2014,517.8,531.1,516.3,526.1,3579289,Tata Motors
13-11-2014,527.3,530.2,517.8,521.1,2769737,Tata Motors
14-11-2014,524.1,531,514,518.2,4667710,Tata Motors
17-11-2014,514.4,541.6,514.4,539.4,7083220,Tata Motors
18-11-2014,542.7,544.8,534.7,535.8,4499757,Tata Motors
19-11-2014,538.2,539.1,516.9,523.8,4628849,Tata Motors
20-11-2014,527.3,528.1,514.7,519.1,3788322,Tata Motors
21-11-2014,522.8,533.6,521.5,525.3,3976809,Tata Motors
24-11-2014,525.3,532.8,519.3,520.7,3753092,Tata Motors
25-11-2014,522.8,523.3,507.5,516.2,4313395,Tata Motors
26-11-2014,516.1,519.1,509.4,514.3,4589398,Tata Motors
27-11-2014,509.4,517.2,506,514.3,5641394,Tata Motors
28-11-2014,518.7,533.2,515.9,527.7,8174796,Tata Motors
01-12-2014,534,534,524.4,530.2,5093458,Tata Motors
02-12-2014,529.9,530,522.4,523.2,3555543,Tata Motors
03-12-2014,529.4,533,520.6,523.3,3997174,Tata Motors
04-12-2014,528.2,531.5,516.4,522.1,3600835,Tata Motors
05-12-2014,518.8,525,516.8,519.7,2443317,Tata Motors
08-12-2014,519.4,524.8,508.2,510.1,3102060,Tata Motors
09-12-2014,511.7,515.2,495.9,497.8,5503173,Tata Motors
10-12-2014,490.6,509.3,487.9,505.5,5561474,Tata Motors
11-12-2014,501.3,507.3,492.6,498.5,4026431,Tata Motors
12-12-2014,493.5,502.3,490.6,494.6,3859003,Tata Motors
15-12-2014,489.6,496.4,487,488.6,3855125,Tata Motors
16-12-2014,484.7,486.4,473.3,476.5,4762142,Tata Motors
17-12-2014,473.4,481.2,463.6,470.7,6172599,Tata Motors
18-12-2014,475.9,484.7,475.7,479.7,4370887,Tata Motors
19-12-2014,485,492.4,478.9,480.7,4616429,Tata Motors
22-12-2014,480.9,491.9,476.2,489.4,3191672,Tata Motors
23-12-2014,491.4,496,480.4,482.9,4121567,Tata Motors
24-12-2014,484.9,487.4,476.4,478.7,6440960,Tata Motors
26-12-2014,477.8,482.3,473.8,479.9,2314336,Tata Motors
29-12-2014,479.9,492.6,479.9,489.7,2788674,Tata Motors
30-12-2014,493.6,494.1,485,488.4,1683677,Tata Motors
31-12-2014,489.2,493.3,485.8,490.2,3183466,Tata Motors
01-01-2015,489.2,494.1,486.9,493.1,934528,Tata Motors
02-01-2015,491.9,511.8,491.9,506.3,4148596,Tata Motors
05-01-2015,504.6,520.3,501.2,518.1,6686952,Tata Motors
06-01-2015,508.8,508.8,493.9,496,7894918,Tata Motors
07-01-2015,489.7,495,483.9,488.5,9134678,Tata Motors
08-01-2015,498.6,509.2,495.6,506.5,5476843,Tata Motors
09-01-2015,515.6,519.3,509.9,516.7,4010545,Tata Motors
12-01-2015,512.9,519,505.7,516.7,2533395,Tata Motors
13-01-2015,514.7,520,509.7,513.8,4282874,Tata Motors
14-01-2015,515.9,521,508.4,514.7,6006186,Tata Motors
15-01-2015,522.6,530.2,518.1,527.2,6829305,Tata Motors
16-01-2015,525.4,530,516.8,520.1,4205034,Tata Motors
19-01-2015,520.8,533.8,517.5,532.7,4568341,Tata Motors
20-01-2015,532.9,554.9,529,553.2,6075180,Tata Motors
21-01-2015,550.8,552.4,540.1,545.6,6452158,Tata Motors
22-01-2015,544.7,562.6,542.6,560.4,5946787,Tata Motors
23-01-2015,568.8,584.8,567.8,582.1,7682336,Tata Motors
27-01-2015,589.6,601.1,589.6,598,7136967,Tata Motors
28-01-2015,592.5,592.7,580.7,582.8,8209728,Tata Motors
29-01-2015,579.7,594.2,574.3,592.1,5812166,Tata Motors
30-01-2015,594.9,598.2,574.8,578.8,4136616,Tata Motors
02-02-2015,581.5,589.5,574.6,586.1,4316925,Tata Motors
03-02-2015,591.2,605.8,589.8,596.8,6035606,Tata Motors
04-02-2015,600.1,600.1,581.9,585,3362648,Tata Motors
05-02-2015,584.6,596.4,575.7,582.8,6774777,Tata Motors
06-02-2015,560.9,565.8,546.2,553.6,12091509,Tata Motors
09-02-2015,544.1,548.5,535.5,536.8,4579430,Tata Motors
10-02-2015,538.1,561.9,537.5,558,5557625,Tata Motors
11-02-2015,560.9,565.2,547.4,552.9,4588336,Tata Motors
12-02-2015,556.1,559.9,546.5,555.7,5430678,Tata Motors
13-02-2015,556.6,561.1,549,559.4,3469320,Tata Motors
16-02-2015,562.9,574.2,559.4,568,5732125,Tata Motors
18-02-2015,566.5,580.7,554.6,578,5784461,Tata Motors
19-02-2015,579.7,586.2,565.9,570.3,4271131,Tata Motors
20-02-2015,573.2,578.7,566.1,573.6,3865784,Tata Motors
23-02-2015,575.7,578.1,565.9,568,3008142,Tata Motors
24-02-2015,570.8,571.8,553.9,558.3,4304190,Tata Motors
25-02-2015,560.6,569.8,557.9,562.1,3050026,Tata Motors
26-02-2015,563.9,565.9,551.3,554.6,3533029,Tata Motors
27-02-2015,560.9,574.7,557.4,568.9,4310800,Tata Motors
02-03-2015,591,594.5,566.9,578.7,4899347,Tata Motors
03-03-2015,576.2,576.2,565.8,567.9,3555077,Tata Motors
04-03-2015,575.2,585.7,563.9,567.9,6176534,Tata Motors
05-03-2015,569.8,571.6,561.6,564.5,3318912,Tata Motors
09-03-2015,564.8,567.4,555.9,559,3528212,Tata Motors
10-03-2015,561.8,566.5,552.7,554.2,3875591,Tata Motors
11-03-2015,554.9,559.1,542.3,545,3151043,Tata Motors
12-03-2015,548.9,560.8,548.3,557.8,3394342,Tata Motors
13-03-2015,559.5,559.6,549.1,552.3,5325356,Tata Motors
16-03-2015,553,559.6,548.3,550.9,2757396,Tata Motors
17-03-2015,557.9,572.8,556.3,565.4,5338621,Tata Motors
18-03-2015,564.2,564.8,550.5,554.2,4521120,Tata Motors
19-03-2015,558.9,562.8,545.3,547.8,3260146,Tata Motors
20-03-2015,543,544.7,535.2,541.7,5065418,Tata Motors
23-03-2015,542.1,551.8,542.1,545.5,3120391,Tata Motors
24-03-2015,545.8,546.5,522.7,526.5,4471090,Tata Motors
25-03-2015,529.7,539.7,527.7,536,8533721,Tata Motors
26-03-2015,525.2,533.2,515.2,518.6,6475129,Tata Motors
27-03-2015,520,531,512.6,529.6,4671141,Tata Motors
30-03-2015,531.1,535.2,525.6,534.2,3969941,Tata Motors
31-03-2015,534.3,553.8,531.8,544.3,5352135,Tata Motors
01-04-2015,543.2,560.3,542.1,558.8,4177702,Tata Motors
06-04-2015,563.9,573.5,555.4,568.2,5728358,Tata Motors
07-04-2015,569.1,570.7,554.1,560.4,3201751,Tata Motors
08-04-2015,565,569.6,559.2,561.5,3774897,Tata Motors
09-04-2015,562.8,564.9,552.3,559.9,3043135,Tata Motors
10-04-2015,558.8,569.4,555.6,562.7,2808049,Tata Motors
13-04-2015,563,563.9,552.5,556.3,2889208,Tata Motors
15-04-2015,551.3,551.3,538.3,540.5,4118983,Tata Motors
16-04-2015,543.8,551.3,534.2,541.3,4027716,Tata Motors
17-04-2015,541.5,544.8,534.2,535.4,2728290,Tata Motors
20-04-2015,543.2,543.2,521.1,533.2,5011252,Tata Motors
21-04-2015,531.5,538,523.5,527.4,3243871,Tata Motors
22-04-2015,529,529.7,510.7,523.5,4311384,Tata Motors
23-04-2015,527.8,527.8,508.5,512,4961920,Tata Motors
24-04-2015,515.3,520,508.6,516.2,4302328,Tata Motors
27-04-2015,521,523,513.1,516.9,3082875,Tata Motors
28-04-2015,520.5,533.8,518.4,529.9,6417077,Tata Motors
29-04-2015,526.8,528,516.8,520.9,3685760,Tata Motors
30-04-2015,518.2,520.8,506.8,508.3,10009172,Tata Motors
04-05-2015,511.8,516,497.5,506.5,5849866,Tata Motors
05-05-2015,509.5,515.7,506.1,510.5,3398712,Tata Motors
06-05-2015,508.5,508.5,495.8,497.9,5925410,Tata Motors
07-05-2015,493.5,503,482.6,488.1,5504557,Tata Motors
08-05-2015,498.8,515.9,497.4,513.7,6229295,Tata Motors
11-05-2015,522.3,531,517,529.7,5520513,Tata Motors
12-05-2015,525.7,525.7,511.2,513.6,4569616,Tata Motors
13-05-2015,517,525.6,506.6,520.5,4442178,Tata Motors
14-05-2015,519,519,510.1,516.6,3587736,Tata Motors
15-05-2015,519,524.5,517.1,519.9,4038816,Tata Motors
18-05-2015,517.3,524.4,510.3,520.7,4363711,Tata Motors
19-05-2015,516.9,518.8,508.7,509.8,5500642,Tata Motors
20-05-2015,511,513.9,503.6,505.3,6385674,Tata Motors
21-05-2015,506.5,512.5,505,511.2,4708702,Tata Motors
22-05-2015,511.8,517,510.2,514.7,4744826,Tata Motors
25-05-2015,513,514,503,505.3,3080546,Tata Motors
26-05-2015,505,506,493.6,497.6,7389680,Tata Motors
27-05-2015,473.6,475,463.6,471.8,15936377,Tata Motors
28-05-2015,473.9,487.5,472.3,484.4,11792862,Tata Motors
29-05-2015,485.2,490.3,479.4,481.7,7892019,Tata Motors
01-06-2015,482.9,482.9,471,472.1,4610219,Tata Motors
02-06-2015,473.1,478.4,465,467,6237231,Tata Motors
03-06-2015,467,468.8,434.7,456.9,9702740,Tata Motors
04-06-2015,456.9,458.5,445.5,451.2,8001049,Tata Motors
05-06-2015,445.7,449.6,439.5,442.1,11195670,Tata Motors
08-06-2015,435.3,438,429.1,435.6,7072020,Tata Motors
09-06-2015,431.3,443.8,431.3,440.1,7741629,Tata Motors
10-06-2015,439.9,449.4,436,446.6,9716102,Tata Motors
11-06-2015,446.5,446.8,428.1,430.2,9668308,Tata Motors
12-06-2015,426.6,429.5,417.3,421.8,10871836,Tata Motors
15-06-2015,426,428,418.1,426.4,7287773,Tata Motors
16-06-2015,427.1,435.8,421.3,432.8,6192559,Tata Motors
17-06-2015,436,437.4,426.5,433.7,7034146,Tata Motors
18-06-2015,434.9,447.5,431.4,445.5,8198142,Tata Motors
19-06-2015,444.8,444.8,431.6,433.1,6891821,Tata Motors
22-06-2015,435,444,435,440.5,5281379,Tata Motors
23-06-2015,441,447.4,435,436,5762483,Tata Motors
24-06-2015,438.7,438.7,428.1,430.6,7081258,Tata Motors
25-06-2015,433,436.1,429.5,432.4,7745469,Tata Motors
26-06-2015,435,438.8,431.2,437.6,5009173,Tata Motors
29-06-2015,428.8,432.5,418.2,428.3,7143044,Tata Motors
30-06-2015,428,436.3,422.7,434.2,6387312,Tata Motors
01-07-2015,436.8,447.4,431.4,444.5,6054910,Tata Motors
02-07-2015,445,445,435,436.4,4641851,Tata Motors
03-07-2015,436,436,430.5,433.2,3709457,Tata Motors
06-07-2015,428,433.5,420.7,431.1,4600687,Tata Motors
07-07-2015,434.4,435.7,428,431.6,5667938,Tata Motors
08-07-2015,424,424,400,405,15521757,Tata Motors
09-07-2015,400.2,403.4,394.3,397.8,9351601,Tata Motors
10-07-2015,400.3,405.8,398.1,401.9,13661389,Tata Motors
13-07-2015,406.7,406.7,397.1,402.1,8047912,Tata Motors
14-07-2015,403.5,403.5,381,386,11333562,Tata Motors
15-07-2015,387,395,382.6,394.3,15561638,Tata Motors
16-07-2015,394.9,398.7,392.5,395.3,5199913,Tata Motors
17-07-2015,396,403.3,390.4,398.1,6590110,Tata Motors
20-07-2015,399,401.9,389.3,390.8,5777196,Tata Motors
21-07-2015,391.8,393.3,386.1,389.1,6461958,Tata Motors
22-07-2015,388,392.8,386,389.6,5955109,Tata Motors
23-07-2015,388.8,403.4,385,401.4,9510349,Tata Motors
24-07-2015,397.6,399.4,389,390.3,7059848,Tata Motors
27-07-2015,384.3,385.3,373,377.5,8450904,Tata Motors
28-07-2015,373,374.9,366.1,370.1,10975840,Tata Motors
29-07-2015,373.9,380,372.7,376.5,9532212,Tata Motors
30-07-2015,381.7,382.5,376,377.5,6562559,Tata Motors
31-07-2015,380.8,390.5,380.1,383.9,6947628,Tata Motors
03-08-2015,386.4,394.4,382,388.2,6647982,Tata Motors
04-08-2015,385.9,387,378,380.8,5621275,Tata Motors
05-08-2015,378.8,388.5,375.1,376.4,8298929,Tata Motors
06-08-2015,376.5,384.7,373.2,383.1,7976356,Tata Motors
07-08-2015,382.4,396,382.4,393.4,10706804,Tata Motors
10-08-2015,384,395.3,382.1,385.7,14494111,Tata Motors
11-08-2015,387.1,388,367.6,369.2,9984809,Tata Motors
12-08-2015,365,367.9,365,367.9,0,Tata Motors
13-08-2015,356.9,361,348,349.4,11147702,Tata Motors
14-08-2015,351.5,359.8,345.1,355.3,6400810,Tata Motors
17-08-2015,354.4,362.3,345.3,356.1,5812093,Tata Motors
18-08-2015,355.9,358.4,347.7,348.6,5623977,Tata Motors
19-08-2015,348.7,354.9,344,351.3,6435894,Tata Motors
20-08-2015,348,349.7,341,342.2,7789676,Tata Motors
21-08-2015,339.4,339.4,327.8,332.4,8793065,Tata Motors
24-08-2015,317,317,301.6,308.3,14753473,Tata Motors
25-08-2015,308,331.4,305.8,328.9,13398318,Tata Motors
26-08-2015,322,341.4,318.3,335.1,13781660,Tata Motors
27-08-2015,338.4,342.6,327.3,334.1,17224851,Tata Motors
28-08-2015,342,342,335.3,340.1,7123909,Tata Motors
31-08-2015,340,348.8,332.5,340.2,7244287,Tata Motors
01-09-2015,335,339.4,325.1,329.9,8606005,Tata Motors
02-09-2015,328.9,332.5,321.5,324.5,8097313,Tata Motors
03-09-2015,326.2,339.8,326.2,333.6,8138855,Tata Motors
04-09-2015,330,330.8,316,322.9,6592654,Tata Motors
07-09-2015,327.8,333,320,322.9,5357928,Tata Motors
08-09-2015,326,333.3,316.3,330.9,6729868,Tata Motors
09-09-2015,335.4,350.7,333.6,344.9,8833492,Tata Motors
10-09-2015,340.1,356.5,331,354.1,9872906,Tata Motors
11-09-2015,354.9,358.9,342.3,344.6,8569963,Tata Motors
14-09-2015,348.9,350.9,342.3,346.8,5480940,Tata Motors
15-09-2015,346,346,333.1,334.4,5802405,Tata Motors
16-09-2015,337.7,340.4,332.5,338.1,5708786,Tata Motors
18-09-2015,329.2,333.8,326.9,330.3,14893326,Tata Motors
21-09-2015,326.9,334.9,325.7,331.7,5172386,Tata Motors
22-09-2015,332,333.6,314,315.8,7122834,Tata Motors
23-09-2015,311,312.6,306.3,310.3,8954516,Tata Motors
24-09-2015,309.7,312,301.6,303.4,13799813,Tata Motors
28-09-2015,304.4,304.4,283.5,285,13577316,Tata Motors
29-09-2015,281.2,294.8,279.1,288.8,12304403,Tata Motors
30-09-2015,289.3,299.8,288.1,298.6,12926187,Tata Motors
01-10-2015,301.5,301.5,291.5,297.8,7501080,Tata Motors
05-10-2015,302.5,322.1,302.5,315.2,14527820,Tata Motors
06-10-2015,320.6,334.7,319.6,333.7,18806867,Tata Motors
07-10-2015,333.9,345,329,341.4,17802539,Tata Motors
08-10-2015,343.8,347.3,341.6,343.3,12085332,Tata Motors
09-10-2015,346.2,359.2,341.1,356.5,11635790,Tata Motors
12-10-2015,356.5,367,356.4,362.4,10509775,Tata Motors
13-10-2015,360,365.3,355.1,361.1,9969583,Tata Motors
14-10-2015,358.8,360.3,351.1,352.3,7009418,Tata Motors
15-10-2015,355.3,383.8,355.3,381.3,19487376,Tata Motors
16-10-2015,388.6,391,380.7,386.8,16497652,Tata Motors
19-10-2015,384,384,376.3,378.7,7455714,Tata Motors
20-10-2015,379,395.8,377.4,383.2,15426131,Tata Motors
21-10-2015,380,386.4,378.6,381.5,8720671,Tata Motors
23-10-2015,383.9,388.8,382,383,6744440,Tata Motors
26-10-2015,386.5,389.9,383.3,384.6,5064657,Tata Motors
27-10-2015,383,387,382.2,383.4,4423221,Tata Motors
28-10-2015,382.8,390.8,382.2,386.3,8018683,Tata Motors
29-10-2015,389,396.8,384.3,391.2,15381516,Tata Motors
30-10-2015,389.8,390.8,383.5,385,6651831,Tata Motors
02-11-2015,386.1,392.1,384.4,388,7511675,Tata Motors
03-11-2015,391.3,391.3,380.8,382.1,5887746,Tata Motors
04-11-2015,390.1,407.3,390.1,404.9,13985828,Tata Motors
05-11-2015,403.6,412.8,401.5,404,12912937,Tata Motors
06-11-2015,399.9,404.4,392.5,396.2,11016134,Tata Motors
09-11-2015,374,413.5,373.1,411.8,22128119,Tata Motors
10-11-2015,408,417.4,402.7,407.5,12654616,Tata Motors
13-11-2015,411.4,417.5,401.8,404,11007237,Tata Motors
16-11-2015,401,404.9,394.2,400.3,7673487,Tata Motors
17-11-2015,403,410.7,398.6,407.5,6063987,Tata Motors
18-11-2015,408,413.5,403.3,406.3,6960097,Tata Motors
19-11-2015,409.9,409.9,403.5,407,5645524,Tata Motors
20-11-2015,408.5,410.7,401.4,402.9,5420173,Tata Motors
23-11-2015,400.4,404.4,396.5,402.1,4658448,Tata Motors
24-11-2015,399.1,406.5,397.1,401,5624579,Tata Motors
26-11-2015,404.8,426.5,404,424.4,15070353,Tata Motors
27-11-2015,425.6,431.9,416.5,417.7,9720127,Tata Motors
30-11-2015,419.9,429.6,418,423.5,9901753,Tata Motors
01-12-2015,427,427,416.1,417.4,6402692,Tata Motors
02-12-2015,415.9,418.9,410.3,413.2,6543300,Tata Motors
03-12-2015,408.7,411.9,404.3,405.6,5999323,Tata Motors
04-12-2015,402.5,411.5,398.7,400,8477407,Tata Motors
07-12-2015,402.9,403,395.3,399.2,6156323,Tata Motors
08-12-2015,397,407,396.1,402.4,7851653,Tata Motors
09-12-2015,402.8,405,392.8,394,6103583,Tata Motors
10-12-2015,401.2,401.2,385.3,389.6,10684178,Tata Motors
11-12-2015,390.9,392.7,375.3,378,6537672,Tata Motors
14-12-2015,369.8,373.5,360.5,371.6,12682481,Tata Motors
15-12-2015,371.3,381,365.5,379.5,7717531,Tata Motors
16-12-2015,375.9,385,372.9,380.5,11874858,Tata Motors
17-12-2015,385,387,376.1,383,7604665,Tata Motors
18-12-2015,381.9,384.8,376.8,378.3,6454322,Tata Motors
21-12-2015,379.1,382.6,377.5,380.2,4015631,Tata Motors
22-12-2015,380.9,382.8,377.2,378.1,3802024,Tata Motors
23-12-2015,379.9,380.9,377.5,378.5,3953766,Tata Motors
24-12-2015,380.9,384.8,377.6,382.4,4568751,Tata Motors
28-12-2015,384.9,395,383.8,394,7166351,Tata Motors
29-12-2015,392.9,397.5,388.8,391.9,7359611,Tata Motors
30-12-2015,392,395,390.5,393.5,4866177,Tata Motors
31-12-2015,394,395.8,389.2,391.3,6410622,Tata Motors
01-01-2016,392.5,403,373,401.9,4377363,Tata Motors
04-01-2016,400,400.1,375.1,377.1,7822660,Tata Motors
05-01-2016,381.1,382.5,372.1,374.5,6901068,Tata Motors
06-01-2016,374.3,375.5,364.6,365.9,7211230,Tata Motors
07-01-2016,356.3,358,338.1,343.6,11782307,Tata Motors
08-01-2016,345.6,355.9,345.6,353.4,8770370,Tata Motors
11-01-2016,343.9,364.8,341.7,360.2,10576721,Tata Motors
12-01-2016,362.7,364,351.6,355.4,8363062,Tata Motors
13-01-2016,360.5,369.8,356.3,364.6,14191511,Tata Motors
14-01-2016,356.1,359.4,346.8,354.3,10673343,Tata Motors
15-01-2016,353.9,353.9,339.4,341.3,6557584,Tata Motors
18-01-2016,341,343.3,334.4,340.2,6285144,Tata Motors
19-01-2016,343,357.2,342,354.2,7304555,Tata Motors
20-01-2016,349.7,349.7,338.8,342.3,9156596,Tata Motors
21-01-2016,340.7,344.2,323,328.6,16524035,Tata Motors
22-01-2016,335.5,345.9,331.5,339.5,9595392,Tata Motors
25-01-2016,345.5,345.5,331.2,332.6,6106931,Tata Motors
27-01-2016,338,341,333.2,337.1,8333202,Tata Motors
28-01-2016,336.3,341.4,332.3,334.2,13153617,Tata Motors
29-01-2016,332,340.6,324.2,336.9,10350998,Tata Motors
01-02-2016,338.8,342.4,332.3,338.5,6563774,Tata Motors
02-02-2016,343.8,344.7,327.7,329.6,9179304,Tata Motors
03-02-2016,325.6,326,317.1,320.3,6685445,Tata Motors
04-02-2016,325.3,329.3,321.2,325.5,6086981,Tata Motors
05-02-2016,330.5,339,326.7,337.1,9236577,Tata Motors
08-02-2016,335,335,321.4,322.5,6974342,Tata Motors
09-02-2016,319.5,322.7,308.8,310.7,12489713,Tata Motors
10-02-2016,309.9,310,288.3,291.6,21756193,Tata Motors
11-02-2016,298.5,300,265.8,276.4,21632886,Tata Motors
12-02-2016,281,304,271.6,296.1,21542152,Tata Motors
15-02-2016,297.9,320.8,297.7,317.3,18888699,Tata Motors
16-02-2016,319.4,324.2,298.9,301.2,13598374,Tata Motors
17-02-2016,303,313.5,298.7,310.2,13717526,Tata Motors
18-02-2016,315.2,319.1,306.2,314,12498247,Tata Motors
19-02-2016,312.1,320,311.1,318.2,7706462,Tata Motors
22-02-2016,320,324.2,313.6,318.9,8699779,Tata Motors
23-02-2016,324,324.8,314.5,318.6,11635881,Tata Motors
24-02-2016,316,316,304.8,306.3,7629905,Tata Motors
25-02-2016,309.8,312.2,296.2,298.2,12959812,Tata Motors
26-02-2016,303.2,305.2,297.6,301.8,9181680,Tata Motors
29-02-2016,303.2,305.8,290.3,299.7,12607181,Tata Motors
01-03-2016,301.1,317,301.1,315.4,11440045,Tata Motors
02-03-2016,322.9,326,314.4,317.1,12418149,Tata Motors
03-03-2016,324.5,339.8,321.5,336.7,12844057,Tata Motors
04-03-2016,340.2,348.8,338.7,343.5,8197520,Tata Motors
08-03-2016,346.5,353.8,341.5,346.1,7888999,Tata Motors
09-03-2016,339.9,349,336,347.7,6383925,Tata Motors
10-03-2016,347,353.6,341.4,348.5,7443048,Tata Motors
11-03-2016,348.5,355.9,345.2,354.3,7641330,Tata Motors
14-03-2016,359.9,370.6,359,366.5,13066837,Tata Motors
15-03-2016,366.9,370.7,359.6,360.4,9800731,Tata Motors
16-03-2016,360,362.8,353.3,359.6,7554537,Tata Motors
17-03-2016,366.9,367.4,358.6,360.9,6914296,Tata Motors
18-03-2016,362.5,367.8,362.5,366.1,6594019,Tata Motors
21-03-2016,367.3,375.5,365.8,374.7,9325793,Tata Motors
22-03-2016,377,381.5,370.4,377.2,8909026,Tata Motors
23-03-2016,378,379.5,374.1,377,5766182,Tata Motors
28-03-2016,375.5,375.5,361.5,363.3,8062793,Tata Motors
29-03-2016,364,379,363.1,372.5,9364810,Tata Motors
30-03-2016,380.5,391.5,376.8,388.6,10295891,Tata Motors
31-03-2016,387.9,393.6,380.5,386.6,10738707,Tata Motors
01-04-2016,386.4,386.4,377.7,379.7,5683771,Tata Motors
04-04-2016,386,391,382.4,388.4,6011729,Tata Motors
05-04-2016,386,386,369,370.5,6058241,Tata Motors
06-04-2016,373.7,382.4,372.1,376.7,7323269,Tata Motors
07-04-2016,376,384.8,370.3,375.2,8724110,Tata Motors
08-04-2016,375.5,380.1,370.5,371.5,4860484,Tata Motors
11-04-2016,374,387.8,373.9,386.7,6827449,Tata Motors
12-04-2016,388,397.4,387.2,395.8,7702684,Tata Motors
13-04-2016,400,411.8,398.2,408.8,12373115,Tata Motors
18-04-2016,407.7,409.9,402.5,407.4,5571076,Tata Motors
20-04-2016,407,410.4,400.7,404.1,7589901,Tata Motors
21-04-2016,408.7,417.2,406,411.5,9211869,Tata Motors
22-04-2016,412.1,420.5,408,417,5995998,Tata Motors
25-04-2016,417.6,417.6,410,412.2,3272996,Tata Motors
26-04-2016,408.7,423.7,405.1,419.1,6998505,Tata Motors
27-04-2016,419,425.3,414.7,418.6,6227941,Tata Motors
28-04-2016,418.8,421,409.7,411.4,7546101,Tata Motors
29-04-2016,410,413.7,403.1,408.4,6251095,Tata Motors
02-05-2016,408,410.5,402.5,407.7,4178821,Tata Motors
03-05-2016,410.9,422,407.8,409.7,9620804,Tata Motors
04-05-2016,405.5,405.5,380.1,381.8,12069134,Tata Motors
05-05-2016,384,396.1,383.2,391.2,9601341,Tata Motors
06-05-2016,388.6,400.9,384.5,398.7,9953672,Tata Motors
09-05-2016,400.4,405.2,395.2,403.4,8700283,Tata Motors
10-05-2016,400.8,400.8,387.2,389,9166453,Tata Motors
11-05-2016,384.8,392,376.1,379.9,11595875,Tata Motors
12-05-2016,379,388.6,379,387.1,6506343,Tata Motors
13-05-2016,391.3,394,385.5,390,14027896,Tata Motors
16-05-2016,393.8,396.7,389,392.7,8248193,Tata Motors
17-05-2016,392.6,395,386.6,389.7,9425555,Tata Motors
18-05-2016,383.5,387.4,381.6,384.9,8589315,Tata Motors
19-05-2016,386.3,393.3,382,386.9,10988676,Tata Motors
20-05-2016,386.7,392.7,383.5,384.5,6537509,Tata Motors
23-05-2016,388.6,390,380.1,381.8,8153090,Tata Motors
24-05-2016,383.8,391.8,382.7,389.1,10568106,Tata Motors
25-05-2016,394,400,394,397,8897382,Tata Motors
26-05-2016,400.5,402,396.8,399.3,8469732,Tata Motors
27-05-2016,400,405,396,403.9,9035525,Tata Motors
30-05-2016,404.8,423.6,401.3,421.3,15767133,Tata Motors
31-05-2016,456,464.9,445,459.7,110744326,Tata Motors
01-06-2016,455.8,458.3,445,449.2,10389215,Tata Motors
02-06-2016,444.1,460.5,444.1,453.5,13674434,Tata Motors
03-06-2016,458.1,461.8,452.5,454,11672544,Tata Motors
06-06-2016,457.8,465,450.2,460.5,9356808,Tata Motors
07-06-2016,466.5,466.5,459,463.1,12568902,Tata Motors
08-06-2016,465.5,468.8,463.2,466.2,10467158,Tata Motors
09-06-2016,469.5,470.3,465,467.2,8525017,Tata Motors
10-06-2016,466.8,466.8,454.5,457,7039858,Tata Motors
13-06-2016,451,451.4,436.7,444.3,9507282,Tata Motors
14-06-2016,446.9,453.9,441.2,448.4,9615226,Tata Motors
15-06-2016,449.9,453,447.3,452.1,5704865,Tata Motors
16-06-2016,449.7,455.5,446.1,454.4,7255454,Tata Motors
17-06-2016,461,465.8,457.3,464.4,7836702,Tata Motors
20-06-2016,464.8,484.2,460.3,482.1,9261350,Tata Motors
21-06-2016,484,486.2,477.6,484.9,8907801,Tata Motors
22-06-2016,483.1,484.8,468.1,472.7,7660165,Tata Motors
23-06-2016,476.1,489.9,476.1,488,9628216,Tata Motors
24-06-2016,439.2,453.8,421.3,449.4,40998600,Tata Motors
27-06-2016,451.8,457.3,443.6,449,12450283,Tata Motors
28-06-2016,448,448,433,440.4,10190394,Tata Motors
29-06-2016,447.1,449.8,445.4,447.3,6285461,Tata Motors
30-06-2016,454.3,462.3,451.6,459.3,13214064,Tata Motors
01-07-2016,463.6,464.8,454.7,457.9,7027759,Tata Motors
04-07-2016,467,474.9,467,469.5,8413087,Tata Motors
05-07-2016,468.5,469,459.5,460.9,4934087,Tata Motors
07-07-2016,461,465.5,454.1,455.2,6580663,Tata Motors
08-07-2016,464.3,468.2,462.7,466.3,9263727,Tata Motors
11-07-2016,472.1,486.8,472.1,484.6,10477166,Tata Motors
12-07-2016,486,488.7,481.1,484.3,6767972,Tata Motors
13-07-2016,486,488.1,478,481.1,5855718,Tata Motors
14-07-2016,480.1,489.3,479,486.1,5983007,Tata Motors
15-07-2016,480,501.7,479.7,494,8889558,Tata Motors
18-07-2016,495,505,490,492.7,7463954,Tata Motors
19-07-2016,493.9,503.5,493.5,499.3,7665519,Tata Motors
20-07-2016,496.3,502.5,492.5,493.9,5697901,Tata Motors
21-07-2016,498.5,500,489.7,491.1,3658371,Tata Motors
22-07-2016,494.5,508.5,493.5,507.2,5588143,Tata Motors
25-07-2016,505.5,511,503.4,509,4638151,Tata Motors
26-07-2016,506.1,513.4,502.1,503.3,6187499,Tata Motors
27-07-2016,507.8,513.1,505.5,510.1,5193425,Tata Motors
28-07-2016,510,511.9,498.8,506.9,6338260,Tata Motors
29-07-2016,507.8,510.5,501.1,503.2,3746332,Tata Motors
01-08-2016,506.8,514.9,505.5,508.3,4748497,Tata Motors
02-08-2016,510,511.2,491.2,493.3,5251838,Tata Motors
03-08-2016,494.5,499.5,475.5,478.4,7925049,Tata Motors
04-08-2016,490.1,501.5,488.6,500,9476008,Tata Motors
05-08-2016,507.2,518.7,502.2,516.4,6393514,Tata Motors
08-08-2016,518.2,522.6,513.4,514.8,4649302,Tata Motors
09-08-2016,521,522,509.2,513.8,6015760,Tata Motors
10-08-2016,515.6,516.5,502.3,503.5,6371139,Tata Motors
11-08-2016,503.8,505,495.1,503.3,4112806,Tata Motors
12-08-2016,506.9,519.5,506.2,516.8,7167435,Tata Motors
16-08-2016,513,515,503.3,507.6,6034295,Tata Motors
17-08-2016,511.1,514.3,505.9,510.4,5853980,Tata Motors
18-08-2016,512.4,517.9,510.8,512.1,4990558,Tata Motors
19-08-2016,514,515,508.2,510,4567273,Tata Motors
22-08-2016,509.1,513.6,503.1,504,4330313,Tata Motors
23-08-2016,505.3,508.6,500.5,504,5342115,Tata Motors
24-08-2016,504.7,506.1,493.6,498.4,5189459,Tata Motors
25-08-2016,498.4,503.3,491.3,493.9,8787262,Tata Motors
26-08-2016,502,515.4,486,503.8,16347856,Tata Motors
29-08-2016,522.5,528.8,515.4,525.3,12534399,Tata Motors
30-08-2016,528.5,530.8,524.1,529,6611147,Tata Motors
31-08-2016,529,548.8,529,537.7,15725942,Tata Motors
01-09-2016,540.5,546.7,540,543.7,7571854,Tata Motors
02-09-2016,552,555.9,549.1,549.9,10097146,Tata Motors
06-09-2016,556.4,593.3,556.4,588.7,15813178,Tata Motors
07-09-2016,590,598.4,584,587.4,13408927,Tata Motors
08-09-2016,590.8,591.7,577.8,584.2,10456258,Tata Motors
09-09-2016,580,583,571.7,573.3,7159068,Tata Motors
12-09-2016,551,560,549.3,553.5,7055294,Tata Motors
14-09-2016,556.3,565.4,544.1,560.5,12364724,Tata Motors
15-09-2016,562,566.3,555.4,557.6,5258859,Tata Motors
16-09-2016,562.4,568.2,546.4,548.7,10931845,Tata Motors
19-09-2016,553.8,556.4,549.5,554.5,6979269,Tata Motors
20-09-2016,555,556.3,545.5,548.5,6874462,Tata Motors
21-09-2016,548.6,556.4,544,549.9,5919149,Tata Motors
22-09-2016,561.2,563,551.4,558.5,6012388,Tata Motors
23-09-2016,558.5,558.5,551.2,553.1,4840360,Tata Motors
26-09-2016,550,550,533.8,535.3,6858574,Tata Motors
27-09-2016,537.7,542,530.3,532,4912743,Tata Motors
28-09-2016,533,545.4,531.5,540,6604953,Tata Motors
29-09-2016,543,546.9,516.7,526.3,9315794,Tata Motors
30-09-2016,525.6,536.6,521.2,534.9,5659248,Tata Motors
03-10-2016,539.4,546,539,540.8,4505939,Tata Motors
04-10-2016,547.4,552.4,540.7,550,5715454,Tata Motors
05-10-2016,555.3,562.4,549.8,559.7,5929204,Tata Motors
06-10-2016,563.1,564.2,549.1,551.5,4273945,Tata Motors
07-10-2016,554.5,567.3,552.6,565.7,9122002,Tata Motors
10-10-2016,571.1,571.1,560.9,562.1,3673211,Tata Motors
13-10-2016,556.9,556.9,537,544.9,9510827,Tata Motors
14-10-2016,546,557.5,545,556.1,5872827,Tata Motors
17-10-2016,557.9,557.9,545.9,547.6,3463154,Tata Motors
18-10-2016,549.2,556,549.2,554.3,3965424,Tata Motors
19-10-2016,552.1,554.9,545.1,550.5,4275157,Tata Motors
20-10-2016,553.1,554,546,546.9,2770011,Tata Motors
21-10-2016,549,550,541.5,544.5,2789747,Tata Motors
24-10-2016,544,564,543.6,559.8,5161299,Tata Motors
25-10-2016,549.9,561,549.1,553.8,5690576,Tata Motors
26-10-2016,548,548,523.2,530.1,6665017,Tata Motors
27-10-2016,515.6,525.8,510.8,522,18470182,Tata Motors
28-10-2016,527,540,525.1,537,5665910,Tata Motors
01-11-2016,534.4,537.9,525.1,530.6,6848662,Tata Motors
02-11-2016,522.6,526,512.4,513.3,4750117,Tata Motors
03-11-2016,509.8,521.5,505.2,510.2,6909458,Tata Motors
04-11-2016,509.3,516.4,501.6,512.3,7564243,Tata Motors
07-11-2016,513,521.3,505.1,506.4,5507954,Tata Motors
08-11-2016,518.4,543,517,540.2,12739083,Tata Motors
09-11-2016,501.2,544,500,533.5,10276017,Tata Motors
10-11-2016,536,549.4,531.5,533.7,6906437,Tata Motors
11-11-2016,526.5,530,505,507.3,7823667,Tata Motors
15-11-2016,484.9,484.9,453,457.4,15356070,Tata Motors
16-11-2016,468.5,471.7,450,458.5,10855618,Tata Motors
17-11-2016,460,476,459.7,472.9,8949767,Tata Motors
18-11-2016,469.9,473.9,461.9,471.3,7246244,Tata Motors
21-11-2016,468,472.8,451.5,457,7325876,Tata Motors
22-11-2016,464.1,471,453.3,464.9,6644867,Tata Motors
23-11-2016,467,475.3,462,471.5,6727083,Tata Motors
24-11-2016,466.4,466.4,449.7,453,8046995,Tata Motors
25-11-2016,454.1,456.4,443.2,452.4,7426347,Tata Motors
28-11-2016,451.3,460,450.5,454.7,5025929,Tata Motors
29-11-2016,455,466.3,451.4,459.9,8570549,Tata Motors
30-11-2016,460,463.8,455.1,459.3,8377510,Tata Motors
01-12-2016,457,457.7,446.9,448.2,7706825,Tata Motors
02-12-2016,445,453.5,431.2,432.9,10450654,Tata Motors
05-12-2016,436,441,428.3,439.3,8211182,Tata Motors
06-12-2016,441,445.9,438.1,441.1,4209420,Tata Motors
07-12-2016,440,449.2,439.3,445.4,5559803,Tata Motors
08-12-2016,451.2,464.4,451.2,461.6,8176055,Tata Motors
09-12-2016,465,468.6,460.6,464.1,5690877,Tata Motors
12-12-2016,462,462,451.1,454.4,3837786,Tata Motors
13-12-2016,476.8,486.3,462.3,470.7,63880404,Tata Motors
14-12-2016,470.2,476.8,462.7,472.4,7660437,Tata Motors
15-12-2016,464,473.6,462.5,463.2,6539067,Tata Motors
16-12-2016,465,474.9,464.2,473.2,9015744,Tata Motors
19-12-2016,470.9,478.6,465.5,471.8,5445624,Tata Motors
20-12-2016,473,475,469.1,473.2,3690160,Tata Motors
21-12-2016,473.5,474.5,467.1,468.5,3492856,Tata Motors
22-12-2016,468.2,473,464.8,469.6,5436494,Tata Motors
23-12-2016,465,468.3,460,465.7,3957854,Tata Motors
26-12-2016,465.5,465.5,455.6,457.9,3282425,Tata Motors
27-12-2016,460,468.8,457.4,467,3164664,Tata Motors
28-12-2016,467,468.7,462,463.4,3772181,Tata Motors
29-12-2016,462.8,472.7,459.4,470.9,4763171,Tata Motors
30-12-2016,471,475,467.5,472,3605555,Tata Motors
02-01-2017,472,488.7,469.1,487.1,4024156,Tata Motors
03-01-2017,491,492.7,479.9,481.1,5814518,Tata Motors
04-01-2017,484.7,493.7,484.1,486.7,4769872,Tata Motors
05-01-2017,496,503.4,495.6,502.2,7961242,Tata Motors
06-01-2017,503,508,496.3,497.8,4907475,Tata Motors
09-01-2017,499.4,504.6,492.2,500.2,3932710,Tata Motors
10-01-2017,506.6,518,506,516.3,7973024,Tata Motors
11-01-2017,520.3,524,517.2,518.9,4886398,Tata Motors
12-01-2017,521.7,524,513.2,518.3,4219627,Tata Motors
13-01-2017,523.3,523.3,507.5,514.9,6367248,Tata Motors
16-01-2017,518.7,529.5,517,526.4,6084582,Tata Motors
17-01-2017,528.1,530.8,521,523.7,4297426,Tata Motors
18-01-2017,523.1,529.6,521.2,522.5,5874608,Tata Motors
19-01-2017,523,535.6,522.7,531.5,5810128,Tata Motors
20-01-2017,527.4,529.3,521.3,523.2,5013928,Tata Motors
23-01-2017,523.2,535,523,532.7,4209879,Tata Motors
24-01-2017,533,543,532.4,541.6,5183630,Tata Motors
25-01-2017,543.3,551.9,541.6,548.9,4504941,Tata Motors
27-01-2017,549,552,539.8,542,4493803,Tata Motors
30-01-2017,542,543.5,530.8,532.3,4163428,Tata Motors
31-01-2017,530.2,531.5,518,523.6,6035022,Tata Motors
01-02-2017,527.5,544.5,522.9,542.3,4786720,Tata Motors
02-02-2017,537.6,537.6,526.8,531.5,6579801,Tata Motors
03-02-2017,531.9,531.9,519.5,522.6,5298261,Tata Motors
06-02-2017,527.9,531.5,523.2,525.9,3642527,Tata Motors
07-02-2017,524.8,524.8,502,506.8,7987282,Tata Motors
08-02-2017,512.4,515,506.3,513.1,5975054,Tata Motors
09-02-2017,515.4,518,505.8,512.9,4099871,Tata Motors
10-02-2017,513,514.8,506.5,509.6,4732032,Tata Motors
13-02-2017,512.7,512.7,503.3,505.3,4700518,Tata Motors
14-02-2017,503,506.7,466.6,482.1,14901414,Tata Motors
15-02-2017,449.1,453,434.4,436.5,38638630,Tata Motors
16-02-2017,442.6,447.6,435.4,446,11622714,Tata Motors
17-02-2017,447.9,456.6,442.4,453,10063504,Tata Motors
20-02-2017,451.5,458.5,449,455.5,5866707,Tata Motors
21-02-2017,456.9,462.8,454.5,458.7,6875914,Tata Motors
22-02-2017,460.3,466.7,455.8,460.1,7315280,Tata Motors
23-02-2017,464,464.7,457.3,462.4,9492419,Tata Motors
27-02-2017,464,464,455.1,457.8,5510484,Tata Motors
28-02-2017,460,460,454.1,456.8,5722402,Tata Motors
01-03-2017,455.9,455.9,448,449.5,8367579,Tata Motors
02-03-2017,457.9,467.9,453.2,461.7,13667695,Tata Motors
03-03-2017,463.3,466.9,458.6,460,7085620,Tata Motors
06-03-2017,462.5,472.7,462.1,470.8,4036291,Tata Motors
07-03-2017,469.5,475.9,466.1,467.6,7114541,Tata Motors
08-03-2017,469.4,469.6,461.2,462.8,5351597,Tata Motors
09-03-2017,462.5,469.7,462,467.6,3837624,Tata Motors
10-03-2017,471,471.9,465.1,469.1,5766815,Tata Motors
14-03-2017,481,483,468.5,469.8,6348198,Tata Motors
15-03-2017,475,476.6,470.7,473.5,4801312,Tata Motors
16-03-2017,478.7,482,476.2,481,6272947,Tata Motors
17-03-2017,481.4,484.2,471.7,476.5,6338248,Tata Motors
20-03-2017,476.6,478.2,470.8,476,2871104,Tata Motors
21-03-2017,478,478.1,470.7,473.8,4685410,Tata Motors
22-03-2017,470,470,458.5,459.9,4695648,Tata Motors
23-03-2017,461.3,477,461.3,472.9,8665384,Tata Motors
24-03-2017,470.8,474.8,467.6,470.4,4296510,Tata Motors
27-03-2017,469,469.2,462.1,464.8,4417413,Tata Motors
28-03-2017,467.5,473,467.5,472.4,2982614,Tata Motors
29-03-2017,474.9,475,463.6,469.1,6680569,Tata Motors
30-03-2017,463.5,469.8,462.9,468.4,9482785,Tata Motors
31-03-2017,466.5,472.5,464.5,465.9,6400088,Tata Motors
03-04-2017,468.3,472.3,467.6,470.4,2951896,Tata Motors
05-04-2017,470.4,475,467.3,473.5,5287168,Tata Motors
06-04-2017,474.3,478.5,470.6,473.2,6703078,Tata Motors
07-04-2017,468.5,480.6,466.7,468.3,8089461,Tata Motors
10-04-2017,471.7,478.3,467.6,474.9,5437523,Tata Motors
11-04-2017,477.9,478.4,471.1,472.3,4887918,Tata Motors
12-04-2017,468.7,471.6,461.6,464.6,5991598,Tata Motors
13-04-2017,461.9,463.4,451.2,453.4,5930185,Tata Motors
17-04-2017,452,455.7,447.3,449.2,4913930,Tata Motors
18-04-2017,452,455.8,442.5,443.7,4235130,Tata Motors
19-04-2017,443,449.5,438.3,443.1,6319332,Tata Motors
20-04-2017,447.9,447.9,442.1,444,3288900,Tata Motors
21-04-2017,446.8,448.5,437.6,440.6,5325590,Tata Motors
24-04-2017,439.8,449,438.8,443.9,6214069,Tata Motors
25-04-2017,445.9,447.8,443.3,445.7,5894090,Tata Motors
26-04-2017,446,454.4,445.5,450.8,8438042,Tata Motors
27-04-2017,455,460.9,452.7,455.4,10589249,Tata Motors
28-04-2017,457.1,462,454.4,458.9,5126904,Tata Motors
02-05-2017,456.6,457.2,448.6,451.3,6071958,Tata Motors
03-05-2017,451.4,456,444.7,446.6,5158586,Tata Motors
04-05-2017,446.7,448.1,435.2,436.5,6204022,Tata Motors
05-05-2017,436.5,436.5,418,419.6,9487539,Tata Motors
08-05-2017,424.8,428.7,417.3,422.7,7427873,Tata Motors
09-05-2017,424.8,428.8,422.7,426.8,2833132,Tata Motors
10-05-2017,427.8,433,424,432.3,5378402,Tata Motors
11-05-2017,434,434.5,425.4,427.5,4049649,Tata Motors
12-05-2017,429.7,433.8,427.5,430.9,3850940,Tata Motors
15-05-2017,434,434,430.1,431.9,1885702,Tata Motors
16-05-2017,432.3,439.5,432.3,437.3,3452072,Tata Motors
17-05-2017,436.5,452.5,435.1,449.1,6572678,Tata Motors
18-05-2017,442,448.7,436,438,6158546,Tata Motors
19-05-2017,439,445,434.6,443.4,4387481,Tata Motors
22-05-2017,446,452.8,442.6,449.7,6145914,Tata Motors
23-05-2017,451.5,456.5,444.3,450.5,10330814,Tata Motors
24-05-2017,470,473.4,458.1,469.6,27370795,Tata Motors
25-05-2017,470,479,464.7,476,15108872,Tata Motors
26-05-2017,474.1,488.3,473.5,481.1,7692869,Tata Motors
29-05-2017,482.5,485,471.8,481.5,4253044,Tata Motors
30-05-2017,482.7,487,480,481.3,3101380,Tata Motors
31-05-2017,482.3,483,474.8,476.2,5393856,Tata Motors
01-06-2017,477,479.7,473.6,476.7,3001232,Tata Motors
02-06-2017,480,486,477.7,478.8,4319080,Tata Motors
05-06-2017,478.3,481.9,475.2,478.2,2464819,Tata Motors
06-06-2017,482.9,484.4,457.6,461,8016939,Tata Motors
07-06-2017,462.6,463.7,453.5,458,5250544,Tata Motors
08-06-2017,459.5,463.5,457.4,460.8,4066322,Tata Motors
09-06-2017,460,468,455,467.1,4598706,Tata Motors
12-06-2017,463.8,465.3,455.2,456.3,4341696,Tata Motors
13-06-2017,457.2,458.8,448,449.6,3577406,Tata Motors
14-06-2017,450.8,453.4,447.1,452,3605931,Tata Motors
15-06-2017,452,457.9,447,448.3,3879154,Tata Motors
16-06-2017,454.7,458.4,452,455.8,7042094,Tata Motors
19-06-2017,453.8,456.4,450.5,452.4,3869675,Tata Motors
20-06-2017,457,470.8,456,467.4,12014975,Tata Motors
21-06-2017,466,466,455.5,457.3,5436141,Tata Motors
22-06-2017,458.9,463,451.6,452.7,5008885,Tata Motors
23-06-2017,454,456.5,442.4,443.2,6753648,Tata Motors
27-06-2017,443.8,444.5,434.4,442.3,5915274,Tata Motors
28-06-2017,443.9,446.8,440.2,442.5,4960238,Tata Motors
29-06-2017,444.5,446.3,434,435.6,11085101,Tata Motors
30-06-2017,433.9,435.6,428.1,432.6,4776892,Tata Motors
03-07-2017,431.5,434.7,426.3,430.3,6230025,Tata Motors
04-07-2017,434.2,436.4,426,426.9,5020683,Tata Motors
05-07-2017,428.9,434,427.4,431.8,5050749,Tata Motors
06-07-2017,435.4,438.8,433.8,437.1,4038188,Tata Motors
07-07-2017,434.5,441.5,432.3,436.9,5311730,Tata Motors
10-07-2017,446.6,448.1,444,447,1154721,Tata Motors
11-07-2017,452,462.3,451,457,12069006,Tata Motors
12-07-2017,461,463.8,456.6,461,6051540,Tata Motors
13-07-2017,464.5,464.5,455.6,459.1,4382063,Tata Motors
14-07-2017,460,460,450.4,451.3,3974269,Tata Motors
17-07-2017,455,458.4,453.3,454.2,4922453,Tata Motors
18-07-2017,452.6,459.5,452.6,456.2,2349268,Tata Motors
19-07-2017,453,462.9,453,460.6,3395937,Tata Motors
20-07-2017,463.5,464.4,457.4,460.2,3318626,Tata Motors
21-07-2017,460,465.9,457.6,464.6,3150269,Tata Motors
24-07-2017,465,468.4,461,464,3773074,Tata Motors
25-07-2017,462.2,464.7,454.7,456.1,7052112,Tata Motors
26-07-2017,457.2,458.7,455,457.3,3641559,Tata Motors
27-07-2017,459,461,440.3,445.4,13738611,Tata Motors
28-07-2017,444.6,447.5,442.5,445.9,3365171,Tata Motors
31-07-2017,446.3,449.7,443.7,444.6,3804621,Tata Motors
01-08-2017,446.6,452.4,445.7,446.9,4012791,Tata Motors
02-08-2017,449.5,450,438.2,440.4,4045533,Tata Motors
03-08-2017,441,441.5,429.6,431.5,6197142,Tata Motors
04-08-2017,435.1,438.8,433.5,435.6,4166729,Tata Motors
07-08-2017,438.6,439.8,425.3,430,6461815,Tata Motors
08-08-2017,432,435.5,426,430,7134979,Tata Motors
09-08-2017,428.8,429.9,415,416.1,10849567,Tata Motors
10-08-2017,401,403.6,375.3,380.2,28114017,Tata Motors
11-08-2017,376,379.1,358.5,374.5,14699477,Tata Motors
14-08-2017,380,381.8,372.6,375.4,8216208,Tata Motors
16-08-2017,379.5,390.7,375.5,389.3,11019760,Tata Motors
17-08-2017,392.5,392.5,384.5,385.3,5971420,Tata Motors
18-08-2017,381.8,383,377,380.4,5856198,Tata Motors
21-08-2017,382,382.6,371.3,374.4,5123101,Tata Motors
22-08-2017,378.8,380,372.3,373.6,4163794,Tata Motors
23-08-2017,376,381.2,373.4,380,4448871,Tata Motors
24-08-2017,380.1,386,380.1,384.2,5208541,Tata Motors
28-08-2017,385.9,387.4,378.3,379.3,4403872,Tata Motors
29-08-2017,379,382.4,374.5,376.1,4689547,Tata Motors
30-08-2017,380.9,382.8,377.5,378.5,3734824,Tata Motors
31-08-2017,380.1,380.5,375.8,376.6,4685511,Tata Motors
01-09-2017,379.4,392.9,378.7,390.9,7380325,Tata Motors
04-09-2017,393,396.1,380.5,383.4,8433560,Tata Motors
05-09-2017,385.7,389.5,383.4,388.2,4477993,Tata Motors
06-09-2017,385,386.7,381.9,382.7,5953907,Tata Motors
07-09-2017,383.7,384.4,376,378.2,7938665,Tata Motors
08-09-2017,381,381.8,374.1,375.1,7471355,Tata Motors
11-09-2017,380,380,374.2,375.3,5402725,Tata Motors
12-09-2017,378.7,390,375.5,388.3,9266823,Tata Motors
13-09-2017,391,394,387.2,389.7,6537279,Tata Motors
14-09-2017,390.8,406.6,390.3,404.4,11476571,Tata Motors
15-09-2017,402.9,406.8,400,401.8,9675506,Tata Motors
18-09-2017,411.9,413,403.2,405,8966503,Tata Motors
19-09-2017,415,427.7,414,423.7,28208471,Tata Motors
20-09-2017,422.8,422.8,413,414.8,5179160,Tata Motors
21-09-2017,415.4,418.5,408.8,413.7,6946502,Tata Motors
22-09-2017,414,422.2,408.9,411.8,9781308,Tata Motors
25-09-2017,413.7,415.3,404.6,408.2,6957357,Tata Motors
26-09-2017,409.4,413.9,403.3,411.3,5077291,Tata Motors
27-09-2017,413.5,414.3,402,404.9,4727360,Tata Motors
28-09-2017,407,407,399,401.4,4850748,Tata Motors
29-09-2017,401.4,405,397.4,401.5,7520906,Tata Motors
03-10-2017,428,428,415,416,9696920,Tata Motors
04-10-2017,417.6,426,412.7,423.6,7663143,Tata Motors
05-10-2017,423,425.8,420.1,423.3,4606192,Tata Motors
06-10-2017,422,426,416.2,424.9,5308695,Tata Motors
09-10-2017,424,432.1,423.1,425.6,4414381,Tata Motors
10-10-2017,425.6,428.9,421.4,423.6,5057869,Tata Motors
11-10-2017,424.9,424.9,414.1,415.5,4320451,Tata Motors
12-10-2017,415.5,421.8,409.4,420.2,5442846,Tata Motors
13-10-2017,421,429.3,418.9,424.8,6969434,Tata Motors
16-10-2017,426.3,438,425.9,437.1,8476709,Tata Motors
17-10-2017,435.8,435.8,430.2,432.3,5135763,Tata Motors
18-10-2017,432.3,437.3,426.6,433.2,5539785,Tata Motors
19-10-2017,433,433.1,424.3,424.4,1313380,Tata Motors
23-10-2017,429.1,430.9,421,422.8,4013418,Tata Motors
24-10-2017,422.8,423.8,415.1,416.1,4541742,Tata Motors
25-10-2017,421,424.4,415.1,422,5666968,Tata Motors
26-10-2017,421.7,422.4,417,419.4,6207936,Tata Motors
27-10-2017,422.1,434.4,422.1,429.9,7414741,Tata Motors
30-10-2017,428.3,441,428.3,436.6,7675104,Tata Motors
31-10-2017,438.9,438.9,427.3,428.4,6214996,Tata Motors
01-11-2017,431,440,428.5,437.8,7310931,Tata Motors
02-11-2017,435.7,440.4,429.9,434.9,8262211,Tata Motors
03-11-2017,434,449.4,432.7,447.7,8116263,Tata Motors
06-11-2017,445.8,468,443.6,462.9,19456789,Tata Motors
07-11-2017,458.2,465.9,450.1,451.9,13266543,Tata Motors
08-11-2017,448,455,431.3,438.2,11193613,Tata Motors
09-11-2017,442.1,450.9,425.7,440.2,40547266,Tata Motors
10-11-2017,439,439,420,422.6,22534490,Tata Motors
13-11-2017,423,427.5,416.1,418.1,9857544,Tata Motors
14-11-2017,418.6,421.9,410.7,414.3,8987515,Tata Motors
15-11-2017,414.3,417.6,407,408.7,9867270,Tata Motors
16-11-2017,411.4,415.9,411.4,413.5,6291441,Tata Motors
17-11-2017,419.5,423.5,417,421.8,6191428,Tata Motors
20-11-2017,421,425.7,420.1,423,4051153,Tata Motors
21-11-2017,424.5,430,422.5,424.3,6745407,Tata Motors
22-11-2017,425.5,433,424.5,428.6,7899417,Tata Motors
23-11-2017,428.6,431.1,422.5,426.3,7374216,Tata Motors
24-11-2017,427,430,424.3,425.5,5108182,Tata Motors
27-11-2017,423,424.8,417.8,421.4,7946028,Tata Motors
28-11-2017,419.8,422.3,414.5,416,6217480,Tata Motors
29-11-2017,415.9,419.5,412.1,414,4327453,Tata Motors
30-11-2017,410.4,412.3,402.3,404.2,25646262,Tata Motors
01-12-2017,407.9,410.3,396.5,398.9,7959197,Tata Motors
04-12-2017,405.8,411.3,401.7,403.7,10043491,Tata Motors
05-12-2017,404.6,405.5,396.6,402.3,7144542,Tata Motors
06-12-2017,400.2,404,395,397.1,5573968,Tata Motors
07-12-2017,398,405.3,397.2,402.6,7998863,Tata Motors
08-12-2017,406,413.8,406,411.2,12288946,Tata Motors
11-12-2017,412,415.2,409.1,410.2,5066242,Tata Motors
12-12-2017,411.6,415.5,406,406.9,6151197,Tata Motors
13-12-2017,407,409.9,400,402,5140689,Tata Motors
14-12-2017,404,404.6,398.2,402.4,4674026,Tata Motors
15-12-2017,406.5,409,404.2,405.1,5614113,Tata Motors
18-12-2017,399,409.9,389.3,405.8,5356208,Tata Motors
19-12-2017,407.4,421.7,407.4,420.1,9686883,Tata Motors
20-12-2017,422,427.8,419.3,422.6,11191127,Tata Motors
21-12-2017,424,426.1,419.6,420.8,4885225,Tata Motors
22-12-2017,422.1,426.4,420.9,422,5345261,Tata Motors
26-12-2017,422,425.2,421.2,424.2,3700655,Tata Motors
27-12-2017,423.5,428.5,420.3,422.5,3673355,Tata Motors
28-12-2017,423.5,423.7,416,418.6,5018893,Tata Motors
29-12-2017,418,433.5,417.2,431.9,8640908,Tata Motors
01-01-2018,431,436.4,422.3,424.5,6807536,Tata Motors
02-01-2018,428.9,440.9,422,439.3,15331261,Tata Motors
03-01-2018,440.4,441.4,432,433.9,9794953,Tata Motors
04-01-2018,430,433.3,425.8,430,8395377,Tata Motors
05-01-2018,431.3,436.4,429.8,431.6,7021611,Tata Motors
08-01-2018,432,436.2,431.7,433.6,4635214,Tata Motors
09-01-2018,434.3,443.5,433,437.6,12629045,Tata Motors
10-01-2018,438,439.3,431.3,433.3,4702579,Tata Motors
11-01-2018,433.5,437.6,432.9,434.8,4565005,Tata Motors
12-01-2018,437,441.5,432.1,437.1,7408870,Tata Motors
15-01-2018,438.1,440.1,431.1,432.4,4042775,Tata Motors
16-01-2018,433,435.2,419.5,421.9,5623745,Tata Motors
17-01-2018,422.1,424.5,410.1,423,10204447,Tata Motors
18-01-2018,424,428.3,414.5,419,9579830,Tata Motors
19-01-2018,415.2,422,415.1,418.1,3894062,Tata Motors
22-01-2018,419.1,424.4,418.5,421.9,4643782,Tata Motors
23-01-2018,422.8,422.8,414.8,418,6185011,Tata Motors
24-01-2018,416,416.3,402.7,403.6,10789570,Tata Motors
25-01-2018,403.5,407.7,398,400.3,16312167,Tata Motors
29-01-2018,402.5,405.9,398.1,399.3,5789602,Tata Motors
30-01-2018,400,402.3,395,395.9,6963005,Tata Motors
31-01-2018,395.5,401,395.3,399.5,5111454,Tata Motors
01-02-2018,399.9,403.8,390.6,393.7,7259426,Tata Motors
02-02-2018,392,397.4,381.3,383.8,10070356,Tata Motors
05-02-2018,381,398,380,395.8,9876017,Tata Motors
06-02-2018,363,379.9,356.5,375.5,25294860,Tata Motors
07-02-2018,380.4,385.4,375.2,377.8,12706795,Tata Motors
08-02-2018,379.9,380,372.2,374.9,12452396,Tata Motors
09-02-2018,369.9,373.2,368,368.8,8816777,Tata Motors
12-02-2018,373.4,376.2,370.2,371.8,6002369,Tata Motors
14-02-2018,372.9,382.3,370.6,376.9,9623436,Tata Motors
15-02-2018,379.8,382.2,373.1,375.8,10225880,Tata Motors
16-02-2018,378,379.4,367.6,370.8,8545282,Tata Motors
19-02-2018,373.7,374.7,362.8,368.8,5658765,Tata Motors
20-02-2018,370.4,370.9,366.5,369.3,3972114,Tata Motors
21-02-2018,372.5,372.5,362.9,364.5,8640166,Tata Motors
22-02-2018,363,363,357.5,358.5,10870704,Tata Motors
23-02-2018,360.1,364.6,358.8,360.2,6751064,Tata Motors
26-02-2018,362,373.5,362,372.1,10576794,Tata Motors
27-02-2018,375,376.6,370.4,372.6,6156672,Tata Motors
28-02-2018,370,373.7,367.2,369.9,8009429,Tata Motors
01-03-2018,369.8,376.3,369.1,370.8,6991806,Tata Motors
05-03-2018,368.8,368.8,350.1,352.1,14665325,Tata Motors
06-03-2018,355.2,358,345,346.5,8876632,Tata Motors
07-03-2018,345,355.3,343.3,347.8,15599393,Tata Motors
08-03-2018,350.8,351.9,341.1,345.2,7674221,Tata Motors
09-03-2018,345.6,348.7,340.2,341.5,5519224,Tata Motors
12-03-2018,345,353.8,340.4,352.6,8238960,Tata Motors
13-03-2018,352.6,356.5,350,353.2,6184241,Tata Motors
14-03-2018,351,354.9,349.6,354.1,3820313,Tata Motors
15-03-2018,354.1,358.4,351.1,353.1,4331145,Tata Motors
16-03-2018,352.1,352.6,338.4,339.8,14205582,Tata Motors
19-03-2018,341.2,342.1,332.6,335.7,9391347,Tata Motors
20-03-2018,335.5,340.4,333.6,338.8,5080453,Tata Motors
21-03-2018,339.9,342.3,332.3,333.9,6812442,Tata Motors
22-03-2018,338.5,340.3,334.8,338.2,9255091,Tata Motors
23-03-2018,330,334.8,329.6,330.9,8578297,Tata Motors
26-03-2018,328.8,333.9,324.3,332.4,8907023,Tata Motors
27-03-2018,334,335.8,330.1,331.2,6822448,Tata Motors
28-03-2018,331.5,333.7,325.2,326.9,10975624,Tata Motors
02-04-2018,335,340.8,332.7,339.2,9874486,Tata Motors
03-04-2018,338.4,344.5,337.2,343.1,6989584,Tata Motors
04-04-2018,346.8,363.7,346.3,355.6,27157199,Tata Motors
05-04-2018,362.6,372.4,359.8,362.2,28886070,Tata Motors
06-04-2018,362,368.4,356.5,364.1,13297051,Tata Motors
09-04-2018,361.9,368.6,357,358.3,9555113,Tata Motors
10-04-2018,360.5,362.4,351.5,353.3,8201215,Tata Motors
11-04-2018,355,357.2,350.5,355.8,5622957,Tata Motors
12-04-2018,358,364.4,357,358.4,13145938,Tata Motors
13-04-2018,357.9,361,354.4,357.1,5935628,Tata Motors
16-04-2018,350.8,352.8,337.6,339.2,19157051,Tata Motors
17-04-2018,342.3,344.2,332.6,336.5,14241074,Tata Motors
18-04-2018,338.2,339.8,333.4,334.8,6699271,Tata Motors
19-04-2018,336.5,337,332.5,334.3,7087115,Tata Motors
20-04-2018,336,343.3,334.6,336,11908652,Tata Motors
23-04-2018,336,339.5,333,334.1,8056732,Tata Motors
24-04-2018,334.8,335,330.6,331.6,9210931,Tata Motors
25-04-2018,330.8,334,327.8,328.6,6306039,Tata Motors
26-04-2018,329.9,336,326,330.3,16647689,Tata Motors
27-04-2018,333,337.7,331.1,336.9,8804236,Tata Motors
30-04-2018,338.5,342.8,337.3,340.4,5937740,Tata Motors
02-05-2018,349.2,351.7,335,336.1,16022148,Tata Motors
03-05-2018,335.5,335.9,329.2,333.5,6870513,Tata Motors
04-05-2018,333.8,337.3,329.5,334.4,6660062,Tata Motors
07-05-2018,337.9,337.9,333.7,335.2,3888627,Tata Motors
08-05-2018,336.3,336.6,330.3,332.2,8114997,Tata Motors
09-05-2018,331,347.3,331,342,19019847,Tata Motors
10-05-2018,343.8,343.8,332.8,333.6,11158000,Tata Motors
11-05-2018,334,334,330,330.8,7365579,Tata Motors
14-05-2018,333,333,323,323.6,8312976,Tata Motors
15-05-2018,324,324.1,305.7,310.1,15323964,Tata Motors
16-05-2018,310,315.8,306.7,310.3,12051269,Tata Motors
17-05-2018,313.1,319.5,309.3,314.9,10214660,Tata Motors
18-05-2018,314.8,315,303.5,304.6,11688577,Tata Motors
21-05-2018,304.8,307.2,294.7,295.9,11549490,Tata Motors
22-05-2018,296.6,312.5,296.6,307.7,17199292,Tata Motors
23-05-2018,311.1,317.3,305.4,309.5,17698475,Tata Motors
24-05-2018,300,307.7,284.1,288.7,46104103,Tata Motors
25-05-2018,290.4,297.5,286.3,294.2,19240172,Tata Motors
28-05-2018,293.8,299.9,290.3,296.3,8516862,Tata Motors
29-05-2018,296.8,300,293,294.7,9816561,Tata Motors
30-05-2018,290,292.3,286.2,288.9,11649429,Tata Motors
31-05-2018,290,290.9,281.6,282.5,28771987,Tata Motors
01-06-2018,284.5,290.4,283.1,287.2,15840810,Tata Motors
04-06-2018,292.5,293.9,286,286.7,10835487,Tata Motors
05-06-2018,286.7,288.3,283.6,285,7456195,Tata Motors
06-06-2018,286.9,296.9,285.3,295.7,19754001,Tata Motors
07-06-2018,296.3,306.9,295.3,305.4,22839023,Tata Motors
08-06-2018,305.7,315.6,302.4,310,27249374,Tata Motors
11-06-2018,310.9,313.9,306.7,309.8,14650133,Tata Motors
12-06-2018,311,313.7,307.2,307.8,7932388,Tata Motors
13-06-2018,309.2,311.3,307,308.4,7280886,Tata Motors
14-06-2018,308.5,309.6,303.8,305.9,6532693,Tata Motors
15-06-2018,305.8,307.7,300.6,303,8224497,Tata Motors
18-06-2018,302.9,311,302.1,308.8,8787098,Tata Motors
19-06-2018,309.6,312.8,303.3,305.1,10498362,Tata Motors
20-06-2018,304.9,308.3,304.1,305.6,6607472,Tata Motors
21-06-2018,307.9,308.5,305.5,307,5085379,Tata Motors
22-06-2018,306.9,308.9,303.2,308,6033095,Tata Motors
25-06-2018,306.3,306.3,287.6,289.4,16392183,Tata Motors
26-06-2018,288.4,288.4,275.1,276.9,30728620,Tata Motors
27-06-2018,278.5,279.5,270,271.1,19077416,Tata Motors
28-06-2018,272,272.7,261.9,263.4,19507165,Tata Motors
29-06-2018,265.5,270.5,262.7,269.3,14765516,Tata Motors
02-07-2018,276,276.1,265.6,266.7,16495647,Tata Motors
03-07-2018,269.5,271.5,267.2,269.5,11484332,Tata Motors
04-07-2018,270,271.5,265.7,267.1,7394858,Tata Motors
05-07-2018,263.5,263.8,252.6,261.6,20820454,Tata Motors
06-07-2018,262,272.5,261.9,270.9,19215897,Tata Motors
09-07-2018,274.6,277,272.1,273.5,9387556,Tata Motors
10-07-2018,274.9,276.9,272.9,275.5,6351033,Tata Motors
11-07-2018,276.4,276.4,267.1,267.8,7356582,Tata Motors
12-07-2018,269.6,272,265.5,266.1,8573517,Tata Motors
13-07-2018,267.3,269.4,262.7,263.6,8352827,Tata Motors
16-07-2018,260.5,260.8,250.5,252.1,11067012,Tata Motors
17-07-2018,253,259,252.3,258,6350966,Tata Motors
18-07-2018,259.5,259.5,247.3,251.9,9348644,Tata Motors
19-07-2018,254,257.9,251.2,252.5,9556686,Tata Motors
20-07-2018,252.7,254,251,253.4,6422014,Tata Motors
23-07-2018,255,259.5,251.1,258.8,8891743,Tata Motors
24-07-2018,258.8,263.8,257.1,258.8,9906160,Tata Motors
25-07-2018,260,261.7,256.1,257.9,6721386,Tata Motors
26-07-2018,260.1,263,257.5,258.3,8817721,Tata Motors
27-07-2018,259.1,269.7,258.6,268.2,15275469,Tata Motors
30-07-2018,267.8,271.7,266.2,267.5,7801098,Tata Motors
31-07-2018,269,270.5,262.2,264.1,10026055,Tata Motors
01-08-2018,250,268,250,265.1,53282545,Tata Motors
02-08-2018,263.5,266.5,258.7,260.9,17421472,Tata Motors
03-08-2018,262.2,263.9,257.6,258.5,9044248,Tata Motors
06-08-2018,260,261.8,252.5,254.1,11371744,Tata Motors
07-08-2018,255.2,256,250.6,251.6,14490829,Tata Motors
08-08-2018,253.5,258.3,251.9,255.2,16125867,Tata Motors
09-08-2018,256.7,260.4,255.5,257.9,7777719,Tata Motors
10-08-2018,257.3,258.7,249.6,250.1,14606037,Tata Motors
13-08-2018,249.3,249.7,243.1,248.7,13877900,Tata Motors
14-08-2018,248.6,249.9,247.2,248.8,9171033,Tata Motors
16-08-2018,245.8,252.8,245.3,251.3,14148347,Tata Motors
17-08-2018,253.7,260.1,253,258.3,16117660,Tata Motors
20-08-2018,261.9,271.9,259.2,270.1,25576718,Tata Motors
21-08-2018,271.9,274.7,266.7,268.8,19505584,Tata Motors
23-08-2018,269.2,269.2,256,256.9,18667622,Tata Motors
24-08-2018,257,258.7,255,255.5,8703468,Tata Motors
27-08-2018,257,259.5,256.5,258.8,6127707,Tata Motors
28-08-2018,261.7,263.3,259.1,260,8506857,Tata Motors
29-08-2018,261.1,263.5,261,261.7,5117552,Tata Motors
30-08-2018,262.3,263,259,259.4,6333570,Tata Motors
31-08-2018,259.1,268.3,258.1,267.5,12360078,Tata Motors
03-09-2018,271.4,273,265.3,266.6,14597832,Tata Motors
04-09-2018,270.5,270.8,260.4,262,14775900,Tata Motors
05-09-2018,261,271,255.4,266.5,10084307,Tata Motors
06-09-2018,269.7,272,263.9,270,14736214,Tata Motors
07-09-2018,269.6,279.9,269.3,277.4,26189156,Tata Motors
10-09-2018,276,282,271.8,275.7,21322969,Tata Motors
11-09-2018,277.3,278.9,265.7,267.3,13444031,Tata Motors
12-09-2018,268.2,268.2,258.9,262.4,14456273,Tata Motors
14-09-2018,265,269.6,263.4,266.6,10710620,Tata Motors
17-09-2018,263.4,264.1,259.7,260.3,9461420,Tata Motors
18-09-2018,257.8,259.8,250.6,251.5,11554420,Tata Motors
19-09-2018,253.6,255,251,252.6,7845650,Tata Motors
21-09-2018,255.1,257.7,228.9,250.4,18547453,Tata Motors
24-09-2018,250.2,251,239.4,240.2,8889259,Tata Motors
25-09-2018,241,243.5,235.5,240.8,9030367,Tata Motors
26-09-2018,242.3,243.2,229.6,233.4,17810869,Tata Motors
27-09-2018,234.8,236.6,223.1,225.3,17430781,Tata Motors
28-09-2018,227.9,230.7,219.5,223.7,14196824,Tata Motors
01-10-2018,225,230.5,220,229.4,9743094,Tata Motors
03-10-2018,230,232.8,225.8,227.6,9094685,Tata Motors
04-10-2018,224,230.8,221.8,223.3,13898979,Tata Motors
05-10-2018,222.8,226.5,214.8,216.3,10471026,Tata Motors
08-10-2018,217.8,218.5,208.1,212.4,11854170,Tata Motors
09-10-2018,205.7,206,170.3,184.4,142760251,Tata Motors
10-10-2018,186,191,185.1,188.8,35670907,Tata Motors
11-10-2018,180.7,187.8,178,183,19323517,Tata Motors
12-10-2018,186,188.4,182.6,183.8,18014894,Tata Motors
15-10-2018,186.5,186.5,182.7,184.4,11658409,Tata Motors
16-10-2018,185.2,187.3,184.6,185.9,9695745,Tata Motors
17-10-2018,187.6,187.8,179.1,180,12004524,Tata Motors
19-10-2018,179,179.8,174,174.7,10469358,Tata Motors
22-10-2018,176.4,176.9,170.1,170.8,11721075,Tata Motors
23-10-2018,170,175.7,169.6,170.7,15588511,Tata Motors
24-10-2018,173.9,175,169,170.7,15421903,Tata Motors
25-10-2018,169,169.8,164.6,165.4,14877057,Tata Motors
26-10-2018,166,172.8,165.9,168.5,19584723,Tata Motors
29-10-2018,170,176.5,167.7,175.4,14171750,Tata Motors
30-10-2018,177,181.5,176.1,177.3,15602414,Tata Motors
31-10-2018,178.3,180,173.5,179.1,12579712,Tata Motors
01-11-2018,182,186.1,178.2,179.5,28947802,Tata Motors
02-11-2018,181,191.9,180.9,190.3,29425248,Tata Motors
05-11-2018,191.3,191.3,186.7,189.8,14818506,Tata Motors
06-11-2018,192.5,200,191.8,193.3,35339222,Tata Motors
09-11-2018,192.9,200.8,192,195.3,22341961,Tata Motors
12-11-2018,194.5,194.5,185.2,186.1,20789180,Tata Motors
13-11-2018,180.8,183,178.4,179.5,22189598,Tata Motors
14-11-2018,180.5,183,176.3,176.8,15795883,Tata Motors
15-11-2018,178,182.7,177.5,180.2,18740276,Tata Motors
16-11-2018,180.9,181.9,177.9,179.9,10022823,Tata Motors
19-11-2018,180.6,185.5,179.1,184.6,14522581,Tata Motors
20-11-2018,184.1,188.3,183.2,183.8,13114982,Tata Motors
21-11-2018,184.4,186.8,183.8,184.2,8097107,Tata Motors
22-11-2018,185.5,186.2,181.8,182.6,9135857,Tata Motors
26-11-2018,183.9,184.5,177,181.8,9865426,Tata Motors
27-11-2018,181.7,184.6,178.6,180.1,11639680,Tata Motors
28-11-2018,181,181.4,174,174.5,12504717,Tata Motors
29-11-2018,176,179.4,173.5,177.3,20892744,Tata Motors
30-11-2018,172,174.9,170.4,172,18393012,Tata Motors
03-12-2018,173.3,176.5,170,175.5,14068885,Tata Motors
04-12-2018,178,178.8,175.3,175.8,11481923,Tata Motors
05-12-2018,173,173,168.6,169.2,14960527,Tata Motors
06-12-2018,168.5,168.7,161.6,162.7,15428019,Tata Motors
07-12-2018,162.3,164.2,160.8,162.4,13545006,Tata Motors
10-12-2018,159.9,160.5,156.5,157.1,13520495,Tata Motors
11-12-2018,155,159.5,154.7,158.1,12094881,Tata Motors
12-12-2018,159.5,167.1,158,164.1,22461175,Tata Motors
13-12-2018,166,168,165.6,166.9,12235499,Tata Motors
14-12-2018,166,168.4,164.9,167,10091732,Tata Motors
17-12-2018,167.3,176,167.3,174,28526103,Tata Motors
18-12-2018,174,177.6,173.1,174.8,18015933,Tata Motors
19-12-2018,176.5,176.5,172.5,173.9,11540042,Tata Motors
20-12-2018,173,177.3,171.8,176.4,15819006,Tata Motors
21-12-2018,177,180.5,175.2,176.3,23742481,Tata Motors
24-12-2018,176.3,177.9,171.5,172.5,11374468,Tata Motors
26-12-2018,171.5,172.2,167.6,170.9,12044191,Tata Motors
27-12-2018,172.8,173.4,167.7,168.3,15231581,Tata Motors
28-12-2018,169.4,172.2,169.2,170.9,8669584,Tata Motors
31-12-2018,172.5,173.9,171.8,172.7,8511388,Tata Motors
01-01-2019,173.5,174.2,171.3,173.5,6715543,Tata Motors
02-01-2019,170.6,171.8,168,168.6,13410104,Tata Motors
03-01-2019,169,170.2,165.1,166.1,9321842,Tata Motors
04-01-2019,169,172,168.5,171,17650435,Tata Motors
07-01-2019,173.2,178.2,173.2,175.4,21438351,Tata Motors
08-01-2019,176.1,180.5,176.1,180,20128985,Tata Motors
09-01-2019,181.5,183.6,180.2,183.1,17468948,Tata Motors
10-01-2019,183.7,186.9,183.6,185.8,16961888,Tata Motors
11-01-2019,186.6,187.8,179.4,180.3,25902974,Tata Motors
14-01-2019,180.3,198.3,177.5,182.4,18935120,Tata Motors
15-01-2019,183.3,185.8,181.3,185.4,13536578,Tata Motors
16-01-2019,186,187.4,184.1,185.5,11874245,Tata Motors
17-01-2019,186,187.3,183.4,184.9,9365756,Tata Motors
18-01-2019,185.7,185.7,181.3,183.3,6797621,Tata Motors
21-01-2019,184.3,185,180.7,181.5,6918258,Tata Motors
22-01-2019,181.5,181.5,176,180.9,9775717,Tata Motors
23-01-2019,181.7,182.7,178.6,180.3,9778926,Tata Motors
24-01-2019,180,180.3,173.7,175.4,13461254,Tata Motors
25-01-2019,176,178.9,172,173.3,12136892,Tata Motors
28-01-2019,173.3,175.4,169.4,172.3,8167430,Tata Motors
29-01-2019,172.4,174.9,170.9,173.6,6141180,Tata Motors
30-01-2019,174.3,176.8,173.3,174.6,7757847,Tata Motors
31-01-2019,175.8,183.9,175.8,181.2,22277646,Tata Motors
01-02-2019,182,185.9,179.6,181.7,14931422,Tata Motors
04-02-2019,181,183.7,178.2,180.3,11854351,Tata Motors
05-02-2019,180.7,181.2,174.7,175.8,12064426,Tata Motors
06-02-2019,176,179.5,171.9,178.5,10334594,Tata Motors
07-02-2019,179,185,178.9,182.9,16152722,Tata Motors
08-02-2019,164.6,164.6,129,150.7,102256857,Tata Motors
11-02-2019,150.2,153.3,145.9,152.7,26161867,Tata Motors
12-02-2019,153,154.4,150.6,151.8,14174912,Tata Motors
13-02-2019,153,156.7,151.5,155,15340343,Tata Motors
14-02-2019,156,161,153.8,159.9,16348306,Tata Motors
15-02-2019,159.8,162.3,153.2,161.7,20705576,Tata Motors
19-02-2019,164,166,161.6,163.8,14533142,Tata Motors
20-02-2019,164.5,166.7,163.8,164.8,11610728,Tata Motors
21-02-2019,165.6,170.6,165.1,169.7,14811723,Tata Motors
22-02-2019,170,175.3,167.9,174.3,13011477,Tata Motors
25-02-2019,175.2,177.5,173.5,175.8,15554532,Tata Motors
26-02-2019,173,183.5,172.5,182.7,31859427,Tata Motors
27-02-2019,183.6,186.1,176.1,177.4,19723906,Tata Motors
28-02-2019,180,181.6,176.6,177.5,18692372,Tata Motors
01-03-2019,178.7,184,177.4,180.3,20539919,Tata Motors
05-03-2019,183.8,198.4,181.4,194.1,58138551,Tata Motors
06-03-2019,195.4,195.4,187.8,188.8,22468702,Tata Motors
07-03-2019,191.4,193.5,187.8,189.3,27051501,Tata Motors
08-03-2019,187.8,188,180,181.2,28012914,Tata Motors
11-03-2019,182,184.6,181.1,181.9,25669662,Tata Motors
12-03-2019,184.4,186,183.6,184.8,18657724,Tata Motors
13-03-2019,184.5,184.9,180.4,181.7,9769821,Tata Motors
14-03-2019,181.5,182.5,177.7,179.6,15737080,Tata Motors
15-03-2019,180.2,181.4,177.6,180,17490993,Tata Motors
18-03-2019,181,184.7,179.5,182.3,14690339,Tata Motors
19-03-2019,182,184.5,180.8,182.9,10318028,Tata Motors
20-03-2019,183,183.5,179.6,180.2,7543753,Tata Motors
22-03-2019,182,182,174.9,175.4,11505994,Tata Motors
25-03-2019,173.7,173.8,170.6,171.3,11864723,Tata Motors
26-03-2019,171.9,173.6,171.6,173.1,7820112,Tata Motors
27-03-2019,174,175,169.2,169.9,10047628,Tata Motors
28-03-2019,169,171.4,167.6,170.6,13203927,Tata Motors
29-03-2019,171.2,177.1,171,174.3,17780440,Tata Motors
01-04-2019,176.4,189.8,176.4,187.4,46389181,Tata Motors
02-04-2019,188.1,204.4,185.3,203,100834335,Tata Motors
03-04-2019,205,209,199.2,201.4,81779620,Tata Motors
04-04-2019,201.9,206.9,201.1,206.2,41268908,Tata Motors
05-04-2019,208,209.5,202.3,205.2,32057373,Tata Motors
08-04-2019,206,207.4,198.8,200.6,23877595,Tata Motors
09-04-2019,200,207.6,198.2,205.9,29611268,Tata Motors
10-04-2019,206,217.4,205.6,216.1,69349488,Tata Motors
11-04-2019,216.6,219.2,213.3,218.2,41859862,Tata Motors
12-04-2019,219,219,215,216,21788548,Tata Motors
15-04-2019,217.2,233.3,217.2,231.8,57283251,Tata Motors
16-04-2019,233.8,234.1,225.7,230.5,41653657,Tata Motors
18-04-2019,231.9,239.3,230.6,236.3,42451178,Tata Motors
22-04-2019,235,239.4,231.7,234.9,30282217,Tata Motors
23-04-2019,235,235.9,230.3,231.7,18975358,Tata Motors
24-04-2019,231.7,233,217.6,223.6,50317411,Tata Motors
25-04-2019,223.4,225.9,220.3,221.9,27132908,Tata Motors
26-04-2019,221.9,221.9,214,215.6,26038093,Tata Motors
30-04-2019,216.2,218.7,210.3,214.3,21289116,Tata Motors
02-05-2019,211,212.7,206.5,207.3,21986007,Tata Motors
03-05-2019,205,213.7,203.1,209.5,37153857,Tata Motors
06-05-2019,204,204.5,198,199.8,30117667,Tata Motors
07-05-2019,201.7,202.9,189.4,191,30516908,Tata Motors
08-05-2019,190,190.9,183.8,185.1,28443735,Tata Motors
09-05-2019,184.3,189.8,182.3,186.4,32841616,Tata Motors
10-05-2019,187,190.6,184.3,185.9,28910719,Tata Motors
13-05-2019,186.2,187.2,179.6,180.8,15373536,Tata Motors
14-05-2019,178.3,186.1,177.8,184.5,21412933,Tata Motors
15-05-2019,185.6,186,167.4,169.5,31427815,Tata Motors
16-05-2019,176,177.6,172.8,175.4,30308248,Tata Motors
17-05-2019,175,177.7,170.2,176.9,21575989,Tata Motors
20-05-2019,181.5,192,179.3,190.2,29873588,Tata Motors
21-05-2019,185.3,186.9,174.1,176.8,57822527,Tata Motors
22-05-2019,177.6,180.4,174.8,179.1,25845734,Tata Motors
23-05-2019,182.9,182.9,173.5,175.2,22912106,Tata Motors
24-05-2019,177,183.5,175.4,182.3,22494409,Tata Motors
27-05-2019,181.8,183.5,179.3,181.4,14774311,Tata Motors
28-05-2019,181.4,185.3,179.8,180.3,23272915,Tata Motors
29-05-2019,179.9,180,175.4,176.4,15222008,Tata Motors
30-05-2019,177.5,178.5,173.1,175.2,18078726,Tata Motors
31-05-2019,177.8,177.9,170,172.6,21488115,Tata Motors
03-06-2019,170.5,175,168.4,174.5,21288078,Tata Motors
04-06-2019,174.3,177.2,172.4,173.3,17428731,Tata Motors
06-06-2019,174.1,175.9,168.9,169.7,16874819,Tata Motors
07-06-2019,169.9,171.7,167.3,169.5,14465703,Tata Motors
10-06-2019,170.9,172.1,163.6,166.2,20209862,Tata Motors
11-06-2019,166.9,171.9,165.7,170.8,20363493,Tata Motors
12-06-2019,170.9,172.2,168.1,169.1,12819208,Tata Motors
13-06-2019,166.9,168.9,164.5,167.4,15144315,Tata Motors
14-06-2019,167.5,167.5,163.5,164.2,10920508,Tata Motors
17-06-2019,163.8,164.2,158,158.8,14381813,Tata Motors
18-06-2019,159,161,156.8,158.3,14003043,Tata Motors
19-06-2019,160,163.8,152.5,154.7,25257018,Tata Motors
20-06-2019,153.5,160,152.2,159.3,19247947,Tata Motors
21-06-2019,155,160.8,154.5,158.9,23304207,Tata Motors
24-06-2019,158.7,160.2,156.2,159.3,13185118,Tata Motors
25-06-2019,158,161,156.9,160.5,13368928,Tata Motors
26-06-2019,160.1,162.2,158.8,161.1,18481332,Tata Motors
27-06-2019,161.9,168,161.1,165.9,26612983,Tata Motors
28-06-2019,165.2,166.8,161.4,162.6,15092229,Tata Motors
01-07-2019,163.7,169.4,163.2,168,23990900,Tata Motors
02-07-2019,166.8,167.4,161.4,163.8,16903683,Tata Motors
03-07-2019,163.8,165,161.7,162.3,13606179,Tata Motors
04-07-2019,162.5,167.8,162,165.2,19512938,Tata Motors
05-07-2019,165.2,167,159.5,160.2,14374084,Tata Motors
08-07-2019,159.4,159.5,153.5,154.6,15149035,Tata Motors
09-07-2019,154,157.2,152.8,155.8,16112345,Tata Motors
10-07-2019,156.3,156.3,149.1,151.7,31737846,Tata Motors
11-07-2019,153,157.7,150.4,156.8,24099895,Tata Motors
12-07-2019,155.9,162.9,154,159.3,27307153,Tata Motors
15-07-2019,159,162.6,157.9,161,19924720,Tata Motors
16-07-2019,159.8,171,159.1,170,39025331,Tata Motors
17-07-2019,170,172.4,166.3,167.9,25236730,Tata Motors
18-07-2019,167.3,167.3,160,160.8,19055022,Tata Motors
19-07-2019,161.5,162.4,153.9,154.9,18954216,Tata Motors
22-07-2019,155.5,159.3,155.3,156.8,15995349,Tata Motors
23-07-2019,157.4,159,154.8,156.2,12942555,Tata Motors
24-07-2019,156.4,157.6,150.5,151.3,16292964,Tata Motors
25-07-2019,151.3,152.5,143.8,144.3,34364032,Tata Motors
26-07-2019,138.1,150.2,138.1,147.2,83905651,Tata Motors
29-07-2019,146.9,146.9,136.9,137.6,38844222,Tata Motors
30-07-2019,138,139.7,132.6,133.5,35725524,Tata Motors
31-07-2019,133.5,136.4,132.5,135.6,27024859,Tata Motors
01-08-2019,135.5,136.3,127.6,129.6,38991424,Tata Motors
02-08-2019,128.5,133.2,127,130.7,44016138,Tata Motors
05-08-2019,128,128.2,122.3,123.8,35452262,Tata Motors
06-08-2019,123.1,126.6,121.8,122.5,34790369,Tata Motors
07-08-2019,122.6,123.9,116.5,117.4,37287779,Tata Motors
08-08-2019,118,125,116.9,124.1,35876237,Tata Motors
09-08-2019,124.5,126.5,120.7,122.1,39245417,Tata Motors
13-08-2019,123.8,126.3,121,122,35498118,Tata Motors
14-08-2019,122.7,123.8,118.6,120.9,30136178,Tata Motors
16-08-2019,119.9,122.5,117.4,121.4,35264621,Tata Motors
19-08-2019,121.2,122.6,120,120.8,23194786,Tata Motors
20-08-2019,120,124.8,119,123.9,34809225,Tata Motors
21-08-2019,123,123,109.5,112.4,83509593,Tata Motors
22-08-2019,112,114,106.2,107.7,58612708,Tata Motors
23-08-2019,108.9,111.6,107.7,111.1,41178606,Tata Motors
26-08-2019,114.6,115.4,106.8,110.6,47757623,Tata Motors
27-08-2019,112.7,121.4,111.8,120.4,70636441,Tata Motors
28-08-2019,120.6,124,114.8,116.4,74245952,Tata Motors
29-08-2019,116.5,118.5,112.1,114.3,48098849,Tata Motors
30-08-2019,115.6,117.3,112,116.7,42250518,Tata Motors
03-09-2019,113.1,115.4,111.2,112.7,36905736,Tata Motors
04-09-2019,112,113,106,109.5,76317447,Tata Motors
05-09-2019,109.8,119.4,109.5,118.1,75789807,Tata Motors
06-09-2019,118.4,122.3,116.6,121.3,67761586,Tata Motors
09-09-2019,119,122.6,117.4,121.9,51297512,Tata Motors
11-09-2019,127,135,125.3,134.4,96568372,Tata Motors
12-09-2019,134.6,135.4,126.7,128,72084195,Tata Motors
13-09-2019,129.2,131,125.5,129.6,69088728,Tata Motors
16-09-2019,128,130.3,126.5,128.6,40951047,Tata Motors
17-09-2019,129,130.5,121.4,122,47652658,Tata Motors
18-09-2019,123.1,125.9,120.5,121.8,53048836,Tata Motors
19-09-2019,123.5,125.4,121.2,124.2,51011848,Tata Motors
20-09-2019,125,137.8,122.6,133.3,89223235,Tata Motors
23-09-2019,135,138.4,126.5,127.9,51032391,Tata Motors
24-09-2019,128.1,132.2,128,130.9,41659100,Tata Motors
25-09-2019,129.9,129.9,121.5,123.1,47567575,Tata Motors
26-09-2019,123.9,127.3,122.8,124.5,45866398,Tata Motors
27-09-2019,122,122.5,118.2,119.9,45875793,Tata Motors
30-09-2019,120.7,120.9,116.4,117.5,32158885,Tata Motors
01-10-2019,118,119.9,113,115.3,40232789,Tata Motors
03-10-2019,112.7,123.5,112.7,122.4,65103359,Tata Motors
04-10-2019,122.8,123.8,118.8,119.7,35712218,Tata Motors
07-10-2019,120.3,120.6,116.4,117.5,35471184,Tata Motors
09-10-2019,118.5,121.7,115.5,120.9,44666296,Tata Motors
10-10-2019,119.3,119.7,116.2,116.8,31229192,Tata Motors
11-10-2019,118.1,122.2,117.3,121.3,41027561,Tata Motors
14-10-2019,122.6,130,122.5,127.9,68048611,Tata Motors
15-10-2019,127.1,128.9,123.7,127,57548920,Tata Motors
16-10-2019,127.3,128.3,124.5,125.9,31522518,Tata Motors
17-10-2019,127.1,144.4,125.1,139.5,67933615,Tata Motors
18-10-2019,139,141.8,135.6,136.9,64884113,Tata Motors
22-10-2019,133.4,135.6,129.8,131.8,53532482,Tata Motors
23-10-2019,130.5,133.8,127.3,132.7,50293574,Tata Motors
24-10-2019,133,135.2,130.5,133.5,41951668,Tata Motors
25-10-2019,132,133,125.7,126.9,42868958,Tata Motors
27-10-2019,139.5,150.7,139.5,149.5,39489993,Tata Motors
29-10-2019,151.9,175.5,151.2,172.5,184435614,Tata Motors
30-10-2019,175,175.7,166.6,171.9,90759545,Tata Motors
31-10-2019,169.8,179.7,169,177.7,81392641,Tata Motors
01-11-2019,175.2,178,172.4,175.1,40613555,Tata Motors
04-11-2019,171.6,178.5,170.9,172.2,40641411,Tata Motors
05-11-2019,173.3,175.8,170,172,36268596,Tata Motors
06-11-2019,172,176.4,170.5,174.5,28923778,Tata Motors
07-11-2019,174.7,174.7,167.6,171.5,38625387,Tata Motors
08-11-2019,170.8,178.9,167.8,169.1,39102947,Tata Motors
11-11-2019,169.2,173,169.1,172,22192924,Tata Motors
13-11-2019,171.5,176,169.4,170.6,33926248,Tata Motors
14-11-2019,170.2,170.3,165.5,167.1,25433481,Tata Motors
15-11-2019,169,173.4,167.4,168.6,29614682,Tata Motors
18-11-2019,172.1,172.1,169.3,170.1,19053232,Tata Motors
19-11-2019,170.8,171.8,167.1,167.8,19599195,Tata Motors
20-11-2019,167.8,170.2,166.2,167.4,19504078,Tata Motors
21-11-2019,167,170.1,163,164.2,21609120,Tata Motors
22-11-2019,164.9,165.3,160.6,162.4,21200979,Tata Motors
25-11-2019,160.7,166.6,159.9,166.1,26131453,Tata Motors
26-11-2019,166.7,167.3,162.6,163.4,25520822,Tata Motors
27-11-2019,165.3,169.3,165,165.9,29527702,Tata Motors
28-11-2019,165.8,166.3,163.6,164.8,16609775,Tata Motors
29-11-2019,164.8,167.8,160.6,161.5,20010205,Tata Motors
02-12-2019,161,163,159,160.8,19441998,Tata Motors
03-12-2019,163,163,157.4,158.2,21156471,Tata Motors
04-12-2019,158.5,170.4,157.7,169.4,72084687,Tata Motors
05-12-2019,170.4,172.2,165.2,166.1,31787128,Tata Motors
06-12-2019,167,168,160.1,161.5,27727162,Tata Motors
09-12-2019,162,166.5,159.8,160.5,30920409,Tata Motors
10-12-2019,162.2,163.3,159.1,159.7,26259395,Tata Motors
11-12-2019,160.4,163,157.4,161.8,21154277,Tata Motors
12-12-2019,163.5,174.9,162.5,173.4,66138915,Tata Motors
13-12-2019,177.3,184,175.5,176.7,93019636,Tata Motors
16-12-2019,177,178.8,173.4,175,26249975,Tata Motors
17-12-2019,176,181.2,175.4,180.2,38213263,Tata Motors
18-12-2019,182.1,184.5,170.5,174.8,63861334,Tata Motors
19-12-2019,174.7,180.2,174,179.2,53466924,Tata Motors
20-12-2019,180.4,181.7,174.9,176,48818008,Tata Motors
23-12-2019,176.9,179,174.2,176.1,27192195,Tata Motors
24-12-2019,177.7,178,174.7,175.5,20560311,Tata Motors
26-12-2019,175.9,176.5,174.1,174.6,18785333,Tata Motors
27-12-2019,176,177,174.9,176.2,12095797,Tata Motors
30-12-2019,177.2,184.4,176.3,183.7,40948394,Tata Motors
31-12-2019,184,187.9,181.6,185.2,52869996,Tata Motors
01-01-2020,185.2,186.7,183.6,184.5,25968357,Tata Motors
02-01-2020,185,194.7,184.6,193.8,57289863,Tata Motors
03-01-2020,192.9,195.7,189.3,191.1,47572728,Tata Motors
06-01-2020,191,191,185.1,185.7,28621212,Tata Motors
07-01-2020,187,189.4,182.3,184.7,34995035,Tata Motors
08-01-2020,180.2,184.2,180.2,182.6,21862695,Tata Motors
09-01-2020,184.9,192.8,184.3,192,40803142,Tata Motors
10-01-2020,192,199,190,196.4,60252338,Tata Motors
13-01-2020,194.8,197.8,191.4,196.3,40535961,Tata Motors
14-01-2020,195.7,198.3,193.6,195.9,29867542,Tata Motors
15-01-2020,195,201.7,194,200.4,38485962,Tata Motors
16-01-2020,199.5,200.6,196.9,197.6,28118140,Tata Motors
17-01-2020,197.3,199.5,195.7,197.3,18204088,Tata Motors
20-01-2020,198,201.5,194.3,195,28976013,Tata Motors
21-01-2020,195.5,196.4,190.2,191.4,20859400,Tata Motors
22-01-2020,192,192.5,184.3,185.6,32952072,Tata Motors
23-01-2020,186.8,190.4,183.8,188.4,33032086,Tata Motors
24-01-2020,188,191,185,186.5,21791825,Tata Motors
27-01-2020,185.7,186.9,180.9,182.2,30132428,Tata Motors
28-01-2020,183.9,184.3,174.9,176.1,38283588,Tata Motors
29-01-2020,178.8,188.9,178.6,188.1,61585660,Tata Motors
30-01-2020,191,192.6,184.3,186.2,70900581,Tata Motors
31-01-2020,186.3,188.4,176,176.6,75621897,Tata Motors
01-02-2020,175.4,178.8,163.7,164.8,41882974,Tata Motors
03-02-2020,163.5,168.3,159.6,163.9,66616190,Tata Motors
04-02-2020,166.6,168.6,161.2,165.7,49034642,Tata Motors
05-02-2020,167.4,185,166.6,183.8,92982265,Tata Motors
06-02-2020,182,183.4,175.8,178.9,61821140,Tata Motors
07-02-2020,177.4,178.2,173,173.6,45195760,Tata Motors
10-02-2020,173.2,173.2,168,168.9,33279372,Tata Motors
11-02-2020,171.9,175.2,168.4,169.8,42868276,Tata Motors
12-02-2020,173,173.3,169,171,34621395,Tata Motors
13-02-2020,171.4,172.4,168.1,169.5,25049848,Tata Motors
14-02-2020,172,176.2,168.3,169.1,56676430,Tata Motors
17-02-2020,170.4,171.4,166.4,169.1,32893274,Tata Motors
18-02-2020,168,168,158.6,161.6,52744122,Tata Motors
19-02-2020,162.9,164.6,153.1,158.1,78914233,Tata Motors
20-02-2020,158,162.3,156,158.5,54328194,Tata Motors
24-02-2020,154,155.9,149.6,150.7,39706007,Tata Motors
25-02-2020,152.2,153.4,147.5,149.9,52719851,Tata Motors
26-02-2020,146.9,147.9,143.7,144.6,47605927,Tata Motors
27-02-2020,144.2,146.8,141.1,145.3,51328153,Tata Motors
28-02-2020,138.9,139.6,127.1,129,94469619,Tata Motors
02-03-2020,133,133.9,123.8,125.4,111585697,Tata Motors
03-03-2020,127.5,131.4,125.3,130.4,86765576,Tata Motors
04-03-2020,129.6,129.6,120.6,126.2,97546902,Tata Motors
05-03-2020,127.6,129.2,124.3,125.8,87795649,Tata Motors
06-03-2020,115,117.3,112.8,114.2,83971462,Tata Motors
09-03-2020,109,109.9,104.3,105.7,81550460,Tata Motors
11-03-2020,104.9,106.5,97.8,98.9,111148611,Tata Motors
12-03-2020,91.1,94.9,84.1,88,143551005,Tata Motors
13-03-2020,81.9,94.2,78.1,89.8,106153102,Tata Motors
16-03-2020,85.6,87.7,82.2,83,73707690,Tata Motors
17-03-2020,83.1,85,77.4,78,71849223,Tata Motors
18-03-2020,79.9,80.5,75.1,75.5,70134169,Tata Motors
19-03-2020,70,76.5,68.8,73,68124538,Tata Motors
20-03-2020,74,79.6,72.7,77.3,86044637,Tata Motors
23-03-2020,70,72,66,66.2,34184331,Tata Motors
24-03-2020,69.9,71.5,63.5,68.6,49553202,Tata Motors
25-03-2020,67.8,71.7,67.3,70.3,57716006,Tata Motors
26-03-2020,71.5,73.5,68.3,70.8,63822905,Tata Motors
27-03-2020,72.1,75.9,69.4,70.7,58824452,Tata Motors
30-03-2020,68.8,70,67.3,68.2,35278179,Tata Motors
31-03-2020,70.6,71.5,68.2,71.1,46166723,Tata Motors
01-04-2020,70.5,71.7,67.6,68,38167981,Tata Motors
03-04-2020,66.9,66.9,64.8,65.3,35346490,Tata Motors
07-04-2020,68.6,69.3,66.9,67.3,42070735,Tata Motors
08-04-2020,66.5,71.6,65.4,67.6,82182403,Tata Motors
09-04-2020,69.6,76.3,69.1,74.6,112680750,Tata Motors
13-04-2020,76,77.6,72.7,74.3,70414018,Tata Motors
15-04-2020,75.4,78.7,72,72.9,81126343,Tata Motors
16-04-2020,71.8,75.4,71,74.7,47910556,Tata Motors
17-04-2020,78.3,78.3,74.7,76.9,58336227,Tata Motors
20-04-2020,76.9,83.4,75.5,80.5,125427754,Tata Motors
21-04-2020,78,78,74,74.7,58249560,Tata Motors
22-04-2020,74.5,76.6,72.6,75.9,56529909,Tata Motors
23-04-2020,76.8,78.7,75.4,75.7,50372620,Tata Motors
24-04-2020,75,76.9,74,74.2,40054235,Tata Motors
27-04-2020,75.9,76.2,74.8,75.3,27835405,Tata Motors
28-04-2020,75.7,78.2,75.2,77,34825466,Tata Motors
29-04-2020,77.5,79.3,76.6,78.2,40785025,Tata Motors
30-04-2020,86,93.8,86,93.3,170645234,Tata Motors
04-05-2020,87,87.2,81.5,83.9,91167307,Tata Motors
05-05-2020,86,86.8,80.4,80.9,57123018,Tata Motors
06-05-2020,81.6,84,80.4,83.2,53739428,Tata Motors
07-05-2020,82.9,84.7,82.1,82.5,31160671,Tata Motors
08-05-2020,84.5,85,80.6,81.1,35363226,Tata Motors
11-05-2020,81.5,90.7,81.4,86.1,152592033,Tata Motors
12-05-2020,86,87.7,83.5,86.2,77552355,Tata Motors
13-05-2020,92.5,92.5,86.3,87.2,68086246,Tata Motors
14-05-2020,84,85.3,82.6,83.8,46341703,Tata Motors
15-05-2020,84.7,85.4,82.8,84.4,38594210,Tata Motors
18-05-2020,84.5,84.5,79.6,80.7,44221575,Tata Motors
19-05-2020,82.5,85.7,81.5,81.8,65379359,Tata Motors
20-05-2020,81.3,84.4,80.7,83.5,36351616,Tata Motors
21-05-2020,83.1,85.2,82.9,84.1,37290910,Tata Motors
22-05-2020,83.4,83.9,82,82.8,29252936,Tata Motors
26-05-2020,83.9,85.7,82.6,83.1,38018351,Tata Motors
27-05-2020,84.1,86,84,84.6,57958863,Tata Motors
28-05-2020,86,88.2,84.6,87,96183461,Tata Motors
29-05-2020,85.6,87.5,84.7,87,80819025,Tata Motors
01-06-2020,88.9,91.2,88,89.6,71081216,Tata Motors
02-06-2020,90,97.3,89.8,96.5,125410755,Tata Motors
03-06-2020,100,101.5,97.4,98.8,90600115,Tata Motors
04-06-2020,99,101.4,96.8,98.5,72080989,Tata Motors
05-06-2020,100.5,112.5,99.1,110.8,187212583,Tata Motors
08-06-2020,114,119.2,113.4,115.5,136948454,Tata Motors
09-06-2020,117.5,117.9,110.3,111.5,79474755,Tata Motors
10-06-2020,111,113,108.5,111.4,84038803,Tata Motors
11-06-2020,109.9,111.2,105,106.2,55488921,Tata Motors
12-06-2020,98,106.3,98,105.3,92997378,Tata Motors
15-06-2020,104.7,104.7,100.1,100.5,69320247,Tata Motors
16-06-2020,102,103.5,92,94.8,215478234,Tata Motors
17-06-2020,93,96.4,91.8,95.4,110831825,Tata Motors
18-06-2020,95,97.2,94.2,96.4,58964763,Tata Motors
19-06-2020,96.5,103.9,95.6,102.5,135463691,Tata Motors
22-06-2020,102.4,104.9,101,102.7,68549914,Tata Motors
23-06-2020,103,106,101.9,104.4,68638635,Tata Motors
24-06-2020,105.3,110.8,104.2,104.8,125462474,Tata Motors
25-06-2020,103.9,106.3,101.7,103.8,63198650,Tata Motors
26-06-2020,105.4,106.1,100.4,101.4,56328105,Tata Motors
29-06-2020,101.4,101.4,98.1,99.5,43275076,Tata Motors
30-06-2020,101.8,102.3,97.3,98.3,50767147,Tata Motors
01-07-2020,99,101.5,98.2,100.8,50868246,Tata Motors
02-07-2020,100.8,103,100.4,101.6,48086112,Tata Motors
03-07-2020,102.9,106.4,102.1,103.5,87312581,Tata Motors
06-07-2020,105,109.9,104.5,109,91971938,Tata Motors
07-07-2020,109.8,112.6,108.1,109.1,85842146,Tata Motors
08-07-2020,109.5,110.9,104.2,105.4,55890628,Tata Motors
09-07-2020,106.3,109,104.7,107,54492889,Tata Motors
10-07-2020,106.7,108.6,105.4,107.6,64694703,Tata Motors
13-07-2020,108.9,112.1,106.9,108,81900473,Tata Motors
14-07-2020,106.9,107.6,104.1,105.2,46926242,Tata Motors
15-07-2020,106.8,106.8,102.5,103.2,49688858,Tata Motors
16-07-2020,104,104,100.6,103,44334635,Tata Motors
17-07-2020,103.7,107,103.3,106.4,42080407,Tata Motors
20-07-2020,106.4,106.4,103.9,105.1,39787958,Tata Motors
21-07-2020,106,109.7,105.5,108.5,66009182,Tata Motors
22-07-2020,108.5,109.8,104.3,105.2,50740709,Tata Motors
23-07-2020,105.5,106.5,104.7,106.1,30722468,Tata Motors
24-07-2020,104.7,105.5,102.7,103.8,39366097,Tata Motors
27-07-2020,104,104.5,101.3,101.7,29646442,Tata Motors
28-07-2020,102.3,107.2,102,106.5,64271556,Tata Motors
29-07-2020,108.1,108.8,104.9,105.8,44561874,Tata Motors
30-07-2020,106.4,106.8,102.9,103.7,33382883,Tata Motors
31-07-2020,104,105.4,102.3,104.7,33809020,Tata Motors
03-08-2020,103,114.4,102.9,113.1,194765847,Tata Motors
04-08-2020,113,115.1,110.8,111.5,95906991,Tata Motors
05-08-2020,112.4,117.7,112,115.4,99372353,Tata Motors
06-08-2020,116.2,117.7,115.5,116.8,60093689,Tata Motors
07-08-2020,117,119.7,116,119.1,56489837,Tata Motors
10-08-2020,120,124.7,119.7,123.9,71095910,Tata Motors
11-08-2020,125,125.8,121.4,122.3,50225180,Tata Motors
12-08-2020,121,126.4,120.6,125.4,50715485,Tata Motors
13-08-2020,126.1,131.9,124.4,131.2,95490351,Tata Motors
14-08-2020,131.2,132.7,123.7,124.6,75034602,Tata Motors
17-08-2020,124.5,126.3,120.6,123.6,61154591,Tata Motors
18-08-2020,124,127.5,123.6,125.6,62154483,Tata Motors
19-08-2020,127,127.6,124.8,125.2,45133950,Tata Motors
20-08-2020,123.5,125.7,121.1,121.7,43533457,Tata Motors
21-08-2020,124.2,124.2,120.2,120.9,48650670,Tata Motors
24-08-2020,122,123,120.8,121.2,31296668,Tata Motors
25-08-2020,121.8,128.4,121.1,127.1,90267008,Tata Motors
26-08-2020,130.5,139,128.4,137.9,197516356,Tata Motors
27-08-2020,140.1,146.9,139.3,144.3,181382530,Tata Motors
28-08-2020,144.2,146.2,140.5,142.8,95196419,Tata Motors
31-08-2020,144.5,148,138.2,143.2,160564520,Tata Motors
01-09-2020,143.4,145.2,140.4,143.8,58811608,Tata Motors
02-09-2020,144.3,151.7,141.5,150.3,74951550,Tata Motors
03-09-2020,151.6,155.2,149.6,151.9,110156875,Tata Motors
04-09-2020,147.9,153.7,147,147.8,95565047,Tata Motors
07-09-2020,150,152,148,149.4,82619417,Tata Motors
08-09-2020,149.5,149.6,141.2,142.3,76297951,Tata Motors
09-09-2020,141,141.8,135.7,140.1,105358206,Tata Motors
10-09-2020,142.8,144.5,138,143.3,79606710,Tata Motors
11-09-2020,143.1,146.8,141.7,144.3,65137801,Tata Motors
14-09-2020,147.2,151.1,145.5,148.6,84506253,Tata Motors
15-09-2020,149.4,149.4,146.6,148.4,42887987,Tata Motors
16-09-2020,149.2,154.3,148.6,151.5,85057870,Tata Motors
17-09-2020,150.8,151,146.2,147.7,48119523,Tata Motors
18-09-2020,148.7,150.5,146.3,147.9,46271652,Tata Motors
21-09-2020,147.8,147.8,135.5,137.5,64735434,Tata Motors
22-09-2020,138,138.2,129.7,133.1,87298376,Tata Motors
23-09-2020,135.5,136.7,127.9,131.4,74983029,Tata Motors
24-09-2020,127.9,128.8,122.2,122.8,62423543,Tata Motors
25-09-2020,123.7,128.4,123.1,127.3,65042619,Tata Motors
28-09-2020,128.9,134.3,127.5,132.9,61830960,Tata Motors
29-09-2020,135,136,130.7,131.7,63367335,Tata Motors
30-09-2020,131.6,134.4,130.3,133.3,48859151,Tata Motors
01-10-2020,135.9,136.5,132.6,133.5,40491787,Tata Motors
05-10-2020,137,137.5,132.1,133.9,55268395,Tata Motors
06-10-2020,138,145.8,136,144.8,162047240,Tata Motors
07-10-2020,144.3,144.5,139.8,141,68274103,Tata Motors
08-10-2020,142.9,143.5,139.6,141,40943141,Tata Motors
09-10-2020,141.2,142.7,138,138.5,37097517,Tata Motors
12-10-2020,139.7,139.7,133,135.9,39279464,Tata Motors
13-10-2020,135.4,137.1,132.9,134.1,38973857,Tata Motors
14-10-2020,133.8,134.7,128.8,130.7,45792723,Tata Motors
15-10-2020,131.5,134.4,126.5,127,64004610,Tata Motors
16-10-2020,129.4,130.1,126,127.8,62554211,Tata Motors
19-10-2020,129.8,130.4,127.8,128.3,33161414,Tata Motors
20-10-2020,128.1,130.3,126.4,129.7,27470025,Tata Motors
21-10-2020,131.1,133.1,128.3,130.3,39252680,Tata Motors
22-10-2020,129.7,134.6,128.5,133.5,48808808,Tata Motors
23-10-2020,134.9,138.9,134.1,137,68712845,Tata Motors
26-10-2020,138.4,140.8,131.3,133.7,88533181,Tata Motors
27-10-2020,134.2,136.8,130.9,135.7,56861313,Tata Motors
28-10-2020,139,143.3,133.5,134.8,152361862,Tata Motors
29-10-2020,132,133,130,131.9,66634175,Tata Motors
30-10-2020,133.2,134.5,130.3,132.7,51128679,Tata Motors
02-11-2020,133.7,134,131.1,132.9,40388690,Tata Motors
03-11-2020,135,137.4,133.6,134.1,52071476,Tata Motors
04-11-2020,135.6,137,134,135.9,44675934,Tata Motors
05-11-2020,137,138,136,137.7,38928602,Tata Motors
06-11-2020,137.7,142.3,137.7,139,67966815,Tata Motors
09-11-2020,140.6,141.5,138.7,141,40277460,Tata Motors
10-11-2020,144.1,146.7,142.8,146,68794369,Tata Motors
11-11-2020,146.5,151.5,145.7,151,78583629,Tata Motors
12-11-2020,151,153.9,150,151.2,56145517,Tata Motors
13-11-2020,150,150,145.4,146.4,32566537,Tata Motors
17-11-2020,152.5,159.4,152.2,158,82644841,Tata Motors
18-11-2020,158.9,178.8,158.6,173.5,171801183,Tata Motors
19-11-2020,171.4,176.4,166.6,168,109449407,Tata Motors
20-11-2020,170.1,171.6,165.6,169.1,66935703,Tata Motors
23-11-2020,169.5,173.9,165.6,170.7,54566251,Tata Motors
24-11-2020,171.9,175.5,171.1,172.1,47695247,Tata Motors
25-11-2020,175,176.8,169.3,171.5,54366608,Tata Motors
26-11-2020,171.6,175,171.1,173.8,39094724,Tata Motors
27-11-2020,174.7,183.9,174.7,180.4,125926062,Tata Motors
01-12-2020,182.4,182.4,178.1,179.8,48881250,Tata Motors
02-12-2020,184,187.4,181.1,183.6,88107889,Tata Motors
03-12-2020,185,186,183.3,184.9,33332481,Tata Motors
04-12-2020,186.5,188.8,182.2,184.2,47995639,Tata Motors
07-12-2020,184.5,186.5,182.7,183.6,29802472,Tata Motors
08-12-2020,185,185.7,179,181.8,42143391,Tata Motors
09-12-2020,183,186.4,181.7,182.7,40300535,Tata Motors
10-12-2020,182.7,182.7,176.4,177.6,38368777,Tata Motors
11-12-2020,178,181.5,176.5,178.9,43065542,Tata Motors
14-12-2020,181,181.5,176.7,177.7,33186273,Tata Motors
15-12-2020,176.5,179.7,173.3,178.9,41190341,Tata Motors
16-12-2020,181,183.8,180.1,182.6,51259394,Tata Motors
17-12-2020,184,184,180.7,181.7,34101954,Tata Motors
18-12-2020,180.9,181.5,176.7,180.6,46065197,Tata Motors
21-12-2020,176,177.6,162.5,164.6,75582907,Tata Motors
22-12-2020,164.6,169.2,156.7,165,110009846,Tata Motors
23-12-2020,165,169.7,163.4,169.2,56930071,Tata Motors
24-12-2020,172,178,172,176,73831319,Tata Motors
28-12-2020,179.9,187.4,179,186.4,98012135,Tata Motors
29-12-2020,187.9,188.5,181.1,183.5,71318085,Tata Motors
30-12-2020,183.1,185.4,180.4,184.2,38576159,Tata Motors
31-12-2020,184.9,187.5,182.8,183.9,48978310,Tata Motors
01-01-2021,185,187,184.5,186.5,27334421,Tata Motors
04-01-2021,191.8,193,188.8,191.3,63980597,Tata Motors
05-01-2021,187.1,193.9,185.1,193.2,75752593,Tata Motors
06-01-2021,194.5,197.6,190.7,195.4,75621947,Tata Motors
07-01-2021,197,200.4,195.1,196.8,66024848,Tata Motors
08-01-2021,198.8,201.5,197.1,198.2,53991568,Tata Motors
11-01-2021,199.9,225.4,199.7,220.7,182483100,Tata Motors
12-01-2021,227,252.4,224.1,237.8,390577839,Tata Motors
13-01-2021,242.9,248.8,238.4,242.6,164649387,Tata Motors
14-01-2021,242.9,249.8,238.6,245.1,86819519,Tata Motors
15-01-2021,246,264.7,242.6,260.3,250038029,Tata Motors
18-01-2021,261.7,262.5,241.2,246,173383224,Tata Motors
19-01-2021,251.5,261.7,251.3,258.7,136861059,Tata Motors
20-01-2021,260,277.5,258.9,274.9,205145151,Tata Motors
21-01-2021,281,299,280,290.6,283614463,Tata Motors
22-01-2021,296,306.9,278.4,289.4,316008609,Tata Motors
25-01-2021,296.9,299.5,277.4,279.2,164346913,Tata Motors
27-01-2021,274.9,275,265.7,267.5,126586833,Tata Motors
28-01-2021,260.1,273.4,259.1,266.8,129156876,Tata Motors
29-01-2021,273,278.8,260.6,262.7,138442348,Tata Motors
01-02-2021,269.8,282,255.4,279.6,165655500,Tata Motors
02-02-2021,293.6,328.9,290.4,322,251965965,Tata Motors
03-02-2021,339.2,341.9,326.2,331,224190114,Tata Motors
04-02-2021,329,334.5,322.5,326.2,121033002,Tata Motors
05-02-2021,327.6,330,312.6,315.9,103512235,Tata Motors
08-02-2021,318.8,339.3,318,336,102123614,Tata Motors
09-02-2021,337,338.5,322.2,325.1,105981081,Tata Motors
10-02-2021,326,332.7,319.5,328.9,93466949,Tata Motors
11-02-2021,326.5,331.4,323.4,325,55257166,Tata Motors
12-02-2021,326.4,330.5,321.3,325.4,64093642,Tata Motors
15-02-2021,329.9,335.8,324,333.4,78680452,Tata Motors
16-02-2021,335.5,337.9,327.5,329.2,65943843,Tata Motors
17-02-2021,326.9,334.3,325.5,330.2,52150941,Tata Motors
18-02-2021,331.5,331.8,321.1,323.9,49204247,Tata Motors
19-02-2021,322,322,301.4,311.9,80274683,Tata Motors
22-02-2021,312.5,313.9,302.2,304.5,57723298,Tata Motors
23-02-2021,308.5,328.9,308.5,324,133310157,Tata Motors
24-02-2021,325,330,316.5,321.7,50821757,Tata Motors
25-02-2021,325.4,334.7,323.3,333.2,64514912,Tata Motors
26-02-2021,323,333,318.9,323,91901339,Tata Motors
01-03-2021,330,331.9,322.7,328.3,61190868,Tata Motors
02-03-2021,331.1,347.2,326.5,345.8,127708761,Tata Motors
03-03-2021,348.7,357,346.5,348.5,92006451,Tata Motors
04-03-2021,339,345.4,337.3,339.2,59863169,Tata Motors
05-03-2021,333,337.9,319.7,325.2,86738909,Tata Motors
08-03-2021,331.8,331.8,318.8,321.3,81925952,Tata Motors
09-03-2021,325,328.4,309.6,315.2,74702208,Tata Motors
10-03-2021,319.5,324.5,316.7,321.5,58643853,Tata Motors
12-03-2021,325.1,326.5,314.2,317.6,48360842,Tata Motors
15-03-2021,320,320.4,310.1,318.6,45083228,Tata Motors
16-03-2021,321,321.9,315.1,320,39267404,Tata Motors
17-03-2021,318.6,320,304,305.8,47262481,Tata Motors
18-03-2021,311,316.6,299.8,307,73731921,Tata Motors
19-03-2021,303.5,311,290.2,309,109932681,Tata Motors
22-03-2021,306.5,307.5,300.1,303.1,56385019,Tata Motors
23-03-2021,305,312.3,304,307.4,60240483,Tata Motors
24-03-2021,303.6,305,293.2,294.5,61523819,Tata Motors
25-03-2021,294,294,282.3,285.6,84528317,Tata Motors
26-03-2021,290.5,301.4,290.5,296.4,80924011,Tata Motors
30-03-2021,300.5,301.3,292.7,297.1,45257627,Tata Motors
31-03-2021,299,307.5,297.5,301.8,58569012,Tata Motors
01-04-2021,306.8,309.9,303.1,307.8,44088352,Tata Motors
05-04-2021,306.8,311.7,297.2,305.1,66178755,Tata Motors
06-04-2021,306.2,313.8,304.8,307.8,63031783,Tata Motors
07-04-2021,306.8,310.7,305.1,307.8,39073986,Tata Motors
08-04-2021,307.9,319.8,307.5,314,62459774,Tata Motors
09-04-2021,313.2,325,312.5,318.2,75462572,Tata Motors
12-04-2021,307.9,307.9,282.9,286.6,105342538,Tata Motors
13-04-2021,287.3,304.6,280.6,302.9,116874853,Tata Motors
15-04-2021,303,307.6,296.5,303.5,75262749,Tata Motors
16-04-2021,302,315,300.2,310,75330709,Tata Motors
19-04-2021,295,304.5,292.8,301.4,65791784,Tata Motors
20-04-2021,307.7,308.2,294.2,298.1,56740291,Tata Motors
22-04-2021,294,302.5,292.2,294.6,61022978,Tata Motors
23-04-2021,291,300,290.5,294,58158986,Tata Motors
26-04-2021,297,299,294.6,295.4,30583139,Tata Motors
27-04-2021,295.7,302.5,295.1,301.5,35040532,Tata Motors
28-04-2021,303.5,309.5,303,305.9,44668126,Tata Motors
29-04-2021,308.9,310,301.3,301.9,36647292,Tata Motors
30-04-2021,298.2,301.3,292.6,293.9,36121668,Tata Motors
03-05-2021,289.3,294.8,285,293,35376618,Tata Motors
04-05-2021,296.4,299.8,288.1,289.5,38640006,Tata Motors
05-05-2021,293.5,293.9,288.5,291.5,29350536,Tata Motors
06-05-2021,291.5,302,290.3,301.3,45032502,Tata Motors
07-05-2021,303,306,300.5,302.8,41591323,Tata Motors
10-05-2021,304.5,315.7,304,314.9,53260388,Tata Motors
11-05-2021,309.6,320.8,308.1,315.6,58472304,Tata Motors
12-05-2021,318.3,334.8,316.3,326,111584920,Tata Motors
14-05-2021,329.4,329.5,310,312.3,81305325,Tata Motors
17-05-2021,315.4,323.9,311.4,321.1,51162423,Tata Motors
18-05-2021,326,336.7,324,332.5,86153088,Tata Motors
19-05-2021,313,323,312.1,314.5,119407026,Tata Motors
20-05-2021,316,316.6,306.1,307.7,54043899,Tata Motors
21-05-2021,312,315.7,309.5,313.1,40358753,Tata Motors
24-05-2021,314.8,315.8,310.2,311.9,31963997,Tata Motors
25-05-2021,315.6,319,313.9,315.3,37382263,Tata Motors
26-05-2021,316.1,320,314.8,315.5,28639717,Tata Motors
27-05-2021,317.1,323.5,316.6,318.6,49484106,Tata Motors
28-05-2021,322.7,324.5,316.5,318.8,26618815,Tata Motors
31-05-2021,318.7,319.8,312.1,318.8,30917309,Tata Motors
01-06-2021,319.2,325.7,317.3,318.1,32595728,Tata Motors
02-06-2021,316,324.4,315.6,323,26323777,Tata Motors
03-06-2021,325.3,327.7,323.7,325.7,21408371,Tata Motors
04-06-2021,325.2,336.9,324.3,335,41278749,Tata Motors
07-06-2021,339.8,351,339.8,345.5,64986814,Tata Motors
08-06-2021,346.3,356.7,337.5,352.8,44104954,Tata Motors
09-06-2021,356.2,358.9,339.8,343.4,59334814,Tata Motors
10-06-2021,345.2,347.9,342.4,344.8,24351860,Tata Motors
11-06-2021,346,352.9,344.4,350.8,36441967,Tata Motors
14-06-2021,350.1,357.9,341.1,356,38482142,Tata Motors
15-06-2021,355.8,360.8,351.5,352.7,35526159,Tata Motors
16-06-2021,350.1,356,348.1,349.4,27550588,Tata Motors
17-06-2021,348.4,352.9,342.3,345.7,29236974,Tata Motors
18-06-2021,345.7,346.9,329,337.4,49440514,Tata Motors
21-06-2021,330.9,335.8,326.2,334.3,29123887,Tata Motors
22-06-2021,337.1,344.3,336.2,337.9,26708459,Tata Motors
23-06-2021,341,343.3,334.3,335.3,25741628,Tata Motors
24-06-2021,335,337.4,333.4,334.7,15580223,Tata Motors
25-06-2021,335.9,342.8,335.9,339.7,22426352,Tata Motors
28-06-2021,340.8,345,337.6,342.8,17843975,Tata Motors
29-06-2021,342.7,346.5,339.6,341.6,22462297,Tata Motors
30-06-2021,342,345.4,338.9,339.6,18277841,Tata Motors
01-07-2021,341.5,347.4,341.2,344.3,27944816,Tata Motors
02-07-2021,345.3,345.6,340.5,344.9,18304387,Tata Motors
05-07-2021,347.1,350.1,344,346.1,18399524,Tata Motors
06-07-2021,348,358.2,311.5,316.9,164083830,Tata Motors
07-07-2021,316,319.1,306.3,317.1,112183313,Tata Motors
08-07-2021,314.8,314.8,305,306.4,87360324,Tata Motors
09-07-2021,305.8,308.9,301.9,306.3,48807214,Tata Motors
12-07-2021,310.8,312,306.1,307.5,32282319,Tata Motors
13-07-2021,310,312.3,308.2,311,25736308,Tata Motors
14-07-2021,310,313.3,308.7,309.6,21863250,Tata Motors
15-07-2021,310.5,312.9,307.6,310.3,23617599,Tata Motors
16-07-2021,311.1,315.5,310.5,311.3,25148606,Tata Motors
19-07-2021,309,310.3,306,308.9,21346348,Tata Motors
20-07-2021,307,308,301.1,302.2,27672567,Tata Motors
22-07-2021,305.5,307.5,301.1,302.6,21338361,Tata Motors
23-07-2021,300.5,301.9,295,295.6,33435130,Tata Motors
26-07-2021,295,297,291,293.2,27502360,Tata Motors
27-07-2021,293,297.7,288.6,291.4,55132877,Tata Motors
28-07-2021,290,290.9,283.6,284.5,36139725,Tata Motors
29-07-2021,287.6,295.4,287.6,292.9,57733359,Tata Motors
30-07-2021,294,300,293.3,294,30589609,Tata Motors
02-08-2021,299.2,299.4,295.6,296.9,19273390,Tata Motors
03-08-2021,298.5,304.5,297.7,303.7,31063992,Tata Motors
04-08-2021,304.8,306.5,297.2,298.2,26186248,Tata Motors
05-08-2021,295.5,300.9,292.8,299.7,20704901,Tata Motors
06-08-2021,300.1,303.4,297.7,300.1,16001898,Tata Motors
09-08-2021,300.8,304.2,296.1,298.1,16985859,Tata Motors
10-08-2021,297.9,300.2,291,294.2,15173990,Tata Motors
11-08-2021,295.3,297.8,286.5,295.5,20802022,Tata Motors
12-08-2021,297.3,307.4,297.3,306,33652880,Tata Motors
13-08-2021,308.8,311.5,303.1,307.3,34922863,Tata Motors
16-08-2021,306,307.9,303.1,303.7,14348786,Tata Motors
17-08-2021,302.8,302.8,292.8,297.7,25539214,Tata Motors
18-08-2021,296.9,297.8,292.6,293.4,18004320,Tata Motors
20-08-2021,289.5,290.7,281,283.1,32578752,Tata Motors
23-08-2021,287.2,288.3,275,277,24498294,Tata Motors
24-08-2021,278.5,281.5,268.5,279.8,37589121,Tata Motors
25-08-2021,282.8,289.2,282.5,284.4,31538128,Tata Motors
26-08-2021,284.9,287.4,281.7,284.3,17864053,Tata Motors
27-08-2021,282.9,286.8,281.7,285.8,13477390,Tata Motors
30-08-2021,290.1,293.5,289.9,292,17217097,Tata Motors
31-08-2021,291.8,292,286.1,287.3,36951003,Tata Motors
01-09-2021,289,297.4,287.3,295.3,33103168,Tata Motors
02-09-2021,295.3,296.3,291.7,293.2,14907001,Tata Motors
03-09-2021,292.5,296.5,292,295.6,16594135,Tata Motors
06-09-2021,297.5,299,296,297.5,16622865,Tata Motors
07-09-2021,297.4,297.8,290.9,294.6,14325904,Tata Motors
08-09-2021,293.5,298.8,291.6,295.3,14920479,Tata Motors
09-09-2021,294,303.5,293.6,299,34020970,Tata Motors
13-09-2021,299,302,295.5,301.2,16339860,Tata Motors
14-09-2021,302.3,307.2,302.2,306.1,23234649,Tata Motors
15-09-2021,306.1,313,306.1,312,26808872,Tata Motors
16-09-2021,313.4,315,307.7,311.7,26249369,Tata Motors
17-09-2021,312,315.4,306,308.6,24972069,Tata Motors
20-09-2021,304.9,310.3,297.3,299,19632688,Tata Motors
21-09-2021,298.6,302.7,293.1,302,19439330,Tata Motors
22-09-2021,303.2,313.8,303,310.1,29545253,Tata Motors
23-09-2021,313.2,324,313.2,321.5,52701665,Tata Motors
24-09-2021,325.1,327,316.1,318,28901243,Tata Motors
27-09-2021,323.2,333.6,323.2,331.7,56305136,Tata Motors
28-09-2021,334,336,324.5,329.3,28497009,Tata Motors
29-09-2021,325,333,324,330.3,19740150,Tata Motors
30-09-2021,331.3,337.9,329.1,333.4,30268517,Tata Motors
01-10-2021,332.7,337.3,325.7,333.3,29877695,Tata Motors
04-10-2021,336.8,343.3,335.2,342,29553072,Tata Motors
05-10-2021,340.5,351.5,338.9,345,31861985,Tata Motors
06-10-2021,347,348.7,335,336.1,25272592,Tata Motors
07-10-2021,341.1,383,339.3,376.5,163238084,Tata Motors
08-10-2021,385.9,397.6,380,383,93728117,Tata Motors
11-10-2021,390.2,420.9,388,415.8,113404983,Tata Motors
12-10-2021,423,435.7,413.6,420.9,97349265,Tata Motors
13-10-2021,462.9,523.9,462.9,506.9,197949387,Tata Motors
14-10-2021,530,530,492,497.6,103630901,Tata Motors
18-10-2021,507,525,503.6,509.6,72322623,Tata Motors
19-10-2021,512.5,517.4,476.1,481.9,57428637,Tata Motors
20-10-2021,481.8,497,471.3,486.9,55444814,Tata Motors
21-10-2021,491.8,510.4,485.8,508,52608672,Tata Motors
22-10-2021,509.9,510.7,487.4,490.9,42742785,Tata Motors
25-10-2021,493.9,496,473.3,479.9,33107841,Tata Motors
26-10-2021,483.5,510,483.3,508.7,58027770,Tata Motors
27-10-2021,505.8,506.6,496,497.9,30361263,Tata Motors
28-10-2021,493.9,493.9,478.6,481.1,25182748,Tata Motors
29-10-2021,482,491.6,467.7,483.7,31054342,Tata Motors
01-11-2021,486.5,489.7,469.8,485.7,34315690,Tata Motors
02-11-2021,506.5,510,486.5,487.9,51580720,Tata Motors
03-11-2021,483.8,495,481.6,484.9,22950198,Tata Motors
04-11-2021,489.8,493.6,488,489.7,5531940,Tata Motors
08-11-2021,493.9,504.9,490.3,501.4,31736426,Tata Motors
09-11-2021,505,520.7,503.5,509.7,50458762,Tata Motors
10-11-2021,506.3,516,500.2,510.8,26615777,Tata Motors
11-11-2021,510,519,501,503.5,29256213,Tata Motors
12-11-2021,507,509.6,497.4,507.1,20731808,Tata Motors
15-11-2021,506.3,514.9,504.5,505.5,18014977,Tata Motors
16-11-2021,506.9,526.9,506.2,519.1,55897781,Tata Motors
17-11-2021,520.3,536.7,520.3,530.2,48463415,Tata Motors
18-11-2021,531.5,534.2,501.3,509.7,47197742,Tata Motors
22-11-2021,512.3,512.3,478.4,486.1,40044849,Tata Motors
23-11-2021,484.4,499.4,477,495.5,27553684,Tata Motors
24-11-2021,499,501.8,485.3,488.7,20915837,Tata Motors
25-11-2021,490.8,495.2,486.5,492.8,15336539,Tata Motors
26-11-2021,486,486.8,458,460.2,51787989,Tata Motors
29-11-2021,457,470.8,443.1,461.5,42819150,Tata Motors
30-11-2021,466.6,478,455.7,458.6,35471800,Tata Motors
01-12-2021,467.9,478.4,463.6,475.3,28256188,Tata Motors
02-12-2021,479.4,480.5,471.7,479.1,21012008,Tata Motors
03-12-2021,480,484.7,477.3,480.1,20948900,Tata Motors
06-12-2021,480.1,480.9,466,467.2,17473075,Tata Motors
07-12-2021,476.9,484.9,471,481.8,21280797,Tata Motors
08-12-2021,484.5,496,483.5,493.9,20581817,Tata Motors
09-12-2021,498,498.5,489.6,494,16951593,Tata Motors
10-12-2021,487.8,496.8,486.6,494.5,14567815,Tata Motors
13-12-2021,499.5,506.4,494.2,495.4,21921272,Tata Motors
14-12-2021,492,492,483.3,489.4,17722547,Tata Motors
15-12-2021,487.8,497.7,487.3,491.7,16263723,Tata Motors
16-12-2021,495,496.5,487.4,492,13581352,Tata Motors
17-12-2021,488,488.9,468.2,470.2,27341178,Tata Motors
20-12-2021,459.9,460,440,447.1,33007516,Tata Motors
21-12-2021,452.1,460.9,449.9,453.6,18838054,Tata Motors
22-12-2021,458.2,472.2,458.2,470.5,22730750,Tata Motors
23-12-2021,476,478,471,472.4,12116814,Tata Motors
24-12-2021,474.9,474.9,460,467.6,15487368,Tata Motors
27-12-2021,465.7,472.5,460.1,471.2,12557565,Tata Motors
28-12-2021,475.2,482.8,472.7,480.2,22860916,Tata Motors
29-12-2021,478.8,481.6,474.3,476,10263884,Tata Motors
30-12-2021,472.6,476.4,468.6,470.4,11923961,Tata Motors
31-12-2021,472.7,483.6,471.9,482.4,15541446,Tata Motors
03-01-2022,493.5,500.9,492,497.6,32748423,Tata Motors
04-01-2022,496.8,499,484.1,489.6,24100985,Tata Motors
05-01-2022,487,492.8,483.6,489.8,15420105,Tata Motors
06-01-2022,481.5,493,477.1,488.9,16563230,Tata Motors
07-01-2022,490.1,495.5,483.8,490.6,15532165,Tata Motors
10-01-2022,493.1,504.9,491.3,503.7,25193771,Tata Motors
11-01-2022,503,507.9,498.2,501.3,16269193,Tata Motors
12-01-2022,505.9,511.9,503.5,507.3,16255334,Tata Motors
13-01-2022,504,513.8,494.8,512,27572553,Tata Motors
14-01-2022,509,515.4,505.7,509.9,12655602,Tata Motors
17-01-2022,514.8,526.9,512,525,27942414,Tata Motors
18-01-2022,527.9,528.5,507.2,510.8,19353195,Tata Motors
19-01-2022,510,522.2,504.8,520.9,21799071,Tata Motors
20-01-2022,520,523.2,512,515.7,18364451,Tata Motors
21-01-2022,510.4,513.9,494.3,501.9,17946821,Tata Motors
24-01-2022,499.7,504.3,473.4,478.5,25228959,Tata Motors
25-01-2022,473.8,492.5,467.7,490.6,22565698,Tata Motors
27-01-2022,480.8,502.7,476.6,494.4,26676094,Tata Motors
28-01-2022,500.5,509.4,495.3,497.3,21784640,Tata Motors
31-01-2022,505,520,498.2,517.8,27306578,Tata Motors
01-02-2022,508,514.8,493,504.3,48030231,Tata Motors
02-02-2022,508.6,514.5,505.2,506.4,14311040,Tata Motors
03-02-2022,509.1,514.3,502.9,504.5,15249245,Tata Motors
04-02-2022,503.8,507.8,499,500.6,12663199,Tata Motors
07-02-2022,502.9,504.4,492.5,494.6,13392910,Tata Motors
08-02-2022,498,498.5,479.2,492.8,23378623,Tata Motors
09-02-2022,496.5,503.7,494.7,501.3,12430730,Tata Motors
10-02-2022,506.7,510.5,504.2,507.5,14537945,Tata Motors
11-02-2022,503.3,507,497,498.9,13534899,Tata Motors
14-02-2022,487,488.5,468.8,471.5,22157389,Tata Motors
15-02-2022,476.2,505.5,467.3,504,30623088,Tata Motors
16-02-2022,504,507.9,496.6,498.5,20176993,Tata Motors
17-02-2022,505.9,511.5,498.3,500,27943077,Tata Motors
18-02-2022,498,502.7,491.5,493.2,15476803,Tata Motors
21-02-2022,490.2,500.4,486.1,494.5,22592161,Tata Motors
22-02-2022,480.6,486.3,471.5,478.3,27957544,Tata Motors
23-02-2022,481.8,485.4,475.3,477,17703998,Tata Motors
24-02-2022,456,461.6,405.5,428,57265685,Tata Motors
25-02-2022,444.9,465.7,441.6,459.8,48876182,Tata Motors
28-02-2022,445,457.4,440.5,454.1,34475468,Tata Motors
02-03-2022,453,454.3,444.6,447.6,25791134,Tata Motors
03-03-2022,458.5,458.5,435,437.1,29599672,Tata Motors
04-03-2022,431.9,431.9,414.8,417.3,38765185,Tata Motors
07-03-2022,401.8,401.8,387.5,394,44836205,Tata Motors
08-03-2022,390.5,395.5,376.4,391.8,55543383,Tata Motors
09-03-2022,395,409.3,389.5,405.9,48376222,Tata Motors
10-03-2022,427,435,414,419.6,59776817,Tata Motors
11-03-2022,413.6,421.2,407.4,418.2,51510243,Tata Motors
14-03-2022,418.8,419,404,411.7,40721277,Tata Motors
15-03-2022,409.9,424.2,408,413.7,47706136,Tata Motors
16-03-2022,427.1,428.6,420.7,424.9,27191170,Tata Motors
17-03-2022,432,435.7,429.6,433.8,26704541,Tata Motors
21-03-2022,435.5,436.3,427.1,428,18270995,Tata Motors
22-03-2022,428.1,441.5,421.2,440.4,30441493,Tata Motors
23-03-2022,443.5,447,434.6,435.8,25466395,Tata Motors
24-03-2022,430,435.4,427.6,433.2,17109723,Tata Motors
25-03-2022,437,437,427.7,432.1,15104414,Tata Motors
28-03-2022,432,435,426.5,432.7,16757901,Tata Motors
29-03-2022,436,439.4,431.4,433.7,18710736,Tata Motors
30-03-2022,438.5,442.5,434.3,435.7,18149488,Tata Motors
31-03-2022,436,438.3,432.6,433.8,14248045,Tata Motors
01-04-2022,434,442.3,430.9,441.2,19380324,Tata Motors
04-04-2022,444.4,449.5,441.3,446.8,18657201,Tata Motors
05-04-2022,450,461.9,448.3,458.1,28530470,Tata Motors
06-04-2022,455.9,462.7,452.6,456.2,24974477,Tata Motors
07-04-2022,456.5,459.1,448.5,449.5,19950241,Tata Motors
08-04-2022,450,456.3,449.7,452.1,16315704,Tata Motors
11-04-2022,457,458.9,451,452.1,14339854,Tata Motors
12-04-2022,450.8,450.8,435,438.3,22698696,Tata Motors
13-04-2022,441.8,442.9,430.1,431.1,16817981,Tata Motors
18-04-2022,430,436.4,423.7,433.8,15298361,Tata Motors
19-04-2022,436.8,440.3,417,425,12669041,Tata Motors
20-04-2022,431,441.7,428.3,440.6,19639290,Tata Motors
21-04-2022,444.5,449.4,441.1,448.1,14124872,Tata Motors
22-04-2022,442.1,447.3,438,438.9,14362036,Tata Motors
25-04-2022,432.8,436,423.2,425.2,14729009,Tata Motors
26-04-2022,433.9,437.5,431.6,434.9,13577513,Tata Motors
27-04-2022,429.3,433,425.1,430.3,13701069,Tata Motors
28-04-2022,434.8,439.2,430.8,436.1,13875650,Tata Motors
29-04-2022,440.2,447.8,436,437.6,21991752,Tata Motors
02-05-2022,438,443,428.5,432.9,18945234,Tata Motors
04-05-2022,438,440.6,420.7,423.5,14934742,Tata Motors
05-05-2022,429,434,423.7,426.3,12240729,Tata Motors
06-05-2022,418.9,420.2,407,408.6,25142225,Tata Motors
09-05-2022,407.2,407.4,395,404,18076956,Tata Motors
10-05-2022,400,408.5,389.6,391.8,16540303,Tata Motors
11-05-2022,396,397,377.6,388.2,29215175,Tata Motors
12-05-2022,382,384.7,366.2,372.3,33511538,Tata Motors
13-05-2022,387,419.4,387,404.3,71425747,Tata Motors
16-05-2022,411.9,411.9,396.3,405.4,24938704,Tata Motors
17-05-2022,408.4,425.7,405,424.2,24651585,Tata Motors
18-05-2022,424,427.4,414.1,415.2,20490516,Tata Motors
19-05-2022,400,406.8,396.2,398.7,17706724,Tata Motors
20-05-2022,410,421.4,410,418,23504236,Tata Motors
23-05-2022,421.7,431.2,419.6,421.5,16345308,Tata Motors
24-05-2022,423.9,427.5,416,425.8,14525617,Tata Motors
25-05-2022,428.5,429,413.5,417,13540006,Tata Motors
26-05-2022,422,422.7,405,420.7,17712299,Tata Motors
27-05-2022,426.1,433.3,425.2,429.6,16867431,Tata Motors
30-05-2022,437,445.2,436,442.4,18500266,Tata Motors
31-05-2022,444,449.5,440.4,443.6,22308219,Tata Motors
01-06-2022,445.1,446,439.6,444.6,11930669,Tata Motors
02-06-2022,445,445.6,435.7,439.2,12742438,Tata Motors
03-06-2022,444.9,445.1,430.5,431.9,12780122,Tata Motors
06-06-2022,427.9,434,424.6,432.4,11896105,Tata Motors
07-06-2022,432.5,438.2,429.1,435.9,11153869,Tata Motors
08-06-2022,438.7,440.4,432,435.7,12844475,Tata Motors
09-06-2022,431.9,435.7,426.1,428.5,13043367,Tata Motors
10-06-2022,423,428.9,422,428.1,11914234,Tata Motors
13-06-2022,414.9,418.2,405.6,406.7,17442641,Tata Motors
14-06-2022,403,411.9,397.7,405.2,19626627,Tata Motors
15-06-2022,410,416.4,407.5,414.1,15192826,Tata Motors
16-06-2022,420,420.9,390.1,393,22261032,Tata Motors
17-06-2022,388,394.5,382.7,389,24824899,Tata Motors
20-06-2022,390.6,393,376.7,382.7,17049013,Tata Motors
21-06-2022,389,399,387,397.6,14743366,Tata Motors
22-06-2022,396.4,397,390.5,393.1,12426604,Tata Motors
23-06-2022,396.3,409.9,394.6,407.2,26514004,Tata Motors
24-06-2022,410,412.9,406.2,409.3,14806456,Tata Motors
27-06-2022,417.6,419.5,412.4,414.5,12018949,Tata Motors
28-06-2022,411.3,418.2,409.2,417.1,13238339,Tata Motors
29-06-2022,412.1,419.9,411.6,417,13104313,Tata Motors
30-06-2022,418.3,424,410,411.8,20121916,Tata Motors
01-07-2022,410.7,414.6,402.3,412.7,14725989,Tata Motors
04-07-2022,411.6,414.9,405,408.5,11525133,Tata Motors
05-07-2022,415,418.8,410.2,412,16771012,Tata Motors
06-07-2022,414,417.3,410.7,416.4,12196920,Tata Motors
07-07-2022,419.9,433,419.3,430.9,17616800,Tata Motors
08-07-2022,436.3,443.9,429.3,441.6,23730027,Tata Motors
11-07-2022,438.1,441.2,433.5,437.1,12621150,Tata Motors
12-07-2022,433,435,428.2,430.6,9518822,Tata Motors
13-07-2022,432.7,435.9,425.7,427.1,10181698,Tata Motors
14-07-2022,428,431.3,423.3,428.1,10744547,Tata Motors
15-07-2022,430.7,441.8,429.7,440.2,15774084,Tata Motors
18-07-2022,444,453.8,443.2,450.9,21185764,Tata Motors
19-07-2022,446.8,451.9,444.5,449.1,11553440,Tata Motors
20-07-2022,454.4,460.8,451.8,453.5,17154184,Tata Motors
21-07-2022,453,455.5,450.1,454.9,10931800,Tata Motors
22-07-2022,456.6,460,452.3,454.9,10340910,Tata Motors
25-07-2022,456,457.6,446.3,449.6,12505062,Tata Motors
26-07-2022,448.7,448.7,439.8,441.2,11563528,Tata Motors
27-07-2022,441.2,445,436.1,444.1,10081023,Tata Motors
28-07-2022,440.3,449.3,427.4,442.3,36380444,Tata Motors
29-07-2022,445.2,452.7,445.2,449.6,16004096,Tata Motors
01-08-2022,452,481,451.1,479.2,43084536,Tata Motors
02-08-2022,478.9,479.9,469.3,476.3,19065689,Tata Motors
03-08-2022,475,476.3,459.6,467.8,19125906,Tata Motors
04-08-2022,473.2,474,456.5,468.9,18540405,Tata Motors
05-08-2022,468.9,472.9,464,465.3,11917799,Tata Motors
08-08-2022,466,471.9,464.5,468.3,10561754,Tata Motors
10-08-2022,470,477.2,463.4,475.6,13360759,Tata Motors
11-08-2022,482.6,485,475.6,476.7,12777503,Tata Motors
12-08-2022,475.8,481.5,470,477.6,13482890,Tata Motors
16-08-2022,479.6,491.4,478.2,489.9,16796376,Tata Motors
17-08-2022,490.9,494.4,484.2,485.4,15948755,Tata Motors
18-08-2022,484,486.8,479.3,484.8,12070974,Tata Motors
19-08-2022,486.8,488.1,468.1,471,16636593,Tata Motors
22-08-2022,468.5,469,452.6,454.6,15050653,Tata Motors
23-08-2022,449,462.1,447.6,460.5,17779238,Tata Motors
24-08-2022,459,464.9,457.7,463.2,12214113,Tata Motors
25-08-2022,466,468.8,457.4,459.2,11255809,Tata Motors
26-08-2022,465,470.5,464,465.1,11252560,Tata Motors
29-08-2022,451,456.9,450.2,453.4,11647725,Tata Motors
30-08-2022,458.7,472.4,457.1,471.1,14421066,Tata Motors
01-09-2022,462.5,474.4,462.2,466.9,13385159,Tata Motors
02-09-2022,470.9,471.8,460.2,461.8,10806707,Tata Motors
05-09-2022,459.8,464,457,459,9378108,Tata Motors
06-09-2022,462.7,463.7,456.6,457.8,9805875,Tata Motors
07-09-2022,453.2,456.5,443.7,445.9,20764508,Tata Motors
08-09-2022,452.5,452.6,440,442.2,19336014,Tata Motors
09-09-2022,447.5,449.7,440.6,445.9,14294289,Tata Motors
12-09-2022,447.7,453,447,451,8962633,Tata Motors
13-09-2022,454.3,459,453.6,456.8,10661280,Tata Motors
14-09-2022,447.6,454.7,447,450.2,10360461,Tata Motors
15-09-2022,452.4,455.9,446.1,447.3,10356713,Tata Motors
16-09-2022,446,446.4,429.1,432.5,20992324,Tata Motors
19-09-2022,431.5,431.6,424.1,425.5,15236142,Tata Motors
20-09-2022,430.6,443.4,430.6,434.3,17557661,Tata Motors
21-09-2022,434,436,425.5,427.7,10831068,Tata Motors
22-09-2022,425,434.6,422.6,432.2,13600786,Tata Motors
23-09-2022,431.9,431.9,420.6,423.1,13441609,Tata Motors
26-09-2022,416,417.9,393.2,397.5,33230938,Tata Motors
27-09-2022,403.9,404,390.4,398.8,21932747,Tata Motors
28-09-2022,394.9,406.6,392.9,399.1,18114880,Tata Motors
29-09-2022,411,413.3,399.6,402.3,20725995,Tata Motors
30-09-2022,398,408.3,392.5,404.6,20951277,Tata Motors
03-10-2022,405.5,406.6,395.5,397.7,20332430,Tata Motors
04-10-2022,406,409,402.9,407.9,12761425,Tata Motors
06-10-2022,409.6,417.7,409.5,414.1,12771199,Tata Motors
07-10-2022,413.4,414,408.7,412.2,10670854,Tata Motors
10-10-2022,403.4,403.4,393.1,396,32914630,Tata Motors
11-10-2022,397,399.5,391.3,393.4,14641301,Tata Motors
12-10-2022,394.6,398.2,391.1,396.6,14287344,Tata Motors
13-10-2022,396.6,403.5,394.6,399,12584114,Tata Motors
14-10-2022,407,409.2,395.3,396.3,12875470,Tata Motors
17-10-2022,394,398.9,392.5,396.1,9543556,Tata Motors
18-10-2022,401,406.7,400.7,404.3,14215544,Tata Motors
19-10-2022,406.2,407,397.3,399.1,8648435,Tata Motors
20-10-2022,397,399.9,393.1,398.1,10747183,Tata Motors
21-10-2022,397,402.3,394.7,398.1,10279618,Tata Motors
25-10-2022,404.4,410.5,403.2,404.6,17979661,Tata Motors
27-10-2022,408.6,411.7,404,407.7,14614841,Tata Motors
28-10-2022,408,411.2,406.1,409.9,12488938,Tata Motors
31-10-2022,414.4,416.3,411.6,412.8,9928218,Tata Motors
01-11-2022,414.9,422.4,412.8,421.4,17324893,Tata Motors
02-11-2022,423.1,425.1,420.2,422.2,12433578,Tata Motors
03-11-2022,419.4,423.3,414.5,416.3,10987519,Tata Motors
04-11-2022,418.2,426,416.9,425.4,12277023,Tata Motors
07-11-2022,428.3,437.5,428.3,435,15058076,Tata Motors
09-11-2022,439.2,441.2,432,433.2,14471443,Tata Motors
10-11-2022,420.5,420.6,409.2,412.2,26251660,Tata Motors
11-11-2022,420,425.5,414.7,423.5,19296401,Tata Motors
14-11-2022,424,437.7,423.5,433.7,17996083,Tata Motors
15-11-2022,434.9,438.5,434.1,437.2,10696024,Tata Motors
16-11-2022,437,438.2,429.6,431.6,8206169,Tata Motors
17-11-2022,422,427.6,419.6,423.2,15621809,Tata Motors
18-11-2022,424,426.5,421.2,423.8,9851962,Tata Motors
21-11-2022,425.6,427.6,420,421.1,9497812,Tata Motors
22-11-2022,421,426.4,420.5,424.7,6407614,Tata Motors
23-11-2022,426.9,429.3,422.9,424.1,6568241,Tata Motors
24-11-2022,424.5,425.3,420.7,423.4,6768613,Tata Motors
25-11-2022,425,435.2,424,433.2,18764073,Tata Motors
28-11-2022,435,440.4,432.4,433.3,10701208,Tata Motors
29-11-2022,432.5,437.9,429.6,433.2,8630105,Tata Motors
30-11-2022,435,441,433.3,439.4,14727892,Tata Motors
01-12-2022,443,443.6,436.9,438.3,8909310,Tata Motors
02-12-2022,439,441.2,435,435.4,8352658,Tata Motors
05-12-2022,435.5,437.5,427.8,428.8,12857807,Tata Motors
06-12-2022,428.8,431.4,425.4,427.1,8461831,Tata Motors
07-12-2022,428,428,419.1,420.1,12133315,Tata Motors
08-12-2022,421,421.4,415.4,417.2,9539923,Tata Motors
09-12-2022,419.3,421,409.6,413.3,9920219,Tata Motors
12-12-2022,412,416.9,408,414.2,8009229,Tata Motors
13-12-2022,420,421.5,417.3,418.5,9717894,Tata Motors
14-12-2022,420.6,421.4,417.4,417.9,6314883,Tata Motors
15-12-2022,418.9,422.8,415.7,416.7,7542601,Tata Motors
16-12-2022,417.4,427.8,413.1,421.6,50949198,Tata Motors
19-12-2022,421.9,422.9,415.5,418,9809103,Tata Motors
20-12-2022,418,418,408,410.5,12341042,Tata Motors
21-12-2022,412.6,414.4,401,402.6,11606059,Tata Motors
22-12-2022,404.1,404.7,390.2,394.5,14908929,Tata Motors
23-12-2022,390,390,377,378.4,19902886,Tata Motors
26-12-2022,380.3,390.7,375.2,384.8,16979026,Tata Motors
27-12-2022,390,397.5,388.5,394.2,14372461,Tata Motors
28-12-2022,394,395.9,390.4,391.3,8443917,Tata Motors
29-12-2022,389,390,383.1,385.9,15627403,Tata Motors
30-12-2022,391,392.2,387,388,9198673,Tata Motors
02-01-2023,392.5,396,391,394.8,10501357,Tata Motors
03-01-2023,396,398.4,393,393.9,9431220,Tata Motors
04-01-2023,394.8,394.8,385,385.6,16121049,Tata Motors
05-01-2023,387.9,388.8,382.5,386.9,10443908,Tata Motors
06-01-2023,386.1,388.4,381,382,8715469,Tata Motors
09-01-2023,386.4,392.7,385,389.5,14693099,Tata Motors
10-01-2023,400,417.8,400,412.9,54021379,Tata Motors
11-01-2023,415.8,420,413.6,418.2,22224361,Tata Motors
12-01-2023,420.3,420.5,410.1,412.3,12479034,Tata Motors
13-01-2023,413,416.4,408,411.5,10449630,Tata Motors
16-01-2023,413.5,414.9,407.6,413,11462140,Tata Motors
17-01-2023,413,419.5,412.5,415.3,12337969,Tata Motors
18-01-2023,415.9,416,407.5,408.4,13310316,Tata Motors
19-01-2023,406.5,407.8,400.1,400.8,13126520,Tata Motors
20-01-2023,404,412.5,401.2,403.2,23906114,Tata Motors
23-01-2023,407,411,405,408.4,13113183,Tata Motors
24-01-2023,410,424,410,422.2,30197475,Tata Motors
25-01-2023,423.8,427.3,417.7,419.1,22975581,Tata Motors
27-01-2023,438,453.4,435.2,445.6,63360467,Tata Motors
30-01-2023,445.6,450,437.7,443.7,18316743,Tata Motors
31-01-2023,443.7,454.8,440.9,452.1,25154475,Tata Motors
01-02-2023,456.8,461.5,437.7,446.7,23798589,Tata Motors
02-02-2023,446.8,449.2,440.7,444.8,11344554,Tata Motors
03-02-2023,447,450.8,442.4,445.5,13067403,Tata Motors
06-02-2023,444.5,447,439.6,442,6795084,Tata Motors
07-02-2023,441.7,443.4,432.9,435.5,9023645,Tata Motors
08-02-2023,435.5,441,431.6,440.1,8668267,Tata Motors
09-02-2023,440,440.7,433.6,436.8,7349418,Tata Motors
10-02-2023,438,447.8,431.2,445.9,14798390,Tata Motors
13-02-2023,445.5,446.9,438.9,441.1,8333767,Tata Motors
14-02-2023,442,444.3,434.4,440.6,8565559,Tata Motors
15-02-2023,438.5,444.9,438.2,444.2,9857016,Tata Motors
16-02-2023,445,448.3,440.5,441.6,7670688,Tata Motors
17-02-2023,436,442.5,436,439.9,6955445,Tata Motors
20-02-2023,441.8,445.3,436.3,443,9717197,Tata Motors
21-02-2023,445.2,445.2,435.3,436.5,8957930,Tata Motors
22-02-2023,435.3,435.9,428.3,429.5,7209130,Tata Motors
23-02-2023,428.7,436.5,427.2,433.2,9278920,Tata Motors
24-02-2023,435.4,436.7,427,427.8,7895024,Tata Motors
27-02-2023,427.8,428.1,413.1,418,10438928,Tata Motors
28-02-2023,419,424.8,419,420.7,9652088,Tata Motors
01-03-2023,421.5,428,421.5,426,7595114,Tata Motors
02-03-2023,426,426.3,419.6,420.5,5661103,Tata Motors
03-03-2023,422.6,430.5,422,428,8027522,Tata Motors
06-03-2023,431,441.5,430,440.1,11307064,Tata Motors
08-03-2023,439,441.3,436.1,439.3,7850052,Tata Motors
09-03-2023,439.1,442.1,431.3,432.2,5696737,Tata Motors
10-03-2023,433,437.8,430.8,435.9,10417015,Tata Motors
13-03-2023,436.1,437,419.1,422.4,8780169,Tata Motors
14-03-2023,422.9,424.2,413.4,416.7,9189043,Tata Motors
15-03-2023,422,425,410.1,411.4,7681009,Tata Motors
16-03-2023,413.3,418.5,405,415.7,11854885,Tata Motors
17-03-2023,419,423.5,414.6,419,8658701,Tata Motors
20-03-2023,415.6,417,405.5,410.8,10075022,Tata Motors
21-03-2023,412.9,413.9,407.7,412.6,7391950,Tata Motors
22-03-2023,416,418.4,413.8,416.1,5728054,Tata Motors
23-03-2023,416,422.5,416,419.2,9817460,Tata Motors
24-03-2023,419,420.6,414.8,416.5,6877960,Tata Motors
27-03-2023,416,418.5,410.3,412.1,7433933,Tata Motors
28-03-2023,414.2,414.5,400.5,401.6,9553659,Tata Motors
29-03-2023,401.6,410.6,401.6,409.2,10478506,Tata Motors
31-03-2023,411.4,421.8,411,420.8,11037881,Tata Motors
03-04-2023,423,425,419.5,424.3,6948329,Tata Motors
05-04-2023,424.3,428.8,423.2,426.6,8821326,Tata Motors
06-04-2023,426.5,439.3,423.8,437.7,10907492,Tata Motors
10-04-2023,452.1,473.3,452,461.3,50462653,Tata Motors
11-04-2023,463.8,463.8,455.8,458.7,14495222,Tata Motors
12-04-2023,459.4,468.6,458.2,465.5,13552440,Tata Motors
13-04-2023,465,472,463.3,469.5,12733670,Tata Motors
17-04-2023,471,473,465.8,472.2,10710167,Tata Motors
18-04-2023,475,483.4,468.1,473,16140056,Tata Motors
19-04-2023,473,475.5,467.9,469.4,7368610,Tata Motors
20-04-2023,473.7,479.7,469.4,476.8,14264206,Tata Motors
21-04-2023,476.7,476.7,467.2,471.2,8478118,Tata Motors
24-04-2023,471.2,476,468.3,475.2,8020593,Tata Motors
25-04-2023,475.2,476.4,471.9,473.6,6888352,Tata Motors
26-04-2023,473,479.5,472.6,478.2,7791425,Tata Motors
27-04-2023,478.5,482,476.5,481.6,7085793,Tata Motors
28-04-2023,481.4,488,478.4,485,9947813,Tata Motors
02-05-2023,482.5,484,474.6,480.3,11542592,Tata Motors
03-05-2023,480.3,485.1,477.8,483.7,8529233,Tata Motors
04-05-2023,483.6,486.4,478.8,480.8,5650101,Tata Motors
05-05-2023,481.7,484.7,476.2,477.1,4830674,Tata Motors
08-05-2023,480,502.3,478.1,500.5,23515333,Tata Motors
09-05-2023,502,512.8,501.6,503.7,19818780,Tata Motors
10-05-2023,508,512.9,504.4,509.5,12481404,Tata Motors
11-05-2023,512,514.2,505.5,511.6,11454020,Tata Motors
12-05-2023,513.9,520.5,510.3,516,19766717,Tata Motors
15-05-2023,523.9,537.2,521.5,530.9,38270067,Tata Motors
16-05-2023,534,536,518.9,521.2,16514882,Tata Motors
17-05-2023,522.5,524,512.5,515.5,13684847,Tata Motors
18-05-2023,518.8,520.9,507.1,508.5,12293322,Tata Motors
19-05-2023,509.8,526.4,504.8,525,19343560,Tata Motors
22-05-2023,525,527,519.4,522.5,9978339,Tata Motors
23-05-2023,522.5,531,521.2,528.5,12256902,Tata Motors
24-05-2023,527.2,529.7,519.2,520.2,7648284,Tata Motors
25-05-2023,518,518,509.1,514.9,11543712,Tata Motors
26-05-2023,514.9,519.8,512.2,518.5,8360570,Tata Motors
29-05-2023,525,525.1,519.7,521.5,6596504,Tata Motors
30-05-2023,521.5,523.5,518,518.8,5134688,Tata Motors
31-05-2023,520,527.5,516.4,526.3,12327284,Tata Motors
01-06-2023,527.5,536.3,522.9,535.2,12511265,Tata Motors
02-06-2023,537,541.3,532.8,535.9,12294728,Tata Motors
05-06-2023,539,548.8,537.9,546.3,15008325,Tata Motors
06-06-2023,549.5,557,545.4,555.8,15395092,Tata Motors
07-06-2023,558.8,575,552.2,568,20855239,Tata Motors
08-06-2023,570,576.6,557,559.7,21527339,Tata Motors
09-06-2023,564.4,566.5,559.3,562.3,9361533,Tata Motors
12-06-2023,567,568.9,560.7,564.2,7599572,Tata Motors
13-06-2023,567.7,571.1,560.8,562.2,12845897,Tata Motors
14-06-2023,566,571.2,564,570.3,12713256,Tata Motors
15-06-2023,571.8,575,567.8,568.5,12475759,Tata Motors
16-06-2023,569.7,572.2,566.1,569.8,8736313,Tata Motors
19-06-2023,570.7,573.2,564.2,566.1,6280388,Tata Motors
20-06-2023,566.1,584,562.5,583.3,18074902,Tata Motors
21-06-2023,585,585.9,574.5,581.4,9146332,Tata Motors
22-06-2023,584,584.7,568.2,569.4,11229179,Tata Motors
23-06-2023,570,571.2,557.7,559.7,9362695,Tata Motors
26-06-2023,560,569,557.8,567.9,6986621,Tata Motors
27-06-2023,570,576.9,568.5,573.1,9404450,Tata Motors
28-06-2023,579,590,575.5,586.7,16720940,Tata Motors
30-06-2023,588.4,599,588,595.6,12488047,Tata Motors
03-07-2023,600,602.3,590,590.8,11131048,Tata Motors
04-07-2023,594.4,596.4,589.5,591.5,6917886,Tata Motors
05-07-2023,592,593,585,588.3,8715919,Tata Motors
06-07-2023,590.8,605,588.6,600.8,14356681,Tata Motors
07-07-2023,600,624.8,592.2,618.2,21066726,Tata Motors
10-07-2023,624,634.8,617.6,618.7,23802524,Tata Motors
11-07-2023,625,630.5,622.2,628.5,12051173,Tata Motors
12-07-2023,630,630.8,619.4,621.5,10785502,Tata Motors
13-07-2023,625,626.5,615.5,620.7,9689708,Tata Motors
14-07-2023,623,626,619.5,624.9,7010179,Tata Motors
17-07-2023,626.9,627,617.2,618.5,7580645,Tata Motors
18-07-2023,620.4,620.9,607,612.1,10359400,Tata Motors
19-07-2023,614,625.3,610.2,620.6,11128348,Tata Motors
20-07-2023,622.7,623.6,616.2,621.7,7834891,Tata Motors
21-07-2023,621,631,617.7,625.8,12914610,Tata Motors
24-07-2023,628,634.5,626.3,629.3,12247844,Tata Motors
25-07-2023,636,642.5,633.4,639.5,13988137,Tata Motors
26-07-2023,640,665.4,639,641.1,31673714,Tata Motors
27-07-2023,647,648.5,636.8,643.7,11696851,Tata Motors
28-07-2023,646,646,631.8,635.3,9299530,Tata Motors
31-07-2023,640.2,645.6,635.9,644.3,7502361,Tata Motors
01-08-2023,645,652.9,642,643.7,8924219,Tata Motors
02-08-2023,644,644.3,616.5,622.7,15762687,Tata Motors
03-08-2023,623,626.5,614.2,619,11458920,Tata Motors
04-08-2023,624.9,625,613.3,615,11806739,Tata Motors
07-08-2023,619,619,608.5,609.5,9893466,Tata Motors
08-08-2023,612.6,614.8,605.3,607.3,8863640,Tata Motors
09-08-2023,610.6,624,605.4,622.6,13362350,Tata Motors
10-08-2023,623,628.3,598,618.3,53116980,Tata Motors
11-08-2023,619.8,624.8,610,611.8,9347707,Tata Motors
14-08-2023,612,612,594.5,607.4,14492164,Tata Motors
16-08-2023,606.7,621.4,597.3,618.8,14562074,Tata Motors
17-08-2023,620,622,611,613.8,12119293,Tata Motors
18-08-2023,612.8,620.1,610.9,615.8,11190760,Tata Motors
21-08-2023,617,623.3,614.8,620.5,9580365,Tata Motors
22-08-2023,621.8,626.5,618.6,620.2,8534395,Tata Motors
23-08-2023,622.8,622.8,613.2,613.9,8248333,Tata Motors
24-08-2023,618,619,609.7,611,7096025,Tata Motors
25-08-2023,610.9,616.7,593.3,605.1,16075509,Tata Motors
28-08-2023,605.4,608.5,601.6,602.4,7479254,Tata Motors
29-08-2023,603.6,610.5,603.6,607.2,6956667,Tata Motors
30-08-2023,611.2,612.9,605,605.6,5676055,Tata Motors
31-08-2023,608.8,609.7,599.1,601,10544271,Tata Motors
01-09-2023,604.2,614.9,601.9,611.2,10297492,Tata Motors
04-09-2023,615.6,615.6,606,609,8392665,Tata Motors
05-09-2023,610,618.9,608.1,611.2,8560651,Tata Motors
06-09-2023,611.2,612.6,605.6,610.3,6520064,Tata Motors
07-09-2023,610.9,616.5,609.1,614.9,6520293,Tata Motors
08-09-2023,618,628.9,614.2,627.3,16190749,Tata Motors
11-09-2023,634.7,635.4,630.5,634.9,8780510,Tata Motors
12-09-2023,638,639,615.3,620.8,12541377,Tata Motors
13-09-2023,621,628.5,619.6,625.9,6988358,Tata Motors
14-09-2023,628.1,630.8,623.3,624.6,5722295,Tata Motors
15-09-2023,628.7,636.5,627.2,634.3,18917805,Tata Motors
18-09-2023,635.9,644.2,633.2,640.7,11108349,Tata Motors
20-09-2023,640.7,647,637,638.5,11777925,Tata Motors
21-09-2023,638.5,641.7,624,627.1,9266854,Tata Motors
22-09-2023,628,630.8,619,620.5,6551917,Tata Motors
25-09-2023,623.9,625.2,617.9,618.7,6390681,Tata Motors
26-09-2023,618.7,625.7,618,619.8,6271108,Tata Motors
27-09-2023,620,621.9,616.8,620.2,5960490,Tata Motors
28-09-2023,622.9,623.8,612.3,614.1,6768196,Tata Motors
29-09-2023,618.7,633,617,630.2,8969405,Tata Motors
03-10-2023,632.6,632.7,618.6,620.5,6894577,Tata Motors
04-10-2023,620.8,620.8,608.3,613.6,7612709,Tata Motors
05-10-2023,619,621.4,614.7,619.6,7893892,Tata Motors
06-10-2023,627,627.4,620,622.5,7922379,Tata Motors
09-10-2023,620.8,622,613.7,617.4,6381189,Tata Motors
10-10-2023,620,632.5,617.6,630.6,9833429,Tata Motors
11-10-2023,633,637.8,632.6,634,7701931,Tata Motors
12-10-2023,637,640.2,635.1,637,5928732,Tata Motors
13-10-2023,634,669,633,667.1,28011678,Tata Motors
16-10-2023,668.6,677.8,661.3,666.2,20005816,Tata Motors
17-10-2023,670,670.9,654.7,655.7,10263992,Tata Motors
18-10-2023,658.6,672.3,653.8,668.5,14908778,Tata Motors
19-10-2023,663,672.3,658.6,668.8,10633043,Tata Motors
20-10-2023,666.7,676.4,660.5,663.2,11759568,Tata Motors
23-10-2023,663.7,667.3,645,647.4,8564004,Tata Motors
25-10-2023,650,651.9,636.1,637.9,8229559,Tata Motors
26-10-2023,635,635.7,624.2,626.6,8889373,Tata Motors
27-10-2023,630,644,628.5,641.1,10232856,Tata Motors
30-10-2023,643.8,643.8,621.9,628.5,12786883,Tata Motors
31-10-2023,642,642,627.3,628.7,11395766,Tata Motors
01-11-2023,630,633.8,626.3,627.7,8785264,Tata Motors
02-11-2023,632,638.2,630.1,636.5,9934305,Tata Motors
03-11-2023,662,666,646.2,647.5,23087856,Tata Motors
06-11-2023,652.9,652.9,643.2,646.1,10801301,Tata Motors
07-11-2023,645,649.9,643.3,645,6588073,Tata Motors
08-11-2023,648,649.1,641.9,642.6,6551864,Tata Motors
09-11-2023,644,653.7,642.7,649.4,10155047,Tata Motors
10-11-2023,649.4,653,644,651.1,6425792,Tata Motors
13-11-2023,653,654,649.3,653.3,3279829,Tata Motors
15-11-2023,660,673.5,656.6,671.6,11324434,Tata Motors
16-11-2023,674,685.5,670.9,680.4,17501373,Tata Motors
17-11-2023,682.5,687.7,679.6,681.6,9563220,Tata Motors
20-11-2023,682,686.8,670.7,674.3,8324354,Tata Motors
21-11-2023,677,683.3,675,681.7,7291057,Tata Motors
22-11-2023,684,687.4,676.1,681.2,9279642,Tata Motors
23-11-2023,683.2,685.9,677.1,680,5885370,Tata Motors
24-11-2023,681.4,682,671.3,673.7,6951690,Tata Motors
28-11-2023,677.5,699.5,674.3,697.5,16015860,Tata Motors
29-11-2023,702.8,714.4,694.4,712.4,16122864,Tata Motors
30-11-2023,716.3,717.3,697,706.4,24275245,Tata Motors
01-12-2023,708,711,703,705.5,10565415,Tata Motors
04-12-2023,716,717,704.8,705.6,9348036,Tata Motors
05-12-2023,705.9,714.9,705,709,9601509,Tata Motors
06-12-2023,709.1,724.8,709,722.5,12148825,Tata Motors
07-12-2023,725,727.5,716,722,10451801,Tata Motors
08-12-2023,722.1,727.6,707.5,714.6,8557203,Tata Motors
11-12-2023,717.8,726.5,716.6,720.8,6403209,Tata Motors
12-12-2023,724.8,724.8,713,715.4,6461539,Tata Motors
13-12-2023,716,721.5,713.5,720.3,5807736,Tata Motors
14-12-2023,724,724.7,718.6,719.8,6732352,Tata Motors
15-12-2023,723.9,734,721.3,732.4,12082079,Tata Motors
18-12-2023,732.9,734.8,728.1,730.8,5450397,Tata Motors
19-12-2023,732.6,732.6,726,729,4511101,Tata Motors
20-12-2023,731,733,703.1,705.3,8107602,Tata Motors
21-12-2023,703,711.9,696.3,708.9,7702232,Tata Motors
22-12-2023,716.8,731,712,724.7,12062238,Tata Motors
26-12-2023,727.4,727.5,716.6,719.6,7229143,Tata Motors
27-12-2023,728,741.9,725.2,740.9,15052800,Tata Motors
28-12-2023,742.7,758,739.1,753.9,14906199,Tata Motors
29-12-2023,755,802.9,754,780,41170191,Tata Motors
01-01-2024,785,798.7,781.1,790.6,12570717,Tata Motors
02-01-2024,800.5,804,779,784.4,13791090,Tata Motors
03-01-2024,786.1,790,776.3,781.5,8559060,Tata Motors
04-01-2024,798,801.8,791.3,795.8,14298444,Tata Motors
05-01-2024,799,805.9,787.1,791,11091198,Tata Motors
08-01-2024,798.4,800.4,787.5,789.1,7668471,Tata Motors
09-01-2024,800,809.2,793.2,799.8,12872757,Tata Motors
10-01-2024,800,811,792.7,808.5,9980044,Tata Motors
11-01-2024,813.5,817.5,808.5,815.7,11075167,Tata Motors
12-01-2024,818.2,818.6,809.2,816.5,7664094,Tata Motors
15-01-2024,820,820.4,810.3,812.5,4835856,Tata Motors
16-01-2024,812.5,827,812.5,818.9,10159066,Tata Motors
17-01-2024,811,813.7,804,805.6,7895439,Tata Motors
18-01-2024,807,823,797,819.1,11500495,Tata Motors
19-01-2024,823.9,826,819.5,823.6,5706888,Tata Motors
23-01-2024,824.9,827.6,796.3,800.5,9436209,Tata Motors
24-01-2024,802.4,812,788.5,810.9,7217542,Tata Motors
25-01-2024,814,814.2,800.3,811.9,10109720,Tata Motors
29-01-2024,811.9,843.8,811.1,841,12823686,Tata Motors
30-01-2024,843,886,842.9,858.9,19734613,Tata Motors
31-01-2024,865.2,896.5,865.2,884.2,24562392,Tata Motors
01-02-2024,900,900.2,876.3,878.5,14505885,Tata Motors
02-02-2024,886,895.8,876.9,878.8,13003437,Tata Motors
05-02-2024,934,950,915.4,926.8,38686871,Tata Motors
06-02-2024,936.4,941.3,928.4,939.6,12714803,Tata Motors
07-02-2024,944,944,928.1,933.8,7913010,Tata Motors
08-02-2024,937,939.7,918.8,924.3,11576253,Tata Motors
09-02-2024,926,927.4,906.1,915,7904881,Tata Motors
12-02-2024,916.1,925,908,911.6,7286778,Tata Motors
13-02-2024,911.6,919.1,894,906.9,8574218,Tata Motors
14-02-2024,900,920,894.4,918.3,6570939,Tata Motors
15-02-2024,923.7,927,916.4,920.6,6430799,Tata Motors
16-02-2024,925,948.8,924.1,938.6,12826164,Tata Motors
19-02-2024,943,943,931.1,932.6,4632214,Tata Motors
20-02-2024,934.5,934.7,920.4,926.4,4733639,Tata Motors
21-02-2024,926.4,937.2,916.5,921.1,6011018,Tata Motors
22-02-2024,924.7,933.9,914.6,932.3,6437014,Tata Motors
23-02-2024,933.1,939.8,929.4,937.4,7047473,Tata Motors
26-02-2024,937.1,945,930.7,937,5600234,Tata Motors
27-02-2024,936.8,965,935.5,962.7,12810206,Tata Motors
28-02-2024,966.2,976,950.3,958.1,15219187,Tata Motors
29-02-2024,959,959.3,942.9,950.2,10346657,Tata Motors
01-03-2024,959,980.4,956.7,977.4,10645369,Tata Motors
04-03-2024,993.3,995,980.1,987.2,6084495,Tata Motors
05-03-2024,1027,1065.6,1005.4,1021.9,59811033,Tata Motors
06-03-2024,1025,1030.7,1009,1017.7,14214823,Tata Motors
07-03-2024,1025,1047,1014.1,1039.3,16877082,Tata Motors
11-03-2024,1034.8,1036,1021,1028,7502450,Tata Motors
12-03-2024,1027.8,1037,1011.3,1016.5,8763820,Tata Motors
13-03-2024,1019,1021,963.6,973.2,16564155,Tata Motors
14-03-2024,965,982,955.4,967.8,22931801,Tata Motors
15-03-2024,968.4,979.8,940,945.9,23390913,Tata Motors
18-03-2024,945.9,974.8,936.7,972.5,12121719,Tata Motors
19-03-2024,968.6,970.6,951.6,957.8,9483750,Tata Motors
20-03-2024,960.9,965.2,921.2,940.5,13900321,Tata Motors
21-03-2024,951,969.3,946,964.9,11074207,Tata Motors
22-03-2024,964.9,986.2,950.4,979.8,13638296,Tata Motors
26-03-2024,977,995,976,986.2,9461531,Tata Motors
27-03-2024,991.6,995,976.7,978.7,6640537,Tata Motors
28-03-2024,982.5,999.9,979,992.8,9862996,Tata Motors
01-04-2024,1000,1009.9,987.5,992.3,8629407,Tata Motors
02-04-2024,999,1008,993.4,1004.7,7995931,Tata Motors
03-04-2024,1004,1014.5,992.6,1009.2,8040366,Tata Motors
04-04-2024,1016,1017,998.2,1011.6,9138276,Tata Motors
05-04-2024,1011.6,1012.5,1004.4,1007.1,4519120,Tata Motors
08-04-2024,1010.1,1016.4,1004,1013.2,5188052,Tata Motors
09-04-2024,1021,1029.5,1005,1008.5,8539041,Tata Motors
10-04-2024,1012.3,1021,1010,1013.5,4554077,Tata Motors
12-04-2024,1014,1029,1013.5,1018.5,11575194,Tata Motors
15-04-2024,998.1,1007,978.5,998.8,12632409,Tata Motors
16-04-2024,990,1004.9,982.1,992.8,9574762,Tata Motors
18-04-2024,996.4,1003.1,966.3,971.4,13540490,Tata Motors
19-04-2024,964,968,944,963.2,15381310,Tata Motors
22-04-2024,978.8,978.8,966,973.6,7187959,Tata Motors
23-04-2024,976,994.5,974.1,986.8,7994116,Tata Motors
24-04-2024,992.4,995.9,988,991.7,4671450,Tata Motors
25-04-2024,992.5,1003.3,989.5,1001.3,8366455,Tata Motors
26-04-2024,1007.8,1009,996.6,999.5,7937500,Tata Motors
29-04-2024,1003.1,1005.8,999,1000.6,4764750,Tata Motors
30-04-2024,1005,1019.5,997.5,1007.9,9047011,Tata Motors
02-05-2024,1020,1030,1011.6,1027.8,12695047,Tata Motors
03-05-2024,1038,1040.2,996,1013.4,11871773,Tata Motors
06-05-2024,1015,1019.8,1005,1016.2,5724760,Tata Motors
07-05-2024,1016.2,1018,982.1,988.6,8877426,Tata Motors
08-05-2024,987,1015,977,1012.1,7519352,Tata Motors
09-05-2024,1011,1043.2,1007.3,1030.3,19189798,Tata Motors
10-05-2024,1037,1050.4,1030.4,1046.7,13383183,Tata Motors
13-05-2024,1005,1008.7,947.2,959.8,58974762,Tata Motors
14-05-2024,965.1,968,953.3,964.7,16325689,Tata Motors
15-05-2024,971,973,945.1,947.3,19668239,Tata Motors
16-05-2024,953.2,954.4,919,936.4,31240770,Tata Motors
17-05-2024,944,953.4,941,945.7,13205512,Tata Motors
21-05-2024,954,956.7,948.7,951.3,10055258,Tata Motors
22-05-2024,952,954.9,942.6,947.5,9495279,Tata Motors
23-05-2024,950,963.5,945.1,962.4,11211074,Tata Motors
24-05-2024,962.5,971,958,960.6,9590588,Tata Motors
27-05-2024,964.9,966.5,952,958.5,6916555,Tata Motors
28-05-2024,959,961.9,946,947.6,6618946,Tata Motors
29-05-2024,947,950.5,938.8,943.6,8184019,Tata Motors
30-05-2024,943.5,951.5,921,924,10170912,Tata Motors
31-05-2024,931.7,937.3,920.1,923,14289102,Tata Motors
03-06-2024,963,963,934,950.5,12314329,Tata Motors
04-06-2024,948,948,855.4,903.9,26554598,Tata Motors
05-06-2024,925,933.8,890,930,13752553,Tata Motors
06-06-2024,940,946,931.2,938.3,11792640,Tata Motors
07-06-2024,940,973,935.3,970.5,15577866,Tata Motors
10-06-2024,977,984.9,969.1,975.2,9258931,Tata Motors
11-06-2024,973.8,992.6,966.7,987.1,14828702,Tata Motors
12-06-2024,994.5,1010.3,987,988.7,17527993,Tata Motors
13-06-2024,1002,1002,980.8,985.9,12157226,Tata Motors
14-06-2024,990,997.3,981.4,993.4,11591421,Tata Motors
18-06-2024,1000,1003.6,984,985.9,9845075,Tata Motors
19-06-2024,990,994.9,975.2,977.4,7605719,Tata Motors
20-06-2024,980,988.4,976.4,978.3,7299571,Tata Motors
21-06-2024,979,980.9,958.1,961.8,14303735,Tata Motors
24-06-2024,960.9,963.5,950.1,958.1,6655577,Tata Motors
25-06-2024,960,962.9,949.3,955,7304128,Tata Motors
26-06-2024,956,962.5,950.1,951.9,6908988,Tata Motors
27-06-2024,952.5,974.9,948.1,972.1,19385412,Tata Motors
28-06-2024,975,998.5,972.6,989.8,23025267,Tata Motors
01-07-2024,989.8,1005.5,985.2,1002.1,14006105,Tata Motors
02-07-2024,1004.1,1005,979.1,981.3,12284132,Tata Motors
03-07-2024,985,987.4,973.5,975.7,7346258,Tata Motors
04-07-2024,984,1004,979.6,998.2,12139832,Tata Motors
05-07-2024,1005,1006.6,990,993.7,9050375,Tata Motors
08-07-2024,1005,1016.6,996.2,1002.6,13312085,Tata Motors
09-07-2024,1001,1017,998.1,1015,10948094,Tata Motors
10-07-2024,1015,1019.9,986.1,1005.5,13412206,Tata Motors
11-07-2024,1008,1025.5,1007.1,1020.8,11983571,Tata Motors
12-07-2024,1023.9,1025.9,1015,1016.8,7339644,Tata Motors
15-07-2024,1021.4,1029.8,1017.3,1024.5,5847297,Tata Motors
16-07-2024,1025.5,1029.6,1019.2,1021.2,4824555,Tata Motors
18-07-2024,1023,1027,1008,1024.6,8010324,Tata Motors
19-07-2024,1024,1024,986.7,990,7400178,Tata Motors
22-07-2024,990,1008,976.6,1003.2,7396198,Tata Motors
23-07-2024,1007.9,1008.7,967.2,1001.8,10384177,Tata Motors
24-07-2024,997.8,1034.3,995.2,1027.7,11469098,Tata Motors
25-07-2024,1029,1094,1024.4,1091,32766835,Tata Motors
26-07-2024,1112,1120.5,1083.6,1118.3,21232845,Tata Motors
29-07-2024,1124,1139.9,1118.6,1124,11850624,Tata Motors
30-07-2024,1125.8,1179,1118.6,1161.9,28592304,Tata Motors
31-07-2024,1164,1167.9,1145.3,1156.7,10860623,Tata Motors
01-08-2024,1167,1176,1136.5,1144.4,14375948,Tata Motors
02-08-2024,1120,1120,1090.1,1096.7,21967812,Tata Motors
05-08-2024,1060,1065,1014.1,1016.5,26651144,Tata Motors
06-08-2024,1030,1060.7,1008.4,1013.8,16726393,Tata Motors
07-08-2024,1036.1,1040.2,1015.1,1025.3,9978703,Tata Motors
08-08-2024,1035,1056.4,1027,1041.8,19529790,Tata Motors
09-08-2024,1055,1083,1052.1,1068.1,15443008,Tata Motors
12-08-2024,1065,1079.9,1055,1076.2,11311050,Tata Motors
13-08-2024,1074.9,1075.5,1048.2,1053.5,7508231,Tata Motors
14-08-2024,1057,1067.1,1047,1062.4,8211830,Tata Motors
16-08-2024,1072,1100,1070,1098.4,11435650,Tata Motors
19-08-2024,1105.9,1107,1085,1087.7,6911441,Tata Motors
20-08-2024,1097,1098.1,1082.1,1086.9,5625723,Tata Motors
21-08-2024,1089,1095.3,1083.3,1085.2,4869876,Tata Motors
22-08-2024,1090,1094.8,1065,1068.5,9377476,Tata Motors
23-08-2024,1073,1092.6,1071,1085.2,10179655,Tata Motors
26-08-2024,1089,1103.4,1082.9,1092.4,9415039,Tata Motors
27-08-2024,1093.1,1096.7,1075,1077.3,8813305,Tata Motors
28-08-2024,1083,1088.7,1070.1,1074.6,8145376,Tata Motors
29-08-2024,1079.1,1142,1066,1121.7,40658159,Tata Motors
30-08-2024,1114,1115,1097.5,1111.4,17647545,Tata Motors
02-09-2024,1105,1105,1087.4,1092.7,8116675,Tata Motors
03-09-2024,1097.6,1100,1082.2,1085.1,5088731,Tata Motors
04-09-2024,1079,1085,1072.1,1080.5,4665908,Tata Motors
05-09-2024,1081,1085.9,1067,1069.2,7900593,Tata Motors
06-09-2024,1068.8,1073,1040.5,1049.4,8717377,Tata Motors
09-09-2024,1049.4,1050,1026.3,1038.7,7206054,Tata Motors
10-09-2024,1049,1049,1032.2,1035.8,6919238,Tata Motors
11-09-2024,1000,1011.6,971.3,976.3,36140411,Tata Motors
12-09-2024,976.3,988,958,986.2,25675836,Tata Motors
13-09-2024,994.9,1006,988,992.1,13203676,Tata Motors
16-09-2024,997,999.9,984.5,988.4,5836274,Tata Motors
17-09-2024,995,995,960,975,44516613,Tata Motors
18-09-2024,978.2,983.7,957.2,962.1,12044431,Tata Motors
19-09-2024,970.4,979,956.4,967,13466770,Tata Motors
20-09-2024,967,977.5,949.2,970.9,16764981,Tata Motors
23-09-2024,973.5,979.2,966.1,971.8,10254297,Tata Motors
24-09-2024,974,985,972.6,977.3,12755422,Tata Motors
25-09-2024,982.4,982.5,959.3,963.6,12959075,Tata Motors
26-09-2024,970.8,995,965.6,993.2,21640021,Tata Motors
27-09-2024,996,1000.4,989.2,993,10360030,Tata Motors
30-09-2024,993,997,971.8,974.7,12225895,Tata Motors
01-10-2024,976.9,984.5,958.9,965.2,10085203,Tata Motors
03-10-2024,939,950.2,925,925.7,24418517,Tata Motors
04-10-2024,930,949.2,920,930.8,19187758,Tata Motors
07-10-2024,942,944.5,915,927.9,11772546,Tata Motors
08-10-2024,916,924.8,893.9,919.8,21177886,Tata Motors
09-10-2024,926.8,948.5,925.5,939.2,11557737,Tata Motors
10-10-2024,933.8,943.6,912.4,928.5,13249851,Tata Motors
11-10-2024,932,937,928.5,930.7,4459529,Tata Motors
14-10-2024,930,940,925.4,928.3,5740649,Tata Motors
15-10-2024,933,935.4,913,917.3,9058919,Tata Motors
16-10-2024,917.1,923,900,907.5,10298258,Tata Motors
17-10-2024,915,915,890.1,891.6,13864583,Tata Motors
18-10-2024,894.3,917.7,886.8,910.2,11527914,Tata Motors
21-10-2024,912.1,917.7,898.1,903.3,7390557,Tata Motors
22-10-2024,905,906.1,875.3,879.5,13617490,Tata Motors
23-10-2024,879,885.6,863.3,877.7,10553771,Tata Motors
24-10-2024,875.3,890,875.3,880,7233484,Tata Motors
25-10-2024,883.9,885.8,857.3,864.3,10873022,Tata Motors
28-10-2024,867.9,886.8,860.2,878.5,7106045,Tata Motors
29-10-2024,880.3,882.5,825.7,842.8,26818871,Tata Motors
30-10-2024,846,853.6,838.1,840.2,12933218,Tata Motors
31-10-2024,843.9,843.9,831.9,834.1,11904413,Tata Motors
04-11-2024,840,844.5,814.5,824.1,15514419,Tata Motors
05-11-2024,821.5,843.6,820.4,835.7,10215249,Tata Motors
06-11-2024,843.9,843.9,826,839.7,10579596,Tata Motors
07-11-2024,841,842.8,817.3,819.8,13237161,Tata Motors
08-11-2024,822,822,801.1,805.5,16072692,Tata Motors
11-11-2024,801,831.5,792,804.7,27587619,Tata Motors
12-11-2024,806,813.1,783.1,784.9,16526921,Tata Motors
13-11-2024,787,792.7,775.6,786.3,14674022,Tata Motors
14-11-2024,786.6,792,772,774.3,11740909,Tata Motors
18-11-2024,778,781.8,759.2,771.9,17053446,Tata Motors
19-11-2024,771.9,799.9,771.9,783.2,14012014,Tata Motors
21-11-2024,785,786,766.3,773.9,14194678,Tata Motors
22-11-2024,775,794,775,791,14535112,Tata Motors
25-11-2024,808.1,810.2,793.7,796.6,15194167,Tata Motors
26-11-2024,797.2,801.8,780.2,783,10310838,Tata Motors
27-11-2024,785.1,791.9,779.1,784,10014685,Tata Motors
28-11-2024,783,792.6,778,779.5,10939142,Tata Motors
29-11-2024,779.5,789.4,777.1,786.5,10358590,Tata Motors
02-12-2024,787.3,796.8,785,790.1,8425826,Tata Motors
03-12-2024,795,806,790,801.3,9874135,Tata Motors
04-12-2024,805,806,784.1,788.1,12392259,Tata Motors
05-12-2024,793,797.5,781,792.6,12169428,Tata Motors
06-12-2024,793,818.9,785.3,816.8,19716910,Tata Motors
09-12-2024,816.8,820.4,797,798.8,15573233,Tata Motors
10-12-2024,804.8,810.5,797.5,799.9,13113082,Tata Motors
11-12-2024,802.9,807,798.2,799.1,7763357,Tata Motors
12-12-2024,799.2,802,785.5,786.4,10602758,Tata Motors
13-12-2024,789,792.5,775,790.3,14101869,Tata Motors
16-12-2024,791.4,794,783,784.8,10015361,Tata Motors
17-12-2024,785.5,796.4,778,779.8,10270253,Tata Motors
18-12-2024,774,774.3,754,755.7,19085263,Tata Motors
19-12-2024,744.5,755.8,741.4,744.1,17119599,Tata Motors
20-12-2024,744.3,749.6,721.5,724.1,17962656,Tata Motors
23-12-2024,733.7,734.4,717.7,722.2,9653868,Tata Motors
24-12-2024,723.5,745.3,722.5,736.1,12553555,Tata Motors
26-12-2024,736.1,747.8,735.6,740.8,9343210,Tata Motors
27-12-2024,749,766.9,745.7,750.5,15835079,Tata Motors
30-12-2024,753.9,754.9,730.7,733.7,17441198,Tata Motors
31-12-2024,733.7,743.4,732.8,740.2,7092699,Tata Motors
01-01-2025,740.5,751.1,736,749.3,7792251,Tata Motors
02-01-2025,759.3,767.4,749.4,765.1,15294572,Tata Motors
03-01-2025,768,800.6,761.5,790.4,24773025,Tata Motors
06-01-2025,797.7,797.7,765.3,776.3,16948151,Tata Motors
07-01-2025,776,797,772.5,793.3,15547971,Tata Motors
08-01-2025,792.6,797,781.7,795,11861066,Tata Motors
09-01-2025,800,810,769.5,780.1,17948464,Tata Motors
10-01-2025,780.1,788,766.8,774.7,11144005,Tata Motors
13-01-2025,769,773.6,748.8,751,12230175,Tata Motors
14-01-2025,751.5,779,751.5,770.5,11377053,Tata Motors
15-01-2025,771,785,756.1,763.6,10500910,Tata Motors
16-01-2025,769.9,781,767.4,774.4,8680163,Tata Motors
17-01-2025,773.9,785.5,772.3,779.8,7007239,Tata Motors
20-01-2025,780,783,767,774.4,9956101,Tata Motors
21-01-2025,775,786.7,758.4,760.8,11657178,Tata Motors
22-01-2025,764.2,765.5,731,742.8,12418474,Tata Motors
23-01-2025,742.8,759.7,739.8,752.5,7916689,Tata Motors
24-01-2025,750.1,754.2,732.2,734.1,9513166,Tata Motors
27-01-2025,733,733,709.3,713.1,14123990,Tata Motors
28-01-2025,716.5,740.9,707.5,728.3,16104653,Tata Motors
29-01-2025,731.5,755,726.6,752.5,12461404,Tata Motors
30-01-2025,709,710.7,683.2,696.9,59390998,Tata Motors
31-01-2025,706,717,696.5,716.1,19157717,Tata Motors
03-02-2025,700,700,686,687.5,17806760,Tata Motors
04-02-2025,696.3,713.4,693.8,710.6,16792005,Tata Motors
05-02-2025,711,725.5,710.7,717.1,12907325,Tata Motors
06-02-2025,723,723.4,708.2,709.7,10016927,Tata Motors
07-02-2025,711,716,703.1,706.8,12259132,Tata Motors
10-02-2025,709.8,709.9,693.1,696,10981963,Tata Motors
11-02-2025,696,697,675.1,677.8,11939990,Tata Motors
12-02-2025,680,687.6,667.1,684.4,12312424,Tata Motors
13-02-2025,684.4,693.2,679.4,683.9,8490769,Tata Motors
14-02-2025,686,691,669.2,680.7,9968127,Tata Motors
17-02-2025,678,690.7,667.1,686.6,10313575,Tata Motors
18-02-2025,686.6,688,672.2,682.4,7810143,Tata Motors
19-02-2025,681.8,691,675.1,681,9986815,Tata Motors
20-02-2025,680,692.9,675,689.8,8673335,Tata Motors
21-02-2025,686,690,671.1,673.2,14577524,Tata Motors
24-02-2025,670,676.6,666,668.3,8861769,Tata Motors
25-02-2025,667.8,672.5,660,661.6,10251257,Tata Motors
27-02-2025,662,665,645.7,648.6,12281857,Tata Motors
28-02-2025,645,645,618.5,620.7,20477619,Tata Motors
03-03-2025,620.7,626.9,606.3,621.2,18362700,Tata Motors
04-03-2025,613.5,629.2,613,619.2,11878225,Tata Motors
05-03-2025,619,641.6,618.6,640.8,12373061,Tata Motors
06-03-2025,653.3,656,635.6,639.7,16991501,Tata Motors
07-03-2025,640,651.5,635,648.3,10123450,Tata Motors
10-03-2025,648.3,654.3,643.4,648.2,10309166,Tata Motors
11-03-2025,640,651.2,638.5,648.1,9534750,Tata Motors
12-03-2025,654.5,671.9,652.3,668.3,18732785,Tata Motors
13-03-2025,670.7,671.9,649.6,655.5,14004345,Tata Motors
17-03-2025,665.1,666.5,657.5,661.1,9174408,Tata Motors
18-03-2025,665,681.7,663.9,680.1,11236084,Tata Motors
19-03-2025,685.4,685.8,678.6,682.3,9338414,Tata Motors
20-03-2025,685,692.7,679,690.1,9712600,Tata Motors
21-03-2025,693,705,688.6,703,14823483,Tata Motors
24-03-2025,710,717.5,702.1,713.5,11671359,Tata Motors
25-03-2025,719,723.1,706.4,710.3,13617465,Tata Motors
26-03-2025,710.3,717.9,707,708.3,9363180,Tata Motors
27-03-2025,668,676.6,661.1,668.6,34238666,Tata Motors
28-03-2025,671.9,685,669.3,674.5,16013687,Tata Motors
01-04-2025,670.6,681.9,665.8,671.9,9594669,Tata Motors
02-04-2025,675,675.4,662.1,671.9,8025225,Tata Motors
03-04-2025,660,669,652.5,654,13473832,Tata Motors
04-04-2025,650,650,610,613.9,26621179,Tata Motors
07-04-2025,560.5,582,535.8,579.8,49463598,Tata Motors
08-04-2025,591.2,606.6,584.2,588.9,20987855,Tata Motors
09-04-2025,588,594.9,581.1,582.9,17483412,Tata Motors
11-04-2025,610,612.8,591,595.1,21055814,Tata Motors
15-04-2025,614,628.3,612.7,622.2,19722072,Tata Motors
16-04-2025,625,625,613.6,616.1,12318376,Tata Motors
17-04-2025,616.1,627,608.3,621.6,14342652,Tata Motors
21-04-2025,624.6,635.8,620.2,630.1,12785568,Tata Motors
22-04-2025,630.3,634,626.2,630.9,10292748,Tata Motors
23-04-2025,636,661.5,633.4,659.9,23390570,Tata Motors
24-04-2025,660.1,671,660.1,668.4,15172229,Tata Motors
25-04-2025,668.4,673,651.5,655.3,13207043,Tata Motors
28-04-2025,654.3,669.6,652.6,668.2,10243493,Tata Motors
29-04-2025,671.5,682.9,661.6,665.6,13754685,Tata Motors
30-04-2025,667,667,641.1,644.3,19485917,Tata Motors
02-05-2025,641,661.4,635.6,652,11488717,Tata Motors
05-05-2025,663,666.7,655.9,661.6,8868484,Tata Motors
06-05-2025,661.6,663.2,645.5,648.2,12718175,Tata Motors
07-05-2025,642,682.5,641.2,680.3,30390515,Tata Motors
08-05-2025,700,704.5,677.2,682.9,29315465,Tata Motors
09-05-2025,667.5,711,666,708.5,40183276,Tata Motors
12-05-2025,728,732,711.2,720.8,20133616,Tata Motors
13-05-2025,720.8,726,703.3,707.7,16125700,Tata Motors
14-05-2025,690,708,686,699,31505402,Tata Motors
15-05-2025,698.8,729.8,696.2,728.1,28634074,Tata Motors
16-05-2025,730,742,725.6,730.7,20631512,Tata Motors
19-05-2025,732,738.1,728,729.5,10460217,Tata Motors
20-05-2025,730,737.8,717,718.9,14472506,Tata Motors
21-05-2025,719,729.5,718,726.8,8998596,Tata Motors
22-05-2025,725,725,710.7,717.5,10046820,Tata Motors
23-05-2025,718.8,721.8,715,718.3,7915166,Tata Motors
26-05-2025,722,738,721.2,729,13017400,Tata Motors
27-05-2025,729,729.4,715.2,716.5,12223125,Tata Motors
28-05-2025,720,722,716.2,718,7568961,Tata Motors
29-05-2025,724.5,728.7,720,724.5,8838921,Tata Motors
30-05-2025,724.5,728.6,712.5,719.5,14533919,Tata Motors
02-06-2025,717,719,707.4,711.6,9712446,Tata Motors
03-06-2025,715,718.4,702.3,703.9,9161608,Tata Motors
04-06-2025,701.8,715.5,698.4,709.2,11287991,Tata Motors
05-06-2025,712.8,714.5,704,710.2,10203331,Tata Motors
06-06-2025,710,715.9,701.2,711,11975812,Tata Motors
09-06-2025,715,726,713.1,717.8,9900412,Tata Motors
10-06-2025,721,734.8,715.4,732.3,19151889,Tata Motors
11-06-2025,735,744,730.2,736.4,12626754,Tata Motors
12-06-2025,737,737.7,711.3,715.4,12585149,Tata Motors
13-06-2025,700,715,698.3,712.1,10516625,Tata Motors
16-06-2025,711,714,673,686.7,31246328,Tata Motors
17-06-2025,686.1,686.2,672,674.8,17112867,Tata Motors
18-06-2025,671.9,679.4,668,670.3,12556088,Tata Motors
19-06-2025,670.3,676.3,666.7,672.3,10895470,Tata Motors
20-06-2025,673.4,678.8,670.1,676.2,11393470,Tata Motors
23-06-2025,670,676,666.1,671.3,10265601,Tata Motors
24-06-2025,678,686.5,672,673.7,15359947,Tata Motors
25-06-2025,676,679,673.5,674.5,10456015,Tata Motors
26-06-2025,677,683.7,674.5,682.8,10104914,Tata Motors
27-06-2025,685,691.5,683,686.9,7198028,Tata Motors
30-06-2025,688.9,691.9,685,688,6960104,Tata Motors
