Date,Open,High,Low,Close,Volume,Company
03-07-2006,217.8,225.9,216.6,225,535690,TCS
04-07-2006,226.4,228.9,225.6,226.9,448096,TCS
05-07-2006,227.1,232.8,225,230.3,530634,TCS
06-07-2006,228.5,229,224,225.5,288865,TCS
07-07-2006,227.5,229,217.5,218.3,366084,TCS
10-07-2006,217.5,227.2,217.5,224.8,482414,TCS
11-07-2006,225,226.9,220.4,221.2,452373,TCS
12-07-2006,222.5,238.6,222.5,236.3,1190202,TCS
13-07-2006,236.5,237.4,231.3,233.4,672947,TCS
14-07-2006,230,237,228.1,234.3,618726,TCS
17-07-2006,235.6,239.3,231.4,232.4,1124604,TCS
18-07-2006,232.5,243.8,226.9,229.3,1380492,TCS
19-07-2006,235.3,236.9,218.2,219.7,1755798,TCS
20-07-2006,222,227.5,221.3,225.8,789090,TCS
21-07-2006,224.8,225.6,219.1,221,548958,TCS
24-07-2006,224.4,229,216.9,227.3,853136,TCS
25-07-2006,230,231.9,228.1,230.9,579575,TCS
26-07-2006,232.3,236.9,229.1,236.1,738590,TCS
27-07-2006,236.9,240,234.4,237.5,924981,TCS
28-07-2006,235,243.7,231,232.1,754902,TCS
31-07-2006,233.8,241.3,232.5,234,431175,TCS
01-08-2006,215.8,234.9,215.8,233,440627,TCS
02-08-2006,231.3,235.6,230,235.1,446183,TCS
03-08-2006,235.6,238,234.3,236.2,752568,TCS
04-08-2006,240,241,235.8,237.1,668550,TCS
07-08-2006,237.8,238,232.8,234,429991,TCS
08-08-2006,235,239.5,233.8,238.7,294600,TCS
09-08-2006,237.5,243.8,235.9,241.5,513030,TCS
10-08-2006,240.3,243.8,240,241.4,569781,TCS
11-08-2006,242.5,243.5,239.3,241.9,473493,TCS
14-08-2006,243.4,243.8,239.8,241.2,430357,TCS
16-08-2006,244.8,246.1,242,243.1,951067,TCS
17-08-2006,243.8,245.8,239.5,240,624292,TCS
18-08-2006,241.3,243.1,240,242.4,450910,TCS
21-08-2006,244,244,239.3,242.3,603522,TCS
22-08-2006,243,245.8,242.5,243.9,544524,TCS
23-08-2006,244,244.7,240,240.8,624434,TCS
24-08-2006,242.5,243.7,238.3,242.6,592463,TCS
25-08-2006,242.8,244.2,241.9,243.6,652938,TCS
28-08-2006,243.8,246.3,242.1,245.3,575079,TCS
29-08-2006,246.3,248,245.8,247.5,669899,TCS
30-08-2006,247.8,248.8,245.3,246,686193,TCS
31-08-2006,246,251,246,249.5,1519214,TCS
01-09-2006,249,250.3,247.8,249.8,432182,TCS
04-09-2006,249.8,255,249.8,254.3,502623,TCS
05-09-2006,255.8,257.5,250.3,251.5,986322,TCS
06-09-2006,254.4,254.4,247.8,248.4,700108,TCS
07-09-2006,245.1,248.8,245.1,246.7,395896,TCS
08-09-2006,251.5,251.5,246.3,247.8,392641,TCS
11-09-2006,249.8,249.8,237.3,238.4,1018370,TCS
12-09-2006,238.8,245,238,244.5,458814,TCS
13-09-2006,245.8,252,245.3,250,576908,TCS
14-09-2006,252.3,254,250.5,253.4,597182,TCS
15-09-2006,253.5,253.5,249.2,250.7,589925,TCS
18-09-2006,251.8,252.8,248,249,347597,TCS
19-09-2006,249.3,255,247.6,252.5,993486,TCS
20-09-2006,252.8,258.5,248.5,257.5,673974,TCS
21-09-2006,258,264.5,254.5,263.3,1276796,TCS
22-09-2006,261.3,263.5,257.5,259.9,622161,TCS
25-09-2006,261.8,262.5,255.6,256.4,337395,TCS
26-09-2006,257.5,262.5,256.2,261.1,929252,TCS
27-09-2006,262.5,263.8,259,260.7,838185,TCS
28-09-2006,261.3,262.3,253.3,255.1,1530393,TCS
29-09-2006,255.5,258.8,255,255.5,438201,TCS
03-10-2006,258.8,258.8,252.3,253.6,408178,TCS
04-10-2006,254,254,245.8,246.9,1736907,TCS
05-10-2006,249.5,252.3,248.3,249.9,1462350,TCS
06-10-2006,250.3,251.8,247,248.6,691736,TCS
09-10-2006,246.3,252.3,245.1,250.5,386708,TCS
10-10-2006,250.8,254.5,250.8,252.9,692445,TCS
11-10-2006,257.5,269.9,257.5,261.2,1693429,TCS
12-10-2006,262.5,271.3,260.3,270.6,1263212,TCS
13-10-2006,272.4,280,270.5,275.9,1218528,TCS
16-10-2006,281.3,287.5,278.8,282.4,2431765,TCS
17-10-2006,285.5,292.4,277.5,279.2,2187304,TCS
18-10-2006,277.5,279.3,275.3,276.6,1248771,TCS
19-10-2006,276.5,278.2,270.7,273.1,775905,TCS
20-10-2006,275,275.5,271.5,272.4,532351,TCS
23-10-2006,273.7,273.7,265.4,270,331976,TCS
26-10-2006,270.3,273,268.8,269.8,1285053,TCS
27-10-2006,270.3,272.5,265.6,268.7,781602,TCS
30-10-2006,269,272,265.1,269.8,1038543,TCS
31-10-2006,270,274.7,268.8,271.8,857734,TCS
01-11-2006,274.3,276.5,270.1,270.8,477726,TCS
02-11-2006,272.5,272.5,268,270,551094,TCS
03-11-2006,271.3,272,264.5,266.7,786110,TCS
06-11-2006,266.6,267.5,264,264.9,634223,TCS
07-11-2006,268.5,271.2,265.1,266.3,804795,TCS
08-11-2006,266.3,267.7,262.8,265.8,609190,TCS
09-11-2006,267.3,268.8,263.3,265.9,841355,TCS
10-11-2006,267.5,273.7,266.3,267.2,828369,TCS
13-11-2006,267.7,270,266.5,268.9,505829,TCS
14-11-2006,270.3,277.5,270.3,276.6,1500965,TCS
15-11-2006,278.8,280.5,272.6,274.2,674510,TCS
16-11-2006,275,276.5,270.9,271.8,525422,TCS
17-11-2006,273.5,274.4,270.3,273.8,555421,TCS
20-11-2006,271.3,280.3,266.4,279.5,1293734,TCS
21-11-2006,279.1,288,278.5,287.1,1039538,TCS
22-11-2006,288.5,292.8,283.8,287,1397866,TCS
23-11-2006,289,292.4,285,286,967581,TCS
24-11-2006,287.5,289.2,284,287.5,801326,TCS
27-11-2006,287.5,291,287.5,290.2,733427,TCS
28-11-2006,287.5,289,277.8,287.5,670740,TCS
29-11-2006,290,292.2,287.5,291.1,650789,TCS
30-11-2006,293.2,301.3,291.5,299.7,1563638,TCS
01-12-2006,300,300,295.3,297.3,940535,TCS
04-12-2006,300,302.8,297.5,298.1,558523,TCS
05-12-2006,302.4,302.4,296.3,298,529119,TCS
06-12-2006,293.1,301.8,293.1,299.7,795214,TCS
07-12-2006,301.3,308.6,296.8,298.6,718218,TCS
08-12-2006,299.8,299.8,293.3,294.2,471817,TCS
11-12-2006,293.8,297.3,283.5,293.4,1069858,TCS
12-12-2006,292.5,295,276.3,280.1,1279575,TCS
13-12-2006,280.1,285.3,270.1,280.2,904305,TCS
14-12-2006,276.3,290,276.3,287.4,729006,TCS
15-12-2006,292.1,292.1,287,290.1,576429,TCS
18-12-2006,288.8,297.1,281,295.3,587856,TCS
19-12-2006,295.3,296,281.3,285.5,905907,TCS
20-12-2006,287.5,292,278.8,282.2,938915,TCS
21-12-2006,284.3,287.5,277.8,284.2,563954,TCS
22-12-2006,283.8,290,282,288.5,437504,TCS
26-12-2006,288.3,298.6,288.3,297.9,449348,TCS
27-12-2006,298.8,301.5,295.3,299,598600,TCS
28-12-2006,301.4,305,297,303,604577,TCS
29-12-2006,303.4,307.4,300.6,305.5,468617,TCS
02-01-2007,307.4,314.5,304,312.1,386265,TCS
03-01-2007,313.3,322,309.8,320,1096243,TCS
04-01-2007,321.3,321.3,312.5,314.8,992675,TCS
05-01-2007,316.3,317.2,313.3,315.8,679685,TCS
08-01-2007,314.8,314.8,303.8,311,1237973,TCS
09-01-2007,312,315.5,306.3,314.1,1005142,TCS
10-01-2007,311.1,313.8,307.5,308.9,732857,TCS
11-01-2007,299.7,324.5,299.7,319.4,1850166,TCS
12-01-2007,322.5,332.3,322.5,331,1543937,TCS
15-01-2007,337.5,342,325,331.6,3063958,TCS
16-01-2007,347.2,347.2,329.8,331,1906491,TCS
17-01-2007,332.5,333.8,325,326.2,658457,TCS
18-01-2007,326.3,331.5,326.3,328.9,679954,TCS
19-01-2007,328.9,331.6,323,324.5,720514,TCS
22-01-2007,325,330.6,322.5,328.4,795239,TCS
23-01-2007,328.3,328.5,325,325.7,781038,TCS
24-01-2007,327.9,328.5,324.5,326.8,588787,TCS
25-01-2007,331.3,342.3,325.7,328.9,1388494,TCS
29-01-2007,328.8,328.8,322.8,324.4,745581,TCS
31-01-2007,324.3,328.5,318,319.5,1216482,TCS
01-02-2007,322.5,323.8,318.8,323,464976,TCS
02-02-2007,324.8,326.8,323.8,325.1,1068654,TCS
05-02-2007,326.3,328.5,323.5,326.5,752684,TCS
06-02-2007,328.3,328.5,322.5,324.6,852991,TCS
07-02-2007,325,328.1,323.8,326.6,649996,TCS
08-02-2007,327.9,328.7,324.3,326.1,662506,TCS
09-02-2007,327.4,329.4,320.8,321.9,498340,TCS
12-02-2007,312.5,324.7,312.5,314,446597,TCS
13-02-2007,314,321.2,308.8,313.2,1032588,TCS
14-02-2007,313.3,316.8,310,315.2,784469,TCS
15-02-2007,316.3,325,306.3,323.1,918389,TCS
19-02-2007,325.4,329.7,323.8,327.5,1184674,TCS
20-02-2007,328.5,331,323.8,324.9,1350037,TCS
21-02-2007,325,327.9,320,321,984547,TCS
22-02-2007,325,328.1,321.5,323.6,1734778,TCS
23-02-2007,323.8,324.9,318.3,319.3,791922,TCS
26-02-2007,318,323.5,308.1,321.5,1169421,TCS
27-02-2007,313.5,323.6,313.5,316,1177492,TCS
28-02-2007,308.3,311.2,293,298.4,2336989,TCS
01-03-2007,300,317,297.6,313.7,1964641,TCS
02-03-2007,313.7,315,300.3,302.1,1327938,TCS
05-03-2007,297.5,299.8,287.5,288.9,1280220,TCS
06-03-2007,302.5,333.8,290.3,299.3,905980,TCS
07-03-2007,300.5,306.2,289.4,298,1110158,TCS
08-03-2007,297.5,307.4,297.5,304.6,568747,TCS
09-03-2007,307.1,308.3,299.5,303,808037,TCS
12-03-2007,306.2,313.4,302.8,308.8,909234,TCS
13-03-2007,306.4,317.2,300,316.4,508022,TCS
14-03-2007,306.3,310.5,301.3,303.4,956237,TCS
15-03-2007,307.5,312.8,307,308.6,955822,TCS
16-03-2007,310.4,314.5,303.8,309.4,1056071,TCS
19-03-2007,304.1,316.2,300.5,315.2,303424,TCS
20-03-2007,315,319.1,312,313.3,693898,TCS
21-03-2007,315.3,317.4,310,316.8,492509,TCS
22-03-2007,319.3,326.8,319.3,325.8,1031398,TCS
23-03-2007,328,330,320,322.1,1316324,TCS
26-03-2007,321.3,324.7,313.8,315.3,1524684,TCS
28-03-2007,317.5,317.5,298.5,300.3,2204512,TCS
29-03-2007,297.2,314.2,297.2,312.1,2566656,TCS
30-03-2007,312.1,313.7,305.1,308.5,701764,TCS
02-04-2007,302.5,305,296.3,297.3,968974,TCS
03-04-2007,298.8,304.2,297,300.7,814213,TCS
04-04-2007,304.5,306.2,297.6,299.6,600624,TCS
05-04-2007,299.9,301.5,296.5,298.6,633498,TCS
09-04-2007,300.1,306.7,300.1,304.3,571131,TCS
10-04-2007,304.3,306.3,298.8,299.3,870060,TCS
11-04-2007,301.4,302.4,296.8,297.6,956584,TCS
12-04-2007,297,302.3,293,300.2,923739,TCS
13-04-2007,302.5,317.1,298.5,315.5,2444712,TCS
16-04-2007,321,326.5,317.6,320.1,2496555,TCS
17-04-2007,321.4,328.8,309.5,312.6,2616241,TCS
18-04-2007,313.5,316.3,310.3,311.9,713396,TCS
19-04-2007,307.5,312,301.3,310.7,791163,TCS
20-04-2007,313,317,312.5,314.4,717688,TCS
23-04-2007,313.8,317.5,311.3,312,566306,TCS
24-04-2007,311,315.5,304.8,306.2,1730629,TCS
25-04-2007,306.3,306.7,302,305.3,5438101,TCS
26-04-2007,306.8,312.4,305,310.1,1485439,TCS
27-04-2007,308.8,309.1,304.3,308.6,1201321,TCS
30-04-2007,310.3,317.5,301.3,316.5,972013,TCS
03-05-2007,318.7,323.7,318.1,322.6,1660757,TCS
04-05-2007,324.8,332.5,317.3,318.3,1775300,TCS
07-05-2007,320.5,321.2,316.3,318.2,1388332,TCS
08-05-2007,317.5,320,314.3,316.6,2047751,TCS
09-05-2007,325,325,306.3,309.9,1174957,TCS
10-05-2007,311.3,322.5,306.5,307.4,761050,TCS
11-05-2007,312.5,314.8,302.5,313.1,966914,TCS
14-05-2007,319.6,319.6,311.5,312.6,315094,TCS
15-05-2007,315,315,306.3,309.5,1050780,TCS
16-05-2007,316.3,316.3,302.6,306.1,1630904,TCS
17-05-2007,308.3,313.4,307.5,312.5,732815,TCS
18-05-2007,315,319,312.5,313.2,730251,TCS
21-05-2007,317.5,317.5,307.5,309.3,714211,TCS
22-05-2007,309.4,311,305.3,307.7,1540056,TCS
23-05-2007,310.4,310.4,306.3,308.4,317953,TCS
24-05-2007,312.5,312.5,305.3,306.2,1138201,TCS
25-05-2007,305.2,308.8,302,307.5,1311042,TCS
28-05-2007,312.5,312.5,305.9,306.4,646293,TCS
29-05-2007,306.2,308.8,305,307.8,741820,TCS
30-05-2007,312.5,312.5,302.6,303.9,650014,TCS
31-05-2007,307.3,307.3,300,302.1,1294123,TCS
01-06-2007,307.3,307.3,302.8,304.7,432247,TCS
04-06-2007,307,312.5,300.5,302,463346,TCS
05-06-2007,304.5,304.5,300,302,437900,TCS
06-06-2007,303.8,304.3,294.6,300.1,958005,TCS
07-06-2007,300,303.6,291.3,301.8,502235,TCS
08-06-2007,301.6,307.6,297.5,305,1504769,TCS
11-06-2007,309.1,309.9,304.5,305.3,662034,TCS
12-06-2007,302.5,307.5,300,304.3,350518,TCS
13-06-2007,304.8,305,298.3,300.8,442122,TCS
14-06-2007,302.5,305,300.3,301.1,1044017,TCS
15-06-2007,305,305,295,296.1,1245788,TCS
18-06-2007,298.3,298.8,290,290.7,718614,TCS
19-06-2007,291.3,291.4,285.8,290,873859,TCS
20-06-2007,290.3,293.3,285.3,286.8,1006242,TCS
21-06-2007,286.3,287.7,282.5,286.4,760932,TCS
22-06-2007,286.3,288.8,283.6,285,669326,TCS
25-06-2007,285,287.5,279.7,281.4,700944,TCS
26-06-2007,282.8,285,279.5,280.4,708186,TCS
27-06-2007,282.5,284.7,281,283.3,739174,TCS
28-06-2007,286,286,281.3,284.2,1085698,TCS
29-06-2007,285.3,289,285,287.3,751114,TCS
02-07-2007,288.3,288.3,282.8,283.6,369288,TCS
03-07-2007,287.5,287.5,281,281.9,457342,TCS
04-07-2007,282,285,279,279.4,603866,TCS
05-07-2007,282.1,282.1,275.2,277.9,794801,TCS
06-07-2007,278.8,291.2,275,289.7,1901421,TCS
09-07-2007,292.1,295.6,291.3,294.2,1339942,TCS
10-07-2007,296.3,300,292,295.8,1873242,TCS
11-07-2007,295.5,296.3,275,287.2,1515531,TCS
12-07-2007,288.8,292.3,283.5,290.6,1440986,TCS
13-07-2007,309,315.4,282.6,284,1446162,TCS
16-07-2007,283.8,284.5,278.5,282.1,997560,TCS
17-07-2007,294,294,287.5,288.9,1541172,TCS
18-07-2007,289.3,292.5,286.8,291.7,1092795,TCS
19-07-2007,291.8,296.3,291.4,295.6,1018878,TCS
20-07-2007,297.3,297.5,291.9,294,936233,TCS
23-07-2007,292.5,298.8,290.5,297.7,1179114,TCS
24-07-2007,297.5,298,291.8,293,781794,TCS
25-07-2007,292,292.8,286.3,287.1,667543,TCS
26-07-2007,288.8,302.5,286.3,297.3,1500701,TCS
27-07-2007,290,293.8,281.5,288.3,800809,TCS
30-07-2007,287.5,292.5,282.6,284.1,458962,TCS
31-07-2007,287.8,290.5,282.5,289.1,804635,TCS
01-08-2007,286.3,286.3,277.8,278.8,1095543,TCS
02-08-2007,280,281.1,272.5,273.8,478002,TCS
03-08-2007,278.5,278.5,270.9,274.2,498296,TCS
06-08-2007,272.5,279.5,268.5,274.9,684387,TCS
07-08-2007,278.3,279.5,273.5,277.3,746303,TCS
08-08-2007,287.5,292.3,279.5,288.2,1013791,TCS
09-08-2007,290,297.2,283.8,286.4,1268609,TCS
10-08-2007,278.8,288.4,270.1,286.1,1572640,TCS
13-08-2007,287.5,287.5,281.3,283.6,301381,TCS
14-08-2007,283.8,285,280,282.6,305699,TCS
16-08-2007,275,279.9,271.3,272,1665780,TCS
17-08-2007,272,273.3,259.8,264,1725276,TCS
20-08-2007,270.9,274.9,262.8,263.9,1096711,TCS
21-08-2007,269.1,269.1,251.1,253.8,1090841,TCS
22-08-2007,255,258.2,249,256.5,956655,TCS
23-08-2007,258,262,251,252,778437,TCS
24-08-2007,253.8,256.6,249.9,254.6,481743,TCS
27-08-2007,256.2,259.7,255,256.6,666714,TCS
28-08-2007,259,259.8,252.8,257.2,565876,TCS
29-08-2007,255,260,250.3,257.9,799172,TCS
30-08-2007,260.5,264.8,256.3,261.5,1750793,TCS
31-08-2007,263,267.4,261.8,266.1,594374,TCS
03-09-2007,267.5,268.8,263.4,265.3,624066,TCS
04-09-2007,266.3,271.9,265.3,266.5,545689,TCS
05-09-2007,266.8,270.7,266.3,268.1,879241,TCS
06-09-2007,266.3,270.3,265.3,269.5,467965,TCS
07-09-2007,269.3,271.1,267.5,269.1,422894,TCS
10-09-2007,269.1,269.1,261,261.8,550265,TCS
11-09-2007,273.6,273.6,255,255.8,846639,TCS
12-09-2007,257.5,259.4,253.4,253.9,586026,TCS
13-09-2007,256.2,258.8,252.6,257.7,538268,TCS
14-09-2007,262.5,262.5,254.5,255.6,475057,TCS
17-09-2007,256.3,258,248.9,249.4,1271544,TCS
18-09-2007,249.3,251.9,248.3,250.6,1235702,TCS
19-09-2007,256.3,258.4,254.3,255.8,1160667,TCS
20-09-2007,255,255.5,249.3,250.5,588789,TCS
21-09-2007,247.8,256.3,244.5,254.5,1982165,TCS
24-09-2007,255,257.5,250.1,251.8,898767,TCS
25-09-2007,252.5,253.5,249.1,250.4,1350124,TCS
26-09-2007,252.5,262.2,251.3,260.2,2085223,TCS
27-09-2007,262.5,266.9,261.8,265.6,2150535,TCS
28-09-2007,256.3,270,256.3,265,1562383,TCS
01-10-2007,265.3,265.3,255.8,260.4,544145,TCS
03-10-2007,262.5,273.8,262.5,269.8,1280718,TCS
04-10-2007,271.3,271.3,263.5,269.8,1089951,TCS
05-10-2007,269.8,269.8,264.3,268.2,436012,TCS
08-10-2007,270.3,274.7,265.6,269.6,665536,TCS
09-10-2007,270,276.2,268.8,273.7,926910,TCS
10-10-2007,276.2,282.6,274.6,281.4,995809,TCS
11-10-2007,283.8,283.9,265,268,1399585,TCS
12-10-2007,263,268.8,257.6,265.9,1228230,TCS
15-10-2007,267.5,272.9,264.9,268.5,1717900,TCS
16-10-2007,275,278.8,265.3,267.1,1765132,TCS
17-10-2007,265,278.8,250,273.7,1731310,TCS
18-10-2007,283.8,287.5,269.3,281,3411359,TCS
19-10-2007,287,287.5,270.6,277.2,2023533,TCS
22-10-2007,279.3,279.3,266.3,268,959202,TCS
23-10-2007,267,275,264.8,265.9,1465591,TCS
24-10-2007,275,275,260.8,262,1025247,TCS
25-10-2007,264.8,265,259.5,262.4,1231318,TCS
26-10-2007,262.5,271,260.6,267.8,740015,TCS
29-10-2007,272.3,272.5,265.4,267,884013,TCS
30-10-2007,268,268.8,260.1,262.1,786451,TCS
31-10-2007,261.8,265.9,254.3,259.5,11804132,TCS
01-11-2007,263.8,263.8,254.9,255.8,1379601,TCS
02-11-2007,252.5,257.5,250.8,255.3,873670,TCS
05-11-2007,255.3,257.7,251.3,252.8,469117,TCS
06-11-2007,253.8,255,250,251.1,549747,TCS
07-11-2007,251.3,252.3,246.5,249.3,876004,TCS
08-11-2007,247.5,250,245,247.4,671741,TCS
09-11-2007,253.8,253.8,245.8,246.3,84775,TCS
12-11-2007,246.3,246.3,240,241,1320247,TCS
13-11-2007,241,243.2,231.7,236.8,1174497,TCS
14-11-2007,240,261.3,240,246.7,897092,TCS
15-11-2007,247.8,249.5,242.5,245.1,573849,TCS
16-11-2007,245,249.5,241.8,245.7,916704,TCS
19-11-2007,240,251.8,240,248.4,735887,TCS
20-11-2007,247.3,247.3,239.5,240.3,1027848,TCS
21-11-2007,240.3,245,234,236.2,834257,TCS
22-11-2007,242.4,242.4,233.8,237.6,600589,TCS
23-11-2007,238.1,241.5,237.4,240.2,568385,TCS
26-11-2007,245,248.5,242.5,246.3,558575,TCS
27-11-2007,247.6,249.7,242.5,249,375991,TCS
28-11-2007,250,251,242.5,244.1,731922,TCS
29-11-2007,250,250.1,238.8,241.5,1257422,TCS
30-11-2007,241.5,254.5,241.5,253.1,1333653,TCS
03-12-2007,254,266.5,252.6,262.5,1629087,TCS
04-12-2007,262.5,262.5,256.3,257.4,445956,TCS
05-12-2007,257.5,261.3,255.1,258.3,517310,TCS
06-12-2007,260,262.9,257.8,258.9,1040863,TCS
07-12-2007,260,268,256.6,265.7,1201452,TCS
10-12-2007,267.5,268.5,257.5,258.9,966005,TCS
11-12-2007,262.3,262.3,256.3,260.3,726864,TCS
12-12-2007,257.1,265,256.5,263.4,929652,TCS
13-12-2007,262.4,265.5,256.9,257.4,1161434,TCS
14-12-2007,253.8,263.8,253.8,260.1,680109,TCS
17-12-2007,268.1,268.1,251.3,253.1,800832,TCS
19-12-2007,253,257.2,252,256.1,667755,TCS
20-12-2007,257.4,263.5,255.8,261.3,759005,TCS
24-12-2007,270,280,262.5,277.4,1163916,TCS
26-12-2007,278.8,279.9,271.5,275.1,726499,TCS
27-12-2007,276.3,280,271.6,277.7,1002142,TCS
28-12-2007,275,275,265,270.5,549149,TCS
31-12-2007,270.8,274,263,269.4,539042,TCS
01-01-2008,269.3,269.3,263,263.6,232097,TCS
02-01-2008,265,265.3,257.9,262.5,716231,TCS
03-01-2008,257.5,261.3,251.3,252.8,1292070,TCS
04-01-2008,252.8,255.7,250.6,251.3,579717,TCS
07-01-2008,250,252.2,243.1,243.9,911836,TCS
08-01-2008,245,248,242.3,247,801933,TCS
09-01-2008,248.7,251.5,247.5,249.1,612532,TCS
10-01-2008,249.5,252.4,240.5,245.4,835594,TCS
11-01-2008,228.8,251,228.8,247.4,537297,TCS
14-01-2008,250,250,238.9,240.3,1039716,TCS
15-01-2008,241.3,242,233.5,235,733897,TCS
16-01-2008,235,241.7,231.3,236.2,782989,TCS
17-01-2008,241.5,241.5,229.8,230.7,1575524,TCS
18-01-2008,232.4,235,224.3,225.8,1083454,TCS
21-01-2008,226,226.2,201.3,207.8,1210008,TCS
22-01-2008,203.7,247.5,181.3,199.6,1594218,TCS
23-01-2008,214.8,222.5,201.3,218,1339780,TCS
24-01-2008,217.5,222,206.4,210.8,503334,TCS
25-01-2008,213.3,224.4,212.5,221.2,560779,TCS
28-01-2008,217.5,217.5,206.3,213.6,621415,TCS
29-01-2008,214,221.2,213.8,216.9,814678,TCS
30-01-2008,220.5,223,215,217.5,758214,TCS
31-01-2008,217.5,222.5,208.8,218.4,1491739,TCS
01-02-2008,221.3,235.3,218.3,232.4,1042380,TCS
04-02-2008,236.3,247.3,234.8,243.9,932630,TCS
05-02-2008,240,243.8,233.9,238.8,430718,TCS
06-02-2008,232.5,232.5,223.6,226.5,1001988,TCS
07-02-2008,226.5,226.5,217.8,219.8,643663,TCS
08-02-2008,221,231.3,220,224.6,644205,TCS
11-02-2008,224.6,233,215,226.5,800247,TCS
12-02-2008,226.3,231.3,215,216.2,1290332,TCS
13-02-2008,218.8,224.3,212.8,217.2,546344,TCS
14-02-2008,221.3,225,215.3,218.5,561620,TCS
15-02-2008,215,221.8,215,218.2,553261,TCS
18-02-2008,218.2,218.8,212.5,213.3,430790,TCS
19-02-2008,214,221,213.8,218.9,486822,TCS
20-02-2008,220,223.7,218.3,221.5,765156,TCS
21-02-2008,224.5,232.8,220.5,228.7,890513,TCS
22-02-2008,230,230.2,221.3,225.1,600379,TCS
25-02-2008,232,232.3,222.6,225.2,813865,TCS
26-02-2008,231,231,223.8,224.6,1249896,TCS
27-02-2008,227,228.7,218.5,219.4,591014,TCS
28-02-2008,221.3,222.5,218,220.2,1394751,TCS
29-02-2008,220,222.9,215.9,219.4,854120,TCS
03-03-2008,216.5,217.2,210,212.2,785332,TCS
04-03-2008,214.5,217.5,211.8,214.7,752633,TCS
05-03-2008,211.3,220.7,211.3,218.8,552337,TCS
07-03-2008,215.7,216.5,210.6,211.5,499207,TCS
10-03-2008,211.5,213.5,207.5,208.4,623542,TCS
11-03-2008,210,210,205,205.9,1010880,TCS
12-03-2008,209.8,212.5,202.6,205.9,471103,TCS
13-03-2008,203.8,203.8,190.3,194.9,852150,TCS
14-03-2008,195,203.2,187.5,201,554014,TCS
17-03-2008,193.8,199.4,192.2,198,489726,TCS
18-03-2008,197.5,207.2,192.5,204.4,899020,TCS
19-03-2008,207,210,201.4,202.9,1090481,TCS
24-03-2008,202.9,209.4,202.9,205.9,825496,TCS
25-03-2008,210,225,208.8,219.1,732224,TCS
26-03-2008,235,235,212.9,219.6,542942,TCS
27-03-2008,218,219,210.3,213.1,1537788,TCS
28-03-2008,213.3,218.7,213,217.8,908424,TCS
31-03-2008,217.8,217.8,199.3,202.6,1012965,TCS
01-04-2008,205,213.2,202.5,208.1,521682,TCS
02-04-2008,212.5,217.3,212.3,212.8,357211,TCS
03-04-2008,212.5,223,212.5,221.4,821793,TCS
04-04-2008,221.5,222.5,215,218.2,505211,TCS
07-04-2008,223.8,230,219.6,226,914882,TCS
08-04-2008,226.3,226.8,218.8,221.8,1013838,TCS
09-04-2008,220,223,217.3,219.1,370650,TCS
10-04-2008,220,229.9,219.3,224.9,731483,TCS
11-04-2008,225.8,231.3,223.3,227,547316,TCS
15-04-2008,230.5,246.3,220.1,243.5,1425943,TCS
16-04-2008,246.3,250.5,240.5,243,1609692,TCS
17-04-2008,249.9,252.5,244.9,250.2,999889,TCS
21-04-2008,252.3,258.8,246.7,248.4,849824,TCS
22-04-2008,246.2,246.2,220.5,221.8,3446299,TCS
23-04-2008,221.8,226.4,220,222.3,1581539,TCS
24-04-2008,226,226.2,216,222.7,3822524,TCS
25-04-2008,228,228,221.3,222.3,1707142,TCS
28-04-2008,202.3,224,180,220.4,1649534,TCS
29-04-2008,220.5,232.5,217.5,227.6,4052462,TCS
30-04-2008,229,233.9,226.6,230.3,2371995,TCS
02-05-2008,231.3,240.5,231,235.9,1324695,TCS
05-05-2008,236.3,237.4,230.3,231.9,903441,TCS
06-05-2008,227.5,237.5,218.2,234.3,995699,TCS
07-05-2008,237.5,245,237.5,241.7,3146385,TCS
08-05-2008,241.2,241.3,229.5,236.8,2711458,TCS
09-05-2008,239.8,239.8,227.5,229.3,1123074,TCS
12-05-2008,229.3,233.7,227.6,231.7,974627,TCS
13-05-2008,232.5,235.4,222.3,226.3,1115719,TCS
14-05-2008,226.3,244.7,222.8,242.8,2343297,TCS
15-05-2008,243.3,250.5,240,246.2,1794474,TCS
16-05-2008,248.5,248.5,242.1,245.3,959662,TCS
20-05-2008,243.8,247.5,236.8,239,1236726,TCS
21-05-2008,232,242,228.8,241.3,785046,TCS
22-05-2008,239.1,246.4,237.8,240.3,1361300,TCS
23-05-2008,243.7,244.9,231.5,233.1,1350346,TCS
26-05-2008,230,240.7,229,238.9,1364318,TCS
27-05-2008,245,248.5,236.5,242.2,1420518,TCS
28-05-2008,242.5,253.8,242.5,252.4,1367397,TCS
29-05-2008,252.3,257.1,246,248.7,2064735,TCS
30-05-2008,247.8,262.3,244.5,259.8,3871321,TCS
02-06-2008,253.8,264.4,241.3,246,1763691,TCS
03-06-2008,240,247.5,234.5,243.8,1225064,TCS
04-06-2008,247.5,247.5,236.6,239.2,946964,TCS
05-06-2008,241,249.2,241,245.5,1476314,TCS
06-06-2008,247.5,249.7,239.5,241.6,1034446,TCS
09-06-2008,225.6,241.2,222.5,228.5,1535035,TCS
10-06-2008,227.5,229.8,216.8,219.8,1538843,TCS
11-06-2008,222.5,227.5,220,222.6,1028342,TCS
12-06-2008,223.5,225.6,214.3,222.1,616001,TCS
13-06-2008,220,230.5,220,227.4,1683108,TCS
16-06-2008,229.8,232,225.8,227.7,1635446,TCS
17-06-2008,226.3,231.8,226.3,230.3,876206,TCS
18-06-2008,230.2,230.3,222.8,225.2,1607834,TCS
19-06-2008,220.1,224.5,220,222,822267,TCS
20-06-2008,225,225,210.4,216,2039440,TCS
23-06-2008,216,219.9,210.8,214.6,893078,TCS
24-06-2008,212.5,216.9,205.9,211.1,2321794,TCS
25-06-2008,210,221.3,207.8,219.2,1478549,TCS
26-06-2008,221,224.5,215.1,220.3,1757079,TCS
27-06-2008,220.3,220.3,212.8,216.4,1565237,TCS
30-06-2008,217.8,219.5,212.5,214.6,814511,TCS
01-07-2008,216.3,218,208.8,211.9,1264904,TCS
02-07-2008,212.5,222,210,219.1,2035278,TCS
03-07-2008,220.3,220.3,205.1,214.2,1043132,TCS
04-07-2008,217.5,217.5,208.9,211.1,984896,TCS
07-07-2008,211.3,216,208,213.1,448533,TCS
08-07-2008,207.5,211.3,204.5,207.6,986906,TCS
09-07-2008,212.5,222.5,212.5,219.2,894637,TCS
10-07-2008,217.5,222.3,213.1,217.1,876092,TCS
11-07-2008,229.3,235.8,196.4,199.7,1380946,TCS
14-07-2008,200,200,190.3,192,1139974,TCS
15-07-2008,192,196.6,184.3,187.7,1127461,TCS
16-07-2008,188.7,193.4,179,182,1434975,TCS
17-07-2008,183.8,196.7,182.5,195.8,2587679,TCS
18-07-2008,195,200.5,187.3,198.5,2084874,TCS
21-07-2008,199.8,203.8,195.8,203.2,895517,TCS
22-07-2008,204,211,201.5,208,1060291,TCS
23-07-2008,207.5,217.5,204.7,215.1,1492855,TCS
24-07-2008,218.6,218.6,198.1,200.6,2935584,TCS
25-07-2008,199.8,212.4,195.5,199.8,2210634,TCS
28-07-2008,200,204.2,196.3,201.6,492343,TCS
29-07-2008,201.7,203.5,198,202.2,618048,TCS
30-07-2008,211.5,211.5,200,209.7,1105019,TCS
31-07-2008,210,210.5,205.4,208.4,1298895,TCS
01-08-2008,206.3,214.2,202.8,210.2,1002931,TCS
04-08-2008,203.8,210,202.8,203.8,1309732,TCS
05-08-2008,203.9,208.8,201.3,207.4,1192050,TCS
06-08-2008,210,217.5,209.1,215.1,1252483,TCS
07-08-2008,214.8,217.5,211.3,213.3,768080,TCS
08-08-2008,211.2,214.3,208.4,211.3,521668,TCS
11-08-2008,213,214.5,206.1,208.5,851275,TCS
12-08-2008,208.8,210.9,203.8,204.8,830876,TCS
13-08-2008,200,209.4,200,207.1,924492,TCS
14-08-2008,207.3,211.2,202.8,208.3,935377,TCS
18-08-2008,210,213.1,208.8,210.4,489162,TCS
19-08-2008,211.1,212.8,208.8,210.3,488325,TCS
20-08-2008,210.7,212.3,208.8,210.4,281814,TCS
21-08-2008,209,210.5,203.8,204.5,494129,TCS
22-08-2008,204.8,206.2,200.9,204.8,661321,TCS
25-08-2008,206,208.8,204,204.6,235561,TCS
26-08-2008,202.5,209.2,202.5,208.5,551251,TCS
27-08-2008,205,209,203.3,204.6,532947,TCS
28-08-2008,205,206.1,195.7,198.1,1645172,TCS
29-08-2008,200,205,200,203.1,499625,TCS
01-09-2008,203.8,205,201.8,203.7,381858,TCS
02-09-2008,203.7,213.3,203.7,212.2,661962,TCS
04-09-2008,211.3,213.7,208.1,211.1,615419,TCS
05-09-2008,212.5,212.5,206.3,209.6,611342,TCS
08-09-2008,215,218.6,210.5,214.2,1292608,TCS
09-09-2008,213.8,217.9,210,216.2,703832,TCS
10-09-2008,215.3,217.6,212,212.7,765864,TCS
11-09-2008,212.7,217,207.3,209.2,477244,TCS
12-09-2008,216.3,216.3,200.2,202.6,893491,TCS
15-09-2008,195,199.8,186.3,190.7,2137737,TCS
16-09-2008,187.4,187.8,181.3,187.2,1268091,TCS
17-09-2008,187,191.2,182,182.5,1050217,TCS
18-09-2008,182,187.3,167.8,180.3,1589276,TCS
19-09-2008,194.9,194.9,182.5,191.7,2386092,TCS
22-09-2008,217,217,188.3,191.7,1118236,TCS
23-09-2008,178.8,191.9,178.8,180.3,741530,TCS
24-09-2008,181.1,187,172.6,178.3,1845181,TCS
25-09-2008,178.3,180,167.8,172.1,3780658,TCS
26-09-2008,175,175,166.6,169.1,1054311,TCS
29-09-2008,169.7,169.7,153,155,1394659,TCS
30-09-2008,148,169.2,147.5,166.4,2097843,TCS
01-10-2008,167.4,171.2,161.3,167.9,1504479,TCS
03-10-2008,166.2,166.2,160.6,164.4,1043101,TCS
06-10-2008,162.8,162.8,150,154.8,1470746,TCS
07-10-2008,157.8,166.3,141.5,144,2221151,TCS
08-10-2008,138.8,140.7,127,136.7,2075345,TCS
10-10-2008,135,137.5,120.1,131.2,3435519,TCS
13-10-2008,132,150.7,131.2,143.2,3466506,TCS
14-10-2008,149.8,154.9,145.3,148.2,1856156,TCS
15-10-2008,146.3,147.2,133.8,135.8,1327188,TCS
16-10-2008,131.3,132.2,117,123.8,2007950,TCS
17-10-2008,125,132.3,111.3,113.5,2435885,TCS
20-10-2008,124.2,126.3,113.8,122.8,3103265,TCS
21-10-2008,134.6,142,123.3,139.8,2951225,TCS
22-10-2008,138.8,138.8,127.8,136.7,1505167,TCS
23-10-2008,131.2,147,125.3,136.8,2625254,TCS
24-10-2008,125.9,134.1,110,124.7,2119984,TCS
27-10-2008,120.3,129.5,103.8,124.2,2243144,TCS
29-10-2008,140.5,143.8,132.6,135.2,2738893,TCS
31-10-2008,142.3,148.8,132.4,134.4,2593995,TCS
03-11-2008,140,145.8,131.8,136.9,1883005,TCS
04-11-2008,149.2,149.2,122.5,127.1,2355635,TCS
05-11-2008,128.8,137.2,125,126.6,2308291,TCS
06-11-2008,132.1,132.1,120.5,125.1,1965479,TCS
07-11-2008,125,133.8,121.4,131.3,1469430,TCS
10-11-2008,137.5,138.1,128.8,136.6,1024754,TCS
11-11-2008,135.5,136.9,130,132.2,1624694,TCS
12-11-2008,132.2,138.6,128.8,133.7,1935511,TCS
14-11-2008,136.3,137.1,130.9,132.7,1654366,TCS
17-11-2008,132.3,134.3,126.4,129.8,2022743,TCS
18-11-2008,130,130,120,120.8,2438788,TCS
19-11-2008,122.5,124,117.9,120.7,2043772,TCS
21-11-2008,117.4,129.3,115,126.6,1711423,TCS
24-11-2008,126,132.9,122.6,130,2092639,TCS
25-11-2008,129.8,135,125,126,1443505,TCS
26-11-2008,125.8,132.5,124.3,131.9,1533889,TCS
28-11-2008,129.5,142,129.5,139.9,3034516,TCS
01-12-2008,139.9,148.4,139.1,141,2989676,TCS
02-12-2008,142.5,142.5,130.8,133.2,1664702,TCS
03-12-2008,134.1,137.9,130.4,133.7,2499498,TCS
04-12-2008,133.8,138.4,125.8,137.4,2064127,TCS
05-12-2008,134.6,136.3,129.6,130.5,1776362,TCS
08-12-2008,133.8,136.6,128.1,130.6,1905351,TCS
10-12-2008,137.5,139.2,132.4,135.3,2022095,TCS
11-12-2008,137.4,137.4,125.5,126.9,1825063,TCS
12-12-2008,127.5,127.5,118.8,120.3,1780259,TCS
15-12-2008,125.5,125.5,116.8,117.4,1499429,TCS
16-12-2008,117.5,121.2,116.3,119.8,1461967,TCS
17-12-2008,121.3,123,118,119.3,1619017,TCS
18-12-2008,118.7,128.5,118,127.6,1430984,TCS
19-12-2008,125.8,133.5,123.5,128.4,1235997,TCS
22-12-2008,129.9,129.9,125.9,127.6,1026713,TCS
23-12-2008,123.8,127.9,123.1,125.2,891780,TCS
24-12-2008,124.2,126.2,118.1,119.5,2287109,TCS
26-12-2008,116.3,123.8,116.3,117.9,788641,TCS
29-12-2008,119,119.9,115,119.2,1218902,TCS
30-12-2008,121.3,123.4,117.5,120.6,880632,TCS
31-12-2008,123.1,123.1,118.1,119.5,635924,TCS
01-01-2009,120,124.7,119.3,124.2,609108,TCS
02-01-2009,124.3,127.2,123.5,124.6,1343935,TCS
05-01-2009,125.5,130.8,124.5,128.8,1207444,TCS
06-01-2009,128.8,130.5,124.6,126.6,1479748,TCS
07-01-2009,129.8,130,116.2,126.2,2253457,TCS
09-01-2009,125,137.5,121.3,134.2,3554995,TCS
12-01-2009,127.9,132.5,126.3,128.1,1898854,TCS
13-01-2009,124.9,134.3,122.1,131.4,3339952,TCS
14-01-2009,132,139.4,132,134.7,1489726,TCS
15-01-2009,130,130.8,124.6,127.6,1792881,TCS
16-01-2009,127.2,129.8,121.6,125.8,2447519,TCS
19-01-2009,129.5,129.5,121.8,125.2,1717094,TCS
20-01-2009,123.7,127,122.5,124.1,1158799,TCS
21-01-2009,122.8,125.3,121.3,123.1,917465,TCS
22-01-2009,123.8,126,120.8,124.2,1212034,TCS
23-01-2009,122.5,124.7,120.8,121.5,757805,TCS
27-01-2009,122.8,128.8,122.8,124.8,1310989,TCS
28-01-2009,118.8,127.5,118.8,126.9,1197349,TCS
30-01-2009,126.3,128.8,124.6,127.9,2176881,TCS
02-02-2009,127.2,127.2,121.8,122.8,808673,TCS
03-02-2009,123.3,127.5,123.3,125,952140,TCS
04-02-2009,125.8,128.2,123.3,124.7,621189,TCS
05-02-2009,125,125.7,119.6,120.7,1085387,TCS
06-02-2009,122.5,127,121.8,125.7,1710097,TCS
09-02-2009,125,130.9,124.2,128.8,1148806,TCS
10-02-2009,129.3,132,127.8,131.2,1697693,TCS
11-02-2009,129.5,130.8,128,128.7,1125683,TCS
12-02-2009,128,128.9,126,127.5,711093,TCS
13-02-2009,127.5,130,126.8,127.8,814302,TCS
16-02-2009,126.9,128.7,124.5,125.2,625499,TCS
17-02-2009,124,125,120,121.3,737597,TCS
18-02-2009,120.3,122.7,119.3,120.2,657353,TCS
19-02-2009,120.5,123.2,119.8,122.4,869268,TCS
20-02-2009,121.6,121.9,116.1,118.5,1192847,TCS
24-02-2009,117.5,118.9,115.1,117.2,1123883,TCS
25-02-2009,117.5,121.2,117.5,120.2,1379482,TCS
26-02-2009,120.3,122.7,119.3,120.6,2202072,TCS
27-02-2009,120.5,122.3,113.8,120.8,1687537,TCS
02-03-2009,118.5,120.5,113.7,115,997236,TCS
03-03-2009,113,116.5,109.8,111.6,890224,TCS
04-03-2009,112,116.1,111.6,115.1,814575,TCS
05-03-2009,116.2,117.7,114.5,115.8,1071124,TCS
06-03-2009,115,121.2,114.4,120.4,1451401,TCS
09-03-2009,117.8,120,114.8,115.8,1133796,TCS
12-03-2009,115.4,121.3,115.4,119.4,2154364,TCS
13-03-2009,118.3,127.5,118.3,126.7,2549925,TCS
16-03-2009,127.5,130.7,125.6,130,1168224,TCS
17-03-2009,128.8,129.5,123.3,124.4,1736543,TCS
18-03-2009,125,128.6,125,126.3,1603450,TCS
19-03-2009,126.4,129.5,125.4,128.7,1845646,TCS
20-03-2009,132.2,132.2,126.4,127.5,1034845,TCS
23-03-2009,131.1,132.4,127.8,129.9,1146828,TCS
24-03-2009,130.6,133.1,128.1,130.4,1670386,TCS
25-03-2009,125.9,132.5,125.9,131.5,957904,TCS
26-03-2009,128.2,144.5,128.2,139.6,3807582,TCS
27-03-2009,134.2,146.3,134.2,143.7,1769856,TCS
30-03-2009,133.4,142.5,129.5,130.8,1287047,TCS
31-03-2009,131.3,136,131.3,134.6,1194418,TCS
01-04-2009,134,138.5,130.1,136.1,1681142,TCS
02-04-2009,136.4,146.8,136.4,144.7,2125941,TCS
06-04-2009,146.2,148.5,143.9,144.9,1353645,TCS
08-04-2009,146.3,153.4,140.3,151,2548378,TCS
09-04-2009,153,155,148.6,150.6,1646681,TCS
13-04-2009,151.1,152.3,143.8,148.1,1030252,TCS
15-04-2009,137.9,145.5,137.5,144.4,2441809,TCS
16-04-2009,145,147.3,141.8,143,2217241,TCS
17-04-2009,144.2,149.9,141.3,143.3,1666006,TCS
20-04-2009,138.2,145.5,138.2,140.4,1332550,TCS
21-04-2009,144.9,147.1,136.3,137.7,2872245,TCS
22-04-2009,140,141.2,134.3,135.7,1646231,TCS
23-04-2009,137.4,143.2,136.3,142,1843428,TCS
24-04-2009,140,146.8,140,146,1344381,TCS
27-04-2009,146,152.2,143.1,150.5,2035281,TCS
28-04-2009,149.8,152,144.1,149.6,2097173,TCS
29-04-2009,150.5,157.3,150.5,155.9,2632823,TCS
04-05-2009,157.8,174.9,157.5,166.6,2785734,TCS
05-05-2009,167.3,168.7,159,162.8,2205579,TCS
06-05-2009,159.6,162.4,153.8,158.8,13130524,TCS
07-05-2009,159,161.3,154.8,157.9,1934716,TCS
08-05-2009,157,160.5,154.6,157.7,2250438,TCS
11-05-2009,159.6,159.9,152.3,153.8,1324653,TCS
12-05-2009,152.5,161.5,152.5,160.3,2371863,TCS
13-05-2009,160.5,161.2,153.8,155.4,1831200,TCS
14-05-2009,154.5,156.8,151.3,155,2360794,TCS
15-05-2009,156,163.7,156,161,2735618,TCS
18-05-2009,191.7,197.9,173.8,186,18345,TCS
19-05-2009,187.5,187.5,163.9,167.4,3253894,TCS
20-05-2009,167.5,175.5,165.8,169.2,2126916,TCS
21-05-2009,167.5,171.3,161,161.9,1114831,TCS
22-05-2009,157.5,161.3,157.5,158.5,1465364,TCS
25-05-2009,159,161,155.7,157.8,1418411,TCS
26-05-2009,158.7,159.9,155.1,156.1,1514725,TCS
27-05-2009,157.7,163,157.7,162.1,2305717,TCS
28-05-2009,155.9,168.5,155.9,165.8,4215919,TCS
29-05-2009,167.2,177.5,163.2,176.2,3467806,TCS
01-06-2009,168.3,177.5,168.3,174.4,1976451,TCS
02-06-2009,175,177.5,172.5,173.7,1029543,TCS
03-06-2009,172.5,176.2,170.8,174.2,978736,TCS
04-06-2009,171.8,177.3,171.6,176.8,1755176,TCS
05-06-2009,177.3,182.2,174.1,180.3,3305033,TCS
08-06-2009,181.2,187.4,180,185.5,2316956,TCS
09-06-2009,182.8,198.8,182.8,195.5,2422677,TCS
10-06-2009,196.3,201.3,191.8,195.5,2345949,TCS
11-06-2009,197,198.1,192.5,193.8,970800,TCS
12-06-2009,196.3,198.7,190.3,191.1,1589665,TCS
15-06-2009,191.2,196.3,188.8,194.5,1648967,TCS
16-06-2009,191.7,196.8,185.6,194.6,2172003,TCS
17-06-2009,196,197.5,187.5,189.4,1870784,TCS
18-06-2009,189,196.5,186,188.2,2376554,TCS
19-06-2009,188.5,196,187.5,189.9,3863866,TCS
22-06-2009,192.2,193.9,184,184.8,2053104,TCS
23-06-2009,180,188.9,179,183.3,2567847,TCS
24-06-2009,186.5,194.3,180.1,190.9,3651977,TCS
25-06-2009,191,196,185.2,190.3,4847331,TCS
26-06-2009,191.3,202.2,188.3,198.7,3049850,TCS
29-06-2009,199.9,201,191.7,193.1,2372603,TCS
30-06-2009,193.8,199,191.6,194.9,2961974,TCS
01-07-2009,193.6,197.5,191.2,196.5,1842369,TCS
02-07-2009,195,197.7,190.6,195,1857714,TCS
03-07-2009,192.5,196.2,192.5,195.5,1459922,TCS
06-07-2009,198.5,199.2,189.2,190.4,2244458,TCS
07-07-2009,192,196.6,190,194.6,1902284,TCS
08-07-2009,194.4,194.5,184.1,190.6,3347383,TCS
09-07-2009,191.1,195.6,185.5,194.1,1982404,TCS
10-07-2009,195.5,200.7,195,197.6,3734374,TCS
13-07-2009,195,200.5,194.1,198.8,2559916,TCS
14-07-2009,202.5,205.6,200.2,203.5,2232068,TCS
15-07-2009,205.5,213.7,205,211.6,2235047,TCS
16-07-2009,214,217.4,206.6,209.9,3798438,TCS
17-07-2009,210.7,222.9,210.5,217.1,4547478,TCS
20-07-2009,222.5,257.5,222.5,250.3,17269768,TCS
21-07-2009,251.5,256.6,237,238.8,6502910,TCS
22-07-2009,241.9,242.5,226.2,233.2,5337345,TCS
23-07-2009,235.5,241.5,235,237.8,3831339,TCS
24-07-2009,245,245,238,241,0,TCS
27-07-2009,241,244.5,238.6,240.2,2326169,TCS
28-07-2009,242.2,242.5,235.7,240.3,3167492,TCS
29-07-2009,240,252.4,237.5,249.9,5536075,TCS
30-07-2009,252.6,272.5,245.1,266.6,7836241,TCS
31-07-2009,269.5,270,260.7,263,2817483,TCS
03-08-2009,265,267.4,260.6,265.8,1760274,TCS
04-08-2009,260.3,270.6,260.3,265.1,2740646,TCS
05-08-2009,264.8,268.5,253.8,264.5,3212005,TCS
06-08-2009,264.5,267.2,257.1,258.7,2089374,TCS
07-08-2009,258.3,261,253.1,254.6,2276333,TCS
10-08-2009,257.6,275.9,257,269.5,5311988,TCS
11-08-2009,268.8,279,267.1,271,4421740,TCS
12-08-2009,267.5,268,255.5,259.8,5663268,TCS
13-08-2009,267.2,267.2,259.8,263.4,5016964,TCS
14-08-2009,265,265,259,260.8,2575907,TCS
17-08-2009,258.4,258.8,252.6,255.1,2981410,TCS
18-08-2009,252.5,257.4,249.8,254.4,4074922,TCS
19-08-2009,256.4,257.4,247,249,2801685,TCS
20-08-2009,252.5,254.2,249.1,250.5,1830480,TCS
21-08-2009,251,256.3,247.5,254.6,3464511,TCS
24-08-2009,258,262.9,256.8,260.8,2103602,TCS
25-08-2009,259,265.5,257.1,264.2,2764649,TCS
26-08-2009,263.4,277.5,263.3,274.3,4426312,TCS
27-08-2009,275,283,270.5,273.9,5115464,TCS
28-08-2009,272.9,275,265.6,270.4,2281568,TCS
31-08-2009,265.5,266.9,260.7,263.5,3585176,TCS
01-09-2009,267.5,268.2,259.6,263.5,4931097,TCS
02-09-2009,260.5,271.5,260.5,267.3,4080709,TCS
03-09-2009,270,272.2,265.2,266.8,3898372,TCS
04-09-2009,270,272,263.6,266,3131723,TCS
07-09-2009,267.9,276.8,266.8,275.5,2962860,TCS
08-09-2009,276,285.3,274.8,277.3,4946021,TCS
09-09-2009,278,282.4,271.6,280.2,3766093,TCS
10-09-2009,282,284.5,276,278.3,2449457,TCS
11-09-2009,280.5,284.5,277.8,280.2,4565148,TCS
14-09-2009,266.8,282,266.8,279.6,1600486,TCS
15-09-2009,282,287.9,281,286,2154093,TCS
16-09-2009,289.5,290,282.6,285.3,2908261,TCS
17-09-2009,287.5,294,286.5,291.5,2641610,TCS
18-09-2009,292.5,295,289.5,292,1962674,TCS
22-09-2009,295,303,291.1,301.3,1881640,TCS
23-09-2009,304,305.8,293.6,295.5,2261205,TCS
24-09-2009,294,304.7,291,301.3,3401674,TCS
25-09-2009,277.5,299,277.5,293.7,1534103,TCS
29-09-2009,297.5,307.2,295.5,305.2,3573062,TCS
30-09-2009,307.5,311.4,306.1,310.5,2186712,TCS
01-10-2009,309,325,307.5,314.9,2843472,TCS
05-10-2009,309.4,319.5,305.5,307.7,3129798,TCS
06-10-2009,312.5,314.2,302.5,307.1,3724027,TCS
07-10-2009,309.5,309.5,294.3,295.9,5037986,TCS
08-10-2009,297.5,299.4,284.3,285.7,5081086,TCS
09-10-2009,287.5,295.2,278.3,280.9,5016239,TCS
12-10-2009,283.5,292.1,281.8,289.9,2587110,TCS
14-10-2009,292.5,299,290.4,296.5,1989790,TCS
15-10-2009,297,299,287.5,290.9,2116190,TCS
16-10-2009,283,302.2,283,299.2,3594971,TCS
20-10-2009,307,312.9,306,310.5,3920292,TCS
21-10-2009,310,319.7,309,316.4,2865819,TCS
22-10-2009,316,322,307.7,312.9,2146462,TCS
23-10-2009,315.1,323,314.8,319.9,3747230,TCS
26-10-2009,321.5,328.8,317.5,322.3,2035873,TCS
27-10-2009,329,329,317.3,321.4,1970440,TCS
28-10-2009,321.2,324.5,317.5,321.4,1791157,TCS
29-10-2009,318,322.8,315.6,317,2441356,TCS
30-10-2009,321,324.4,310,314.2,1438062,TCS
03-11-2009,318,318,300.5,303,1384144,TCS
04-11-2009,305.6,314,305,312.9,2277899,TCS
05-11-2009,315,315,302.8,312.3,1365651,TCS
06-11-2009,310,317.5,306.8,311.1,2089742,TCS
09-11-2009,312.5,314,307.5,311.4,1716043,TCS
10-11-2009,313,314.5,310,313.3,2305203,TCS
11-11-2009,313.5,323.5,309.3,322.6,2024706,TCS
12-11-2009,322.5,330.8,321.8,327.7,2363883,TCS
13-11-2009,327.5,337.5,323.8,335.1,2298948,TCS
16-11-2009,335,338.5,330,332.9,1761904,TCS
17-11-2009,334,346.5,329.7,345.2,2672165,TCS
18-11-2009,345.5,352.9,341.8,343.5,2791457,TCS
19-11-2009,345,346.2,334.8,340,1732332,TCS
20-11-2009,339,348,335.1,346.6,1400387,TCS
23-11-2009,347.5,350,343,347.1,1271737,TCS
24-11-2009,352,352,341,349.5,1360936,TCS
25-11-2009,349.5,355.8,346,351.4,1946627,TCS
26-11-2009,352.5,353.7,342.5,344,2204559,TCS
27-11-2009,338.3,343.2,327.5,335.2,1884529,TCS
30-11-2009,337,346.5,337,344.2,1941444,TCS
01-12-2009,351.7,351.7,340.1,342.9,1614982,TCS
02-12-2009,347.5,347.5,338.5,342.2,1080977,TCS
03-12-2009,343.9,348,339.6,345,1489353,TCS
04-12-2009,340.5,350.5,340.5,347.6,1966704,TCS
07-12-2009,349,353,347.5,349.7,1103826,TCS
08-12-2009,349.9,350.4,345.1,349.2,2113086,TCS
09-12-2009,349,355.5,346.6,353.4,2354424,TCS
10-12-2009,352.5,355,351,352.8,829742,TCS
11-12-2009,353.6,357.2,350,353.1,1344156,TCS
14-12-2009,350.5,356,350.4,352.6,1504421,TCS
15-12-2009,354,356,348.6,350.5,1043576,TCS
16-12-2009,350.9,358.9,347.5,356.6,1782689,TCS
17-12-2009,359,364,357.5,361.4,1891151,TCS
18-12-2009,361.4,365.8,359.8,363.8,1397645,TCS
21-12-2009,365.1,374.5,363.3,367,4663497,TCS
22-12-2009,370,371.3,359.6,362,1594571,TCS
23-12-2009,364.2,374.8,362.8,373.3,2235343,TCS
24-12-2009,375,378.5,370.5,374.7,1528843,TCS
29-12-2009,375,375.9,368.3,370.7,1128139,TCS
30-12-2009,371,374.4,357.6,371.4,736055,TCS
31-12-2009,373.1,377.5,371.9,375.1,1426731,TCS
04-01-2010,377.4,379.5,374.5,375.8,981841,TCS
05-01-2010,377.5,379.8,373.3,375.9,1007244,TCS
06-01-2010,375.9,376.1,366.5,367.4,1674588,TCS
07-01-2010,367.8,369.7,355.5,357.2,3237446,TCS
08-01-2010,358,359.3,348.3,349.9,3024089,TCS
11-01-2010,352,360.1,350.2,357.1,2159204,TCS
12-01-2010,366,377,363.5,375,4513845,TCS
13-01-2010,372.5,398.2,372.3,394.3,5455136,TCS
14-01-2010,399.2,399.2,384.7,389.9,5163807,TCS
15-01-2010,398,399.8,386.1,395.7,3972504,TCS
18-01-2010,400,414.5,396.5,401.1,3630542,TCS
19-01-2010,401.1,401.1,389.3,390.4,2577425,TCS
20-01-2010,396.1,396.1,385.5,389.7,2173527,TCS
21-01-2010,386.1,396,384,385.3,2544752,TCS
22-01-2010,380.5,382.5,372.4,378.9,3787495,TCS
25-01-2010,378.8,382.8,370.6,378.1,1504143,TCS
27-01-2010,375,379.9,370.1,371.7,2422199,TCS
28-01-2010,374.8,379,363.9,370.9,3268598,TCS
29-01-2010,367,369.9,356.1,368.1,2736663,TCS
01-02-2010,367.2,381.4,360,373.1,1689006,TCS
02-02-2010,377.5,381.3,367.5,369.2,2369594,TCS
03-02-2010,372,378.5,367.8,376.5,1488838,TCS
04-02-2010,376.5,377,366.3,369.4,1358306,TCS
05-02-2010,367.5,367.5,358.3,361.8,2303559,TCS
08-02-2010,364.5,367.4,354.1,362.1,2085172,TCS
09-02-2010,362.5,371,360.5,367.6,1502947,TCS
10-02-2010,370,371.9,364.1,366.2,1168687,TCS
11-02-2010,369,374,367.5,371.4,1206578,TCS
15-02-2010,375,375,369.3,373.1,978241,TCS
16-02-2010,373.6,382.5,371.1,379.1,830245,TCS
17-02-2010,382.5,384,376.3,379.3,1264145,TCS
18-02-2010,380,383.5,377.8,379.4,907403,TCS
19-02-2010,377.5,379.8,372.9,375.3,1107940,TCS
22-02-2010,378.5,381.9,376.9,378.6,1071730,TCS
23-02-2010,379.5,382.5,375.6,381.1,926526,TCS
24-02-2010,378,385.4,376.1,382.7,2038029,TCS
25-02-2010,384.9,384.9,380.6,383.1,1336492,TCS
26-02-2010,383.6,389.3,373.1,380.9,1507967,TCS
02-03-2010,381,384.5,377.5,381.6,2026676,TCS
03-03-2010,384.5,387,382.1,384.4,1377371,TCS
04-03-2010,384,385,378.5,382,1026803,TCS
05-03-2010,382.5,383.5,380.1,381.3,643656,TCS
08-03-2010,383.8,385,380.2,381.4,1507870,TCS
09-03-2010,381.5,389.3,381.5,384.4,1728866,TCS
10-03-2010,381.9,392.2,380,390,2293937,TCS
11-03-2010,390,397.5,386,395.8,1607015,TCS
12-03-2010,400,400,396,398.5,1255488,TCS
15-03-2010,398.5,410,395.6,409,3027217,TCS
16-03-2010,410.8,416,407.9,414.5,1544428,TCS
17-03-2010,417,423,415,420.4,2087397,TCS
18-03-2010,422.5,422.5,410.3,412.9,1862277,TCS
19-03-2010,402.6,417.2,402.6,410.5,2358312,TCS
22-03-2010,407.5,416.9,403.1,413.8,1655055,TCS
23-03-2010,415,416.5,411.1,414.3,847482,TCS
25-03-2010,412.1,418.4,409,414.9,2758791,TCS
26-03-2010,415,418,411.2,412.5,998903,TCS
29-03-2010,412,414.7,404.3,406,1721633,TCS
30-03-2010,404.3,408.1,398.6,400,1548580,TCS
31-03-2010,400,403.6,388.7,390.3,3541523,TCS
01-04-2010,393.2,404.9,391.1,403.9,2890716,TCS
05-04-2010,408.5,408.5,399.6,401.7,1500918,TCS
06-04-2010,404.5,404.5,396.1,398,1851183,TCS
07-04-2010,395,404.5,390.6,399,1512279,TCS
08-04-2010,398,403.8,395,399.7,2247219,TCS
09-04-2010,401,404,394.1,395.8,1509006,TCS
12-04-2010,395.5,400,395.1,399.1,1434941,TCS
13-04-2010,400,411.9,393.6,410.4,4202458,TCS
15-04-2010,411,417.5,409.5,410.9,2145476,TCS
16-04-2010,409.5,414,405.9,407.6,1905479,TCS
19-04-2010,405,412.5,400.4,406,3473852,TCS
20-04-2010,412.5,416.3,393.5,394.8,6008493,TCS
21-04-2010,397.5,399.5,390.1,392.5,3553745,TCS
22-04-2010,394.6,396.8,390.5,393,2375558,TCS
23-04-2010,394,396,388.8,390.1,2153034,TCS
26-04-2010,393,395.5,390.1,392.6,1256274,TCS
27-04-2010,393,395,390.5,393.7,1310617,TCS
28-04-2010,390,392,382.5,385.2,1200191,TCS
29-04-2010,387.6,387.6,377.8,379.9,2311482,TCS
30-04-2010,382.5,386.4,381.3,382.7,1845112,TCS
03-05-2010,380.6,385.7,377.1,383.4,1208280,TCS
04-05-2010,387.4,387.4,378.4,380.5,1448014,TCS
05-05-2010,375,384,370.1,382.9,2185615,TCS
06-05-2010,384,385.5,379.6,383.6,1290436,TCS
07-05-2010,378.5,381.3,367.5,370.7,2133576,TCS
10-05-2010,380,421.5,372.5,385.1,1163907,TCS
11-05-2010,387.5,389.5,377,378.2,675644,TCS
12-05-2010,378.5,384,375.6,379.7,1370038,TCS
13-05-2010,382.6,386.6,380.7,382.8,660726,TCS
14-05-2010,383,388.5,377.5,381.9,1013498,TCS
17-05-2010,387.5,387.5,367.1,372.9,1861025,TCS
18-05-2010,373,373,363.2,367.6,1599590,TCS
19-05-2010,365,366.5,358.2,360.8,1964633,TCS
20-05-2010,364.5,366.2,358.1,365,1199046,TCS
21-05-2010,355,363,342.6,359.4,1337546,TCS
24-05-2010,362.5,365,356.4,358.8,1442714,TCS
25-05-2010,354,357,345.8,349.8,1148683,TCS
26-05-2010,354,372.4,352.1,369,1844732,TCS
27-05-2010,367.5,375,363.6,370.9,3441936,TCS
28-05-2010,374.9,376.8,367.8,375.4,1239687,TCS
31-05-2010,374.3,376.5,369,371.5,1663830,TCS
01-06-2010,371.5,376,367.4,369.6,1568456,TCS
02-06-2010,368.9,379.8,368.2,377.1,1384665,TCS
03-06-2010,380,384.5,372.6,382.7,842217,TCS
04-06-2010,382.7,384.9,377.6,382.7,684105,TCS
07-06-2010,375,378.9,368,376.6,867461,TCS
08-06-2010,377,381,373.5,375.1,1121111,TCS
09-06-2010,376,379.3,365.5,366.5,2433700,TCS
10-06-2010,365,376.5,365,375.3,898018,TCS
11-06-2010,380.9,381.7,375.5,379.6,1618512,TCS
14-06-2010,381.7,393.6,379,390.5,1775246,TCS
15-06-2010,378.3,388.9,378.3,383.1,1321488,TCS
16-06-2010,388.6,390,383.7,387.4,1164408,TCS
17-06-2010,388.5,392.4,381.9,387.7,764460,TCS
18-06-2010,387.7,394.5,386.1,391.6,1112836,TCS
21-06-2010,396.5,397,392.3,393.9,953714,TCS
22-06-2010,392.5,393.3,386.7,389.3,734162,TCS
23-06-2010,385,394.5,384.9,393.2,1479762,TCS
24-06-2010,393.2,394.3,383.9,386.7,1888755,TCS
25-06-2010,387.9,387.9,378.1,379.3,1018661,TCS
28-06-2010,379.2,383.6,378.8,382.4,576562,TCS
29-06-2010,382.5,382.5,374.5,376.9,1307331,TCS
30-06-2010,377.5,380,370.6,375.5,1658258,TCS
01-07-2010,375,375,362.9,366,1703872,TCS
02-07-2010,367.4,373,365.4,371.9,1471775,TCS
05-07-2010,374.4,374.5,368.6,369.5,1082798,TCS
06-07-2010,368.3,381,367.9,379.6,1380452,TCS
07-07-2010,380.7,383.7,374.5,382.3,1076467,TCS
08-07-2010,386,389.5,384.8,388.4,1093782,TCS
09-07-2010,390,392,385.4,387.2,918333,TCS
12-07-2010,389.9,397,389.9,395.9,1362888,TCS
13-07-2010,396,396,384.8,387.3,2772943,TCS
14-07-2010,389,392.4,385.1,387.3,1416921,TCS
15-07-2010,385.5,392.5,382.6,391.1,1897768,TCS
16-07-2010,397.5,419.3,397.5,416.8,9567726,TCS
19-07-2010,415.7,417.4,411.6,413.4,1513962,TCS
20-07-2010,413.4,417.3,412.5,413.6,1171031,TCS
21-07-2010,416,422.4,414.8,421.5,1471860,TCS
22-07-2010,421.5,423,416.3,421.9,681441,TCS
23-07-2010,425,425,417.6,419.7,947236,TCS
26-07-2010,421.2,425.8,420.2,424.6,1383245,TCS
27-07-2010,427.5,429.9,423.1,424.6,1053301,TCS
28-07-2010,425.5,429,423.5,427.2,2179614,TCS
29-07-2010,427.5,427.5,424.5,425,2665952,TCS
30-07-2010,424.5,425,417.5,419.9,641713,TCS
02-08-2010,421.5,424.2,418.5,419.2,1413881,TCS
03-08-2010,420.5,422.3,414.3,416,640776,TCS
04-08-2010,418,436,417.9,434.4,2791967,TCS
05-08-2010,436,441.2,432.8,438.9,1456475,TCS
06-08-2010,440,441.8,430.3,432.4,1218867,TCS
09-08-2010,430.6,441.9,423.1,439.9,2129993,TCS
10-08-2010,442.5,442.5,430.7,432.3,772597,TCS
11-08-2010,431,436.5,427.4,429.1,2010124,TCS
12-08-2010,428.5,428.5,423.1,426.7,1139046,TCS
13-08-2010,428.5,431.5,419,427.2,1294953,TCS
16-08-2010,428.5,431.3,424.4,427.1,659549,TCS
17-08-2010,425.1,430.5,422,425.1,866598,TCS
18-08-2010,426.5,437.9,425,435.6,1444458,TCS
19-08-2010,437,440.5,433.7,436,1074267,TCS
20-08-2010,434.5,440,431.5,434.5,873198,TCS
23-08-2010,430,437.7,428.5,435.2,524915,TCS
24-08-2010,435,441,432.5,435.4,1325237,TCS
25-08-2010,436,440.8,433.2,435.6,1189984,TCS
26-08-2010,437,439.5,430.1,438.3,2102214,TCS
27-08-2010,436.1,436.5,425.5,428,638257,TCS
30-08-2010,431.4,431.4,420.1,422.8,779285,TCS
31-08-2010,420,423.9,415.1,421.9,1223937,TCS
01-09-2010,421,430.5,420,429.2,1372742,TCS
02-09-2010,433.8,433.8,420.8,422.1,1379400,TCS
03-09-2010,425,425.8,417.6,418.7,1388985,TCS
06-09-2010,419,428.8,419,427.7,1143989,TCS
07-09-2010,429,437.5,428,435.7,1242118,TCS
08-09-2010,432,441.5,429.5,439.5,2094739,TCS
09-09-2010,441,441.3,435.7,437.4,1469079,TCS
13-09-2010,435.7,444.5,435.4,439.9,1174705,TCS
14-09-2010,441.5,449.5,440.2,447.7,1535519,TCS
15-09-2010,450,459.7,449.5,457.4,2780197,TCS
16-09-2010,454,456.7,432.3,447.7,1167132,TCS
17-09-2010,450.1,459.4,450.1,456.9,1503989,TCS
20-09-2010,458.5,461,453.4,456.1,1209554,TCS
21-09-2010,456,479,455.2,477,2498592,TCS
22-09-2010,478,480,465,467.6,2015533,TCS
23-09-2010,470,472.7,463.9,465.7,1663618,TCS
24-09-2010,466.6,469,462.5,466,1369392,TCS
27-09-2010,467.5,470.7,461,463.8,1711645,TCS
28-09-2010,462.6,465.2,457.1,459.8,1260857,TCS
29-09-2010,462.5,468.6,457.5,460.2,1685097,TCS
30-09-2010,462.5,465,457.6,463.5,3780462,TCS
01-10-2010,463.5,483,461,480.8,1663078,TCS
04-10-2010,483.4,487.5,476.5,477.9,1070478,TCS
05-10-2010,475,483,473.1,475.1,1105832,TCS
06-10-2010,475,484,475,479.8,919480,TCS
07-10-2010,480,483,469.2,474.4,986470,TCS
08-10-2010,472,477.4,434.5,471.3,1347998,TCS
11-10-2010,471.3,477,464.5,470.5,1532685,TCS
12-10-2010,471.3,477.9,469.6,475.4,1304451,TCS
13-10-2010,478,498.9,474.6,496.4,2675302,TCS
14-10-2010,498.5,502,491.2,493,1474543,TCS
15-10-2010,499.5,505.5,472.5,475.2,2858899,TCS
18-10-2010,485,492,465,490.6,2240367,TCS
19-10-2010,491,493.7,482.1,483.9,1100456,TCS
20-10-2010,482.3,490.3,478.1,481.6,1103319,TCS
21-10-2010,487,496.9,485,493.1,1876177,TCS
22-10-2010,511,524.7,511,520.1,4805202,TCS
25-10-2010,521.5,536.5,518.6,533.5,2578158,TCS
26-10-2010,531.8,533.9,520.8,531.3,1753512,TCS
27-10-2010,530,533.4,521.8,524.1,1070691,TCS
28-10-2010,525,533.8,520,526.5,2627845,TCS
29-10-2010,530,530,515.5,526.5,1106199,TCS
01-11-2010,526,533.2,524.6,526.7,573974,TCS
02-11-2010,527.5,530,521.9,524.7,782889,TCS
03-11-2010,525.5,539.5,524.2,526.4,1108939,TCS
04-11-2010,531,539.3,530.8,534.6,858720,TCS
05-11-2010,541.5,542,537.7,539.2,178897,TCS
08-11-2010,540,541.2,531.1,534.1,1124293,TCS
09-11-2010,537,549.4,534.3,545.6,1752043,TCS
10-11-2010,546.1,554,543.1,546.2,770112,TCS
11-11-2010,545,545,529.1,532.4,963048,TCS
12-11-2010,530,535,524.1,528,901165,TCS
15-11-2010,532.5,539.9,526.5,533,694698,TCS
16-11-2010,533,533.2,521.1,524.5,1089038,TCS
18-11-2010,536,536,520,521.4,1382580,TCS
19-11-2010,522.5,524.5,503,507.7,1086326,TCS
22-11-2010,508,521.5,505.8,519.6,1110618,TCS
23-11-2010,517,522.5,506.2,515,842224,TCS
24-11-2010,512.5,517.3,499.5,502.4,1504304,TCS
25-11-2010,505,521,503.6,510.9,2927503,TCS
26-11-2010,512.5,527,512.5,523.6,1808913,TCS
29-11-2010,527.5,539.3,525.1,535.7,2259446,TCS
30-11-2010,530.3,543,526.6,538,2404204,TCS
01-12-2010,532,546.6,532,541,1888016,TCS
02-12-2010,545.5,549.6,537.5,547.9,2047858,TCS
03-12-2010,546.5,556.5,545.6,548.7,1015056,TCS
06-12-2010,550,555,547.7,550.9,965477,TCS
07-12-2010,550,550,541.1,543.8,1079162,TCS
08-12-2010,545.5,546.5,535.6,539.6,992066,TCS
09-12-2010,541.9,548.7,534.1,536.3,1289951,TCS
10-12-2010,533.5,541.9,528.5,537.5,1122812,TCS
13-12-2010,535.5,540.4,524.2,538.1,1057533,TCS
14-12-2010,536.6,544.8,532.1,540.5,1307670,TCS
15-12-2010,542.6,554.2,540.8,551.8,1286017,TCS
16-12-2010,554.5,572,552.1,570.4,2257852,TCS
20-12-2010,567.4,588.5,557.4,583.4,2257023,TCS
21-12-2010,584.5,586.1,577,580.4,1405321,TCS
22-12-2010,583.5,584.5,568.9,574.9,1593418,TCS
23-12-2010,575,579.8,566.1,570,1425462,TCS
24-12-2010,567,574.4,562.9,570.6,812320,TCS
27-12-2010,572.5,579.7,569.1,570.6,832468,TCS
28-12-2010,570.6,575.5,570,573.2,506438,TCS
29-12-2010,574.5,581,573.5,578.5,521185,TCS
30-12-2010,576.3,587.4,576.3,585.1,1922776,TCS
31-12-2010,586.3,590,580.9,582.8,766490,TCS
03-01-2011,583.5,588.5,577.3,579,702521,TCS
04-01-2011,582,583.1,569.1,572.4,1251434,TCS
05-01-2011,572.6,583,570.9,579.5,1534837,TCS
06-01-2011,584,591,576.6,585.9,1423360,TCS
07-01-2011,588,593.4,569.1,571.3,1266362,TCS
10-01-2011,573.8,574.5,560.5,565.5,1976213,TCS
11-01-2011,561.5,567.8,543.9,549.3,1884365,TCS
12-01-2011,555,575.8,554,568,1580437,TCS
13-01-2011,564.5,578,558.1,562.1,2794599,TCS
14-01-2011,565,575,560,560.1,1575846,TCS
17-01-2011,560.6,573.3,560,568.7,1500106,TCS
18-01-2011,587,604.5,582.2,601.3,4240685,TCS
19-01-2011,601.7,604.5,592.5,596.5,1476020,TCS
20-01-2011,590,609.4,590,606.1,2272604,TCS
21-01-2011,605,610,602,605.8,1298702,TCS
24-01-2011,600,610,599.1,604.6,1008339,TCS
25-01-2011,607.4,609.7,590,594.3,1233547,TCS
27-01-2011,593.8,605,590.8,599.7,2357059,TCS
28-01-2011,597.5,601.8,582.6,590.7,1507289,TCS
31-01-2011,584.5,584.5,564.3,579.8,2970408,TCS
01-02-2011,582.5,582.5,566.5,575.1,2106354,TCS
02-02-2011,585,599.5,581.2,591.2,1968809,TCS
03-02-2011,592.4,597.9,585.3,591.9,941706,TCS
04-02-2011,588,591.6,570.1,574.4,1728800,TCS
07-02-2011,586.8,586.8,563.3,565.6,1289191,TCS
08-02-2011,566,575,559.3,562.6,2644319,TCS
09-02-2011,561.3,564.8,541.9,549.2,3006366,TCS
10-02-2011,550,557.3,536,545.4,2275911,TCS
11-02-2011,542.1,552.1,528,544.8,1472528,TCS
14-02-2011,545.5,560,543.5,556.2,1231274,TCS
15-02-2011,559.5,559.5,538.3,548.9,1812713,TCS
16-02-2011,552.5,554.9,540.5,548.3,1232296,TCS
17-02-2011,552.5,557.2,546.2,554.6,738880,TCS
18-02-2011,555.1,566.2,541.1,544.9,2038464,TCS
21-02-2011,545,574,529.1,569.3,2828900,TCS
22-02-2011,561.3,573.9,560,569.4,1652700,TCS
23-02-2011,564.1,572.5,561.6,562.8,939672,TCS
24-02-2011,559.5,569.4,545.7,555.9,2689415,TCS
25-02-2011,552.7,558.5,544.1,555,1535237,TCS
28-02-2011,550.6,574.1,550,555.1,1614698,TCS
01-03-2011,556.5,566,548.8,562.3,1583902,TCS
03-03-2011,560,577.5,553.5,575.1,1726300,TCS
04-03-2011,581.7,581.7,566.3,567.8,1030599,TCS
07-03-2011,562,562.5,547.2,554.1,2092294,TCS
08-03-2011,552.6,564.4,552.6,558.9,1973951,TCS
09-03-2011,561.3,569,559.3,563.4,1212243,TCS
10-03-2011,561,561,550,554.3,935662,TCS
11-03-2011,550,551.2,531.7,538.5,2506441,TCS
14-03-2011,535.5,551,529.2,548.8,1624309,TCS
15-03-2011,537.5,547.7,532.8,544.9,1705934,TCS
16-03-2011,546,561.7,545.6,557.4,1338937,TCS
17-03-2011,552.5,559.5,546.3,549,1028051,TCS
18-03-2011,546.8,554.5,538.1,541.4,1105674,TCS
21-03-2011,545.8,545.8,533.3,535.4,1309545,TCS
22-03-2011,537.6,540,531.5,534.8,1328887,TCS
23-03-2011,535.5,535.5,528.6,532.2,2176124,TCS
24-03-2011,535.5,547.8,535,546.7,1547417,TCS
25-03-2011,558.4,564.3,551.9,559.8,2073217,TCS
28-03-2011,561.9,563.4,554,560,1124321,TCS
29-03-2011,560,576,559.6,569.4,1579794,TCS
30-03-2011,574,582,572.5,576,1147385,TCS
31-03-2011,576,599,576,592,3697063,TCS
01-04-2011,592.5,599.4,586.3,590.1,899812,TCS
04-04-2011,592.5,608,592,606.6,1155808,TCS
05-04-2011,607.5,622,601.9,619.9,1445507,TCS
06-04-2011,619.5,623.5,607.1,610.9,1211176,TCS
07-04-2011,610,610,597.6,599.6,1074508,TCS
08-04-2011,598.5,607,592.4,598,991884,TCS
11-04-2011,590.1,597.5,587.7,589.2,1128116,TCS
13-04-2011,587.5,610.7,587.2,605.1,1878765,TCS
15-04-2011,608.5,610,590,595.7,3783385,TCS
18-04-2011,599,606.3,570,572.3,3882727,TCS
19-04-2011,572.3,584.7,570,582.4,1560112,TCS
20-04-2011,589.9,612,589.8,609.4,2669274,TCS
21-04-2011,620.5,622.9,585.4,596.1,8666984,TCS
25-04-2011,598.5,602,586.3,598.9,2095776,TCS
26-04-2011,600,601,590.2,594.5,1577623,TCS
27-04-2011,597.5,597.5,588,590.3,887239,TCS
28-04-2011,590.1,591.8,577.8,579.3,1423097,TCS
29-04-2011,586,586,575.1,582.8,933348,TCS
02-05-2011,585,588.8,576.3,579.2,771535,TCS
03-05-2011,581,581,565.5,569.2,1060078,TCS
04-05-2011,573,573,557.6,568.5,1361467,TCS
05-05-2011,572.5,572.5,554.1,557.5,942798,TCS
06-05-2011,560,576.8,559.9,574.5,1202674,TCS
09-05-2011,575,576,562.3,567.8,506116,TCS
10-05-2011,566.5,580,564,570,764579,TCS
11-05-2011,569.5,575.9,563.1,570.1,730335,TCS
12-05-2011,567,567,554.2,555.9,1270229,TCS
13-05-2011,556,571.2,556,563.6,1182744,TCS
16-05-2011,560.5,573.7,560,565.6,1113684,TCS
17-05-2011,561,574.6,561,570.9,695707,TCS
18-05-2011,571.1,580.8,571.1,577.5,1112590,TCS
19-05-2011,582.5,585,578,582.4,1025461,TCS
20-05-2011,586.9,591.7,581.6,587.5,1025300,TCS
23-05-2011,582,585.3,575,583.3,1008642,TCS
24-05-2011,581.3,586.4,569.6,575,840997,TCS
25-05-2011,574.6,575,560,564.3,933735,TCS
26-05-2011,569.5,571.5,560,567.9,1030109,TCS
27-05-2011,574.3,575,568.2,572.3,643352,TCS
30-05-2011,575.5,580,571.2,576,570434,TCS
31-05-2011,577.5,588.9,575.1,578.6,1322077,TCS
01-06-2011,578.5,588.5,578.5,587.7,491193,TCS
02-06-2011,579.5,586,578.3,583.9,848827,TCS
03-06-2011,583,587.5,575,576.1,683904,TCS
06-06-2011,570,584,570,582.2,678537,TCS
07-06-2011,581.5,591.6,579,589.7,918721,TCS
08-06-2011,586,592.5,581.8,590.7,1063835,TCS
09-06-2011,587.5,596.9,587.5,593.2,1346983,TCS
10-06-2011,593.3,598.8,592.6,594.6,1887275,TCS
13-06-2011,594.6,595.3,586.3,587.7,1614700,TCS
14-06-2011,589,597.5,589,595.5,1062891,TCS
15-06-2011,593,602.5,590.6,592.1,1406191,TCS
16-06-2011,591.5,593,574.1,575.6,1168760,TCS
17-06-2011,577.5,578.5,552,554.6,1894073,TCS
20-06-2011,557.5,559.5,529,534.7,2655204,TCS
21-06-2011,537.5,555.4,531.6,553.4,1712973,TCS
22-06-2011,558,558.5,540,541.8,1785417,TCS
23-06-2011,540.9,550.5,535.1,548.5,1214118,TCS
24-06-2011,550,570.4,549.5,568.9,2075794,TCS
27-06-2011,561,577.4,561,575.3,1562609,TCS
28-06-2011,580,581,567.8,577,1066666,TCS
29-06-2011,577.4,589.5,577.4,584.9,1479352,TCS
30-06-2011,584.9,596,583.5,592.1,2586458,TCS
01-07-2011,599,599,589.9,596,960420,TCS
04-07-2011,596.5,600,590,592.9,801867,TCS
05-07-2011,594.9,595.5,586.7,589.7,1030568,TCS
06-07-2011,589.1,596.5,585.9,591.4,745089,TCS
07-07-2011,591.6,600,591.6,598,1301317,TCS
08-07-2011,598,602.5,584.6,585.8,1706030,TCS
11-07-2011,585,588.9,573.3,578.3,911252,TCS
12-07-2011,567.9,574.4,556.1,572.7,2039702,TCS
13-07-2011,575,584,565.5,574.5,1976300,TCS
14-07-2011,575,579.3,559.6,561.9,3468922,TCS
15-07-2011,584,589,570.6,573,3639850,TCS
18-07-2011,574,576,561.2,562.5,1562604,TCS
19-07-2011,560.8,574.1,560.1,570,1097646,TCS
20-07-2011,575,575.9,562.5,566.2,1403873,TCS
21-07-2011,566,566.3,560,561.3,925312,TCS
22-07-2011,563.4,570.7,563.3,566.7,1045221,TCS
25-07-2011,567.5,572,561.6,570,2370357,TCS
26-07-2011,569.9,576,563.6,572.3,1984361,TCS
27-07-2011,574.5,577.3,569.1,573.6,1012145,TCS
28-07-2011,570,572.5,560.2,564.8,2046907,TCS
29-07-2011,566.5,571,560.8,568.5,859569,TCS
01-08-2011,571.2,575,562.6,567.6,991173,TCS
02-08-2011,565.3,567,561.1,565.3,1012646,TCS
03-08-2011,560,562.9,547.7,555.2,1532123,TCS
04-08-2011,555,559.8,545.6,547.9,1524647,TCS
05-08-2011,536.6,537,514,529,2634694,TCS
08-08-2011,505.6,516.7,498.3,502.7,3274653,TCS
09-08-2011,482.5,492.6,473.9,482.4,4079635,TCS
10-08-2011,499.5,506,486.9,492,2974540,TCS
11-08-2011,490,491.7,481.5,489.2,1450232,TCS
12-08-2011,495.3,496,468.8,473.6,2084542,TCS
16-08-2011,483.5,489.2,478,486.8,1491784,TCS
17-08-2011,487.3,504.7,485,500,2278946,TCS
19-08-2011,471.5,473.5,452.5,464.5,2721807,TCS
22-08-2011,464.5,465,451,459,1764461,TCS
23-08-2011,460.4,494,460.2,490.8,2437335,TCS
24-08-2011,489,489,477.5,481.3,1597395,TCS
25-08-2011,484.9,486.5,469,475.2,2222744,TCS
26-08-2011,475.6,484.8,470,474.2,1792455,TCS
29-08-2011,482.1,512,482.1,509.8,2795222,TCS
30-08-2011,515,525.2,512.1,521.2,2983341,TCS
02-09-2011,536.5,537.4,506,511.1,2206753,TCS
05-09-2011,507.9,516.6,499.2,513.9,1894829,TCS
06-09-2011,509,521,502.5,517,2381646,TCS
07-09-2011,517.1,525,512.5,515.5,2216078,TCS
08-09-2011,516.5,527.5,514.5,518,2446331,TCS
09-09-2011,520,525.8,505.3,508,2531325,TCS
12-09-2011,500,501.9,489.3,492.9,1648585,TCS
13-09-2011,498.9,512,494.4,496.9,1899102,TCS
14-09-2011,500.5,514.5,496.9,507.6,2372816,TCS
15-09-2011,514,522.9,505,520.9,1926119,TCS
16-09-2011,524,536.2,510.7,513.9,2328252,TCS
19-09-2011,510.8,516.3,506.3,509,1120117,TCS
20-09-2011,511.1,532,511.1,529,1743993,TCS
21-09-2011,534,534,518.5,521.8,1370380,TCS
22-09-2011,511.5,517,493.1,497.2,1570785,TCS
23-09-2011,494,507.5,491.1,495.2,2282116,TCS
26-09-2011,498,504,484.5,498.5,1694239,TCS
27-09-2011,506.9,522.5,503,520.3,1982289,TCS
28-09-2011,524.3,532.4,518.5,524,2212595,TCS
29-09-2011,521.6,534,517.9,530.7,2690175,TCS
30-09-2011,525,532,516.6,518.7,1345509,TCS
03-10-2011,510,525,507.7,521.7,1974632,TCS
04-10-2011,519.2,529.5,514.6,523,2359112,TCS
05-10-2011,527.3,531.5,520.5,521.8,1707631,TCS
07-10-2011,537.6,538.9,518.8,524.3,2542904,TCS
10-10-2011,524,537,524,532.4,1927407,TCS
11-10-2011,537.5,539,517.3,520.4,2238187,TCS
12-10-2011,533,544.7,531,539.5,2935831,TCS
13-10-2011,548.3,552.5,540.1,546.4,2704459,TCS
14-10-2011,544.7,570.4,544.5,567.1,3355066,TCS
17-10-2011,575.8,577,555.7,560.1,2179345,TCS
18-10-2011,531,532.1,510.3,516.8,6003389,TCS
19-10-2011,521.5,527.2,517.6,524.5,1913710,TCS
20-10-2011,518,523.5,515.2,522.5,1122706,TCS
21-10-2011,527.5,530,521.5,524.9,1230565,TCS
24-10-2011,530,546.2,529.8,539.9,1635860,TCS
25-10-2011,544.5,553.5,535.7,549.3,2079373,TCS
26-10-2011,552.5,555,546.7,548,205962,TCS
28-10-2011,564.5,569.6,555.5,560.8,1629558,TCS
31-10-2011,560,566,556,557.9,889370,TCS
01-11-2011,554,561.5,548.1,554.2,729105,TCS
02-11-2011,550.6,560.9,550,553.4,775422,TCS
03-11-2011,548.9,554.7,543.5,552.5,945634,TCS
04-11-2011,560.5,562.5,543.6,549.9,1358004,TCS
08-11-2011,548,557.4,548,552.6,846052,TCS
09-11-2011,555,573,553.2,561.5,1960990,TCS
11-11-2011,555,570.5,553.6,565.5,1814795,TCS
14-11-2011,570,578,562.3,564.2,1164575,TCS
15-11-2011,562.5,569.5,560,562.2,734239,TCS
16-11-2011,563,566.4,552.6,558.6,935801,TCS
17-11-2011,557.5,561.8,553.8,557.6,695994,TCS
18-11-2011,552.9,554.9,538.2,543.3,1394721,TCS
21-11-2011,542.5,544.2,530.1,533.6,1435852,TCS
22-11-2011,534.5,547.5,528.5,540.9,1861791,TCS
23-11-2011,541,541,520.5,531.2,1177875,TCS
24-11-2011,531,548.2,522.5,545.9,1883422,TCS
25-11-2011,542.5,544,528.6,532,1070302,TCS
28-11-2011,539,548,537,544.3,752243,TCS
29-11-2011,546.5,553,543.1,546.7,1277348,TCS
30-11-2011,540.6,561.5,540.6,557.8,1740849,TCS
01-12-2011,570,574.3,563.1,567.4,1240724,TCS
02-12-2011,567.4,592.5,564.8,589,1984433,TCS
05-12-2011,586.3,592,581.3,590.5,765238,TCS
07-12-2011,590,596.5,586.8,589.8,1318711,TCS
08-12-2011,585,594.5,583.6,588.8,1663222,TCS
09-12-2011,580.5,591.4,580.5,586.2,1381615,TCS
12-12-2011,588,595,577.6,590.2,1586085,TCS
13-12-2011,587.5,598.5,583.3,589.4,1637279,TCS
14-12-2011,590.3,594.5,585,591.2,1673088,TCS
15-12-2011,589.9,595,577.3,591.3,1834686,TCS
16-12-2011,588.3,591.3,566.2,573.2,1775448,TCS
19-12-2011,569.5,578.7,557.2,571.8,1833862,TCS
20-12-2011,572.7,575.6,564.1,566.7,904698,TCS
21-12-2011,575,583,561.2,579.4,1558488,TCS
22-12-2011,576,581.9,567.1,575.9,1043134,TCS
23-12-2011,575.5,581,569.6,578.6,789295,TCS
26-12-2011,578.6,595.1,576.8,594.2,1114676,TCS
27-12-2011,592.7,595,585,589.7,491951,TCS
28-12-2011,589.4,591.8,583,584.6,598955,TCS
29-12-2011,581.8,589.1,579.8,582.9,792864,TCS
30-12-2011,589,591.3,578.3,580.3,772705,TCS
02-01-2012,580.5,593,576.5,589.3,1124271,TCS
03-01-2012,591.6,605,590,598.8,1354442,TCS
04-01-2012,602.5,602.5,584.7,586.5,1193385,TCS
05-01-2012,586.4,592.5,583.7,586,1273656,TCS
06-01-2012,583,594.2,578.4,584.7,1059864,TCS
09-01-2012,585.5,589.9,582.6,585.7,754514,TCS
10-01-2012,587.5,592.8,579.3,582.7,1795895,TCS
11-01-2012,585.7,587.5,566.6,568.5,2837690,TCS
12-01-2012,550.5,557.5,534.3,544.8,4764342,TCS
13-01-2012,548.6,551.7,536.5,542.9,2009914,TCS
16-01-2012,542,557,539.5,554.7,1523601,TCS
17-01-2012,560,562.4,547,552,1852109,TCS
18-01-2012,540,548.2,522.7,538.1,5832766,TCS
19-01-2012,543.5,544.5,532.7,537.8,2081646,TCS
20-01-2012,540,545.5,536.5,539.8,1286347,TCS
23-01-2012,543,545.7,537.1,538.9,1065248,TCS
24-01-2012,544,547.5,539,544.4,1320655,TCS
25-01-2012,547.5,555,545.5,549,2922619,TCS
27-01-2012,552.5,560.3,550.1,554.4,2604859,TCS
30-01-2012,551.3,559.5,550.4,555.9,1297779,TCS
31-01-2012,556.5,568,556.5,566.2,1769060,TCS
01-02-2012,564.7,567.5,554.1,564.4,1144402,TCS
02-02-2012,568,576.3,565.2,574,1693070,TCS
03-02-2012,572.5,588,570.5,585.8,1388779,TCS
06-02-2012,591.9,600,586.7,596.9,1713598,TCS
07-02-2012,604.9,604.9,596,599,1703828,TCS
08-02-2012,608.2,613.4,605.5,609.8,1813592,TCS
09-02-2012,605.6,616,594,614.3,1519031,TCS
10-02-2012,614,619,606,616.7,1162151,TCS
13-02-2012,611.1,619,607,612.9,815885,TCS
14-02-2012,612.5,614.8,607.5,610,913323,TCS
15-02-2012,613.6,624.4,609.8,620.8,1083583,TCS
16-02-2012,619,621,609,612.7,943330,TCS
17-02-2012,617.4,627,610.5,614.4,2048284,TCS
21-02-2012,611.8,620,602.4,618.5,1244752,TCS
22-02-2012,617.5,633.4,614.5,626.2,1570913,TCS
23-02-2012,624.5,637.5,622,629.9,2043440,TCS
24-02-2012,629.5,640.4,628.6,635,1173200,TCS
27-02-2012,639.5,640,622.8,626,930685,TCS
28-02-2012,627.6,630.2,609.6,613.3,1986745,TCS
29-02-2012,620,620,606.1,611,1530108,TCS
01-03-2012,611.5,613.5,605,609.8,784297,TCS
02-03-2012,613,613.5,603.5,608.6,1154616,TCS
05-03-2012,607,611.2,600.5,603.7,770439,TCS
06-03-2012,601.5,610.7,594.5,601,858861,TCS
07-03-2012,597.5,603,593.3,596.4,972833,TCS
09-03-2012,613.5,613.5,601.5,604.3,1112879,TCS
12-03-2012,608,609.4,591.6,594.5,1120139,TCS
13-03-2012,595,607.5,595,598.5,1246232,TCS
14-03-2012,605.1,607,575.5,577.3,4032657,TCS
15-03-2012,579.5,585.5,572.5,581.9,2142118,TCS
16-03-2012,585,590,579,584.8,1027362,TCS
19-03-2012,584.8,584.8,555.9,561,2566432,TCS
20-03-2012,564.5,572.5,560,567.4,1841602,TCS
21-03-2012,568.5,589.9,568.3,587.9,2276621,TCS
22-03-2012,587.4,594.9,580,583.9,1710847,TCS
23-03-2012,587.5,596,582.4,592.3,1579218,TCS
26-03-2012,588.5,592.5,577,580.8,1526692,TCS
27-03-2012,586.5,589.8,576,587.4,794123,TCS
28-03-2012,587,587.3,577.2,582.6,1025548,TCS
29-03-2012,575.5,582,566.2,570.6,1340607,TCS
30-03-2012,572.8,587.9,572.8,584.4,1271671,TCS
02-04-2012,585,599.5,585,597.1,1163494,TCS
03-04-2012,600.1,603.7,587.7,589,1134577,TCS
04-04-2012,584.5,594.9,583.5,589.2,1082527,TCS
09-04-2012,585,594,579.1,582.1,788314,TCS
10-04-2012,583.2,587.8,576.1,578.1,766496,TCS
11-04-2012,574.9,577.5,567.6,569.1,890793,TCS
12-04-2012,570.1,574,564.6,565.8,1057343,TCS
13-04-2012,545.7,552.4,530.6,534.2,4497340,TCS
16-04-2012,532.6,537.2,526.7,534.9,2508055,TCS
17-04-2012,542.5,547.5,536.9,545.4,1236832,TCS
18-04-2012,550,557.4,546.9,548.8,1441132,TCS
19-04-2012,550.5,553.4,545.6,551.5,883708,TCS
20-04-2012,546.6,554,538.7,544.2,1225012,TCS
23-04-2012,547,551.2,523.8,532.1,1421934,TCS
24-04-2012,561,602.5,558.7,597.1,9056891,TCS
25-04-2012,594.5,595,583.8,585.5,2708949,TCS
26-04-2012,585,601,582.3,597.3,2738146,TCS
27-04-2012,595,606,595,602,1855573,TCS
30-04-2012,602,625,602,623.3,2302411,TCS
02-05-2012,621.1,637.2,621.1,633.6,1990724,TCS
03-05-2012,631.4,642.1,629.3,639.8,1679461,TCS
04-05-2012,640,647.6,631.5,638.4,1785859,TCS
07-05-2012,630,639.3,624.2,636.6,1313881,TCS
08-05-2012,612.5,617.4,597.8,600.4,4815789,TCS
09-05-2012,597.5,617.3,597.1,612.8,4635772,TCS
10-05-2012,612.8,620.9,612.5,616.3,1496310,TCS
11-05-2012,612,618.5,610.6,615.4,1372595,TCS
14-05-2012,613.7,617,610,613,1286876,TCS
15-05-2012,612,616.5,609.9,613.2,937755,TCS
16-05-2012,610,621,603.4,611.7,2283968,TCS
17-05-2012,611,617.5,599.5,611,2068762,TCS
18-05-2012,602.4,612.5,601.3,605.3,1328335,TCS
21-05-2012,605.5,612.5,602,604.6,1113544,TCS
22-05-2012,610.5,620,606.5,612,1180458,TCS
23-05-2012,616.5,617.8,607.1,612.6,1081403,TCS
24-05-2012,612.5,614.5,603.6,610.7,602837,TCS
25-05-2012,606.1,612.5,604.6,610.4,457523,TCS
28-05-2012,612,615,607.5,612.4,395097,TCS
29-05-2012,614,624,609.2,620.2,787516,TCS
30-05-2012,615.6,628.5,615.6,620.3,790757,TCS
31-05-2012,610.5,628,610.5,622.7,2205801,TCS
01-06-2012,620,622.5,609.3,612.3,739764,TCS
04-06-2012,605,608,598.1,606.6,602215,TCS
05-06-2012,607,615.5,607,613.3,1031699,TCS
06-06-2012,615,631.9,614.6,625.6,1645954,TCS
07-06-2012,623.5,625,615.8,620.1,1074864,TCS
08-06-2012,615.6,621.3,612.1,615.5,1200122,TCS
11-06-2012,616.5,623,613.6,616.8,772524,TCS
12-06-2012,610.6,626.5,610.6,624.1,546071,TCS
13-06-2012,624.5,630,621.3,625.2,725429,TCS
14-06-2012,624.5,630.8,622.5,627,735562,TCS
15-06-2012,627,640,624.5,636.2,993020,TCS
18-06-2012,638,643.2,625,628.6,747694,TCS
19-06-2012,628.5,639.6,627.6,637,884529,TCS
20-06-2012,637,637,621.7,626.4,876870,TCS
21-06-2012,622.5,626,604.5,612,2077990,TCS
22-06-2012,607.1,620,607.1,616.7,959780,TCS
25-06-2012,618.5,619.3,605.5,608.4,794379,TCS
26-06-2012,608.8,618.5,608.5,617.6,554857,TCS
27-06-2012,618.1,629.4,618.1,623.4,1152931,TCS
28-06-2012,623.5,632,618.1,629.4,947114,TCS
29-06-2012,631.7,643.5,631.5,638.7,995075,TCS
02-07-2012,639.5,639.5,628.2,629.7,1055550,TCS
03-07-2012,632.5,634.9,615.2,619.7,1113646,TCS
04-07-2012,621.8,624.8,615.8,623.9,650903,TCS
05-07-2012,623.9,623.9,617.6,620.3,760438,TCS
06-07-2012,620,626.4,613.5,623.9,964964,TCS
09-07-2012,622.5,632.3,621.7,629.7,956384,TCS
10-07-2012,632.5,635.1,624.8,630.9,1258799,TCS
11-07-2012,626.6,637.3,626.6,629.2,1017269,TCS
12-07-2012,612.5,625,609.7,618,3929540,TCS
13-07-2012,636.9,642,621.5,624.7,3608577,TCS
16-07-2012,624.5,629.6,601.5,603.7,1810313,TCS
17-07-2012,609,612,587.6,593,3191908,TCS
18-07-2012,597.5,602.2,589.3,597.7,1487643,TCS
19-07-2012,601.5,605,597.6,600.5,667676,TCS
20-07-2012,600.5,614,600.2,611.5,1689113,TCS
23-07-2012,604,613.6,600.5,607.1,1451599,TCS
24-07-2012,604.1,609.3,598.6,604.6,824046,TCS
25-07-2012,602,608.5,598.5,606.6,833015,TCS
26-07-2012,606.5,610.5,595.1,599.2,1472873,TCS
27-07-2012,607.5,615.1,601.6,612.7,921488,TCS
30-07-2012,617.5,621.4,607.3,615.5,1312856,TCS
31-07-2012,617.5,624.6,613.1,621.8,989982,TCS
01-08-2012,619.1,622.4,611.1,612.3,647875,TCS
02-08-2012,615,618.4,611,616.4,475529,TCS
03-08-2012,614,620.1,609.1,618.5,488868,TCS
06-08-2012,622.5,624,612.6,614.5,507770,TCS
07-08-2012,619.5,633.1,617.3,632,1049577,TCS
08-08-2012,632.5,633.3,623.2,624.6,821500,TCS
09-08-2012,625.1,633.9,625.1,629.1,564737,TCS
10-08-2012,628,642.5,627.9,640,1541178,TCS
13-08-2012,639.6,639.6,628.6,633.2,714019,TCS
14-08-2012,630,636.6,629.6,634.2,568465,TCS
16-08-2012,635.1,635.8,626.1,631.8,894146,TCS
17-08-2012,632.5,642.3,632,639.3,643788,TCS
21-08-2012,640,652.5,638.6,649.3,1025788,TCS
22-08-2012,648,654.5,644.1,645.8,567048,TCS
23-08-2012,645.9,663,645.9,661.7,1168657,TCS
24-08-2012,660,664.2,656.5,661.4,789469,TCS
27-08-2012,658.1,665.5,657.5,660.2,483600,TCS
28-08-2012,663.5,677.3,657.5,675.5,1133102,TCS
29-08-2012,675,679,667.5,671.7,1069645,TCS
30-08-2012,670,694.4,661.7,683.6,1666716,TCS
31-08-2012,678.5,679.5,667.3,671.9,886924,TCS
03-09-2012,675,677.5,666.5,668.9,611913,TCS
04-09-2012,666.5,673.5,661,670.4,754009,TCS
05-09-2012,669.8,685.5,666,682.3,1014480,TCS
06-09-2012,682.1,690,676.8,687.8,1145842,TCS
07-09-2012,695,698.4,689.5,693.4,1318328,TCS
10-09-2012,691.6,692,683,685.7,738012,TCS
11-09-2012,684.5,697.8,682,696.3,637090,TCS
12-09-2012,698.5,710.5,695,707.5,1057233,TCS
13-09-2012,706.5,712,704.8,708.9,940605,TCS
14-09-2012,714,719.9,701.1,706.6,1407420,TCS
17-09-2012,709.1,710.8,667.8,671.1,2547195,TCS
18-09-2012,672.5,672.5,646.3,649.9,3610103,TCS
20-09-2012,647.5,668.5,645.8,661,2021253,TCS
21-09-2012,662.5,666.2,649.2,652,2123879,TCS
24-09-2012,655,656.5,638.5,644.7,2468510,TCS
25-09-2012,645.1,654.9,641.2,646.6,1911847,TCS
26-09-2012,647.6,652.5,641,642.8,1646406,TCS
27-09-2012,640.1,649.8,630.6,635.8,2802699,TCS
28-09-2012,639.4,652.5,638.3,648,1456498,TCS
01-10-2012,647.5,654.9,646.5,651.5,897809,TCS
03-10-2012,650.5,662.5,650.5,661.3,1159115,TCS
04-10-2012,660,660.8,654.3,658.6,659642,TCS
05-10-2012,655.1,659.7,527.5,652,1918055,TCS
08-10-2012,655,657.6,642.7,646.4,842704,TCS
09-10-2012,649,649.4,642.5,647.4,645577,TCS
10-10-2012,643,650.9,642.5,644.7,581989,TCS
11-10-2012,645.1,650.8,643,644.7,817763,TCS
12-10-2012,639.4,656.8,636.6,649.2,1234771,TCS
15-10-2012,647,651.2,643.8,647.3,407264,TCS
16-10-2012,648.5,655.1,643.9,648,641372,TCS
17-10-2012,650.7,652.5,636,641.6,798740,TCS
18-10-2012,643.1,655.5,640.1,653.7,723564,TCS
19-10-2012,654.5,655.7,641,644.9,1412808,TCS
22-10-2012,662.6,667.5,651.5,659.5,2698671,TCS
23-10-2012,662,662,656,657.3,568348,TCS
25-10-2012,657.5,662,652.1,657.7,1127235,TCS
26-10-2012,653.1,661,653.1,657.7,523675,TCS
29-10-2012,655.5,659.9,650.4,654.2,407814,TCS
30-10-2012,652.2,661,652.2,655.8,402634,TCS
31-10-2012,654.6,658.4,652,657.8,499768,TCS
01-11-2012,657.5,660.2,655.1,657.6,789884,TCS
02-11-2012,662.5,669,659.2,665.6,836987,TCS
05-11-2012,668,671.7,662.7,664.8,611913,TCS
06-11-2012,662.5,668.7,659.7,660.3,648733,TCS
07-11-2012,662.5,666.7,660.8,665.8,529195,TCS
08-11-2012,662,667.4,658.3,665.6,619522,TCS
09-11-2012,665,666.6,660.5,662.5,355691,TCS
12-11-2012,660,674,660,667.3,733391,TCS
13-11-2012,667.6,668.6,661,662.7,71507,TCS
15-11-2012,660.1,661,645.5,647.1,867701,TCS
16-11-2012,649.9,653.4,640.1,643.4,799445,TCS
19-11-2012,645.1,647.5,629.3,631.2,838143,TCS
20-11-2012,637.5,641.5,628,636.4,628020,TCS
21-11-2012,638.1,647.4,638.1,641.1,470872,TCS
22-11-2012,641.1,642.1,635.5,638.2,305812,TCS
23-11-2012,641,645.7,635.6,644.3,374838,TCS
26-11-2012,644,647.9,642.5,646.9,228167,TCS
27-11-2012,650,650,644.2,647.6,669080,TCS
29-11-2012,655,656,646.2,649.1,1735289,TCS
30-11-2012,647.5,662.5,645.6,657,1789647,TCS
03-12-2012,657.5,661,652.6,658.4,659756,TCS
04-12-2012,657.6,660.9,646.5,649.7,797560,TCS
05-12-2012,650,653.8,644.3,649,895029,TCS
06-12-2012,647.5,647.5,634.5,640.4,1185046,TCS
07-12-2012,638.3,640.4,628.5,632.1,978607,TCS
10-12-2012,631.1,633.4,615.6,618.6,1514715,TCS
11-12-2012,617.5,621.5,605.2,609.9,2463457,TCS
12-12-2012,612.5,620.5,610.6,612.9,1243974,TCS
13-12-2012,615.1,617.3,608.6,611.3,1148581,TCS
14-12-2012,608.5,622.5,608.1,621.5,1098407,TCS
17-12-2012,619.6,624.5,601.1,602.8,2241449,TCS
18-12-2012,607.4,612.5,598.5,605.3,2344241,TCS
19-12-2012,608.1,618.3,608.1,616.3,3321030,TCS
20-12-2012,613.6,627.5,613.6,626,1157015,TCS
21-12-2012,625,632.2,618.9,629.4,1228984,TCS
24-12-2012,631,635.6,630.1,633.1,627409,TCS
26-12-2012,633.5,634.6,627.7,631.1,717629,TCS
27-12-2012,632.5,632.5,623.8,625.5,997079,TCS
28-12-2012,627,636,625.4,633.8,750811,TCS
31-12-2012,630.5,632.8,626,627.9,352085,TCS
01-01-2013,633.5,634,630,632.1,254790,TCS
02-01-2013,633.5,636.2,627.8,631.7,940123,TCS
03-01-2013,632.5,642,630,640.3,1317565,TCS
04-01-2013,642.5,650.5,640.5,649.6,2614380,TCS
07-01-2013,650,652,645.1,647.4,910376,TCS
08-01-2013,647.5,652.2,647.2,650.1,1170935,TCS
09-01-2013,650.5,653.7,636.6,638.3,1567949,TCS
10-01-2013,640,641.1,627.7,629.2,2261419,TCS
11-01-2013,645,661.3,645,653.2,3902503,TCS
14-01-2013,659.5,674.2,653.7,667.3,2895112,TCS
15-01-2013,695,700,663.5,668.7,4131489,TCS
16-01-2013,668.5,677.5,654.5,673.9,2054746,TCS
17-01-2013,674.9,685.9,671.5,681,1514272,TCS
18-01-2013,681.3,683,669,675.5,720235,TCS
21-01-2013,676.3,677.5,663.6,665,630019,TCS
22-01-2013,663,665.9,654.1,658.8,693315,TCS
23-01-2013,657.9,661.9,649.2,656,938827,TCS
24-01-2013,652.5,668.5,652.5,664.3,1749235,TCS
25-01-2013,661.9,672.5,661.9,670.3,760550,TCS
28-01-2013,670.2,675,669,672.5,1214077,TCS
29-01-2013,670.6,678.3,670.2,672.5,865902,TCS
30-01-2013,670.5,674.9,667.9,673.1,1139572,TCS
31-01-2013,674.4,676.2,663.2,672.1,2156584,TCS
01-02-2013,672,676,671.1,674.1,742270,TCS
04-02-2013,674.5,683.9,672.6,678.2,1243652,TCS
05-02-2013,672.6,682.5,672.6,680,1080997,TCS
06-02-2013,681.3,688,681,685.3,1786853,TCS
07-02-2013,680.5,695,680.5,693.6,1306391,TCS
08-02-2013,693,718.5,692.6,711.3,3486809,TCS
11-02-2013,712,714.5,706.1,707.4,1156063,TCS
12-02-2013,704.5,707.5,700.9,705,1112751,TCS
13-02-2013,704.9,720.8,702.6,717.7,1911333,TCS
14-02-2013,715.1,727.9,714.5,723.9,1473479,TCS
15-02-2013,722,725.9,715.3,721.1,910395,TCS
18-02-2013,720.1,721,710,712.7,476043,TCS
19-02-2013,710.8,724.5,706.4,721.8,372147,TCS
20-02-2013,720.8,728.5,720.8,726.4,1130759,TCS
21-02-2013,720.4,728.4,720.4,725.5,1924573,TCS
22-02-2013,725,732,721.2,727.6,655347,TCS
25-02-2013,726.5,737.5,725.8,736.9,865015,TCS
26-02-2013,733.5,750,733,748.2,1426835,TCS
27-02-2013,747.6,751.5,738.7,741.6,1278341,TCS
28-02-2013,743.1,762.5,742.6,758.5,2299712,TCS
01-03-2013,757.6,758,749,750.9,1268663,TCS
04-03-2013,745.5,760,745.5,756.6,1568038,TCS
05-03-2013,758.5,771.5,754.3,770.1,1720027,TCS
06-03-2013,768.1,782.8,768.1,780.6,1149755,TCS
07-03-2013,780.5,798.8,779.7,795,1954351,TCS
08-03-2013,795,797.8,787.5,791.6,2170751,TCS
11-03-2013,787.5,794.8,778.3,783.1,1110665,TCS
12-03-2013,779,784,774,780.3,904726,TCS
13-03-2013,778,779.4,774,775.9,897248,TCS
14-03-2013,778.5,788.5,771.9,783.9,1525609,TCS
15-03-2013,786,790.2,780.3,785.1,2106199,TCS
18-03-2013,779.9,786.8,777.2,783.5,847494,TCS
19-03-2013,782.3,782.3,770.2,773.4,1869955,TCS
20-03-2013,770,786.3,770,778.8,2084068,TCS
21-03-2013,781.5,787.2,776.9,780,832302,TCS
22-03-2013,780.7,781.1,766,771.1,1357228,TCS
25-03-2013,774.3,776,764.2,771.7,928658,TCS
26-03-2013,770.1,785,768.1,778.2,890768,TCS
28-03-2013,778,791.7,770.8,787.9,1532831,TCS
01-04-2013,782.5,786.9,775.6,778.4,484406,TCS
02-04-2013,778,785.6,770.6,783.7,565166,TCS
03-04-2013,785,787.5,765.5,771.7,479966,TCS
04-04-2013,770.1,770.1,750.5,753.9,563169,TCS
05-04-2013,752.5,754.7,742.1,749.2,932624,TCS
08-04-2013,749.5,749.5,737.5,740.4,448208,TCS
09-04-2013,740,756.5,738.8,748.7,836177,TCS
10-04-2013,755,769.5,750.5,765.2,1023142,TCS
11-04-2013,770,775.1,760.4,768.5,1122329,TCS
12-04-2013,741,762.3,739.2,755.9,2516030,TCS
15-04-2013,756.8,757,724.2,736.2,2695748,TCS
16-04-2013,735,746.7,729,741.6,1535791,TCS
17-04-2013,747.5,749.5,715.5,728.3,2639502,TCS
18-04-2013,744,747.5,713.7,726.4,4277229,TCS
22-04-2013,723,729.9,712.5,712.7,1481242,TCS
23-04-2013,712.2,724,712,715.3,1692085,TCS
25-04-2013,715.3,715.3,699.3,701.2,3964597,TCS
26-04-2013,696.5,696.7,682.6,684.7,2377038,TCS
29-04-2013,682.5,692.4,682.5,685.4,1984458,TCS
30-04-2013,684,691,682.5,689.2,2010285,TCS
02-05-2013,686.8,719.4,686.8,717,2815163,TCS
03-05-2013,713,723.6,704,709.3,1820895,TCS
06-05-2013,710,736.2,710,733.6,1863559,TCS
07-05-2013,733.6,739.4,728.7,735.8,1130090,TCS
08-05-2013,736,743.9,735,740.1,884065,TCS
09-05-2013,741.6,751.7,741.5,749.2,974850,TCS
10-05-2013,749.2,755.5,745.6,748,569857,TCS
13-05-2013,740,740.5,722.9,725.8,931249,TCS
14-05-2013,727.6,735.3,721.9,729,1125050,TCS
15-05-2013,729.1,738.6,725,735.8,1782963,TCS
16-05-2013,734.5,734.5,723.7,727,1207826,TCS
17-05-2013,727.5,739.3,727.1,736.9,1450100,TCS
20-05-2013,735.6,739,730.5,736.2,692752,TCS
21-05-2013,732.5,751,732.5,746.4,949216,TCS
22-05-2013,749,754.6,746.2,749.2,923472,TCS
23-05-2013,747.5,763.4,739.2,746.4,1531981,TCS
24-05-2013,750,751.5,731.8,734.8,793306,TCS
27-05-2013,734.8,750,730,749,1011932,TCS
28-05-2013,749,758.3,745.2,757.1,700127,TCS
29-05-2013,758,763.8,742.6,748.7,726019,TCS
30-05-2013,750,756,743.5,749.7,1204173,TCS
31-05-2013,745.5,754.6,738.4,749.2,964934,TCS
03-06-2013,752,753.5,728.6,734.7,1548806,TCS
04-06-2013,730,737,725.1,732.7,652660,TCS
05-06-2013,730.6,736.3,726.4,733.9,864338,TCS
06-06-2013,726.9,739.3,726,735.4,1270226,TCS
07-06-2013,735.1,769.5,734,759.5,1775422,TCS
10-06-2013,762.5,772.4,759.6,762.5,1680215,TCS
11-06-2013,765.1,771,746,750.8,1102734,TCS
12-06-2013,747.1,747.6,731,734.1,2402977,TCS
13-06-2013,730,732,717.6,722.8,1575671,TCS
14-06-2013,724,728.6,715.5,725.4,1552998,TCS
17-06-2013,726.5,732.5,714,726.2,1292081,TCS
18-06-2013,727.5,730,720.1,721.9,1145764,TCS
19-06-2013,727.5,727.5,711.8,713.9,1069894,TCS
20-06-2013,710.5,716.6,699.6,702.3,2086439,TCS
21-06-2013,704.4,715.9,704,711.1,1424112,TCS
24-06-2013,707.5,717.1,700.1,705.4,944582,TCS
25-06-2013,706.8,713.6,690.4,696.2,930274,TCS
26-06-2013,698.5,723.9,690.5,718.9,1163244,TCS
27-06-2013,723.9,748.5,721,746,1910339,TCS
28-06-2013,747.5,762.2,729.1,759.1,2408548,TCS
01-07-2013,756,758.4,741.7,746.2,677326,TCS
02-07-2013,746.6,754.3,743.3,750.3,828621,TCS
03-07-2013,748.9,759.5,732.5,744.9,765453,TCS
04-07-2013,745.4,770.5,745,769.2,958530,TCS
05-07-2013,771,779,761,765.1,646506,TCS
08-07-2013,764,767.5,750,753.3,829398,TCS
09-07-2013,747.7,760.9,747.7,752.5,548663,TCS
10-07-2013,755,763.4,749,756,661312,TCS
11-07-2013,760,785,760,782.3,1167637,TCS
12-07-2013,797.5,812.4,789.7,804.9,1625768,TCS
15-07-2013,800.6,823.7,799.7,820.9,1030285,TCS
16-07-2013,812.5,833.2,808.8,824.7,1112493,TCS
17-07-2013,822.5,842.5,822.5,839.3,1499625,TCS
18-07-2013,840,846.2,822,830.2,1722766,TCS
19-07-2013,859.5,879.5,850,871.4,4275402,TCS
22-07-2013,870.5,879.4,864.2,873.3,1487386,TCS
23-07-2013,874,890.2,871.8,874.9,823251,TCS
24-07-2013,874.3,896,872.5,891.4,1090822,TCS
25-07-2013,890,905,883.4,897.9,2044404,TCS
26-07-2013,897.5,899.5,875.1,887.3,1189532,TCS
29-07-2013,879,897.3,878.6,889.6,887131,TCS
30-07-2013,890,902.5,887.7,896.2,1308742,TCS
31-07-2013,895,915.8,894.7,907.8,1413375,TCS
01-08-2013,905,917.4,895,907.7,1070589,TCS
02-08-2013,909.9,925,908.4,922.9,923427,TCS
05-08-2013,920,938.7,920,933.6,1177592,TCS
06-08-2013,936.5,941,932.3,935.1,1152645,TCS
07-08-2013,937,945.5,906.7,911.4,1347490,TCS
08-08-2013,902.6,928.1,891.9,922.7,1079314,TCS
12-08-2013,920.5,920.5,904.1,907,1038787,TCS
13-08-2013,910.1,922.4,905,909.9,1084148,TCS
14-08-2013,912.3,929,901,916.8,1651034,TCS
16-08-2013,912.1,915,877.8,890.5,1389965,TCS
19-08-2013,899,903.5,877.8,888.7,1060676,TCS
20-08-2013,894.9,894.9,865,868.2,1362422,TCS
21-08-2013,870.1,871.9,850.6,858.9,1811997,TCS
22-08-2013,852.5,898.6,847.6,889.5,2130494,TCS
23-08-2013,897,919,892.2,914.7,2016442,TCS
26-08-2013,911.6,939.3,907,921,1331619,TCS
27-08-2013,919.5,939.4,915,919.4,972642,TCS
28-08-2013,914,973.1,914,954,2222342,TCS
29-08-2013,950.5,985,939.2,973.6,2952591,TCS
30-08-2013,969.5,1025,965,1016.6,2641471,TCS
02-09-2013,1010,1034.5,1008.8,1028.4,1077017,TCS
03-09-2013,1025.1,1033.5,993.1,1000.6,1177532,TCS
04-09-2013,1000,1039.4,997,1034.6,1313258,TCS
05-09-2013,1034.5,1034.5,990.5,995.4,1963746,TCS
06-09-2013,1004.5,1012.5,987.5,994.4,1379798,TCS
10-09-2013,993,1008.4,990.5,994,2150486,TCS
11-09-2013,1004,1009,991.8,996.9,1504247,TCS
12-09-2013,997.5,999.3,972.9,984,952784,TCS
13-09-2013,982.5,995,973.3,976.9,1048160,TCS
16-09-2013,975,992.5,947,951.3,1230253,TCS
17-09-2013,950,976.3,948.6,973.7,1663908,TCS
18-09-2013,971,982.4,969,977.3,1054909,TCS
19-09-2013,974,995,963.3,983.2,1953620,TCS
20-09-2013,975,995,970.5,975.2,1795929,TCS
23-09-2013,975,988.6,970,977.6,1494379,TCS
24-09-2013,977.5,989,963,969.8,2470150,TCS
25-09-2013,970.8,985.5,960.1,979.5,2166929,TCS
26-09-2013,977.4,987.1,967.6,971.5,2459852,TCS
27-09-2013,971.6,981,968.7,974.1,892333,TCS
30-09-2013,977,980.9,960,963.9,993675,TCS
01-10-2013,966,977.4,958.4,974.5,795997,TCS
03-10-2013,985.9,1018.5,980.2,1012.3,2336177,TCS
04-10-2013,1016,1034.5,1013.5,1016.8,967016,TCS
07-10-2013,1017.5,1048.9,1012.7,1044.9,996939,TCS
08-10-2013,1041.5,1049,1028.3,1030.7,914053,TCS
09-10-2013,1027.8,1048.8,1022.6,1045.4,887929,TCS
10-10-2013,1044,1049,1033.6,1040,582160,TCS
11-10-2013,1051.5,1069,1041.2,1061,1142224,TCS
14-10-2013,1063.8,1112.5,1062.5,1106.4,2187230,TCS
15-10-2013,1117.5,1129.4,1100.5,1107.7,2332546,TCS
17-10-2013,1115,1115,1047.9,1054.2,3343607,TCS
18-10-2013,1052.4,1066.9,1030.8,1060.3,2673083,TCS
21-10-2013,1062.5,1064,1025,1035.8,1842686,TCS
22-10-2013,1044,1053.8,1038.4,1044.7,1022307,TCS
23-10-2013,1044.3,1051.5,1023.1,1030.6,1227748,TCS
24-10-2013,1021,1041.2,1000.9,1004.4,1808879,TCS
25-10-2013,997.5,1036,997.5,1033.9,1263701,TCS
28-10-2013,1034,1044.9,1026.3,1032,901971,TCS
29-10-2013,1032.5,1042.9,1024,1034.9,914538,TCS
30-10-2013,1035.1,1050,1035.1,1046,1057437,TCS
31-10-2013,1044.5,1064.5,1039.7,1056,1761538,TCS
01-11-2013,1055,1071,1045.6,1048.8,673240,TCS
05-11-2013,1050,1052.5,1015.9,1021,1130643,TCS
06-11-2013,1031.5,1051.8,1029.5,1045.6,833875,TCS
07-11-2013,1050,1074.1,1040.2,1061,978474,TCS
08-11-2013,1065,1065.9,1035.6,1045.4,804673,TCS
11-11-2013,1045,1070,1025,1047.3,980569,TCS
12-11-2013,1048.4,1060.9,1039.5,1043.6,500341,TCS
13-11-2013,1049.5,1053.1,1021.8,1024.5,604169,TCS
14-11-2013,1036,1036,1010.9,1013.1,1064852,TCS
18-11-2013,1023,1030,1016.1,1022,1415801,TCS
19-11-2013,1025,1027.5,1010.6,1015,1038932,TCS
20-11-2013,1023.4,1025,1008.5,1011.8,829348,TCS
21-11-2013,1011.6,1017.4,990,993.3,1151441,TCS
22-11-2013,995.5,1005.5,992.6,1000.4,747247,TCS
25-11-2013,1004,1013.4,996.6,1006.6,975499,TCS
26-11-2013,1001.6,1008.2,993.5,996.9,1023706,TCS
27-11-2013,1004.5,1006.9,987.5,993.2,1060489,TCS
28-11-2013,996.6,998.3,985,992.3,1402861,TCS
29-11-2013,996,1007.4,990.9,1002.2,962406,TCS
02-12-2013,997.5,1010.5,997.5,1007,626630,TCS
03-12-2013,1008,1021,1007.5,1010.4,724592,TCS
04-12-2013,1010,1015.8,996.8,1000,759518,TCS
05-12-2013,1008,1016.8,991.5,993.6,698595,TCS
06-12-2013,995.5,1005,995.5,1000.2,723481,TCS
09-12-2013,1014.5,1015,1000,1002.4,913170,TCS
10-12-2013,1000,1044.5,1000,1041.4,1826667,TCS
11-12-2013,1039.5,1043.4,1021.5,1029,778031,TCS
12-12-2013,1022.5,1032,1012.6,1014.5,827982,TCS
13-12-2013,1019,1022.5,997.5,1000.9,1731675,TCS
16-12-2013,1006.9,1019.9,1002.6,1009.6,1429250,TCS
17-12-2013,1015.8,1032.9,1015,1022.7,1497737,TCS
18-12-2013,1020,1035.5,1019,1027.9,793995,TCS
19-12-2013,1038,1055,1031.3,1040.8,1080993,TCS
20-12-2013,1044.1,1065,1042.9,1060.3,982906,TCS
23-12-2013,1065,1071.7,1049,1054.5,660612,TCS
24-12-2013,1059.9,1064.5,1052.1,1055.4,435078,TCS
26-12-2013,1057.5,1058.5,1045.7,1050.2,1148597,TCS
27-12-2013,1053.5,1085,1052.5,1080.3,1239973,TCS
30-12-2013,1085,1087.6,1073.4,1078,834388,TCS
31-12-2013,1080.1,1092.5,1075.5,1086,622888,TCS
01-01-2014,1090.1,1092.3,1075.6,1076.7,264976,TCS
02-01-2014,1083,1094.5,1078.1,1083.5,863474,TCS
03-01-2014,1082.4,1114.6,1073.6,1111.1,1309087,TCS
06-01-2014,1114.5,1122,1098.5,1119.8,1155905,TCS
07-01-2014,1120,1128.2,1099.5,1103.1,1448743,TCS
08-01-2014,1106,1122,1105,1116.3,1275010,TCS
09-01-2014,1114.4,1127.8,1111.1,1121,1291103,TCS
10-01-2014,1130,1154.9,1117.5,1140.5,1684667,TCS
13-01-2014,1142.5,1192,1142.5,1184.4,1907158,TCS
14-01-2014,1186,1192.4,1160,1163.4,1487482,TCS
15-01-2014,1171.2,1189.1,1163.5,1176.8,1524427,TCS
16-01-2014,1190,1190.1,1162.5,1175.2,1498981,TCS
17-01-2014,1149,1149,1103,1106.5,3782378,TCS
20-01-2014,1109.5,1175,1107.8,1169.1,3005279,TCS
21-01-2014,1167,1169.6,1137.6,1140.2,1566141,TCS
22-01-2014,1143.6,1148.4,1132.1,1137,1192015,TCS
23-01-2014,1134.1,1138.4,1118.7,1126.2,1145381,TCS
24-01-2014,1122,1141.6,1117.5,1124.4,925133,TCS
27-01-2014,1113,1129.8,1110.1,1114.8,1266474,TCS
28-01-2014,1116,1123.9,1098.1,1106.2,1426083,TCS
29-01-2014,1120,1120,1102.5,1104.9,849038,TCS
30-01-2014,1099,1113.5,1095,1108.8,1112625,TCS
31-01-2014,1112.6,1134.9,1110.5,1120.5,1087123,TCS
03-02-2014,1111,1122.1,1095.4,1097.2,681240,TCS
04-02-2014,1087,1087.5,1056,1075.7,1347083,TCS
05-02-2014,1081.9,1100,1070,1097.2,926825,TCS
06-02-2014,1090,1095,1072.5,1087.6,961326,TCS
07-02-2014,1095,1097.5,1065.5,1072.2,995456,TCS
10-02-2014,1072,1072,1042.6,1046.8,2009635,TCS
11-02-2014,1050,1063.3,1048,1050.9,1784393,TCS
12-02-2014,1059,1061.8,1047.5,1052.7,1537174,TCS
13-02-2014,1053.5,1069.2,1048.3,1066.9,1047175,TCS
14-02-2014,1069,1092.4,1064.1,1084,955031,TCS
17-02-2014,1080,1093,1073.6,1082.7,835197,TCS
18-02-2014,1082.5,1095.5,1077.9,1083,763458,TCS
20-02-2014,1103,1111,1091.4,1094.7,793962,TCS
21-02-2014,1099,1106.5,1095.4,1102.9,858930,TCS
24-02-2014,1102,1102.6,1085.1,1089,1225212,TCS
25-02-2014,1094.5,1099.8,1090,1094.5,1652687,TCS
26-02-2014,1097,1097.5,1088.6,1091.1,1929856,TCS
28-02-2014,1080.5,1140,1080.1,1137.9,1994096,TCS
03-03-2014,1135.9,1149.5,1114,1120,803039,TCS
04-03-2014,1116.6,1127,1112,1120.3,1015166,TCS
05-03-2014,1127.4,1143.1,1121.3,1126,1151003,TCS
06-03-2014,1126.4,1130,1116.1,1120.4,657281,TCS
07-03-2014,1122.8,1125,1076.4,1114.3,2349236,TCS
10-03-2014,1114.1,1114.3,1067.5,1071.3,1914884,TCS
11-03-2014,1077.5,1088.8,1061,1075.8,1275127,TCS
12-03-2014,1076.5,1094.9,1076.5,1089.7,834894,TCS
13-03-2014,1074,1101,1068.4,1074.8,1009942,TCS
14-03-2014,1070.5,1080.3,1062.2,1069.8,1080623,TCS
18-03-2014,1067.8,1075.9,1052.1,1061,1282921,TCS
19-03-2014,1037.5,1037.5,1006.5,1019.7,4326331,TCS
20-03-2014,1019,1061.5,1005.7,1054.1,2864478,TCS
21-03-2014,1062.5,1072.5,1042.5,1063.5,2340388,TCS
24-03-2014,1068.5,1079,1063.1,1076.3,1091507,TCS
25-03-2014,1072,1086,1065,1073.3,1124984,TCS
26-03-2014,1074,1079.3,1043.8,1046.8,1596175,TCS
27-03-2014,1050.5,1057.5,1032.5,1047.1,2506238,TCS
28-03-2014,1048.5,1061.4,1040,1051.1,1485581,TCS
31-03-2014,1052,1072.5,1041,1066.6,1341634,TCS
01-04-2014,1072.5,1092.5,1072.5,1088.4,1377966,TCS
02-04-2014,1095,1101,1080.5,1086.1,1881508,TCS
03-04-2014,1086.4,1091,1073.8,1083.3,790597,TCS
04-04-2014,1086,1093.5,1065,1069.4,847328,TCS
07-04-2014,1065.1,1083,1060.4,1076.9,1297493,TCS
09-04-2014,1076,1081,1052.5,1070.2,1675250,TCS
10-04-2014,1070.2,1074.3,1057.6,1063.1,1076443,TCS
11-04-2014,1059,1087.5,1050,1082.1,1170371,TCS
15-04-2014,1090.5,1129,1087,1126.4,1798622,TCS
16-04-2014,1132,1132,1092.1,1098.2,1737955,TCS
17-04-2014,1110,1113.5,1071.4,1111.5,3840719,TCS
21-04-2014,1110,1121.5,1105.7,1110.9,921297,TCS
22-04-2014,1117,1125,1110,1110.5,743137,TCS
23-04-2014,1115.7,1122,1100.6,1106.9,969496,TCS
25-04-2014,1113.5,1117.5,1096.6,1102.6,1580224,TCS
28-04-2014,1102.6,1111.4,1090.1,1095.7,1275383,TCS
29-04-2014,1093,1103.2,1088.5,1097.1,923090,TCS
30-04-2014,1092.6,1102.8,1090.5,1094.6,1198689,TCS
02-05-2014,1090.6,1110,1090.6,1104.2,958889,TCS
05-05-2014,1105.4,1114.5,1102.1,1106.9,657239,TCS
06-05-2014,1106.9,1110.8,1095,1099.5,480616,TCS
07-05-2014,1095.5,1101.5,1070.1,1082.8,2358091,TCS
08-05-2014,1082.6,1090.9,1073.8,1081,1303450,TCS
09-05-2014,1076,1092.4,1076,1080,899720,TCS
12-05-2014,1076.5,1083.4,1061.6,1079.7,1443032,TCS
13-05-2014,1082.9,1119.5,1082.9,1105.5,1273742,TCS
14-05-2014,1107.2,1118.9,1100.6,1108.1,694614,TCS
15-05-2014,1108.1,1112.5,1085.6,1096.6,1260098,TCS
16-05-2014,1100,1126.7,1050.1,1080.4,2620899,TCS
19-05-2014,1075,1080,999.8,1018.4,3258303,TCS
20-05-2014,1014,1080,1014,1034.1,2351057,TCS
21-05-2014,1030.6,1044.5,1027.9,1041.4,2058473,TCS
22-05-2014,1048.4,1062,1037.6,1056,2108421,TCS
23-05-2014,1059.5,1074.5,1048,1064,1547390,TCS
26-05-2014,1074.5,1084.8,1066.8,1077,1325425,TCS
27-05-2014,1080.1,1092.3,1059,1065.7,897547,TCS
28-05-2014,1070,1079.4,1061.2,1075.3,943744,TCS
29-05-2014,1072.5,1090,1067.6,1080,1410355,TCS
30-05-2014,1079.4,1083.5,1065.1,1070.7,1292824,TCS
02-06-2014,1072,1078.9,1058,1064.9,547579,TCS
03-06-2014,1064.9,1069,1052.6,1064.3,1242314,TCS
04-06-2014,1065,1067.5,1038.5,1044.6,1070531,TCS
05-06-2014,1041.6,1058.2,1034,1052.1,2174235,TCS
06-06-2014,1050.1,1053.9,1028,1042.1,1680793,TCS
09-06-2014,1043.5,1059,1040,1056.9,1333098,TCS
10-06-2014,1057.5,1080.5,1057.5,1079.1,1314034,TCS
11-06-2014,1082.5,1107,1069.1,1103.5,1772281,TCS
12-06-2014,1124.5,1127,1091.9,1118.7,1367169,TCS
13-06-2014,1119,1119.5,1092.5,1106.8,952011,TCS
16-06-2014,1105,1138.5,1105,1134.9,1219953,TCS
17-06-2014,1142.5,1148.5,1135.5,1139.9,959072,TCS
18-06-2014,1146.5,1146.5,1110.7,1113.5,974412,TCS
19-06-2014,1115,1144.5,1105.1,1138,948177,TCS
20-06-2014,1142.5,1149.5,1131,1146.2,577837,TCS
23-06-2014,1146.5,1150,1127,1134.4,631367,TCS
24-06-2014,1134.5,1159.8,1127.5,1154.5,739550,TCS
25-06-2014,1155,1160,1146.5,1155.3,514211,TCS
26-06-2014,1148,1172.1,1145.6,1153.8,1018091,TCS
27-06-2014,1158.5,1203.5,1157.5,1199.8,1529418,TCS
30-06-2014,1200.3,1217.5,1188.3,1212.7,1073235,TCS
01-07-2014,1209.5,1209.5,1191.2,1195.4,546395,TCS
02-07-2014,1200,1205.9,1191.8,1200.8,453870,TCS
03-07-2014,1199.5,1222.5,1196,1209,763381,TCS
04-07-2014,1206.2,1212.8,1200.5,1205.3,268068,TCS
07-07-2014,1210,1249,1205.2,1244.3,1102451,TCS
08-07-2014,1242.5,1243.1,1216.6,1224.7,1250294,TCS
09-07-2014,1235,1236.3,1190.8,1199.1,777121,TCS
10-07-2014,1199.8,1209.8,1167.5,1175.9,995281,TCS
11-07-2014,1185.5,1205,1180.6,1197.2,664723,TCS
14-07-2014,1209.4,1219.5,1192.6,1213.1,793962,TCS
15-07-2014,1213.1,1215,1196.9,1199.7,694828,TCS
16-07-2014,1204.8,1212,1193.4,1200.9,703620,TCS
17-07-2014,1205,1214.9,1187.5,1191,895110,TCS
18-07-2014,1226,1242.5,1217.5,1220.6,1753744,TCS
21-07-2014,1234,1234.9,1221.5,1231.9,490536,TCS
22-07-2014,1232.5,1270,1231,1266.2,1199508,TCS
23-07-2014,1270,1298.2,1266.2,1293.1,1032929,TCS
24-07-2014,1297.5,1301,1283.5,1297.6,740709,TCS
25-07-2014,1297,1307.2,1283.5,1302.9,903457,TCS
28-07-2014,1288.6,1299.8,1277.5,1294.7,657461,TCS
30-07-2014,1292.4,1305,1286.3,1297.5,949626,TCS
31-07-2014,1287.6,1299,1284.6,1290,1203605,TCS
01-08-2014,1287.5,1294,1255,1258.2,1190941,TCS
04-08-2014,1266,1271,1244,1263,914318,TCS
05-08-2014,1272.5,1272.5,1245.1,1261.9,702328,TCS
06-08-2014,1258.1,1267.4,1245.1,1253.3,918781,TCS
07-08-2014,1245,1247.5,1229.5,1234.9,836328,TCS
08-08-2014,1232.5,1253.9,1232.5,1239.4,732395,TCS
11-08-2014,1245.5,1247.8,1227.5,1234.2,645448,TCS
12-08-2014,1245,1245,1220.1,1235.9,492276,TCS
13-08-2014,1235,1265,1235,1250,1384189,TCS
14-08-2014,1257,1266,1245,1249.9,789028,TCS
18-08-2014,1245.5,1252.5,1235,1243.8,686630,TCS
19-08-2014,1250,1252.5,1217.5,1219.3,1617078,TCS
20-08-2014,1222.3,1227.5,1215,1218.1,1028379,TCS
21-08-2014,1223.5,1230,1215,1216.2,1132725,TCS
22-08-2014,1222,1234.1,1217.9,1232.1,1548119,TCS
25-08-2014,1235,1264.3,1233.5,1261,1571756,TCS
26-08-2014,1264.5,1275,1250,1266.9,907745,TCS
27-08-2014,1267,1283.7,1257,1275,717730,TCS
28-08-2014,1273.5,1274.7,1256.5,1261.2,883144,TCS
01-09-2014,1262.7,1280,1261.5,1268.6,405074,TCS
02-09-2014,1272.9,1277.4,1257.1,1269,703970,TCS
03-09-2014,1269.5,1308,1269.5,1303.2,1530845,TCS
04-09-2014,1311,1313.7,1288.7,1292.4,850799,TCS
05-09-2014,1300,1310.9,1291.5,1299.3,733530,TCS
08-09-2014,1306,1325,1299.5,1321.4,848671,TCS
09-09-2014,1326,1333.5,1312.6,1315.6,709049,TCS
10-09-2014,1319,1321.4,1295.6,1300.1,629384,TCS
11-09-2014,1305,1312.2,1295.8,1299.2,537811,TCS
12-09-2014,1305,1312.2,1296.6,1303.8,598105,TCS
15-09-2014,1307,1309.3,1277,1279.2,575772,TCS
16-09-2014,1283,1287.5,1272,1275.4,767804,TCS
17-09-2014,1280.5,1302.4,1280.5,1295.6,828850,TCS
18-09-2014,1295.9,1325.9,1290.5,1321.2,741539,TCS
19-09-2014,1321.5,1370,1321,1357.1,1793932,TCS
22-09-2014,1357,1367,1338.1,1360.9,499792,TCS
23-09-2014,1362,1391.2,1341.7,1344.1,1027995,TCS
24-09-2014,1346.5,1353.5,1316.4,1321.5,1221066,TCS
25-09-2014,1330.5,1362.5,1330,1354.3,1236579,TCS
26-09-2014,1355,1362.5,1335.1,1342,806356,TCS
29-09-2014,1347.7,1387.7,1337.7,1384,1044767,TCS
30-09-2014,1386.5,1388.3,1354.1,1368.3,1394477,TCS
01-10-2014,1376,1401,1368.5,1387.8,1071011,TCS
07-10-2014,1369.8,1419.9,1362.8,1365.7,1728837,TCS
08-10-2014,1369,1370,1324.6,1341.6,981221,TCS
09-10-2014,1354,1361.7,1343.3,1353,842588,TCS
10-10-2014,1353,1363.7,1334.3,1339.3,1172181,TCS
13-10-2014,1340,1362.4,1335,1358.3,1104766,TCS
14-10-2014,1365,1367.9,1339.4,1349.6,1184703,TCS
16-10-2014,1365,1379.3,1332.1,1339.1,1924007,TCS
17-10-2014,1237.5,1255.7,1215,1220.6,4946406,TCS
20-10-2014,1245,1246.8,1209,1211.7,1699621,TCS
21-10-2014,1212.9,1221.9,1207.5,1216.7,975366,TCS
22-10-2014,1242.5,1244.5,1222.6,1225.9,1033832,TCS
23-10-2014,1232.5,1233.7,1227.5,1232.6,109922,TCS
27-10-2014,1259.5,1259.9,1222.5,1228.6,1398604,TCS
28-10-2014,1242.5,1242.5,1226.7,1239.3,1144979,TCS
29-10-2014,1237.5,1257,1236.5,1253,1212508,TCS
30-10-2014,1260.9,1287.5,1254.5,1279.1,2055646,TCS
31-10-2014,1280.5,1310,1280.5,1303.9,1585035,TCS
03-11-2014,1324.5,1324.5,1290.3,1295.2,1270816,TCS
05-11-2014,1319,1319,1295,1299.8,1155321,TCS
07-11-2014,1302.4,1307.9,1278.5,1286.4,1063370,TCS
10-11-2014,1287.6,1291,1275.5,1284.8,770982,TCS
11-11-2014,1289,1297,1277.7,1290.4,624970,TCS
12-11-2014,1290,1305.5,1287.5,1295.9,660291,TCS
13-11-2014,1297.5,1302.5,1282.6,1294.2,822770,TCS
14-11-2014,1292.6,1305.6,1287.5,1303.2,728587,TCS
17-11-2014,1297.6,1312.5,1296.1,1309.2,785276,TCS
18-11-2014,1310,1313.3,1289.9,1292.9,733513,TCS
19-11-2014,1299,1299,1278.7,1286.9,932873,TCS
20-11-2014,1294,1305.1,1280.3,1302.7,897693,TCS
21-11-2014,1304,1320,1293.3,1311.1,1000797,TCS
24-11-2014,1311,1332.5,1311,1328.9,971383,TCS
25-11-2014,1330,1339.7,1308,1318,1185842,TCS
26-11-2014,1315,1328.2,1307.5,1313.7,792400,TCS
27-11-2014,1313.7,1334,1312.7,1326.7,866209,TCS
28-11-2014,1329.2,1346,1317.7,1321.5,994884,TCS
01-12-2014,1325.3,1350,1322.6,1346.5,948177,TCS
02-12-2014,1346.5,1355.5,1324.7,1328.7,718286,TCS
03-12-2014,1336,1336.7,1309.3,1317.7,1547335,TCS
04-12-2014,1332,1333.5,1315,1319,642654,TCS
05-12-2014,1320.5,1324.9,1286.1,1289.5,1179838,TCS
08-12-2014,1297.5,1297.5,1250.8,1256.4,1616287,TCS
09-12-2014,1258,1279.5,1254.6,1257.4,1243970,TCS
10-12-2014,1257.5,1266,1248.1,1254,1043985,TCS
11-12-2014,1250.3,1261.5,1243.5,1246.1,969411,TCS
12-12-2014,1250,1260,1211.3,1225.4,1190393,TCS
15-12-2014,1192.5,1192.5,1176.1,1179.3,1743894,TCS
16-12-2014,1175,1229.6,1172.5,1221.5,1669570,TCS
17-12-2014,1226.7,1235,1202.6,1222.1,1143538,TCS
18-12-2014,1227.6,1234.3,1217.4,1230.4,740722,TCS
19-12-2014,1235.7,1261.9,1234,1255.3,951565,TCS
22-12-2014,1263,1264.5,1237.2,1256.7,821977,TCS
23-12-2014,1250,1268.3,1247.3,1258.4,633238,TCS
24-12-2014,1257.5,1260.4,1232.8,1240,1644486,TCS
26-12-2014,1243,1255,1232.5,1252.5,313103,TCS
29-12-2014,1254,1268.5,1253.5,1261.5,389460,TCS
30-12-2014,1262.5,1271.2,1258,1265,350671,TCS
31-12-2014,1266.4,1283.2,1262.5,1279.1,786896,TCS
01-01-2015,1283.5,1283.5,1270.5,1272.8,183415,TCS
02-01-2015,1275.5,1295.5,1275.3,1289.7,462870,TCS
05-01-2015,1290.5,1300,1262.3,1270.1,877121,TCS
06-01-2015,1264.6,1264.6,1220,1223.3,1211892,TCS
07-01-2015,1235,1239.6,1203.7,1208.9,1318166,TCS
08-01-2015,1221.2,1224.5,1210.3,1221.9,782704,TCS
09-01-2015,1227.5,1260,1225,1256.2,1598821,TCS
12-01-2015,1258.5,1264,1240.1,1254.9,798003,TCS
13-01-2015,1260,1265.2,1240.1,1249,734216,TCS
14-01-2015,1258,1265.9,1250.3,1261,893548,TCS
15-01-2015,1266.5,1290.9,1261.6,1269.6,2504960,TCS
16-01-2015,1271.9,1272.5,1242.2,1266.1,2646915,TCS
19-01-2015,1268,1275.5,1251.5,1255.5,567537,TCS
20-01-2015,1260,1265,1241.6,1250.2,1029283,TCS
21-01-2015,1261,1261,1244.1,1256.9,1155240,TCS
22-01-2015,1258.3,1260.6,1247.8,1256.8,1056607,TCS
23-01-2015,1257,1266,1248.1,1251.8,1575190,TCS
27-01-2015,1256.2,1257.5,1244.8,1251,1369368,TCS
28-01-2015,1251.5,1272.5,1251.5,1269.8,1560990,TCS
29-01-2015,1269,1284.4,1256.5,1272.3,1867196,TCS
30-01-2015,1280.4,1287.5,1235,1241,2908701,TCS
02-02-2015,1241,1260.7,1231,1257.1,1590901,TCS
03-02-2015,1255.8,1282.5,1253.6,1279.1,1172527,TCS
04-02-2015,1284,1285.9,1251.1,1257.2,1122709,TCS
05-02-2015,1260,1295.9,1259.5,1276.2,2265084,TCS
06-02-2015,1276.5,1297.4,1275.4,1287.9,1068208,TCS
09-02-2015,1280.8,1284.6,1250,1256.5,1038216,TCS
10-02-2015,1255,1263.1,1216.5,1220.6,1899527,TCS
11-02-2015,1227.5,1243.6,1223.6,1230,1468761,TCS
12-02-2015,1239.9,1239.9,1223.5,1231.1,1553990,TCS
13-02-2015,1235,1273.9,1230.1,1269.4,2079163,TCS
16-02-2015,1280,1297.5,1277.5,1292.4,1182196,TCS
18-02-2015,1292.5,1321.5,1282.6,1317.8,1330007,TCS
19-02-2015,1318,1343.7,1317.5,1340.5,1309001,TCS
20-02-2015,1349.4,1349.4,1321.1,1337.8,900794,TCS
23-02-2015,1335.5,1361,1335.5,1348.3,807446,TCS
24-02-2015,1347,1365,1339.5,1352.4,1099961,TCS
25-02-2015,1355,1361,1333.9,1336.1,883997,TCS
26-02-2015,1339.5,1346.4,1312.7,1328.2,995997,TCS
27-02-2015,1329.7,1337.9,1308.2,1331.2,1438688,TCS
02-03-2015,1339.9,1354.5,1326.3,1334.7,1088019,TCS
03-03-2015,1341,1395,1338.1,1388,1712154,TCS
04-03-2015,1394,1406.1,1357.8,1373,1931497,TCS
05-03-2015,1375,1385.4,1340.5,1348.2,1086757,TCS
09-03-2015,1320,1339.9,1305,1323.4,1441587,TCS
10-03-2015,1324.5,1339.1,1297.6,1321.4,1518526,TCS
11-03-2015,1321,1330,1298.9,1303.3,1120100,TCS
12-03-2015,1312,1312.5,1295.1,1309.5,913818,TCS
13-03-2015,1319,1320,1287.5,1291.2,793419,TCS
16-03-2015,1292.6,1305,1276,1281.2,778148,TCS
17-03-2015,1291.3,1303.4,1278.9,1291.9,633659,TCS
18-03-2015,1295.5,1299.7,1275.9,1279.7,627585,TCS
19-03-2015,1288,1302.9,1284.1,1298.1,1224482,TCS
20-03-2015,1298,1309,1289.4,1305.5,981954,TCS
23-03-2015,1308,1315.5,1303,1308.6,783304,TCS
24-03-2015,1315,1318.5,1291.1,1295.7,1197439,TCS
25-03-2015,1295.7,1307,1272.6,1286.9,1112429,TCS
26-03-2015,1276.7,1293.4,1250.5,1256.6,1545821,TCS
27-03-2015,1265.5,1286,1252.1,1257.4,1375888,TCS
30-03-2015,1262.5,1285,1260,1282.1,669503,TCS
31-03-2015,1284.7,1284.7,1260.5,1277,1213514,TCS
01-04-2015,1279,1281.8,1261.1,1271.3,1037879,TCS
06-04-2015,1279,1281.5,1250.1,1273.7,784271,TCS
07-04-2015,1281.2,1299.5,1272,1292.5,943461,TCS
08-04-2015,1297,1328.3,1295.4,1320.7,826067,TCS
09-04-2015,1329.5,1343.7,1317.6,1332.3,1272225,TCS
10-04-2015,1324.3,1335.4,1314,1326.9,907772,TCS
13-04-2015,1332,1332.5,1314,1327.8,654321,TCS
15-04-2015,1327.4,1357,1304.7,1313.9,1456967,TCS
16-04-2015,1313.5,1313.5,1285.7,1291.4,1608785,TCS
17-04-2015,1278.6,1280,1235,1237.4,4834371,TCS
20-04-2015,1240,1242,1212.4,1214.4,1445361,TCS
21-04-2015,1214.4,1226,1200.5,1213.5,1273016,TCS
22-04-2015,1215.8,1236.5,1203.8,1222.6,2093406,TCS
23-04-2015,1236,1239.9,1215.9,1228.6,2171495,TCS
24-04-2015,1227.7,1257,1223.8,1246.5,1812579,TCS
27-04-2015,1249.8,1260,1243,1250.1,1366526,TCS
28-04-2015,1255,1255,1227.6,1247.5,1544149,TCS
29-04-2015,1242,1247.5,1225.5,1243.7,1009810,TCS
30-04-2015,1240,1245,1213.6,1231.9,1869027,TCS
04-05-2015,1245.5,1252.4,1228.6,1240.8,945315,TCS
05-05-2015,1250.5,1268.2,1250,1258.9,1627535,TCS
06-05-2015,1257.5,1257.5,1227.9,1231.5,1697203,TCS
07-05-2015,1232.5,1276.9,1226.9,1272.6,1602514,TCS
08-05-2015,1280,1294,1258.2,1263.6,1501832,TCS
11-05-2015,1267.5,1281.5,1262.5,1278,1286541,TCS
12-05-2015,1280,1282.5,1256.5,1261.5,1233693,TCS
13-05-2015,1273.5,1273.5,1240.2,1257.7,931887,TCS
14-05-2015,1260,1260,1242.5,1249.6,654525,TCS
15-05-2015,1257.5,1266.2,1250.5,1255.6,730727,TCS
18-05-2015,1257.1,1262.6,1248.6,1260.2,2253876,TCS
19-05-2015,1259.7,1265,1248.4,1256.4,978861,TCS
20-05-2015,1260,1285,1258.5,1278.5,948907,TCS
21-05-2015,1278.5,1290,1274.1,1277.8,789789,TCS
22-05-2015,1275,1314.4,1269.6,1309,1345816,TCS
25-05-2015,1310,1318.5,1292.9,1300.5,491489,TCS
26-05-2015,1302.5,1311.6,1294.5,1304.4,980870,TCS
27-05-2015,1304,1316.6,1296,1307.6,810345,TCS
28-05-2015,1302,1311.5,1291.1,1304.8,1381804,TCS
29-05-2015,1308.5,1324.3,1298.6,1305.2,2211766,TCS
01-06-2015,1304.7,1323.6,1304.2,1308.9,441132,TCS
02-06-2015,1308,1315,1295.3,1300,1967910,TCS
03-06-2015,1302,1312.8,1295.3,1305.5,902342,TCS
04-06-2015,1308.6,1311.4,1294.3,1302.8,2065734,TCS
05-06-2015,1296,1304.5,1285,1287.9,1154267,TCS
08-06-2015,1295,1295,1280.8,1288.7,785160,TCS
09-06-2015,1292.5,1295,1275.5,1280.8,1289457,TCS
10-06-2015,1283,1305,1281.9,1300.4,1381675,TCS
11-06-2015,1302.8,1306.5,1278.4,1285.7,923668,TCS
12-06-2015,1286,1294.5,1238.4,1252.9,1285728,TCS
15-06-2015,1252.7,1260.2,1240.5,1252.4,1262588,TCS
16-06-2015,1250,1259.7,1247.2,1256,633698,TCS
17-06-2015,1260.5,1264.6,1250.9,1256.9,987860,TCS
18-06-2015,1257.5,1273.2,1254,1265,1082523,TCS
19-06-2015,1267.5,1277.5,1263.6,1274.8,999805,TCS
22-06-2015,1273.5,1300,1273.5,1295.8,551001,TCS
23-06-2015,1300,1304,1283.6,1287.3,449159,TCS
24-06-2015,1290,1294,1279.4,1285.2,585123,TCS
25-06-2015,1281,1286.5,1272.1,1275,965496,TCS
26-06-2015,1275.1,1298.2,1275.1,1296.4,645051,TCS
29-06-2015,1286,1302,1271.7,1296.5,686378,TCS
30-06-2015,1292.5,1294.4,1270,1275.5,774976,TCS
01-07-2015,1282,1304,1278.4,1296.6,639854,TCS
02-07-2015,1300,1301.5,1285.5,1288.9,722940,TCS
03-07-2015,1286.5,1305,1285,1302,481735,TCS
06-07-2015,1290.2,1322.5,1290.2,1316.7,591169,TCS
07-07-2015,1316.4,1323.5,1301.5,1308.1,821418,TCS
08-07-2015,1299,1310.9,1290.3,1297.6,1333925,TCS
09-07-2015,1297.5,1299.1,1253.3,1261.3,1967061,TCS
10-07-2015,1279.5,1279.5,1227.5,1237.2,4131827,TCS
13-07-2015,1237.7,1259.3,1237.7,1254.8,1140154,TCS
14-07-2015,1255.5,1257.5,1245,1249.8,851637,TCS
15-07-2015,1250.5,1275,1250,1272.9,1001830,TCS
16-07-2015,1271.9,1279.4,1263.3,1270.1,728304,TCS
17-07-2015,1273.4,1285.1,1271.7,1282.2,535263,TCS
20-07-2015,1282,1292,1276,1289.6,426893,TCS
21-07-2015,1288,1300.2,1277.6,1280.7,637250,TCS
22-07-2015,1280.5,1284.5,1260.5,1264,660314,TCS
23-07-2015,1258.8,1268.9,1241.5,1244.3,748390,TCS
24-07-2015,1248.8,1258.3,1246.1,1252.6,787486,TCS
27-07-2015,1244,1252.5,1240.6,1248.5,1001869,TCS
28-07-2015,1249.8,1259.5,1246.1,1251,945594,TCS
29-07-2015,1255.5,1257.5,1241.8,1253.4,1206659,TCS
30-07-2015,1258,1258.4,1236.4,1240.3,1385287,TCS
31-07-2015,1245,1259.5,1243.5,1255.4,981888,TCS
03-08-2015,1251.7,1262.5,1250.5,1254.8,589662,TCS
04-08-2015,1255.2,1261.5,1243,1254.5,1171346,TCS
05-08-2015,1260,1275,1255.5,1273.6,494497,TCS
06-08-2015,1282.5,1291.5,1275.1,1286.7,1105683,TCS
07-08-2015,1286.5,1286.5,1273.5,1276,594253,TCS
10-08-2015,1286,1294.5,1278.3,1286.1,715591,TCS
11-08-2015,1289,1305,1271.1,1302.1,1100153,TCS
12-08-2015,1301.6,1301.6,1300.4,1300.4,0,TCS
13-08-2015,1335,1342,1278,1317.8,703213,TCS
14-08-2015,1319,1359.7,1318.6,1351.6,1146982,TCS
17-08-2015,1345.1,1348.4,1327.5,1342.4,386822,TCS
18-08-2015,1353.5,1375,1345,1370.5,958463,TCS
19-08-2015,1375,1376.4,1361,1366.8,845035,TCS
20-08-2015,1372.5,1372.5,1336,1343.4,1174649,TCS
21-08-2015,1356,1365,1327.6,1338.1,1768040,TCS
24-08-2015,1319.5,1322.5,1284.6,1289.3,2346172,TCS
25-08-2015,1294,1311,1267.8,1283.6,1962900,TCS
26-08-2015,1279,1319.5,1256,1288.4,1608079,TCS
27-08-2015,1307.5,1307.5,1272.9,1287.3,2632399,TCS
28-08-2015,1304.5,1304.5,1278.9,1285.4,1372076,TCS
31-08-2015,1295,1295,1265.5,1282,1846022,TCS
01-09-2015,1278,1305.6,1265,1268.7,1493801,TCS
02-09-2015,1279.9,1310.2,1274,1295.9,1882975,TCS
03-09-2015,1298.1,1307.5,1288.1,1302.8,1132537,TCS
04-09-2015,1305.7,1307.5,1269.6,1273.7,1213198,TCS
07-09-2015,1276.5,1280,1266.4,1269.9,879592,TCS
08-09-2015,1272.5,1282.1,1261.8,1270.2,893873,TCS
09-09-2015,1281.5,1287,1272,1274.9,1022538,TCS
10-09-2015,1271,1289.3,1263.5,1272.7,1332909,TCS
11-09-2015,1273.3,1284.2,1270.3,1276,796336,TCS
14-09-2015,1282.5,1282.5,1271.5,1275.8,794659,TCS
15-09-2015,1275.8,1279.5,1268,1268.6,689950,TCS
16-09-2015,1277.5,1282.5,1270.5,1275.2,878408,TCS
18-09-2015,1282.5,1293,1269.5,1275.6,1227647,TCS
21-09-2015,1275,1278.6,1266.6,1275.5,554420,TCS
22-09-2015,1278.8,1286.2,1245,1263.4,1040623,TCS
23-09-2015,1267.2,1278.9,1256.3,1266.3,614176,TCS
24-09-2015,1267.8,1295,1265,1290.2,1177127,TCS
28-09-2015,1297,1309.5,1289.8,1296.9,1183406,TCS
29-09-2015,1291.7,1317,1284.9,1294.1,1662976,TCS
30-09-2015,1321.9,1321.9,1285.5,1294,1684168,TCS
01-10-2015,1299.5,1325,1296.1,1322.3,1417204,TCS
05-10-2015,1326.4,1385,1326.4,1355.8,2403653,TCS
06-10-2015,1362.5,1363,1342,1350,1989795,TCS
07-10-2015,1347,1358.5,1323.5,1327,1032765,TCS
08-10-2015,1335,1339.2,1310,1316.9,1178775,TCS
09-10-2015,1325.3,1325.3,1304,1314.8,1124862,TCS
12-10-2015,1327.5,1330.2,1293.5,1296.3,1227956,TCS
13-10-2015,1301.4,1306,1283.8,1299.3,3089856,TCS
14-10-2015,1274,1274,1240,1241.9,4168564,TCS
15-10-2015,1245,1251.8,1232.5,1233.9,1607855,TCS
16-10-2015,1240.5,1246,1235,1236,1166914,TCS
19-10-2015,1245,1247.5,1227.9,1244.4,1565321,TCS
20-10-2015,1248.1,1265,1247.8,1263.4,1347542,TCS
21-10-2015,1267.5,1271,1261.1,1265,964844,TCS
23-10-2015,1274,1274,1263.7,1268.6,1167699,TCS
26-10-2015,1274.5,1274.5,1257.6,1268.3,707315,TCS
27-10-2015,1265,1272.5,1260.2,1265.6,765210,TCS
28-10-2015,1255,1266.8,1255,1264.6,627671,TCS
29-10-2015,1266.8,1267.7,1245,1247.7,1565158,TCS
30-10-2015,1250,1256,1242.5,1247.6,758348,TCS
02-11-2015,1250,1261.4,1243.8,1258.7,659647,TCS
03-11-2015,1264,1273.9,1259.3,1271.7,682453,TCS
04-11-2015,1272.5,1273.6,1260,1266.9,495717,TCS
05-11-2015,1265.4,1267.5,1240,1241.3,798049,TCS
06-11-2015,1246,1259.1,1241.7,1252.9,454012,TCS
09-11-2015,1247.5,1251.4,1234.3,1235.7,1010778,TCS
10-11-2015,1236.5,1238.5,1225,1229.1,680960,TCS
13-11-2015,1219,1219,1193.3,1198.7,1371616,TCS
16-11-2015,1195,1195,1178,1187.3,1021764,TCS
17-11-2015,1190.3,1199.2,1187.5,1195.3,992514,TCS
18-11-2015,1194.5,1194.5,1173,1175.7,760176,TCS
19-11-2015,1182.7,1190.8,1176,1181.3,933453,TCS
20-11-2015,1183.3,1211.8,1181,1199.2,1006063,TCS
23-11-2015,1202.7,1206.7,1191.1,1195.5,544041,TCS
24-11-2015,1190,1196.2,1182.8,1184,499320,TCS
26-11-2015,1189,1191.2,1168.9,1172.8,1457646,TCS
27-11-2015,1174,1179.7,1166.3,1176.7,868603,TCS
30-11-2015,1182.5,1195.6,1175.1,1186.8,2050024,TCS
01-12-2015,1181.5,1189,1178.5,1181,860997,TCS
02-12-2015,1189,1189.1,1173.3,1182.6,820148,TCS
03-12-2015,1180,1186.5,1173.5,1175.4,1141679,TCS
04-12-2015,1170,1173.7,1160.6,1164.2,623046,TCS
07-12-2015,1166.1,1172,1157.6,1159.9,691302,TCS
08-12-2015,1159.7,1174.5,1158.7,1164.5,569982,TCS
09-12-2015,1169,1186.4,1160,1183.8,2641403,TCS
10-12-2015,1184.5,1195.6,1176,1192.3,861994,TCS
11-12-2015,1191.5,1196,1181.6,1193,826189,TCS
14-12-2015,1167.6,1193.5,1165.3,1189.2,1359266,TCS
15-12-2015,1189.2,1192.5,1181.5,1187.9,567934,TCS
16-12-2015,1192,1207.3,1192,1204.2,717967,TCS
17-12-2015,1207.5,1222.5,1196.7,1219.9,809422,TCS
18-12-2015,1210,1217.1,1200.3,1208.4,1512485,TCS
21-12-2015,1210,1225,1203.4,1223.2,805052,TCS
22-12-2015,1220,1220,1200,1202.5,780429,TCS
23-12-2015,1207.5,1217.5,1205.3,1212.9,424917,TCS
24-12-2015,1210.5,1219.1,1202,1217.1,421580,TCS
28-12-2015,1214,1233.2,1210.1,1231.4,1852099,TCS
29-12-2015,1229.2,1232.7,1222.9,1227.9,854262,TCS
30-12-2015,1226.5,1229.5,1206.2,1209.2,802881,TCS
31-12-2015,1207.9,1224.3,1203.8,1218.4,620159,TCS
01-01-2016,1219.5,1219.5,1206.1,1208.2,356131,TCS
04-01-2016,1205.1,1207,1183,1184.8,935092,TCS
05-01-2016,1192.5,1193.3,1170.5,1174.5,1339010,TCS
06-01-2016,1175.1,1193.1,1175.1,1190.8,1326614,TCS
07-01-2016,1185,1191.5,1180,1185.6,1599790,TCS
08-01-2016,1192.5,1203.7,1186.3,1198.8,953772,TCS
11-01-2016,1191.3,1192,1174.4,1181.2,1465114,TCS
12-01-2016,1181.4,1182.5,1150.8,1158.5,1741297,TCS
13-01-2016,1158.5,1163.5,1127.6,1139.6,2373046,TCS
14-01-2016,1136.5,1149.5,1125,1139.4,1371026,TCS
15-01-2016,1144.4,1145.9,1127.5,1130.6,1634704,TCS
18-01-2016,1131,1146,1130,1138.8,1106961,TCS
19-01-2016,1138.5,1150,1134.2,1139.7,483955,TCS
20-01-2016,1136.9,1142.5,1121.5,1140.1,807977,TCS
21-01-2016,1142.5,1145,1122.9,1127.3,1337768,TCS
22-01-2016,1136.5,1151,1130,1147.9,671589,TCS
25-01-2016,1151,1169.5,1145.8,1152.3,698780,TCS
27-01-2016,1151,1165,1141,1159.9,813493,TCS
28-01-2016,1157.8,1174.5,1154,1165.6,1553330,TCS
29-01-2016,1179.4,1200,1167.5,1195.7,1117872,TCS
01-02-2016,1195.6,1206.5,1179.5,1201.4,747637,TCS
02-02-2016,1204.5,1216.5,1189.9,1199.1,737794,TCS
03-02-2016,1193.8,1215,1180.2,1208.2,654346,TCS
04-02-2016,1211,1220,1201,1210,625023,TCS
05-02-2016,1204.1,1220,1204.1,1211,701498,TCS
08-02-2016,1200,1206,1173.5,1177.2,531829,TCS
09-02-2016,1166.8,1166.8,1127.8,1140.7,1244805,TCS
10-02-2016,1137.5,1145,1129.1,1134.4,945366,TCS
11-02-2016,1140,1144.5,1085.8,1099,981204,TCS
12-02-2016,1100,1121.7,1082,1113.2,1086284,TCS
15-02-2016,1125,1153.4,1120,1134.6,1239856,TCS
16-02-2016,1133,1141,1121.5,1132.8,794351,TCS
17-02-2016,1132.5,1139.8,1123.2,1137.8,792589,TCS
18-02-2016,1142.5,1159.9,1139,1157.9,764570,TCS
19-02-2016,1153.7,1163.5,1152.7,1159.8,439506,TCS
22-02-2016,1160.1,1171.5,1152.5,1158,662442,TCS
23-02-2016,1155.1,1160,1128.4,1132,653426,TCS
24-02-2016,1131.2,1131.2,1100.6,1105.5,829664,TCS
25-02-2016,1109.9,1114,1092.8,1106.4,915278,TCS
26-02-2016,1114.9,1128.5,1099.8,1105.3,768768,TCS
29-02-2016,1118.5,1118.5,1057.5,1088.4,1095859,TCS
01-03-2016,1096.5,1142.6,1081,1138.3,999880,TCS
02-03-2016,1152.5,1165,1128.1,1159.4,763743,TCS
03-03-2016,1168,1195.5,1150.5,1186.6,1324142,TCS
04-03-2016,1190,1190,1174.8,1178.8,756483,TCS
08-03-2016,1171.1,1183.5,1152.1,1177.2,634076,TCS
09-03-2016,1170.5,1184.7,1147.6,1178.6,1008892,TCS
10-03-2016,1178,1179.9,1157.5,1174.2,830833,TCS
11-03-2016,1170,1195.4,1167.5,1182.6,765264,TCS
14-03-2016,1181,1199,1170,1177.5,818371,TCS
15-03-2016,1174.5,1181.8,1160.1,1165,811678,TCS
16-03-2016,1157.5,1166,1153.5,1163.5,959123,TCS
17-03-2016,1167,1180.9,1166,1176,1110544,TCS
18-03-2016,1180,1215,1180,1212.9,1602035,TCS
21-03-2016,1213,1227.5,1210,1223.1,1168491,TCS
22-03-2016,1221,1242.5,1218.3,1236.6,975992,TCS
23-03-2016,1244,1244,1228.7,1236.9,1139217,TCS
28-03-2016,1245.5,1258.6,1230.8,1236.7,1660441,TCS
29-03-2016,1239,1243.5,1227.5,1234.7,919398,TCS
30-03-2016,1235.5,1252.5,1230,1244.8,1068252,TCS
31-03-2016,1239.2,1275,1236.1,1260.2,2181982,TCS
01-04-2016,1252.5,1260.4,1217.1,1227,1520700,TCS
04-04-2016,1228,1244,1223.5,1235.6,876176,TCS
05-04-2016,1235.4,1242.5,1221,1231.4,745897,TCS
06-04-2016,1235,1244.5,1229.7,1241,881575,TCS
07-04-2016,1240,1242.4,1228.5,1235.4,1195471,TCS
08-04-2016,1233,1236.9,1213.5,1216,699750,TCS
11-04-2016,1216.5,1258.5,1206.5,1253.3,1200324,TCS
12-04-2016,1249,1262.5,1244.1,1259.1,651814,TCS
13-04-2016,1265,1272.5,1256.3,1263.1,800734,TCS
18-04-2016,1226.5,1276.8,1220,1259.9,3560752,TCS
20-04-2016,1267.5,1267.5,1220,1225.2,3202512,TCS
21-04-2016,1225.5,1233.7,1206.1,1212.2,1262862,TCS
22-04-2016,1209.5,1217.7,1202.1,1208.5,982063,TCS
25-04-2016,1201.2,1228.5,1201.2,1225.6,1133827,TCS
26-04-2016,1224.5,1246.8,1221,1244.9,1277184,TCS
27-04-2016,1240,1257.3,1238,1255.6,924335,TCS
28-04-2016,1250.7,1270,1249.1,1263.9,2496372,TCS
29-04-2016,1258.5,1271,1255,1267.8,1186089,TCS
02-05-2016,1264.5,1265,1250,1263.4,558346,TCS
03-05-2016,1262.5,1265,1236,1239.1,1076559,TCS
04-05-2016,1237,1247,1228.5,1239,682446,TCS
05-05-2016,1239,1245,1231.8,1235.2,623283,TCS
06-05-2016,1232.5,1242.2,1215.5,1236.7,442799,TCS
09-05-2016,1236.7,1259,1228.2,1256.3,910638,TCS
10-05-2016,1257.5,1267,1248,1261.5,579267,TCS
11-05-2016,1250,1262.8,1245,1259.2,799358,TCS
12-05-2016,1260.3,1285,1260.3,1283.1,756541,TCS
13-05-2016,1282.5,1283,1255.1,1261.7,810865,TCS
16-05-2016,1269,1282.4,1261.3,1275.6,555763,TCS
17-05-2016,1282.1,1295.6,1276,1285.1,878349,TCS
18-05-2016,1282.9,1282.9,1263,1275.6,750370,TCS
19-05-2016,1277.5,1280,1263.1,1278.5,519396,TCS
20-05-2016,1271.2,1282.9,1261.4,1264.7,615459,TCS
23-05-2016,1272,1273,1240.1,1245.7,766508,TCS
24-05-2016,1242,1244.1,1229.8,1233.9,669579,TCS
25-05-2016,1240.5,1266.5,1240.5,1263.2,774339,TCS
26-05-2016,1265,1282.5,1252.6,1274.4,971624,TCS
27-05-2016,1276.6,1289.9,1275.3,1286.3,552338,TCS
30-05-2016,1291.5,1321,1291,1318.2,674732,TCS
31-05-2016,1320,1323.5,1281,1284.7,1861304,TCS
01-06-2016,1285.6,1322.5,1285.5,1316.8,955971,TCS
02-06-2016,1300,1327.2,1300,1325.1,704378,TCS
03-06-2016,1325.7,1329,1310.3,1314.8,777461,TCS
06-06-2016,1310.3,1319.5,1301.6,1306.3,661013,TCS
07-06-2016,1307,1319.5,1306.5,1315.6,601097,TCS
08-06-2016,1308.6,1314.3,1302.8,1306.6,469133,TCS
09-06-2016,1311.2,1311.2,1277.6,1288.6,781069,TCS
10-06-2016,1283,1301.6,1276.6,1277.9,698416,TCS
13-06-2016,1270,1276.7,1259,1273.5,514989,TCS
14-06-2016,1279.5,1279.5,1259.1,1267.4,488785,TCS
15-06-2016,1265,1282.5,1261,1278.4,635422,TCS
16-06-2016,1272.8,1282.4,1258.2,1279.2,572535,TCS
17-06-2016,1279.5,1305,1279.5,1301.3,939494,TCS
20-06-2016,1301.3,1334,1295.9,1329.7,936419,TCS
21-06-2016,1331.8,1332.5,1320.7,1325.6,513845,TCS
22-06-2016,1325,1338.9,1315.9,1333.8,880856,TCS
23-06-2016,1327.5,1329.8,1312.7,1322.7,698507,TCS
24-06-2016,1282.6,1296.6,1257.1,1287,1883293,TCS
27-06-2016,1273.5,1273.5,1241.3,1247.9,2136283,TCS
28-06-2016,1247.9,1251.5,1229.2,1232,2249762,TCS
29-06-2016,1237.5,1256.3,1232.7,1251.5,1265632,TCS
30-06-2016,1261,1281.5,1250.2,1276.6,2560906,TCS
01-07-2016,1281,1282.3,1247.2,1250.4,1098648,TCS
04-07-2016,1258,1262.9,1241,1247.1,941742,TCS
05-07-2016,1247.1,1248.5,1238.6,1242.7,779874,TCS
07-07-2016,1243.9,1245.9,1212.5,1214.9,1658400,TCS
08-07-2016,1217.5,1221,1201.8,1213.3,1228178,TCS
11-07-2016,1215,1235.9,1213.5,1232.1,771816,TCS
12-07-2016,1235.9,1237.5,1217.9,1232.5,732768,TCS
13-07-2016,1239,1249.6,1225.6,1246.6,1051150,TCS
14-07-2016,1243,1264.5,1235.5,1261,1349994,TCS
15-07-2016,1258.5,1263.9,1213.3,1222.7,4168183,TCS
18-07-2016,1223.5,1234.5,1215.3,1216.7,1299425,TCS
19-07-2016,1213.8,1236.4,1213.8,1233.1,1181448,TCS
20-07-2016,1225,1251.3,1224.1,1247.5,1407626,TCS
21-07-2016,1244.8,1259.8,1232.2,1253,1263574,TCS
22-07-2016,1249.5,1262,1246,1257.6,758608,TCS
25-07-2016,1256,1281.6,1252.9,1279.5,844398,TCS
26-07-2016,1279.5,1284,1266.5,1276.3,1155645,TCS
27-07-2016,1277.5,1290.2,1272.5,1288.8,875255,TCS
28-07-2016,1290.3,1314.8,1288.5,1309.6,2316040,TCS
29-07-2016,1307,1317.5,1299.5,1309.7,1244042,TCS
01-08-2016,1316,1362.5,1316,1354.1,1980852,TCS
02-08-2016,1351.5,1357.9,1344.9,1349.6,1289081,TCS
03-08-2016,1343,1349.5,1324.5,1328.2,1147351,TCS
04-08-2016,1335,1341.5,1318.1,1326,707708,TCS
05-08-2016,1337,1342.2,1316,1324.6,934242,TCS
08-08-2016,1320,1334,1314.5,1324.8,1029122,TCS
09-08-2016,1329,1329.9,1289.4,1325.1,1130957,TCS
10-08-2016,1325.5,1341,1324,1337.7,1031039,TCS
11-08-2016,1332.8,1357.5,1332.8,1355,1116569,TCS
12-08-2016,1352.5,1372.4,1351,1369.2,1163679,TCS
16-08-2016,1369,1370,1336.9,1345.9,1591877,TCS
17-08-2016,1349.5,1349.5,1309,1312.3,924283,TCS
18-08-2016,1317.5,1328.8,1315.1,1319.3,646032,TCS
19-08-2016,1320,1323.2,1300,1301.8,1208122,TCS
22-08-2016,1294,1297.2,1268.2,1274.4,1132637,TCS
23-08-2016,1272.5,1302.5,1270.1,1300.5,751687,TCS
24-08-2016,1294.9,1301,1284.5,1286,558439,TCS
25-08-2016,1290,1294.9,1263,1275.5,969845,TCS
26-08-2016,1279.9,1286.3,1258.6,1262.5,625157,TCS
29-08-2016,1267.5,1267.5,1233.4,1250.3,744364,TCS
30-08-2016,1255,1274.9,1250.6,1272.1,722013,TCS
31-08-2016,1275,1275,1250.4,1255.7,1615834,TCS
01-09-2016,1262.5,1267.5,1243.5,1253.8,672868,TCS
02-09-2016,1256,1259.7,1248,1257.4,871165,TCS
06-09-2016,1260,1260.1,1240,1242,1119533,TCS
07-09-2016,1249.9,1249.9,1211.5,1220.3,1927020,TCS
08-09-2016,1180,1180,1142.4,1161.1,3510758,TCS
09-09-2016,1164.9,1183.3,1160,1176.2,1371219,TCS
12-09-2016,1168.5,1182,1162,1179.5,1012227,TCS
14-09-2016,1181,1188.8,1155,1164.2,1034929,TCS
15-09-2016,1170,1171.1,1158.4,1163.5,1409482,TCS
16-09-2016,1168.4,1188,1160,1180.9,2179002,TCS
19-09-2016,1182.5,1213.5,1175,1205.7,1401273,TCS
20-09-2016,1205.5,1208.5,1192.7,1203.3,592276,TCS
21-09-2016,1203.9,1212,1200.4,1206.7,839010,TCS
22-09-2016,1212.6,1214,1185.6,1189,1428787,TCS
23-09-2016,1191,1201.9,1185.6,1199.1,900363,TCS
26-09-2016,1200.6,1209.6,1197.5,1200.6,876738,TCS
27-09-2016,1200.6,1224,1200.6,1218.1,1019396,TCS
28-09-2016,1215.5,1218.8,1207.6,1211.5,865664,TCS
29-09-2016,1217.5,1228.3,1209.8,1218.9,1801979,TCS
30-09-2016,1218.5,1224.9,1211.6,1215.4,1087682,TCS
03-10-2016,1225,1228.8,1200.6,1205.9,909440,TCS
04-10-2016,1210,1212.5,1199,1202.6,890359,TCS
05-10-2016,1204,1207.7,1188.1,1193.2,588177,TCS
06-10-2016,1197.5,1201.2,1186.4,1194.4,1133786,TCS
07-10-2016,1194,1194,1179.1,1183.9,908256,TCS
10-10-2016,1185,1193.5,1177.5,1190.2,601071,TCS
13-10-2016,1181.7,1185,1160.5,1164.5,2586667,TCS
14-10-2016,1157.5,1193.5,1145.5,1183.1,3870607,TCS
17-10-2016,1184.5,1187.9,1172.2,1181.2,1364173,TCS
18-10-2016,1188,1207.9,1177.4,1200.1,1064316,TCS
19-10-2016,1200.5,1205,1185.2,1197.6,992529,TCS
20-10-2016,1198.5,1204.7,1193,1200.6,632927,TCS
21-10-2016,1200,1216,1199.1,1214.3,629830,TCS
24-10-2016,1214.1,1217.5,1201.3,1213.9,626595,TCS
25-10-2016,1202.5,1207.3,1190.5,1199.2,886233,TCS
26-10-2016,1199.3,1201.4,1186.3,1198.1,718565,TCS
27-10-2016,1189.9,1214.8,1182.8,1209.1,1470801,TCS
28-10-2016,1205,1207.6,1194,1199.4,876051,TCS
01-11-2016,1199.9,1199.9,1167.1,1175,1467388,TCS
02-11-2016,1170.5,1172,1147.5,1152,1162538,TCS
03-11-2016,1147,1167.5,1142.3,1159.7,731655,TCS
04-11-2016,1160,1168.1,1147,1165.3,591876,TCS
07-11-2016,1169,1172.5,1130,1138.5,1024026,TCS
08-11-2016,1140.2,1153.5,1130,1141.6,966817,TCS
09-11-2016,1090,1137.5,1071.4,1084.9,2250113,TCS
10-11-2016,1102.4,1108.8,1070.4,1077.7,1086213,TCS
11-11-2016,1073.5,1073.5,1043.1,1050.6,1199212,TCS
15-11-2016,1058.5,1078.8,1026,1060.7,3145162,TCS
16-11-2016,1072.6,1104.5,1069,1094.8,2009979,TCS
17-11-2016,1092.5,1104.3,1065.1,1068.6,1252344,TCS
18-11-2016,1071,1075,1052.1,1062.6,1070267,TCS
21-11-2016,1063.1,1070,1052.5,1066.5,896683,TCS
22-11-2016,1066,1088.7,1061,1067.5,659430,TCS
23-11-2016,1074.5,1081.5,1063.6,1078.2,637904,TCS
24-11-2016,1077.5,1103.8,1068.5,1094.2,1513117,TCS
25-11-2016,1106,1153.6,1096.1,1150.2,2138074,TCS
28-11-2016,1147,1159.7,1126,1141.3,962148,TCS
29-11-2016,1137.5,1146,1126.3,1129.9,721148,TCS
30-11-2016,1132.5,1147.4,1121.2,1138,1722916,TCS
01-12-2016,1138.5,1145,1127,1131.7,561526,TCS
02-12-2016,1129,1135.4,1102.6,1110.9,999016,TCS
05-12-2016,1114.5,1118.9,1085,1093,1124763,TCS
06-12-2016,1095,1102,1085,1091.2,796722,TCS
07-12-2016,1091.1,1092.2,1072.8,1077.3,1032853,TCS
08-12-2016,1080.3,1099.5,1080,1097.9,1619773,TCS
09-12-2016,1102.5,1110,1086.7,1097.6,794359,TCS
12-12-2016,1097.4,1108.8,1081.5,1104.1,655879,TCS
13-12-2016,1109,1109,1091.5,1100.2,1073767,TCS
14-12-2016,1107,1112.4,1094.5,1103.8,935183,TCS
15-12-2016,1101,1136.1,1101,1129.7,2147705,TCS
16-12-2016,1138.5,1145,1126,1141.3,993615,TCS
19-12-2016,1140,1148.9,1130.7,1144.5,667105,TCS
20-12-2016,1146,1172.5,1143.5,1169.7,1461380,TCS
21-12-2016,1171.9,1171.9,1152.8,1156.8,1017451,TCS
22-12-2016,1153,1162.5,1143.1,1153.9,934150,TCS
23-12-2016,1150,1158.9,1139.4,1144.1,559477,TCS
26-12-2016,1133,1150.8,1133,1146.6,448704,TCS
27-12-2016,1140.8,1165,1140.8,1161.7,647346,TCS
28-12-2016,1163.4,1175,1151.6,1156.7,675209,TCS
29-12-2016,1151.5,1180,1151.5,1175.9,981758,TCS
30-12-2016,1177.5,1189.3,1172.8,1182.8,702874,TCS
02-01-2017,1183.3,1187.6,1176.2,1180.7,411566,TCS
03-01-2017,1180.6,1185.9,1171.7,1184.1,737662,TCS
04-01-2017,1184.9,1194.4,1179.2,1189.8,710033,TCS
05-01-2017,1192,1195,1160.2,1167.2,1108202,TCS
06-01-2017,1160.5,1164.7,1128.6,1140.7,1504948,TCS
09-01-2017,1137.5,1155.7,1128.5,1151.9,927289,TCS
10-01-2017,1152,1164.9,1145.8,1157.7,766957,TCS
11-01-2017,1157.5,1164.8,1140.1,1162.5,965648,TCS
12-01-2017,1162.2,1180,1152,1172.2,1285187,TCS
13-01-2017,1174,1179,1118.9,1124.7,5117790,TCS
16-01-2017,1125,1137,1114,1129.3,1682404,TCS
17-01-2017,1127.5,1143.9,1126.4,1139.4,1504978,TCS
18-01-2017,1139,1149,1132.7,1147.6,1568287,TCS
19-01-2017,1147.5,1147.6,1141.5,1145.5,1125838,TCS
20-01-2017,1143.5,1150,1132.5,1142.7,1018623,TCS
23-01-2017,1132.5,1156.8,1129.9,1153.4,1159273,TCS
24-01-2017,1152,1161.5,1145,1159.2,1141319,TCS
25-01-2017,1161.3,1180,1159,1176.5,2055824,TCS
27-01-2017,1172.5,1189.4,1172.5,1178.9,1435829,TCS
30-01-2017,1170.5,1176,1159.1,1166.5,1288978,TCS
31-01-2017,1160,1166,1100,1114.9,2333402,TCS
01-02-2017,1110,1120,1077.8,1084,2432076,TCS
02-02-2017,1085,1109.5,1076.5,1103.8,3004741,TCS
03-02-2017,1104.9,1121.5,1095.5,1116.3,1076686,TCS
06-02-2017,1129,1129.3,1107.5,1120.4,1204455,TCS
07-02-2017,1122,1126.3,1113,1122.3,907319,TCS
08-02-2017,1122.5,1141.3,1122,1135.5,1106292,TCS
09-02-2017,1137.5,1164,1135.1,1158.7,2016601,TCS
10-02-2017,1155.5,1212.2,1155.5,1199,2891080,TCS
13-02-2017,1198,1214.5,1191.2,1207.1,1909906,TCS
14-02-2017,1209.8,1209.8,1199,1203.1,1016664,TCS
15-02-2017,1198.5,1214,1187.6,1206.9,962486,TCS
16-02-2017,1230,1239,1217.8,1223.9,2087840,TCS
17-02-2017,1236,1237.8,1201,1204,1361662,TCS
20-02-2017,1212.5,1277.5,1204.1,1251.1,1986974,TCS
21-02-2017,1257,1263,1227.6,1232.7,2750556,TCS
22-02-2017,1233,1235,1200.1,1205.8,2252748,TCS
23-02-2017,1207.5,1246.6,1207.5,1240.9,2426676,TCS
27-02-2017,1239.6,1251,1235,1244.9,1069946,TCS
28-02-2017,1244.8,1245,1225,1233.1,1177414,TCS
01-03-2017,1240,1251,1235,1239.8,565187,TCS
02-03-2017,1243.4,1255,1235,1250.7,772471,TCS
03-03-2017,1246,1249.9,1237.7,1247,506985,TCS
06-03-2017,1240,1242,1227.3,1236.3,700347,TCS
07-03-2017,1241.5,1252.5,1237.5,1249.9,755836,TCS
08-03-2017,1251,1260,1246.1,1256.1,895755,TCS
09-03-2017,1257.1,1262,1252,1259.9,429234,TCS
10-03-2017,1259.8,1274.8,1257,1271.1,585710,TCS
14-03-2017,1278.4,1293.6,1275.5,1283.8,1701147,TCS
15-03-2017,1286,1286.1,1246.9,1249.2,1511248,TCS
16-03-2017,1253,1263.5,1253,1260.5,785909,TCS
17-03-2017,1273,1273,1254.9,1262.9,1296576,TCS
20-03-2017,1263,1263,1233,1240,1743770,TCS
21-03-2017,1241,1246,1232.5,1243.4,1686850,TCS
22-03-2017,1240.1,1248,1235,1239.5,944358,TCS
23-03-2017,1241,1242.5,1223.6,1230.2,1310319,TCS
24-03-2017,1234.9,1234.9,1211.7,1213.6,2549907,TCS
27-03-2017,1213.5,1220,1203,1206,1090635,TCS
28-03-2017,1205,1221.7,1205,1215,576579,TCS
29-03-2017,1218,1225.4,1212.8,1222.3,858882,TCS
30-03-2017,1222.5,1232.5,1217.5,1220.5,1493043,TCS
31-03-2017,1219.2,1220.4,1207.5,1215.9,933522,TCS
03-04-2017,1217.5,1217.5,1204.1,1205.9,598444,TCS
05-04-2017,1210,1210,1197.5,1200.6,1452784,TCS
06-04-2017,1200,1205,1196.3,1200,860352,TCS
07-04-2017,1197.5,1216.6,1196.1,1214.5,1138506,TCS
10-04-2017,1216,1224.5,1202.5,1211.1,1271632,TCS
11-04-2017,1208.7,1221.6,1203,1209.7,778892,TCS
12-04-2017,1211.3,1214,1191.5,1196.6,525269,TCS
13-04-2017,1200,1204.5,1160.5,1164.3,1250236,TCS
17-04-2017,1165.2,1166.5,1147.6,1157.4,1135441,TCS
18-04-2017,1165,1167.1,1151,1154.4,865310,TCS
19-04-2017,1131.8,1174.4,1126.4,1149.6,2813406,TCS
20-04-2017,1152.7,1166,1145.5,1162.8,634421,TCS
21-04-2017,1164.6,1167.8,1150.5,1155.4,580577,TCS
24-04-2017,1150,1169.8,1141.3,1164.1,1000010,TCS
25-04-2017,1164,1172.2,1151.4,1155.8,1574355,TCS
26-04-2017,1170,1172,1151.5,1155.2,1093719,TCS
27-04-2017,1153,1163.9,1138.8,1151.3,2886593,TCS
28-04-2017,1147,1149.4,1134,1136.6,1270255,TCS
02-05-2017,1147,1151,1140,1145,1191348,TCS
03-05-2017,1147.5,1172.5,1134.3,1168.7,1757203,TCS
04-05-2017,1175,1175,1154.4,1165.1,1354104,TCS
05-05-2017,1154,1166.3,1151.3,1160.3,841237,TCS
08-05-2017,1160.5,1173.7,1158.9,1171.2,535891,TCS
09-05-2017,1172,1180.5,1166.3,1176.3,895135,TCS
10-05-2017,1177.5,1178.1,1158,1166.2,603194,TCS
11-05-2017,1173.7,1180,1161.4,1174.7,1035651,TCS
12-05-2017,1171.7,1185,1160,1180.3,1157223,TCS
15-05-2017,1187.6,1189,1170.8,1182.6,908802,TCS
16-05-2017,1190,1217.5,1186.7,1214.6,1800513,TCS
17-05-2017,1216.8,1230.4,1211.5,1227.7,1438099,TCS
18-05-2017,1225,1286,1221.1,1268.1,2569297,TCS
19-05-2017,1268.1,1270.3,1243,1253.6,893022,TCS
22-05-2017,1255,1276.9,1255,1265.7,831970,TCS
23-05-2017,1266.6,1282.1,1257,1260.9,1374298,TCS
24-05-2017,1267.4,1285,1264.8,1279.6,1267274,TCS
25-05-2017,1288.5,1318.8,1284,1312.3,2047047,TCS
26-05-2017,1312.5,1313.4,1282.3,1289.1,681275,TCS
29-05-2017,1289.5,1298.3,1282,1286.4,874645,TCS
30-05-2017,1280,1288,1262.5,1275.6,463817,TCS
31-05-2017,1266.5,1286.3,1264,1273.3,1251365,TCS
01-06-2017,1265,1282,1265,1276.8,540032,TCS
02-06-2017,1278.1,1295.9,1276.3,1282.5,677824,TCS
05-06-2017,1282.5,1310,1280.1,1302,750094,TCS
06-06-2017,1315.5,1354.5,1315,1348,2973360,TCS
07-06-2017,1348.5,1350,1288.3,1307.6,2463888,TCS
08-06-2017,1299,1302.5,1257.8,1260.8,1665357,TCS
09-06-2017,1260,1273.7,1243,1253.5,1574017,TCS
12-06-2017,1248.5,1256.5,1235.2,1243.6,813253,TCS
13-06-2017,1232.5,1240.6,1223.5,1225.8,587707,TCS
14-06-2017,1227.5,1238,1227.5,1235.1,744571,TCS
15-06-2017,1234.5,1234.9,1202.5,1205.6,1498599,TCS
16-06-2017,1207.5,1217.5,1193.3,1199.9,1225213,TCS
19-06-2017,1208.5,1223.2,1202.6,1215.9,822371,TCS
20-06-2017,1215.5,1224.5,1190.2,1222.5,835479,TCS
21-06-2017,1220,1221.1,1198.6,1203.2,828909,TCS
22-06-2017,1204.5,1215.5,1192.5,1197.4,2887941,TCS
23-06-2017,1199.7,1207,1177,1180.9,712378,TCS
27-06-2017,1175.3,1192.4,1165.8,1171.4,987165,TCS
28-06-2017,1175,1179,1167.5,1175,894863,TCS
29-06-2017,1179.5,1186,1161.6,1166.6,1235913,TCS
30-06-2017,1162.2,1188.5,1161.6,1181.2,876924,TCS
03-07-2017,1178.7,1191.5,1171.6,1186.8,737978,TCS
04-07-2017,1186.7,1190.2,1175,1183.4,607567,TCS
05-07-2017,1180.4,1182.5,1172.5,1178,407928,TCS
06-07-2017,1179.5,1181,1170.1,1173.8,513394,TCS
07-07-2017,1175,1178.2,1162.8,1166,616045,TCS
10-07-2017,1203,1222.5,1189.5,1217.5,391804,TCS
11-07-2017,1213,1257.4,1213,1237.9,1768752,TCS
12-07-2017,1241.3,1241.7,1215.1,1219.7,1323225,TCS
13-07-2017,1222.5,1236,1213.3,1223.2,1565980,TCS
14-07-2017,1191.5,1212.5,1187.5,1198.7,2254216,TCS
17-07-2017,1198.9,1211.1,1191.1,1197.7,1105911,TCS
18-07-2017,1198.1,1221.5,1198.1,1204.2,954001,TCS
19-07-2017,1207.8,1230,1207.6,1224.8,1957788,TCS
20-07-2017,1224.6,1228.5,1215.3,1222.4,591252,TCS
21-07-2017,1217.5,1250,1217.3,1245.6,1074208,TCS
24-07-2017,1241,1270,1241,1265.4,1135701,TCS
25-07-2017,1262.9,1290,1259.2,1285.8,1339416,TCS
26-07-2017,1280,1287.5,1273.5,1278,729913,TCS
27-07-2017,1271.1,1292.4,1233.3,1240.9,2127652,TCS
28-07-2017,1240.5,1246.5,1221,1242.2,691376,TCS
31-07-2017,1235.5,1259.5,1231.5,1245.9,1009831,TCS
01-08-2017,1250,1260.4,1245.5,1250.8,873730,TCS
02-08-2017,1250,1254,1231,1236.9,625512,TCS
03-08-2017,1240,1251,1233.2,1244.7,941274,TCS
04-08-2017,1245.4,1264.2,1244,1261.4,693945,TCS
07-08-2017,1258.3,1260,1240.6,1251.7,942760,TCS
08-08-2017,1256,1264.3,1248.2,1251.5,536979,TCS
09-08-2017,1250,1261.4,1246.7,1256,496473,TCS
10-08-2017,1254.5,1260.3,1243.2,1255.7,763086,TCS
11-08-2017,1250,1267.5,1241.5,1248,697368,TCS
14-08-2017,1251.5,1255,1231.5,1234.7,393252,TCS
16-08-2017,1242,1271.9,1232.6,1246.2,686670,TCS
17-08-2017,1250.4,1252.5,1231.1,1242.8,876187,TCS
18-08-2017,1237,1275,1235.7,1256.9,1418678,TCS
21-08-2017,1252.8,1274.5,1247.2,1264.4,1152417,TCS
22-08-2017,1261.5,1269.8,1246,1248.8,565663,TCS
23-08-2017,1252.5,1258.4,1236.6,1244.7,781136,TCS
24-08-2017,1248.9,1259,1243.1,1248.3,811954,TCS
28-08-2017,1252.3,1252.7,1230.5,1243.7,1018398,TCS
29-08-2017,1241,1248,1232,1235.4,656301,TCS
30-08-2017,1240.5,1245,1230.1,1242.3,485391,TCS
31-08-2017,1242.5,1252.2,1233.3,1248.2,892332,TCS
01-09-2017,1240,1249,1218.3,1228.2,851165,TCS
04-09-2017,1226.6,1230.5,1219,1228.1,531272,TCS
05-09-2017,1230,1245,1218.5,1242.2,582997,TCS
06-09-2017,1234.1,1237.4,1225,1226.6,614382,TCS
07-09-2017,1229,1234.2,1225.5,1230.1,435318,TCS
08-09-2017,1226.9,1237,1226.3,1235.3,510567,TCS
11-09-2017,1235.6,1241.5,1225,1227.2,366382,TCS
12-09-2017,1237,1248.5,1228.5,1244.2,698230,TCS
13-09-2017,1250,1265.8,1237.6,1244.6,639490,TCS
14-09-2017,1241,1248.8,1236,1243.5,540755,TCS
15-09-2017,1249.5,1258.5,1242.5,1253,1472036,TCS
18-09-2017,1252.5,1259.5,1244.6,1249.5,363300,TCS
19-09-2017,1252.5,1252.5,1245.8,1249.1,391377,TCS
20-09-2017,1257,1257,1237.2,1246.8,667321,TCS
21-09-2017,1245.5,1270.5,1240,1262.5,1219370,TCS
22-09-2017,1260,1263.5,1246,1251.8,1217698,TCS
25-09-2017,1248.3,1267,1246.4,1255.4,799779,TCS
26-09-2017,1255,1263.2,1233,1237.3,724615,TCS
27-09-2017,1245,1256.1,1236.9,1247.5,1005178,TCS
28-09-2017,1247.4,1257,1226,1238.2,2166433,TCS
29-09-2017,1239.5,1242,1210.8,1218,992507,TCS
03-10-2017,1220,1227.2,1213.5,1224.2,961503,TCS
04-10-2017,1224.8,1227,1212.5,1221.2,650389,TCS
05-10-2017,1220.5,1221.7,1212.2,1214.8,842343,TCS
06-10-2017,1215,1227.5,1214,1223.3,694594,TCS
09-10-2017,1220.5,1234,1220.5,1227.1,886808,TCS
10-10-2017,1227.5,1235,1225.6,1229.6,611005,TCS
11-10-2017,1230,1257.2,1228.4,1250.2,763873,TCS
12-10-2017,1256.5,1277.5,1253.5,1274.1,2503178,TCS
13-10-2017,1274.1,1304.5,1261.5,1279.3,2033160,TCS
16-10-2017,1277.5,1295,1277.5,1292.2,609295,TCS
17-10-2017,1292.5,1307.5,1288.8,1297.3,721508,TCS
18-10-2017,1297.5,1306.8,1290,1293.3,757072,TCS
19-10-2017,1296,1297.9,1285.5,1291.7,43411,TCS
23-10-2017,1292,1314.5,1273.7,1294,943044,TCS
24-10-2017,1310,1310.5,1284.5,1289.2,669510,TCS
25-10-2017,1289.3,1307,1277.5,1280,552553,TCS
26-10-2017,1267.6,1284.6,1259,1269.4,1503776,TCS
27-10-2017,1269,1296.6,1265.2,1292.2,704635,TCS
30-10-2017,1293,1310,1290.9,1308.1,568626,TCS
31-10-2017,1300.7,1320,1300.7,1312,796317,TCS
01-11-2017,1312,1313.4,1289.4,1301.4,370941,TCS
02-11-2017,1304.3,1337,1303.4,1313.1,734211,TCS
03-11-2017,1316.2,1318.4,1301.4,1310.1,333443,TCS
06-11-2017,1310,1335.9,1305.9,1332.8,688500,TCS
07-11-2017,1335,1384,1333,1355,1348446,TCS
08-11-2017,1361.5,1379.5,1359.1,1367.5,701126,TCS
09-11-2017,1375,1375,1359.7,1368.2,576216,TCS
10-11-2017,1361.1,1363,1346.7,1354.4,678283,TCS
13-11-2017,1351,1388.7,1351,1379.5,748498,TCS
14-11-2017,1378.3,1378.3,1353.8,1357.3,828626,TCS
15-11-2017,1353,1377.5,1350.7,1352.7,3335417,TCS
16-11-2017,1355,1381.5,1343.5,1373.3,826741,TCS
17-11-2017,1374.1,1374.1,1351.8,1353.7,662732,TCS
20-11-2017,1357.5,1363.5,1347.7,1351.7,507249,TCS
21-11-2017,1350.5,1350.5,1333,1336.5,763870,TCS
22-11-2017,1336.5,1354.9,1336.2,1340.3,911312,TCS
23-11-2017,1340.5,1346.5,1334.5,1340.6,396735,TCS
24-11-2017,1341,1351.5,1336.6,1344,1143756,TCS
27-11-2017,1344,1348,1331.1,1342.9,928393,TCS
28-11-2017,1343,1351.2,1335,1342.7,455858,TCS
29-11-2017,1338.8,1346.5,1325,1329.1,723766,TCS
30-11-2017,1326.8,1333.5,1311.5,1318.5,2149981,TCS
01-12-2017,1317.5,1334,1310.8,1315,515572,TCS
04-12-2017,1311,1329.3,1301.5,1316.2,629552,TCS
05-12-2017,1315.5,1325.9,1314.1,1317.8,583957,TCS
06-12-2017,1318,1322.5,1306.4,1316.7,703759,TCS
07-12-2017,1316.2,1323,1307.5,1309,663150,TCS
08-12-2017,1309,1322.5,1298.5,1300.8,692774,TCS
11-12-2017,1304.2,1336.3,1304.2,1330.6,504001,TCS
12-12-2017,1330.5,1331,1303.7,1306.1,941123,TCS
13-12-2017,1305.7,1325.7,1300.5,1314.2,1480729,TCS
14-12-2017,1316,1316,1265.6,1278.9,2752075,TCS
15-12-2017,1281.9,1292.2,1268.4,1272.8,1359069,TCS
18-12-2017,1268.5,1294.5,1247.2,1290.3,1090332,TCS
19-12-2017,1288,1298.9,1282.4,1287.7,900976,TCS
20-12-2017,1291,1296.4,1275.3,1294.5,788785,TCS
21-12-2017,1293.5,1304,1290,1297.9,646824,TCS
22-12-2017,1302,1332,1295.1,1323.4,1832832,TCS
26-12-2017,1343,1344.9,1315.8,1324.7,1087893,TCS
27-12-2017,1324.7,1329.3,1305.3,1310,369642,TCS
28-12-2017,1304.4,1326.8,1302.8,1313.5,1302544,TCS
29-12-2017,1311.6,1354.5,1309.3,1350.6,1304771,TCS
01-01-2018,1341.2,1347.4,1317.5,1322.8,675880,TCS
02-01-2018,1330,1334.8,1310.1,1315.6,960145,TCS
03-01-2018,1316,1334.5,1315.6,1319.3,628560,TCS
04-01-2018,1325,1331,1320,1328.6,456541,TCS
05-01-2018,1325,1349.8,1325,1344.6,576853,TCS
08-01-2018,1350,1363.4,1340.9,1357.2,621110,TCS
09-01-2018,1357.5,1360.5,1338.3,1354.5,1074698,TCS
10-01-2018,1355.5,1408,1347.3,1403.3,1682925,TCS
11-01-2018,1405,1411,1391.1,1395.3,1260524,TCS
12-01-2018,1402.5,1402.5,1370.3,1388.2,1680157,TCS
15-01-2018,1388.6,1404,1367.5,1373.1,728607,TCS
16-01-2018,1378,1430.8,1375.3,1425.4,2133876,TCS
17-01-2018,1435,1462.5,1431.1,1444.5,2140403,TCS
18-01-2018,1448.5,1466.5,1434,1459.1,1104739,TCS
19-01-2018,1465.3,1491,1451.8,1479.7,910000,TCS
22-01-2018,1480.5,1567.4,1461,1558.2,2183555,TCS
23-01-2018,1557.5,1571.2,1545,1551,1619805,TCS
24-01-2018,1545,1629.5,1541.3,1587.3,2810769,TCS
25-01-2018,1587.5,1589.9,1540.5,1560.5,1916922,TCS
29-01-2018,1565.7,1612.5,1561,1599.4,1570530,TCS
30-01-2018,1590,1601.9,1571.9,1576.4,787379,TCS
31-01-2018,1568.5,1575,1549.3,1556.2,1521607,TCS
01-02-2018,1562,1595,1544.4,1569.3,1200315,TCS
02-02-2018,1560,1595,1551.7,1576.8,1228245,TCS
05-02-2018,1555,1594,1538.4,1551.6,1378871,TCS
06-02-2018,1505,1538.6,1492.5,1498.6,1328653,TCS
07-02-2018,1513.5,1515.5,1473.7,1477.5,1090162,TCS
08-02-2018,1489.9,1513.8,1479.5,1487.1,1377502,TCS
09-02-2018,1475,1497,1448.3,1485.9,1051229,TCS
12-02-2018,1489.2,1511.7,1477.8,1483.7,987281,TCS
14-02-2018,1485,1487.2,1446.3,1455.9,1423766,TCS
15-02-2018,1466,1471.5,1452.6,1462.9,1232618,TCS
16-02-2018,1461.5,1499.8,1461.5,1466.5,1257878,TCS
19-02-2018,1472.5,1476.7,1447.6,1461.8,784112,TCS
20-02-2018,1464,1492.5,1464,1472.4,944534,TCS
21-02-2018,1487,1531.3,1480,1521.2,1544614,TCS
22-02-2018,1526,1539.5,1511.3,1525.1,1731505,TCS
23-02-2018,1525,1544.5,1496.1,1537.9,1681250,TCS
26-02-2018,1537.5,1545,1510.6,1515.9,681941,TCS
27-02-2018,1520.5,1539.3,1516,1521.2,858900,TCS
28-02-2018,1517.5,1532,1510.7,1517.5,1353432,TCS
01-03-2018,1524.5,1530.6,1510,1518.9,859062,TCS
05-03-2018,1524.5,1556.8,1516.5,1552.9,1429084,TCS
06-03-2018,1561,1563.5,1515.1,1521.4,953382,TCS
07-03-2018,1535,1544.5,1509.3,1513.7,958886,TCS
08-03-2018,1527.5,1527.5,1493.8,1502,975913,TCS
09-03-2018,1502.5,1531.6,1488.6,1517.1,936218,TCS
12-03-2018,1521.5,1542,1517.8,1526.1,1045670,TCS
13-03-2018,1462.5,1469.9,1436,1443.4,44033577,TCS
14-03-2018,1446.5,1461.5,1437.5,1443.5,1834334,TCS
15-03-2018,1447.5,1451.3,1427.8,1434.9,1174453,TCS
16-03-2018,1434.4,1436,1402.5,1412.9,3598741,TCS
19-03-2018,1414.5,1424,1410,1415.5,1744970,TCS
20-03-2018,1410,1436.6,1409.5,1432.4,2012492,TCS
21-03-2018,1436.3,1442.2,1425,1428.4,1953839,TCS
22-03-2018,1430,1438,1411.3,1415.7,1163047,TCS
23-03-2018,1401,1417.1,1399,1409.1,1827061,TCS
26-03-2018,1409.5,1413.7,1390.8,1408.5,1482105,TCS
27-03-2018,1412.5,1431.5,1411.5,1423.9,1247287,TCS
28-03-2018,1418,1437.5,1412.5,1424.6,3432827,TCS
02-04-2018,1420,1457,1420,1454.8,831494,TCS
03-04-2018,1446.1,1465,1446.1,1455.6,968645,TCS
04-04-2018,1464.7,1467,1446,1455.5,1420910,TCS
05-04-2018,1463.3,1481.9,1460.2,1479,904712,TCS
06-04-2018,1477,1480,1463.3,1475.2,564509,TCS
09-04-2018,1469.9,1481.8,1457.5,1462,617933,TCS
10-04-2018,1462.9,1478.6,1462.9,1468.8,592266,TCS
11-04-2018,1475.3,1512.5,1472.8,1507.1,1562208,TCS
12-04-2018,1505,1575,1504,1569.6,3057180,TCS
13-04-2018,1575,1620.4,1566.1,1576.7,4089559,TCS
16-04-2018,1558,1600,1555.4,1593.8,3135137,TCS
17-04-2018,1593.8,1597.5,1573.6,1583.3,1650862,TCS
18-04-2018,1583,1596.7,1572.9,1579.6,1216533,TCS
19-04-2018,1590,1608.6,1582.9,1595.6,2410476,TCS
20-04-2018,1625,1711.2,1620,1701.2,9232831,TCS
23-04-2018,1712,1779,1694.8,1704.3,7592955,TCS
24-04-2018,1705,1721.6,1671.3,1692.8,4157168,TCS
25-04-2018,1692.5,1741.5,1682.5,1735.1,4098287,TCS
26-04-2018,1733.5,1780,1733.5,1769.6,6067517,TCS
27-04-2018,1762.5,1772,1710,1726,2250665,TCS
30-04-2018,1726,1774.5,1718.8,1766.1,1729279,TCS
02-05-2018,1765.3,1766.1,1735.7,1749.9,1579023,TCS
03-05-2018,1754.9,1763,1735.2,1740.9,1880775,TCS
04-05-2018,1746,1748.5,1735,1740.4,1173622,TCS
07-05-2018,1745,1745,1705.5,1710.5,1742213,TCS
08-05-2018,1717.4,1743.3,1698.4,1720.6,1496410,TCS
09-05-2018,1720.1,1747.4,1720.1,1744.7,1307525,TCS
10-05-2018,1751.5,1755.6,1720.1,1725.6,1929339,TCS
11-05-2018,1727.1,1742.5,1721.3,1728.5,1313938,TCS
14-05-2018,1728.5,1735.5,1705.4,1716.8,1216947,TCS
15-05-2018,1725,1747.9,1716.9,1741.2,976445,TCS
16-05-2018,1740,1754.5,1737.6,1747,824225,TCS
17-05-2018,1756.5,1766.6,1738,1745.9,1484024,TCS
18-05-2018,1740.4,1758.9,1729,1751,937498,TCS
21-05-2018,1764.4,1796,1759,1778.4,1723089,TCS
22-05-2018,1779,1787.5,1746.9,1754.5,928708,TCS
23-05-2018,1762.5,1772.5,1740.5,1747.6,753649,TCS
24-05-2018,1755,1807.5,1751.2,1801.9,1481158,TCS
25-05-2018,1812.5,1837.4,1786.3,1792.9,1884886,TCS
28-05-2018,1808.3,1808.3,1743,1751,1858399,TCS
29-05-2018,1765,1772,1744,1761.8,1762656,TCS
30-05-2018,1754.5,1766.5,1741.3,1757.1,1889553,TCS
31-05-2018,1734,1759.1,1726.1,1741.1,5049371,TCS
01-06-2018,1754,1758,1716,1732,1603856,TCS
04-06-2018,1745,1749,1712.6,1744.3,1681483,TCS
05-06-2018,1744,1751.9,1711.2,1721.6,2449568,TCS
06-06-2018,1723,1734.9,1715.2,1725.8,2236512,TCS
07-06-2018,1725,1749,1723.8,1735.6,2414762,TCS
08-06-2018,1735,1757.3,1735,1747.1,2582138,TCS
11-06-2018,1747.1,1763,1743,1749.7,2179378,TCS
12-06-2018,1757,1785,1753,1781,4608875,TCS
13-06-2018,1816,1831.7,1798,1824.1,5370983,TCS
14-06-2018,1830,1832.3,1784,1787.6,3819998,TCS
15-06-2018,1800,1847.1,1788.6,1840.1,9183574,TCS
18-06-2018,1868,1868,1822.2,1829,4674987,TCS
19-06-2018,1822.2,1839,1821,1824.5,3245034,TCS
20-06-2018,1832,1836.3,1818.6,1822.5,3107695,TCS
21-06-2018,1832,1832,1817.6,1819.4,2910659,TCS
22-06-2018,1827,1827,1799.6,1809.8,2949458,TCS
25-06-2018,1811.9,1822.4,1806,1819.3,2083217,TCS
26-06-2018,1823,1861,1821,1852,4679712,TCS
27-06-2018,1860,1885.2,1851.3,1858,4081208,TCS
28-06-2018,1865,1871,1826.3,1842.7,4888125,TCS
29-06-2018,1844.9,1867.4,1842.3,1847.8,3506276,TCS
02-07-2018,1852,1857.8,1841.1,1851.4,2650290,TCS
03-07-2018,1860,1879.9,1857.1,1874.1,3242233,TCS
04-07-2018,1879.9,1879.9,1857.2,1866.2,2700614,TCS
05-07-2018,1873,1887.5,1862.1,1880.3,2472571,TCS
06-07-2018,1882.9,1921,1881.7,1913,3713781,TCS
09-07-2018,1924,1924.4,1876.5,1883,6151747,TCS
10-07-2018,1898,1898.9,1870.8,1875.1,5303302,TCS
11-07-2018,1900,1998,1894.2,1979.9,22903802,TCS
12-07-2018,1984,1990.9,1960.5,1971.4,6921701,TCS
13-07-2018,1975,1997.9,1974,1981.1,4148185,TCS
16-07-2018,1990,1996,1977.5,1989.2,2582159,TCS
17-07-2018,1989,2009,1981,2002.2,3315492,TCS
18-07-2018,2005,2011.7,1993.1,2000.3,2013869,TCS
19-07-2018,2002.1,2010.5,1970,1981.4,1746318,TCS
20-07-2018,1984.9,2000,1984,1996.6,1934995,TCS
23-07-2018,2001,2010,1986,2005.7,2086201,TCS
24-07-2018,2015,2015,1984.2,1999,2038423,TCS
25-07-2018,2001.9,2002,1968.4,1981.5,1535492,TCS
26-07-2018,1975,1985,1955.1,1964.7,3503036,TCS
27-07-2018,1960.9,1964.7,1940.3,1943.8,2033977,TCS
30-07-2018,1943,1954.7,1931.6,1944.6,1579251,TCS
31-07-2018,1942,1947,1928,1940.2,2204803,TCS
01-08-2018,1950,1981.6,1949.8,1976.5,2425180,TCS
02-08-2018,1980,1985,1945,1948.4,1509287,TCS
03-08-2018,1956.5,1982.1,1956.5,1979.5,1505131,TCS
06-08-2018,1997,1999,1972.3,1975.6,1532249,TCS
07-08-2018,1978.2,1979.2,1960.5,1967.4,1353560,TCS
08-08-2018,1972,1978.3,1962,1974,1315062,TCS
09-08-2018,1980,1980.8,1966,1974.4,2060297,TCS
10-08-2018,1981,1996.5,1972.1,1993.1,2784105,TCS
13-08-2018,1997.8,2004.3,1990,2000.2,3559575,TCS
14-08-2018,1992,2024.6,1982.4,2003.6,3311765,TCS
16-08-2018,2000.3,2020.1,1995,2008.5,2152065,TCS
17-08-2018,2013.9,2021.9,2004,2012.8,1213731,TCS
20-08-2018,2024,2024,2003.7,2010,1587032,TCS
21-08-2018,2010.2,2024,2004,2017.7,1376866,TCS
23-08-2018,2022.8,2038,2020.3,2035.1,3046791,TCS
24-08-2018,2035.1,2046,2031,2043,1570533,TCS
27-08-2018,2043,2059,2035,2050.9,1532702,TCS
28-08-2018,2055,2072,2052,2069.2,1987983,TCS
29-08-2018,2072.5,2076.6,2045.6,2072,1525867,TCS
30-08-2018,2068,2085,2065.5,2082.4,2408020,TCS
31-08-2018,2082.3,2092,2074,2078.4,2504554,TCS
03-09-2018,2084.8,2090,2048.4,2052.9,1439711,TCS
04-09-2018,2059.8,2104.8,2057,2098.9,4420803,TCS
05-09-2018,2100,2107.3,2075.1,2079.3,1681106,TCS
06-09-2018,2075,2081.5,2060.3,2075.3,2238097,TCS
07-09-2018,2079.3,2084,2065.4,2079.9,1312182,TCS
10-09-2018,2084.4,2093.4,2074.3,2080.8,1530539,TCS
11-09-2018,2089,2089,2042.2,2046.3,3679745,TCS
12-09-2018,2052.4,2068.9,2040,2044,2307661,TCS
14-09-2018,2044,2071.6,2018.2,2065.4,3642038,TCS
17-09-2018,2070,2077.8,2054.6,2074.2,1033857,TCS
18-09-2018,2073,2078.8,2057.6,2070.8,1456507,TCS
19-09-2018,2071.9,2089,2066.9,2077.9,1301268,TCS
21-09-2018,2077,2121,2050.2,2103.2,4508530,TCS
24-09-2018,2115,2210.5,2098.2,2198.5,3032226,TCS
25-09-2018,2204.9,2211.9,2153.8,2183.2,2868778,TCS
26-09-2018,2187,2199,2135.1,2142.2,1970951,TCS
27-09-2018,2141.9,2209.7,2135.8,2188.9,3311802,TCS
28-09-2018,2178,2190,2158.9,2183.7,2904371,TCS
01-10-2018,2190.9,2276,2190.4,2255.6,3772208,TCS
03-10-2018,2250.3,2255,2155.6,2162.9,3902322,TCS
04-10-2018,2156.6,2156.7,2056.4,2064.8,4762419,TCS
05-10-2018,2050,2120,2020.9,2102.7,3417624,TCS
08-10-2018,2102.7,2122.2,2048.2,2077.6,2010154,TCS
09-10-2018,2080.4,2107.7,2053.2,2091.8,1867130,TCS
10-10-2018,2100,2106,2029,2043.6,2749573,TCS
11-10-2018,1985,2013,1941,1980,4700256,TCS
12-10-2018,1978,1978,1903,1918.3,9373289,TCS
15-10-2018,1940,1955.6,1920,1949.5,2638151,TCS
16-10-2018,1958,1971.9,1935,1962.3,2815425,TCS
17-10-2018,1970,1989,1920,1929.4,2779207,TCS
19-10-2018,1929,1929,1870.1,1913.2,3428776,TCS
22-10-2018,1914,1916,1887,1903,1778496,TCS
23-10-2018,1888,1898,1837,1843.7,2752811,TCS
24-10-2018,1852.1,1874,1811.1,1848.5,2735913,TCS
25-10-2018,1844,1876.9,1825.1,1853,2507233,TCS
26-10-2018,1853.9,1853.9,1791.1,1799.1,2285970,TCS
29-10-2018,1808.7,1878,1784.4,1871,2609483,TCS
30-10-2018,1867,1909.4,1845,1894.8,2404883,TCS
31-10-2018,1900,1943.9,1875.5,1938.2,2769190,TCS
01-11-2018,1943.7,1944.4,1901.3,1935.8,2769759,TCS
02-11-2018,1934.2,1954.6,1905,1913.5,1818635,TCS
05-11-2018,1910,1927.4,1884.8,1894,1713366,TCS
06-11-2018,1894,1937.5,1891,1932.7,1398710,TCS
09-11-2018,1961,1962,1905,1909.2,2570479,TCS
12-11-2018,1908.5,1946.1,1908.5,1914.9,2552008,TCS
13-11-2018,1915,1939,1903,1935,1418432,TCS
14-11-2018,1925,1929.9,1870,1880.7,2422318,TCS
15-11-2018,1864,1899,1857.6,1872.9,1829123,TCS
16-11-2018,1889,1899.8,1870.3,1886.6,1829729,TCS
19-11-2018,1899,1907.4,1864.3,1902.5,1740628,TCS
20-11-2018,1902,1902,1874.2,1878.3,1190182,TCS
21-11-2018,1871,1871.1,1798.6,1812,3840461,TCS
22-11-2018,1820,1847.6,1810,1812.6,3194219,TCS
26-11-2018,1819,1860,1784.5,1846.1,4333177,TCS
27-11-2018,1854,1897.9,1835.4,1890.3,3344839,TCS
28-11-2018,1889,1989,1882.5,1983.9,5313249,TCS
29-11-2018,1997,1997,1942.6,1960.6,4035441,TCS
30-11-2018,1966,1991,1959.9,1968.3,5268901,TCS
03-12-2018,1984,1990,1968.3,1982.4,1610576,TCS
04-12-2018,1983,2019.4,1971,2010.9,3270615,TCS
05-12-2018,2006,2018,1985,2006.8,2501539,TCS
06-12-2018,1998,2017,1979.6,1992.7,2321216,TCS
07-12-2018,1985.1,2003.9,1973,1995.2,1680420,TCS
10-12-2018,1975,2011,1960,1975.8,2010786,TCS
11-12-2018,1970,2010,1961,2000,2942014,TCS
12-12-2018,2001.1,2022,1985,2016.8,2219993,TCS
13-12-2018,2024,2029.7,1974.5,1982.6,3748429,TCS
14-12-2018,1983,1999,1975.3,1989.8,2473761,TCS
17-12-2018,1999,2004.9,1985,1994.3,1227921,TCS
18-12-2018,1991.9,2002,1976.4,1987.9,1768742,TCS
19-12-2018,1984.8,1984.8,1960.1,1968.5,2498833,TCS
20-12-2018,1953.8,1974.9,1946,1954.1,1940277,TCS
21-12-2018,1948,1950,1886.6,1895.8,3729956,TCS
24-12-2018,1905.8,1938.9,1905,1918.5,1864116,TCS
26-12-2018,1921.8,1921.8,1870.3,1889.2,2446614,TCS
27-12-2018,1909,1941.7,1872.1,1909,4968201,TCS
28-12-2018,1915,1920,1893,1896.1,2239130,TCS
31-12-2018,1908,1909,1886.2,1893.1,1879740,TCS
01-01-2019,1896,1910,1885,1902.8,1094883,TCS
02-01-2019,1905,1934.5,1900,1923.3,2100463,TCS
03-01-2019,1919,1945,1893.1,1900,2611668,TCS
04-01-2019,1900,1901.2,1841,1876.9,4280862,TCS
07-01-2019,1891.8,1908.8,1881,1897.9,1856423,TCS
08-01-2019,1905.4,1906.4,1883.3,1893.6,1691756,TCS
09-01-2019,1907.4,1919,1866.7,1887,2414376,TCS
10-01-2019,1890,1905,1872.1,1888.6,3053461,TCS
11-01-2019,1870,1875,1835,1842.6,9209862,TCS
14-01-2019,1850,1851,1810,1813.3,3615370,TCS
15-01-2019,1810,1869.4,1808,1867.8,7711653,TCS
16-01-2019,1870,1875,1847,1870.2,2359280,TCS
17-01-2019,1878,1898,1871.3,1894.3,2625816,TCS
18-01-2019,1881,1904.2,1876,1900.7,1683728,TCS
21-01-2019,1902,1932,1895.5,1908.7,2409803,TCS
22-01-2019,1907.1,1918.3,1890,1901.9,2457093,TCS
23-01-2019,1901,1906.1,1870,1875.6,2578169,TCS
24-01-2019,1884.8,1905.3,1875,1901.6,1962927,TCS
25-01-2019,1902,1935,1901,1920.8,2327080,TCS
28-01-2019,1933,1962,1925.5,1955,2769033,TCS
29-01-2019,1962,1989.1,1936.7,1982.8,2557626,TCS
30-01-2019,1979.6,1989.5,1954.7,1981.4,2429575,TCS
31-01-2019,1987,2019.8,1985,2014.1,4094319,TCS
01-02-2019,2009.5,2034.8,1998.1,2030,3064163,TCS
04-02-2019,2030,2055.5,2023,2050.3,1590764,TCS
05-02-2019,2050,2055,2028,2044.6,1111404,TCS
06-02-2019,2049.9,2086.9,2041.1,2074.8,1789812,TCS
07-02-2019,2074.8,2098,2067,2082.9,1339945,TCS
08-02-2019,2075,2089.5,2051,2061.4,1684474,TCS
11-02-2019,2060,2096,2048.9,2065.9,1778730,TCS
12-02-2019,2070,2070,2018,2051.6,2422903,TCS
13-02-2019,2062,2083,2050.5,2065.4,2808581,TCS
14-02-2019,2060.1,2075,2033.1,2044.6,1724085,TCS
15-02-2019,2049,2052,2011,2029.7,1930065,TCS
19-02-2019,1970,1971,1892,1904.8,4408554,TCS
20-02-2019,1915,1933.8,1881.3,1914.8,4645778,TCS
21-02-2019,1914.8,1940,1897.1,1914.2,4683919,TCS
22-02-2019,1917.2,1930,1905.1,1925.7,2271955,TCS
25-02-2019,1932.5,1990,1930.5,1985.2,2934880,TCS
26-02-2019,1984,2045.2,1972.3,2038.7,6453309,TCS
27-02-2019,2040,2075,2022,2058.1,4732082,TCS
28-02-2019,2060,2071.4,1977.6,1983.5,8454295,TCS
01-03-2019,1995.1,2005,1980.4,1995.4,4148548,TCS
05-03-2019,2005,2007,1976.6,1988.1,2449622,TCS
06-03-2019,1989.3,2015,1985.1,1999.6,2635047,TCS
07-03-2019,2005,2024.1,2000.2,2013.3,2539884,TCS
08-03-2019,2025,2033,2010.1,2022.7,2031071,TCS
11-03-2019,2028.9,2033,2003.7,2014.8,3111689,TCS
12-03-2019,2014.1,2024.8,2003,2012.5,2658550,TCS
13-03-2019,2013,2015.9,1978.6,2000.5,1833163,TCS
14-03-2019,2005,2007.8,1981,1987.4,1905495,TCS
15-03-2019,1998.9,2069,1991,2040,5184318,TCS
18-03-2019,2043,2064.6,2011,2022.8,2349915,TCS
19-03-2019,2030,2030,1995.1,2022.8,2373993,TCS
20-03-2019,2028,2044.8,2000,2015.1,3091165,TCS
22-03-2019,2015,2016,1983.3,2005.7,3148149,TCS
25-03-2019,2007.8,2007.8,1977.2,1984.3,2429205,TCS
26-03-2019,1984,1995,1958.1,1982.7,2316539,TCS
27-03-2019,1994,1998,1961,1967.9,2266166,TCS
28-03-2019,1980,2014.6,1972.8,2000.3,4054489,TCS
29-03-2019,2019,2024.9,1983.6,2001.7,2948955,TCS
01-04-2019,2010,2040,2008.3,2031.7,2095740,TCS
02-04-2019,2037.1,2086,2037,2079.3,3719663,TCS
03-04-2019,2085,2089.6,2058.1,2079.3,2939886,TCS
04-04-2019,2078.2,2079.7,2007.4,2014.5,4397518,TCS
05-04-2019,2028.7,2054.4,2018.8,2048.3,3152103,TCS
08-04-2019,2059,2075,2032.7,2070.8,2194294,TCS
09-04-2019,2070,2098,2057.7,2091.5,2690970,TCS
10-04-2019,2083,2085.5,2036,2040.3,3313062,TCS
11-04-2019,2045,2055,2013.7,2019.5,3422442,TCS
12-04-2019,2038,2039,2007,2014.5,3198471,TCS
15-04-2019,2070,2119.8,2041,2113.3,9189201,TCS
16-04-2019,2120,2156,2115.6,2131.8,5771952,TCS
18-04-2019,2149.9,2155,2114.2,2150.1,3413728,TCS
22-04-2019,2148,2176,2145.6,2161.5,2007135,TCS
23-04-2019,2163,2165.5,2134.1,2155.1,2163524,TCS
24-04-2019,2158,2195,2156.1,2183.5,3003071,TCS
25-04-2019,2175,2205,2168.1,2195,4211526,TCS
26-04-2019,2203,2244,2193.2,2238.6,2716958,TCS
30-04-2019,2238.6,2267,2230.1,2260.4,3488395,TCS
02-05-2019,2255,2259.4,2211.1,2215.4,2457699,TCS
03-05-2019,2185,2186.1,2125,2132,3780886,TCS
06-05-2019,2110,2165,2108.5,2157.9,2891422,TCS
07-05-2019,2160.1,2184.4,2138.8,2152,2201698,TCS
08-05-2019,2151,2168,2130.4,2152.9,1824895,TCS
09-05-2019,2145,2184.1,2136.1,2172.6,2264162,TCS
10-05-2019,2175,2192,2125.9,2135.8,2039633,TCS
13-05-2019,2133,2167,2121.7,2128.8,1701744,TCS
14-05-2019,2135,2159.8,2072.4,2092.4,2456110,TCS
15-05-2019,2097,2124,2084.5,2095.4,2346876,TCS
16-05-2019,2096,2124,2077.1,2108.8,1946529,TCS
17-05-2019,2112.6,2135,2090,2095.5,1947908,TCS
20-05-2019,2125,2151.4,2050,2144,2625116,TCS
21-05-2019,2148.1,2148.7,2102.6,2109.8,1863157,TCS
22-05-2019,2110,2122,2075,2081.8,2595795,TCS
23-05-2019,2098,2115.4,2050,2054.1,2541294,TCS
24-05-2019,2070,2070,2032.3,2048,2274208,TCS
27-05-2019,2054.8,2069,2040.1,2055.2,2329820,TCS
28-05-2019,2060,2097.5,2045,2073.8,5872979,TCS
29-05-2019,2080,2123.7,2077.1,2107.6,3281320,TCS
30-05-2019,2123,2156.6,2114.4,2146.3,4971725,TCS
31-05-2019,2160,2205,2152.3,2196.6,4265370,TCS
03-06-2019,2201,2247.7,2185.7,2242.3,3682419,TCS
04-06-2019,2224,2224,2175,2183.1,2408658,TCS
06-06-2019,2199,2199,2152,2166.1,3735467,TCS
07-06-2019,2174,2189.8,2142.1,2181.8,2659446,TCS
10-06-2019,2196.7,2235.9,2185.5,2231.5,2080593,TCS
11-06-2019,2237,2264,2231,2252.8,3048937,TCS
12-06-2019,2245,2266.9,2219,2260.9,2404448,TCS
13-06-2019,2264,2285,2243.1,2254.1,3320916,TCS
14-06-2019,2257.3,2263.1,2234,2254.5,2131408,TCS
17-06-2019,2256,2262,2241.5,2249.2,1489497,TCS
18-06-2019,2244,2260,2231.2,2250.9,1877447,TCS
19-06-2019,2255,2276,2243.2,2259.9,1652817,TCS
20-06-2019,2230,2284,2212,2278,2199377,TCS
21-06-2019,2285,2292.5,2242,2249.9,3871804,TCS
24-06-2019,2254.2,2280,2250.8,2275.5,1382424,TCS
25-06-2019,2270,2274.5,2250.5,2267.8,1386077,TCS
26-06-2019,2265,2266.8,2250,2254.2,1762224,TCS
27-06-2019,2255,2264,2241.3,2252.6,2813464,TCS
28-06-2019,2260,2262,2222.5,2227.2,2372928,TCS
01-07-2019,2235,2255,2206.6,2239.6,2769940,TCS
02-07-2019,2244.9,2257,2216.5,2252.1,1771746,TCS
03-07-2019,2252.2,2258.8,2232,2237.7,1656881,TCS
04-07-2019,2234,2252,2230.1,2242.7,984140,TCS
05-07-2019,2247,2250,2140,2163.1,4088470,TCS
08-07-2019,2149,2188.8,2132.1,2175.4,2788062,TCS
09-07-2019,2174,2174.4,2104.6,2133.4,3977224,TCS
10-07-2019,2080,2127.9,2071.3,2108.2,6343581,TCS
11-07-2019,2128,2129,2086.1,2102.6,2400346,TCS
12-07-2019,2102.1,2119.8,2093.1,2107.6,1560725,TCS
15-07-2019,2125,2153.6,2098,2145.7,2900415,TCS
16-07-2019,2126,2132.5,2100,2106,2735399,TCS
17-07-2019,2108,2125,2092.1,2117.3,1802969,TCS
18-07-2019,2116.2,2116.2,2060,2066,3072096,TCS
19-07-2019,2077,2097,2062.5,2077,1953177,TCS
22-07-2019,2077,2117.5,2068.8,2109.9,1920167,TCS
23-07-2019,2127.9,2130,2102.4,2112.5,3538588,TCS
24-07-2019,2110,2120.8,2076.5,2096.8,2413196,TCS
25-07-2019,2108.9,2135,2092.6,2127.9,2544464,TCS
26-07-2019,2129.8,2129.8,2095,2109.1,1720592,TCS
29-07-2019,2110.8,2142,2103.3,2130,1647090,TCS
30-07-2019,2130,2185,2120.5,2179.2,2851672,TCS
31-07-2019,2171.8,2211.7,2147.2,2205.7,3000677,TCS
01-08-2019,2200,2217.5,2166.3,2180.1,2375236,TCS
02-08-2019,2173,2210,2165.5,2205.3,2500816,TCS
05-08-2019,2199.9,2252.3,2195.6,2248.6,3039682,TCS
06-08-2019,2232.8,2252,2211.5,2214.9,2885467,TCS
07-08-2019,2230,2238.5,2207.3,2213.5,2165362,TCS
08-08-2019,2228.9,2281,2218.9,2258.1,2073298,TCS
09-08-2019,2260,2267.9,2241.4,2246.3,1744550,TCS
13-08-2019,2245,2246.3,2194.3,2199.5,1647281,TCS
14-08-2019,2181.1,2217.9,2167.4,2204.4,1945002,TCS
16-08-2019,2241.4,2241.4,2143.3,2165.1,3755507,TCS
19-08-2019,2180,2186,2157.7,2163,974884,TCS
20-08-2019,2172,2205,2166.5,2186.8,1843611,TCS
21-08-2019,2185,2202,2182.3,2186.2,1214408,TCS
22-08-2019,2187,2235.7,2170,2216,2131601,TCS
23-08-2019,2215,2259.9,2213.9,2247.7,2826425,TCS
26-08-2019,2247,2282,2225,2276.3,2345475,TCS
27-08-2019,2270,2274.9,2229,2236.5,3432106,TCS
28-08-2019,2240,2252.2,2216,2239.3,1294621,TCS
29-08-2019,2222.2,2248.2,2222.2,2233.5,1670652,TCS
30-08-2019,2241,2266,2218,2259.6,2583625,TCS
03-09-2019,2270,2296.2,2237,2251.6,2545060,TCS
04-09-2019,2265,2270,2233,2245.4,2228092,TCS
05-09-2019,2242.2,2253.7,2207.3,2215.3,2055943,TCS
06-09-2019,2216,2233.5,2192.6,2197.5,1890550,TCS
09-09-2019,2200,2202.9,2179.8,2182.9,1703945,TCS
11-09-2019,2186,2195,2146.6,2154,2627440,TCS
12-09-2019,2155,2165,2120.4,2133.6,2118859,TCS
13-09-2019,2135,2158,2115.6,2142,2291174,TCS
16-09-2019,2160,2173.4,2126.4,2150,2597948,TCS
17-09-2019,2155,2156.6,2105.6,2122.7,2796530,TCS
18-09-2019,2126.4,2143,2113.2,2138.6,1454663,TCS
19-09-2019,2135,2135.8,2091,2102,1652691,TCS
20-09-2019,2104.9,2129.4,2057,2065.5,6941979,TCS
23-09-2019,2099,2099,1975,2015.8,6323401,TCS
24-09-2019,2015,2061,2013,2044.7,4620978,TCS
25-09-2019,2065,2092,2060.1,2088.5,4002232,TCS
26-09-2019,2097.9,2107,2063,2087.6,4234281,TCS
27-09-2019,2085,2085.2,2051.4,2056.2,2046795,TCS
30-09-2019,2061.9,2104,2060,2099.3,2620039,TCS
01-10-2019,2096,2096,2039.7,2060,3342877,TCS
03-10-2019,2070,2081.2,2046.2,2060.3,2317618,TCS
04-10-2019,2060.6,2088,2055,2079.4,2163251,TCS
07-10-2019,2080,2094.5,2041,2047.7,2177916,TCS
09-10-2019,2060,2060,2015.5,2020.1,2066920,TCS
10-10-2019,2028,2039.1,1997.1,2004.5,2881452,TCS
11-10-2019,1931,1995,1925,1986.9,12593069,TCS
14-10-2019,1995,2032.8,1968,2021,3510704,TCS
15-10-2019,2032,2047,2022.7,2037.3,2261310,TCS
16-10-2019,2038,2056,2016,2046.4,3034082,TCS
17-10-2019,2014,2038,1999.3,2031,3818774,TCS
18-10-2019,2037.5,2063.9,2025,2057.4,3087901,TCS
22-10-2019,2080,2111.5,2040.1,2051.4,5552505,TCS
23-10-2019,2060,2083.9,2052.5,2070.1,2348134,TCS
24-10-2019,2084,2099,2061.3,2082,2798671,TCS
25-10-2019,2094,2130,2075.1,2125,3954245,TCS
27-10-2019,2129,2129,2108.8,2117.7,224405,TCS
29-10-2019,2121.5,2201.7,2121.5,2194.9,5064173,TCS
30-10-2019,2225,2260,2176.9,2252.8,5195136,TCS
31-10-2019,2250,2285,2237,2269.7,4879261,TCS
01-11-2019,2264,2275,2195,2200.9,4172620,TCS
04-11-2019,2207,2229.2,2180.9,2194,2646411,TCS
05-11-2019,2197,2211,2169,2201.9,2693475,TCS
06-11-2019,2200,2210.8,2179,2188.5,2540719,TCS
07-11-2019,2204.5,2204.5,2175.2,2185.4,1915598,TCS
08-11-2019,2189.6,2189.6,2124,2130,2788759,TCS
11-11-2019,2135,2139,2091,2101,2983768,TCS
13-11-2019,2118,2183.8,2118,2178.6,3823365,TCS
14-11-2019,2187.5,2200,2146.7,2196.8,2995915,TCS
15-11-2019,2196,2211.5,2168.8,2174.5,2724180,TCS
18-11-2019,2178.4,2187.8,2148.8,2152.6,1611089,TCS
19-11-2019,2153,2154.7,2105,2108.8,2975313,TCS
20-11-2019,2122,2135,2094.5,2108.6,2894129,TCS
21-11-2019,2112,2126.6,2107.4,2118.1,2052574,TCS
22-11-2019,2097,2107,2060.5,2071.7,3742049,TCS
25-11-2019,2074.6,2085,2052.2,2081.5,2737010,TCS
26-11-2019,2089.9,2097.9,2035.1,2046.7,6561580,TCS
27-11-2019,2052,2071.7,2046.6,2054.3,2907521,TCS
28-11-2019,2067.1,2094.4,2060,2077.4,2924429,TCS
29-11-2019,2085,2085,2045.8,2053.3,2064271,TCS
03-12-2019,2027.7,2062,2010,2051,4664774,TCS
04-12-2019,2053,2082,2045.5,2078.5,3334301,TCS
05-12-2019,2083,2126.8,2068.4,2121.3,3902721,TCS
06-12-2019,2124,2128,2101,2123.6,1829461,TCS
09-12-2019,2128,2128,2053.5,2060.5,2244747,TCS
10-12-2019,2060,2060.9,2003.3,2012.9,4520045,TCS
11-12-2019,2025.4,2048,2006.8,2041.9,4943024,TCS
12-12-2019,2051.1,2083.7,1984,2020.9,7137306,TCS
13-12-2019,2023,2077.4,2007,2071.3,5711133,TCS
16-12-2019,2096,2136,2080.3,2126.8,5574177,TCS
17-12-2019,2126.5,2169,2119,2165,6059673,TCS
18-12-2019,2174,2203.5,2153,2167.8,8251081,TCS
19-12-2019,2179.8,2236.5,2167.6,2229.1,6251505,TCS
20-12-2019,2220,2246.7,2208.3,2222.9,5548338,TCS
23-12-2019,2210,2242,2210,2231.7,2247329,TCS
24-12-2019,2239,2243.6,2211.2,2215.6,1805896,TCS
26-12-2019,2216.4,2229,2195.2,2202,1880367,TCS
27-12-2019,2208,2226.4,2176,2198.5,2720261,TCS
30-12-2019,2207,2225,2177.1,2183.2,2288830,TCS
31-12-2019,2189,2197,2157.5,2161.7,1909289,TCS
01-01-2020,2168,2183.9,2154,2167.6,1354908,TCS
02-01-2020,2180,2180,2149.2,2157.7,2380752,TCS
03-01-2020,2164,2223,2164,2200.7,4655761,TCS
06-01-2020,2205,2226,2187.9,2200.5,3023209,TCS
07-01-2020,2200.5,2214.7,2183.8,2205.9,2429317,TCS
08-01-2020,2205,2260,2202.1,2255.3,5197454,TCS
09-01-2020,2248.8,2252,2210,2214.4,3734173,TCS
10-01-2020,2228,2234,2208,2213.6,1915807,TCS
13-01-2020,2217.9,2219,2184.7,2190.4,2843893,TCS
14-01-2020,2195,2229.8,2195,2206.9,2948452,TCS
15-01-2020,2213,2231,2194.2,2226.9,2620681,TCS
16-01-2020,2227,2249,2215,2238.8,3117214,TCS
17-01-2020,2240.8,2253.6,2213,2219.1,3281059,TCS
20-01-2020,2194.9,2242.2,2156.2,2170.4,5817599,TCS
21-01-2020,2170,2186.6,2158.1,2171.1,1902980,TCS
22-01-2020,2181,2210,2173.7,2206.9,1773686,TCS
23-01-2020,2209.8,2217.8,2183.7,2191,2069866,TCS
24-01-2020,2191,2191,2170,2183.4,1319430,TCS
27-01-2020,2189.7,2193.5,2165,2169.3,1549101,TCS
28-01-2020,2174,2187.8,2152,2183.8,1743024,TCS
29-01-2020,2185,2187,2150,2154.6,2306761,TCS
30-01-2020,2160,2165,2125,2137.9,2098567,TCS
31-01-2020,2139.4,2144.4,2071.6,2079.1,3287223,TCS
01-02-2020,2079.5,2179,2063.6,2175,3127520,TCS
03-02-2020,2152,2194.7,2093.2,2102.5,4728073,TCS
04-02-2020,2129,2136.7,2086.6,2107.8,3509339,TCS
05-02-2020,2115,2156.7,2104.3,2146.6,2439322,TCS
06-02-2020,2145,2174.2,2115.5,2128.4,2640065,TCS
07-02-2020,2139,2151,2119,2136.6,2083442,TCS
10-02-2020,2140.9,2167,2119,2162,2383032,TCS
11-02-2020,2163,2174.8,2147.6,2153.4,1335820,TCS
12-02-2020,2151.1,2185,2150,2170.8,1620407,TCS
13-02-2020,2173,2197,2171,2192,1645948,TCS
14-02-2020,2188,2212,2171,2184.2,1500115,TCS
17-02-2020,2197,2217,2190.2,2203.3,1774724,TCS
18-02-2020,2200,2221,2186.1,2215.8,2486223,TCS
19-02-2020,2215.8,2230,2190.5,2196.4,1760463,TCS
20-02-2020,2204.5,2214.4,2151.3,2156.8,2317278,TCS
24-02-2020,2156,2179,2106.7,2115.4,3092877,TCS
25-02-2020,2115.5,2176.7,2111,2156.2,2674567,TCS
26-02-2020,2154,2163.9,2113,2123.6,2686842,TCS
27-02-2020,2120,2120,2086.2,2105.5,2349001,TCS
28-02-2020,2068,2069.5,1990,2000.2,4298076,TCS
02-03-2020,2035,2054,1985.7,2001.3,2667076,TCS
03-03-2020,2020,2060,2012,2036.2,2757585,TCS
04-03-2020,2056,2094.5,2025,2083.2,3237002,TCS
05-03-2020,2085.7,2147.8,2084.1,2125.1,3937056,TCS
06-03-2020,2098,2123.7,2071.6,2116.5,2595027,TCS
09-03-2020,2075,2079.9,1935,1972.4,4940982,TCS
11-03-2020,1933,1987.3,1920,1953.7,6796752,TCS
12-03-2020,1904,1908.4,1758.4,1769.9,8728972,TCS
13-03-2020,1687.9,1820,1506.1,1806.3,8029725,TCS
16-03-2020,1755,1842.3,1675.9,1696.4,7844420,TCS
17-03-2020,1730,1731,1623.2,1658,5713269,TCS
18-03-2020,1676.8,1713.6,1627.8,1654.4,7259111,TCS
19-03-2020,1559.7,1685.5,1546.8,1636.4,5135162,TCS
20-03-2020,1630,1869,1627,1797.5,8547645,TCS
23-03-2020,1620,1750,1617.8,1669.7,7003558,TCS
24-03-2020,1653.1,1770,1632.9,1703.2,6354209,TCS
25-03-2020,1700,1810,1680,1750.3,2765527,TCS
26-03-2020,1831.6,1832.1,1722.6,1791,4556071,TCS
27-03-2020,1820,1850,1750.4,1824.5,4331310,TCS
30-03-2020,1766,1905,1763.6,1778.5,8513608,TCS
31-03-2020,1837.4,1855,1780,1826.1,3927593,TCS
01-04-2020,1825.9,1834.8,1702,1708.8,4941898,TCS
03-04-2020,1740,1740,1650,1654.2,5735529,TCS
07-04-2020,1710,1785.9,1705,1775.2,5427965,TCS
08-04-2020,1760,1806,1701,1705.5,6285616,TCS
09-04-2020,1750.5,1778.8,1731.2,1766.2,5307649,TCS
13-04-2020,1761,1787,1746,1759.3,2990478,TCS
15-04-2020,1785,1812,1727.8,1735.2,4761401,TCS
16-04-2020,1710,1764.9,1675.1,1716.1,6245583,TCS
17-04-2020,1800,1852,1753,1806.2,9895825,TCS
20-04-2020,1830,1830,1802.5,1818.7,3244293,TCS
21-04-2020,1765,1794.6,1727.7,1737.7,5122606,TCS
22-04-2020,1737.7,1790,1719.2,1769.5,3829839,TCS
23-04-2020,1780,1900,1760.9,1878.3,5934424,TCS
24-04-2020,1840.7,1852,1807.8,1818.6,2987150,TCS
27-04-2020,1832.3,1875,1825,1836.6,3374747,TCS
28-04-2020,1865,1868,1832.6,1859.1,2678512,TCS
29-04-2020,1874,1912.6,1850.1,1905.7,4241579,TCS
30-04-2020,1980,2032,1942.2,2014.5,5915950,TCS
04-05-2020,1966,1966,1913.7,1930.5,3729409,TCS
05-05-2020,1955.1,1977,1927,1932.8,2905541,TCS
06-05-2020,1939.8,1953.7,1893.6,1903.6,3517432,TCS
07-05-2020,1910,1934.5,1883.4,1891.7,3166784,TCS
08-05-2020,1939.1,1939.5,1886.3,1893.4,2686536,TCS
11-05-2020,1909,1951.4,1909,1935.3,2449846,TCS
12-05-2020,1933.4,1956.5,1910.3,1949.5,3256630,TCS
13-05-2020,1994,1994,1925.7,1949.7,2656665,TCS
14-05-2020,1910,1923.1,1891.1,1902.4,2263204,TCS
15-05-2020,1916,1917.4,1865.2,1892.9,3173682,TCS
18-05-2020,1907,1953,1872.1,1945.6,3727896,TCS
19-05-2020,1903,1966.5,1903,1948.7,3198699,TCS
20-05-2020,1950,1962.9,1931.7,1953.6,2778505,TCS
21-05-2020,1946,1998,1941.2,1991.2,3400925,TCS
22-05-2020,1977.1,2032,1961.3,2020.4,3663422,TCS
26-05-2020,2015,2024,1925,1943,4575512,TCS
27-05-2020,1959,2010,1941.3,2005.3,3482185,TCS
28-05-2020,1988.5,2014,1971.3,2004.3,3475788,TCS
29-05-2020,1982,2002.7,1962.4,1972.4,7237765,TCS
01-06-2020,1990,2060,1981.1,2045.3,3747850,TCS
02-06-2020,2060.2,2081,2040.1,2047.2,2443886,TCS
03-06-2020,2051.9,2063.8,2020,2046.2,3699799,TCS
04-06-2020,2046.8,2100,2046.8,2091.6,4048593,TCS
05-06-2020,2091.6,2098,2040.3,2048.3,3573299,TCS
08-06-2020,2078.3,2095,2062.1,2071.8,2957841,TCS
09-06-2020,2063.1,2095.5,2060.3,2072.1,2910152,TCS
10-06-2020,2077.1,2132,2073.5,2108.8,5168494,TCS
11-06-2020,2100,2105,2061.8,2067.7,2269569,TCS
12-06-2020,2011.2,2049.2,2011,2039.5,2842757,TCS
15-06-2020,2039.1,2059,2001,2029.9,2399028,TCS
16-06-2020,2065,2074,2031,2045.8,2146528,TCS
17-06-2020,2046,2058.9,2026.6,2047.8,2703546,TCS
18-06-2020,2045,2059.2,2025.2,2038.1,1944471,TCS
19-06-2020,2042,2090,2032,2044.6,5681784,TCS
22-06-2020,2050,2052.3,2019.2,2028,3196138,TCS
23-06-2020,2027,2044,2010,2035.3,4206122,TCS
24-06-2020,2034,2064.3,2031.6,2042.2,2560951,TCS
25-06-2020,2035,2060,2009.3,2016.1,3044089,TCS
26-06-2020,2025,2132,2020,2118.9,6300912,TCS
29-06-2020,2108,2127.6,2091.3,2101.7,3076344,TCS
30-06-2020,2100,2111.9,2075.1,2082.2,3071877,TCS
01-07-2020,2079.7,2114,2079.5,2092.1,2503466,TCS
02-07-2020,2102,2165,2098,2157.2,3758709,TCS
03-07-2020,2163.7,2205,2160.3,2199.7,4185215,TCS
06-07-2020,2205,2269.9,2205,2263.2,5190366,TCS
07-07-2020,2275,2302.7,2232.2,2269.9,5630081,TCS
08-07-2020,2270,2274.4,2207.6,2218.9,2793674,TCS
09-07-2020,2229,2244.5,2191.1,2204.4,3443998,TCS
10-07-2020,2205.3,2249.9,2176,2222.4,9610327,TCS
13-07-2020,2220,2245,2210,2220,2963525,TCS
14-07-2020,2210,2239,2165,2172,2976749,TCS
15-07-2020,2185,2260,2181.1,2233.9,5569322,TCS
16-07-2020,2244,2333,2220.1,2234.8,8582120,TCS
17-07-2020,2237,2243.9,2190.1,2200.8,4509143,TCS
20-07-2020,2201,2226.9,2190.8,2207.9,2952719,TCS
21-07-2020,2230,2238.7,2201.2,2225.1,2665386,TCS
22-07-2020,2231,2231,2184.2,2191,2861698,TCS
23-07-2020,2191,2191,2163,2171.2,2265791,TCS
24-07-2020,2154.5,2163,2125.1,2157.4,3665123,TCS
27-07-2020,2165,2215,2163.5,2206.8,4248837,TCS
28-07-2020,2215,2320,2215,2309.8,8092458,TCS
29-07-2020,2292,2342,2246.1,2276.1,6090440,TCS
30-07-2020,2285.9,2358,2272.3,2279.5,7098913,TCS
31-07-2020,2303.2,2334.8,2257.5,2281.4,4723290,TCS
03-08-2020,2290.5,2303.9,2230.7,2254.2,4012445,TCS
04-08-2020,2260,2269.7,2225.1,2249.7,2927953,TCS
05-08-2020,2260,2300,2253,2259.5,3800641,TCS
06-08-2020,2275,2319.5,2265.4,2308.1,4748348,TCS
07-08-2020,2308,2328,2287,2295.4,3165495,TCS
10-08-2020,2318,2325,2276.1,2282.8,2929385,TCS
11-08-2020,2283,2312,2275.6,2279.9,2774509,TCS
12-08-2020,2288.4,2296.4,2246.6,2257.4,3415766,TCS
13-08-2020,2273,2300,2250.5,2254.5,2695682,TCS
14-08-2020,2277,2281.3,2233.1,2242.2,2270405,TCS
17-08-2020,2263,2270,2238.3,2253.4,2625670,TCS
18-08-2020,2262.8,2289,2248.3,2269.8,3493411,TCS
19-08-2020,2276.4,2284.6,2252.5,2256.6,2843007,TCS
20-08-2020,2257,2276.6,2240.1,2252.9,2895265,TCS
21-08-2020,2260,2271,2241.1,2248.6,1975304,TCS
24-08-2020,2250.6,2260,2230,2248.1,2167987,TCS
25-08-2020,2245,2250,2233.6,2242.7,1663454,TCS
26-08-2020,2242,2259.9,2216.5,2253.5,2618159,TCS
27-08-2020,2266,2287.4,2241.8,2248.4,3579397,TCS
28-08-2020,2268.4,2280,2235.1,2238.6,2941156,TCS
31-08-2020,2240,2276.2,2228,2257.3,6018160,TCS
01-09-2020,2269,2278,2241.3,2246.4,3610908,TCS
02-09-2020,2247,2268.8,2241.7,2265.2,2084152,TCS
03-09-2020,2268,2324,2268,2299.5,4654146,TCS
04-09-2020,2275,2324.3,2263,2288.8,5232180,TCS
07-09-2020,2289,2343.5,2283.4,2327.1,4620416,TCS
08-09-2020,2336,2390.5,2327.1,2348.2,7454161,TCS
09-09-2020,2325,2359,2320,2327.7,3866542,TCS
10-09-2020,2335,2348.5,2324.3,2331.2,2308813,TCS
11-09-2020,2331,2383,2330.2,2374.1,4145429,TCS
14-09-2020,2384.1,2505.8,2381.9,2491.4,7512284,TCS
15-09-2020,2491.4,2538,2464.6,2491.4,7318773,TCS
16-09-2020,2489,2507.6,2477.3,2503,3074013,TCS
17-09-2020,2480,2495.8,2450.6,2461,4828231,TCS
18-09-2020,2485,2500.4,2436.4,2449.9,4183256,TCS
21-09-2020,2465,2504.9,2452.2,2465.3,4598809,TCS
22-09-2020,2485,2555,2458,2523,7499927,TCS
23-09-2020,2510,2519.9,2409,2467.5,7503152,TCS
24-09-2020,2450,2450,2302.6,2332.3,8425118,TCS
25-09-2020,2368,2440,2352.1,2422.3,8228297,TCS
28-09-2020,2440,2444,2366,2426.3,4347177,TCS
29-09-2020,2434.9,2511.1,2426.3,2488.4,6995815,TCS
30-09-2020,2489,2505,2460,2492.3,3917186,TCS
01-10-2020,2510,2540,2492.3,2523.5,2610338,TCS
05-10-2020,2620,2728.1,2603.1,2705.8,17412119,TCS
06-10-2020,2736,2736,2650.1,2714.3,9846376,TCS
07-10-2020,2742,2770,2703,2736,9656167,TCS
08-10-2020,2800,2885,2800,2825.7,19839826,TCS
09-10-2020,2810,2829.9,2780,2813,7739375,TCS
12-10-2020,2815.5,2854,2800.8,2830,4623211,TCS
13-10-2020,2845,2854.9,2812.2,2826.6,4209905,TCS
14-10-2020,2842,2842,2787.6,2809.6,4395979,TCS
15-10-2020,2811,2827.8,2727,2740.6,6629395,TCS
16-10-2020,2750.1,2771.7,2731.3,2763.3,5273773,TCS
19-10-2020,2774,2774,2706.6,2711.6,3331194,TCS
20-10-2020,2725,2759.9,2718,2739,3406298,TCS
21-10-2020,2739,2749,2663.1,2675.4,4570175,TCS
22-10-2020,2661,2686.7,2638.1,2671.2,5262311,TCS
23-10-2020,2687.8,2702,2670.1,2686.8,3499372,TCS
26-10-2020,2690,2710,2670.5,2688.2,2672766,TCS
27-10-2020,2699.8,2718.2,2624.1,2630.2,3537594,TCS
28-10-2020,2650,2656,2606,2622.2,3569515,TCS
29-10-2020,2608,2655,2600.3,2632.7,3105970,TCS
30-10-2020,2636.1,2674.4,2621.6,2664.9,3427003,TCS
02-11-2020,2660,2664.9,2600.1,2604.6,2571196,TCS
03-11-2020,2604,2665,2601.1,2633.6,2879269,TCS
04-11-2020,2610,2721.9,2610,2653.2,4893928,TCS
05-11-2020,2685,2710,2667,2685.7,2816502,TCS
06-11-2020,2699,2713.3,2681.3,2707.5,3884421,TCS
09-11-2020,2731.1,2744,2695.1,2726.6,3646592,TCS
10-11-2020,2697.2,2713.2,2638.4,2649.6,4760020,TCS
11-11-2020,2668,2692.8,2643.4,2687.8,3242441,TCS
12-11-2020,2686,2713,2661.8,2671.1,2437505,TCS
13-11-2020,2655.8,2664.9,2636,2656.9,2548093,TCS
17-11-2020,2695,2695,2650.1,2666.1,2827273,TCS
18-11-2020,2661,2664.2,2607.1,2626.7,2893762,TCS
19-11-2020,2637,2676.2,2630.9,2636.9,4167501,TCS
20-11-2020,2655,2676,2627.6,2660.3,2711471,TCS
23-11-2020,2690,2730,2665,2724.3,3706418,TCS
24-11-2020,2734.4,2743,2705,2722.1,3120516,TCS
25-11-2020,2729,2733,2688.2,2701.3,3302249,TCS
26-11-2020,2686,2731,2680,2720.6,2341099,TCS
27-11-2020,2705,2717.7,2669.1,2679.7,6086808,TCS
01-12-2020,2679,2735.9,2624.5,2726.8,3605017,TCS
02-12-2020,2719,2754.7,2702.5,2749.6,2509032,TCS
03-12-2020,2773.9,2773.9,2700.8,2709.5,2852548,TCS
04-12-2020,2710.8,2738.9,2699,2727.6,2686527,TCS
07-12-2020,2715,2744,2706.2,2737.7,1996400,TCS
08-12-2020,2740,2805.6,2732.5,2797.3,4277818,TCS
09-12-2020,2815,2840,2793.2,2810.8,3659996,TCS
10-12-2020,2818,2827.3,2780.3,2784.3,2127801,TCS
11-12-2020,2792.7,2807.7,2764.6,2783.6,1795408,TCS
14-12-2020,2802,2804,2756.3,2797.7,2483658,TCS
15-12-2020,2786,2794.7,2755,2761.6,2365509,TCS
16-12-2020,2779,2819.8,2760.5,2814.2,2565149,TCS
17-12-2020,2811,2853.7,2805,2838.2,2863460,TCS
18-12-2020,2868,2898,2846.2,2861,6076692,TCS
21-12-2020,2861,2886.5,2785,2820.2,2705195,TCS
22-12-2020,2834,2883.7,2818.7,2872.5,2881737,TCS
23-12-2020,2876.1,2919,2865.5,2908.8,2790988,TCS
24-12-2020,2909,2921.4,2883.2,2909.4,1807144,TCS
28-12-2020,2910,2949.7,2902,2929.4,2108994,TCS
29-12-2020,2920,2952,2920,2930.5,1994151,TCS
30-12-2020,2934.4,2947.7,2902,2909.3,2637968,TCS
31-12-2020,2900,2905,2845,2862.8,4040956,TCS
01-01-2021,2880,2940,2879,2928.3,2681440,TCS
04-01-2021,2950,3050.8,2941,3039.5,5113293,TCS
05-01-2021,3039.6,3114.3,3039.6,3093,5801309,TCS
06-01-2021,3100,3113.5,3037.2,3051.5,3726716,TCS
07-01-2021,3075,3080.9,3000.3,3032.8,3717827,TCS
08-01-2021,3090,3128,3060,3120.9,5879039,TCS
11-01-2021,3230,3230,3146.6,3176.5,9508039,TCS
12-01-2021,3176.5,3210,3150,3174.9,3611458,TCS
13-01-2021,3175,3177,3126.3,3159,3572801,TCS
14-01-2021,3155,3266.5,3120.4,3250.7,6931542,TCS
15-01-2021,3235,3274,3210,3233.4,4131692,TCS
18-01-2021,3250,3256.8,3187.4,3221.8,4160906,TCS
19-01-2021,3233,3279,3232,3260.7,2975735,TCS
20-01-2021,3270,3328,3267.1,3308.8,3453446,TCS
21-01-2021,3305,3309.2,3262.1,3273.9,2778546,TCS
22-01-2021,3241.9,3325,3241.9,3303.1,3052459,TCS
25-01-2021,3309,3339.8,3278.7,3291.3,2272887,TCS
27-01-2021,3300,3306.5,3227,3261.1,2786662,TCS
28-01-2021,3230,3275,3183.8,3196.6,3083938,TCS
29-01-2021,3210.1,3216.9,3100,3111.4,5445659,TCS
01-02-2021,3100,3165,3044.1,3139.4,3985846,TCS
02-02-2021,3174,3224,3150,3203.5,2881837,TCS
03-02-2021,3213,3236,3162.7,3200.1,2505866,TCS
04-02-2021,3216.1,3237.9,3176,3188.5,2057261,TCS
05-02-2021,3199,3205.9,3129,3158,2366135,TCS
08-02-2021,3189.5,3226,3155.2,3214.1,2526592,TCS
09-02-2021,3195,3245.8,3164,3176.9,2658751,TCS
10-02-2021,3185,3219.4,3157.3,3213.3,2127983,TCS
11-02-2021,3215,3219.3,3185.1,3206,1165882,TCS
12-02-2021,3184.2,3245.5,3182,3190.8,2777404,TCS
15-02-2021,3209,3209,3131.6,3139.9,2630853,TCS
16-02-2021,3150,3167.7,3100,3108.8,3435770,TCS
17-02-2021,3105.1,3132.9,3045.6,3073.1,3678426,TCS
18-02-2021,3065,3097.9,3031,3057.4,4189909,TCS
19-02-2021,3058,3087.2,3016.2,3071.9,3725028,TCS
22-02-2021,3096,3096,2943.2,2958.5,5366696,TCS
23-02-2021,2970,3028,2968,2980.2,3832829,TCS
24-02-2021,2972,3003.4,2921.2,2948.1,3774549,TCS
25-02-2021,2974,3029.9,2968.5,2995.3,4224073,TCS
26-02-2021,2960,2972.4,2880,2894.3,5553153,TCS
01-03-2021,2926,2965,2901.8,2924.2,3265871,TCS
02-03-2021,2960,3025,2948,3006.4,3306469,TCS
03-03-2021,3035,3064,2996.9,3059.1,3509857,TCS
04-03-2021,3023,3081.5,3016.1,3049.7,3916760,TCS
05-03-2021,3016.1,3063.2,2996.6,3008.1,3203686,TCS
08-03-2021,3016,3033,2996,3007,2003125,TCS
09-03-2021,3007,3066.9,2992.1,3051,1942397,TCS
10-03-2021,3075,3093.2,3060,3071,3053778,TCS
12-03-2021,3075,3117,3041.4,3058,2938317,TCS
15-03-2021,3041,3099,3041,3066.2,3097140,TCS
16-03-2021,3060,3141,3060,3110.1,4894756,TCS
17-03-2021,3105,3155,3085.3,3113,3838390,TCS
18-03-2021,3126,3146.5,2987.1,3036.5,3656306,TCS
19-03-2021,3030,3099,3005,3050.2,5776626,TCS
22-03-2021,3048.7,3139.5,3018.7,3129.7,2821646,TCS
23-03-2021,3140,3169,3122.9,3142.6,3305973,TCS
24-03-2021,3111.2,3152.3,3111.2,3121.1,2207104,TCS
25-03-2021,3112.2,3130.9,3050,3064.9,3179786,TCS
26-03-2021,3090.7,3118,3043.1,3066.8,3697370,TCS
30-03-2021,3083,3188.5,3060.9,3158.6,4694261,TCS
31-03-2021,3155,3205,3132,3177.9,3530069,TCS
01-04-2021,3191.1,3215,3145,3165,4285076,TCS
05-04-2021,3171,3263,3151,3238.9,5317862,TCS
06-04-2021,3275,3275,3230,3264.7,2291562,TCS
07-04-2021,3259,3277.6,3234.8,3271.4,2491268,TCS
08-04-2021,3270,3335,3266.1,3317.4,2578118,TCS
09-04-2021,3354,3354.4,3308,3322.3,2911129,TCS
12-04-2021,3322.3,3338.1,3213.2,3246.6,3791828,TCS
13-04-2021,3214,3214,3073.1,3104.1,8654596,TCS
15-04-2021,3160.3,3237.3,3087.5,3219,6062760,TCS
16-04-2021,3229,3247,3182.6,3195.2,3224657,TCS
19-04-2021,3169,3189,3135.1,3161.8,2679106,TCS
20-04-2021,3225,3225.4,3126.4,3144.6,3141893,TCS
22-04-2021,3148,3148,3105.3,3118.8,1988980,TCS
23-04-2021,3105,3119,3091.1,3109.5,1615309,TCS
26-04-2021,3102.1,3153,3088.1,3100.8,2490260,TCS
27-04-2021,3106,3136.1,3103,3132,1471417,TCS
28-04-2021,3150,3151,3112,3124.1,1639037,TCS
29-04-2021,3145.6,3157.4,3105.5,3115.3,1621395,TCS
30-04-2021,3099,3132.1,3020,3035.7,3072305,TCS
03-05-2021,3024.9,3055,3004,3037,1545831,TCS
04-05-2021,3062.8,3090,3035,3049.8,1990777,TCS
05-05-2021,3070,3099.4,3052.4,3095.7,1939289,TCS
06-05-2021,3105.5,3134,3074,3111.5,1791671,TCS
07-05-2021,3133,3159.9,3111.8,3132.9,1912540,TCS
10-05-2021,3146,3164.2,3125,3145.5,2137153,TCS
11-05-2021,3125,3128.1,3091.2,3122.6,2415625,TCS
12-05-2021,3120,3120,3070.6,3087.6,1978558,TCS
14-05-2021,3098.5,3098.5,3040,3051.5,2043935,TCS
17-05-2021,3055,3075.2,3036,3069.8,2890462,TCS
18-05-2021,3100,3124,3078,3088.8,2098538,TCS
19-05-2021,3084,3118,3067.1,3082,1986041,TCS
20-05-2021,3067.1,3088.8,3052.1,3060,2329027,TCS
21-05-2021,3061,3088.2,3055.1,3080.5,1685566,TCS
24-05-2021,3081.5,3105,3072,3081.5,1652260,TCS
25-05-2021,3092,3128.3,3082.1,3114,1841613,TCS
26-05-2021,3120,3165,3103.8,3158.5,1923753,TCS
27-05-2021,3162,3217.8,3161.8,3180,5959785,TCS
28-05-2021,3189.5,3198,3135.7,3143.6,1763701,TCS
31-05-2021,3150,3170.4,3128.6,3159.2,1652799,TCS
01-06-2021,3168.6,3170,3132,3153,1377441,TCS
02-06-2021,3150.9,3159.5,3115,3129.5,2240078,TCS
03-06-2021,3154.6,3154.6,3122.7,3141.3,1281706,TCS
04-06-2021,3128,3156.9,3125,3143.8,1836060,TCS
07-06-2021,3145,3190.5,3133.6,3183.2,2559821,TCS
08-06-2021,3198,3231,3187.2,3200.2,2574057,TCS
09-06-2021,3202,3220,3186.2,3200.3,1710925,TCS
10-06-2021,3210,3224,3193,3216.8,1874324,TCS
11-06-2021,3211.6,3309,3211,3273.8,3452954,TCS
14-06-2021,3279,3308.7,3270.4,3276.4,1847360,TCS
15-06-2021,3298,3298,3251.6,3262.8,1304985,TCS
16-06-2021,3262.1,3294.7,3253,3274.4,1635552,TCS
17-06-2021,3265.5,3336.1,3260,3317.8,2273413,TCS
18-06-2021,3350.9,3358,3275,3297.3,3380431,TCS
21-06-2021,3265,3286,3251.7,3273.1,1130569,TCS
22-06-2021,3304,3327.1,3285,3301.2,1708688,TCS
23-06-2021,3329,3329,3256.4,3261.4,1467104,TCS
24-06-2021,3284,3383,3278.5,3373.6,4155204,TCS
25-06-2021,3375.3,3399.7,3350,3380.8,2722861,TCS
28-06-2021,3391.5,3391.5,3333,3336.8,1355238,TCS
29-06-2021,3342,3366.3,3326.5,3340.9,1497322,TCS
30-06-2021,3346,3382,3338.5,3345.8,1693146,TCS
01-07-2021,3358,3362,3332.4,3341.5,990310,TCS
02-07-2021,3331,3339.7,3295.2,3325.5,1682274,TCS
05-07-2021,3342,3374,3302,3321,1972858,TCS
06-07-2021,3313,3328,3256.1,3262.3,2159420,TCS
07-07-2021,3275,3282.7,3241.6,3275,2640710,TCS
08-07-2021,3298,3298,3231.9,3258.5,2485811,TCS
09-07-2021,3250,3282,3201,3208.2,6365067,TCS
12-07-2021,3235,3236,3188.4,3193.1,1892226,TCS
13-07-2021,3214,3214,3175,3187.6,1809339,TCS
14-07-2021,3187,3222,3185,3214.6,2044279,TCS
15-07-2021,3227.6,3231.9,3194,3203,2232968,TCS
16-07-2021,3213,3219.9,3192,3194.8,1256526,TCS
19-07-2021,3180,3199.8,3176,3184.6,1597058,TCS
20-07-2021,3184.6,3215,3156.2,3205.8,1811945,TCS
22-07-2021,3190,3225,3190,3216.4,2859334,TCS
23-07-2021,3230,3241.6,3206.7,3212.9,1776193,TCS
26-07-2021,3200,3224.3,3190.9,3197.6,1259611,TCS
27-07-2021,3200,3210,3161.2,3183,1121367,TCS
28-07-2021,3188,3204.5,3132.4,3197.8,1660654,TCS
29-07-2021,3200.3,3225.5,3190.3,3195.8,1731997,TCS
30-07-2021,3219,3223.5,3162.4,3167.5,2999943,TCS
02-08-2021,3180,3224.9,3167,3219.4,2608669,TCS
03-08-2021,3229,3290,3219,3284.9,3804735,TCS
04-08-2021,3300,3305.2,3261.2,3274,2929598,TCS
05-08-2021,3275,3315,3262.5,3284,2534521,TCS
06-08-2021,3272.6,3324,3265,3309.8,2292362,TCS
09-08-2021,3323.9,3337,3310,3322.7,1510489,TCS
10-08-2021,3315.6,3349.9,3315.6,3333.9,2040777,TCS
11-08-2021,3350,3360,3327.1,3344.2,1929707,TCS
12-08-2021,3326,3368,3326,3351.8,1310205,TCS
13-08-2021,3360.8,3480,3357.5,3463.4,4363584,TCS
16-08-2021,3460,3494.4,3436.5,3473,2083489,TCS
17-08-2021,3482.1,3560.8,3463,3553.1,4336019,TCS
18-08-2021,3573.9,3595,3536.6,3560.6,2631309,TCS
20-08-2021,3506,3575,3500,3559.5,2836148,TCS
23-08-2021,3580,3673,3561.9,3637.4,3744176,TCS
24-08-2021,3657,3667.4,3594.4,3613.2,2511141,TCS
25-08-2021,3610,3697.8,3607.1,3659,2123263,TCS
26-08-2021,3660,3687.6,3647.9,3671.9,1902533,TCS
27-08-2021,3666,3729.5,3651.1,3720.2,3944728,TCS
30-08-2021,3715,3740.4,3687.6,3701.3,2033114,TCS
31-08-2021,3709.4,3804.1,3703.5,3786.5,3207480,TCS
01-09-2021,3796,3816.7,3707,3715,2643336,TCS
02-09-2021,3734,3859.2,3722,3836.8,3403717,TCS
03-09-2021,3825,3856.9,3804.6,3842.1,1746812,TCS
06-09-2021,3849.7,3877.6,3814,3852,1723693,TCS
07-09-2021,3864,3870,3808.3,3815.9,1585039,TCS
08-09-2021,3810,3815,3756,3774.2,4147175,TCS
09-09-2021,3789.7,3808.7,3765,3791.4,1441148,TCS
13-09-2021,3767,3852.4,3767,3845.4,1691473,TCS
14-09-2021,3850,3896.5,3825,3885.9,1991188,TCS
15-09-2021,3882.1,3980,3866,3954.6,2461369,TCS
16-09-2021,3930,3981.8,3892.1,3903.3,2946666,TCS
17-09-2021,3920,3945,3805,3827.9,6477148,TCS
20-09-2021,3809,3871,3807.9,3823.5,2002008,TCS
21-09-2021,3858,3871.6,3821.7,3863,1568129,TCS
22-09-2021,3862.5,3896.9,3852.5,3862.2,1744067,TCS
23-09-2021,3870,3879,3835,3869.3,2003869,TCS
24-09-2021,3890,3944.4,3855,3871.3,2320754,TCS
27-09-2021,3900,3904,3802.9,3837,1673362,TCS
28-09-2021,3850,3850,3751.3,3779.2,2253075,TCS
29-09-2021,3759.8,3806,3722.2,3791.9,2489161,TCS
30-09-2021,3805,3805,3750.1,3775.6,2252412,TCS
01-10-2021,3781.8,3810,3725,3730.2,1578374,TCS
04-10-2021,3724.8,3783.7,3707.5,3773.3,1356860,TCS
05-10-2021,3754,3840,3741.6,3833.3,1877966,TCS
06-10-2021,3836,3857.5,3795,3810.9,1678154,TCS
07-10-2021,3830,3899,3820.1,3892.9,1647233,TCS
08-10-2021,3925,3989.9,3900,3935.7,2934339,TCS
11-10-2021,3755,3757.5,3660,3685.6,11845402,TCS
12-10-2021,3706,3707,3630.6,3652.9,5752877,TCS
13-10-2021,3650,3675.5,3645,3655.2,3545655,TCS
14-10-2021,3625,3670,3608.2,3611.5,6442299,TCS
18-10-2021,3603.5,3652.7,3601.5,3647.2,3590107,TCS
19-10-2021,3669,3690.1,3625.2,3634.2,3135441,TCS
20-10-2021,3612,3630,3578.3,3608.9,2933693,TCS
21-10-2021,3604.1,3607.5,3511.3,3532.5,4871211,TCS
22-10-2021,3560,3561.6,3485,3498.9,2691670,TCS
25-10-2021,3503,3514.6,3450,3493,2595594,TCS
26-10-2021,3494.5,3529,3475,3482.6,3878763,TCS
27-10-2021,3483,3511.3,3483,3489.8,2510813,TCS
28-10-2021,3518,3518,3415,3421.7,2424942,TCS
29-10-2021,3400.1,3461,3386,3397.8,3960501,TCS
01-11-2021,3438,3487,3413,3476.4,2020718,TCS
02-11-2021,3494,3513.6,3469.8,3484.2,3087414,TCS
03-11-2021,3504.2,3519.9,3466.1,3492.3,1537639,TCS
04-11-2021,3513,3513.3,3505,3508.7,328991,TCS
08-11-2021,3548,3548,3481.2,3502.8,2526082,TCS
09-11-2021,3508,3535,3496,3505.7,1782692,TCS
10-11-2021,3498,3519.7,3480.2,3484.3,1516489,TCS
11-11-2021,3480,3510.1,3436,3488.2,1284514,TCS
12-11-2021,3506,3534.2,3485.7,3526.1,1747259,TCS
15-11-2021,3528,3569.6,3528,3553.3,1809157,TCS
16-11-2021,3569,3575.6,3542,3556.4,2013204,TCS
17-11-2021,3550.6,3562.9,3506.4,3521.9,1632914,TCS
18-11-2021,3515.2,3520.9,3451.6,3475.7,2136598,TCS
22-11-2021,3478.4,3516,3440.3,3458.4,3167936,TCS
23-11-2021,3445,3481,3407.8,3464.3,2153461,TCS
24-11-2021,3472.2,3493.1,3424,3443.3,2161746,TCS
25-11-2021,3443.9,3463,3434.1,3445.9,1849619,TCS
26-11-2021,3425,3490,3411.9,3446.9,1941251,TCS
29-11-2021,3447.2,3529.4,3406.5,3502,2981745,TCS
30-11-2021,3491,3563.8,3491,3529.2,5588446,TCS
01-12-2021,3535,3590,3535,3577.8,2102118,TCS
02-12-2021,3589.2,3648,3574.1,3642.9,3152938,TCS
03-12-2021,3646.5,3666,3630.9,3640.5,2486263,TCS
06-12-2021,3640.5,3658,3522,3536.4,1849642,TCS
07-12-2021,3562.5,3598,3524.3,3584.5,1484458,TCS
08-12-2021,3601,3646.5,3601,3626.9,1428660,TCS
09-12-2021,3610,3634.8,3566,3601.8,1567957,TCS
10-12-2021,3585,3642,3575.1,3636.8,1510718,TCS
13-12-2021,3650,3662,3601.7,3609.7,1883864,TCS
14-12-2021,3605,3635,3576.7,3623.8,1747007,TCS
15-12-2021,3620,3623,3558.2,3570.4,1603233,TCS
16-12-2021,3582,3608.5,3570,3581.6,2072320,TCS
17-12-2021,3602.5,3651.4,3573.7,3584.4,4333992,TCS
20-12-2021,3589,3606,3510.2,3556.9,2312310,TCS
21-12-2021,3582.7,3641.2,3566.4,3608.3,2340989,TCS
22-12-2021,3624,3636.8,3606.3,3630.8,1224328,TCS
23-12-2021,3648,3670.5,3630,3662.7,1792861,TCS
24-12-2021,3685,3705,3644.8,3670.9,2209923,TCS
27-12-2021,3671,3700,3653.1,3696.1,1534135,TCS
28-12-2021,3710,3725,3693.9,3706.6,1456218,TCS
29-12-2021,3692.3,3720,3685,3694.7,1456923,TCS
30-12-2021,3681.4,3740,3680,3733.8,1966475,TCS
31-12-2021,3742.8,3760,3731.3,3738.4,1207141,TCS
03-01-2022,3750,3830,3745,3817.8,2346158,TCS
04-01-2022,3831.1,3889.2,3811.7,3884.8,2488606,TCS
05-01-2022,3865,3870,3812.4,3861,1733031,TCS
06-01-2022,3812,3835,3772,3807.5,1810293,TCS
07-01-2022,3820,3864.9,3796.4,3853.5,2460591,TCS
10-01-2022,3978,3978,3861,3879.9,3937092,TCS
11-01-2022,3856,3925,3856,3915.9,1906106,TCS
12-01-2022,3925,3929,3836.6,3859.9,3203744,TCS
13-01-2022,3918,3923,3857,3897.9,6684507,TCS
14-01-2022,3877.9,3977,3860.1,3968.2,3348123,TCS
17-01-2022,3992.7,4043,3962.3,4019.2,3442604,TCS
18-01-2022,4034,4041.7,3980,3990.6,2389041,TCS
19-01-2022,4012,4012,3910.5,3914.7,3102539,TCS
20-01-2022,3910,3920,3811,3826.6,6176776,TCS
21-01-2022,3807,3851.6,3771.1,3833.5,3112358,TCS
24-01-2022,3840,3849.7,3740.1,3771.4,3258414,TCS
25-01-2022,3769.5,3809.4,3722.2,3769.9,3330501,TCS
27-01-2022,3731,3733.4,3625.1,3649.3,5718297,TCS
28-01-2022,3646,3729.8,3646,3690.1,3143862,TCS
31-01-2022,3749,3758,3721.4,3736.3,2739393,TCS
01-02-2022,3770,3808,3736.4,3800.7,2105169,TCS
02-02-2022,3827.9,3864,3800.7,3856.2,1984212,TCS
03-02-2022,3851,3882.5,3816.1,3824.6,1960538,TCS
04-02-2022,3815.3,3824.7,3769,3814.9,2307366,TCS
07-02-2022,3791,3831.8,3756.2,3779,1919149,TCS
08-02-2022,3791.6,3799.7,3721,3743.5,2946443,TCS
09-02-2022,3750,3778,3746.1,3760.6,1638721,TCS
10-02-2022,3789.8,3789.8,3758,3770.4,2112459,TCS
11-02-2022,3752.5,3752.5,3690,3695,3851488,TCS
14-02-2022,3724,3793.3,3710,3733.8,5951745,TCS
15-02-2022,3786,3835,3748,3817.8,3931683,TCS
16-02-2022,3844,3854.1,3806,3813.1,3256906,TCS
17-02-2022,3825,3835,3779,3784.2,3134372,TCS
18-02-2022,3769,3816,3757.6,3793.9,3688883,TCS
21-02-2022,3810,3827.8,3705.6,3719.4,7465922,TCS
22-02-2022,3650,3667.9,3570,3586.4,5408531,TCS
23-02-2022,3611,3622.9,3555.7,3563.8,2426203,TCS
24-02-2022,3474,3483.9,3391.1,3401.7,5039136,TCS
25-02-2022,3468,3530,3462,3520.8,2549723,TCS
28-02-2022,3490,3563.8,3455.9,3554.2,3288942,TCS
02-03-2022,3552.5,3572,3506,3546.2,2761341,TCS
03-03-2022,3562.9,3578.6,3530.1,3544.4,1928039,TCS
04-03-2022,3501.5,3561.2,3487.1,3524.4,2370257,TCS
07-03-2022,3450,3548,3431.6,3484.9,3054130,TCS
08-03-2022,3460,3609,3460,3600,3300992,TCS
09-03-2022,3605,3654,3597.1,3632.6,2719654,TCS
10-03-2022,3684,3684,3615,3621,2005441,TCS
11-03-2022,3603.3,3639.9,3592.9,3599.2,1623423,TCS
14-03-2022,3580,3648.4,3580,3643,1765688,TCS
15-03-2022,3659,3659,3585.4,3593.9,3651133,TCS
16-03-2022,3640.5,3668,3616.3,3655.9,3090475,TCS
17-03-2022,3696.6,3710,3660.3,3672.8,3600452,TCS
21-03-2022,3696,3714,3615,3626.7,2413831,TCS
22-03-2022,3640,3711,3625,3701,2907611,TCS
23-03-2022,3708,3729.8,3690,3712.4,1596195,TCS
24-03-2022,3700,3758.2,3695,3749.9,1879046,TCS
25-03-2022,3759.9,3779.5,3672,3707.5,1690133,TCS
28-03-2022,3695,3713,3661.2,3707.7,1760990,TCS
29-03-2022,3694.8,3722,3691,3705.4,2689063,TCS
30-03-2022,3738,3738,3706.2,3731.6,1583455,TCS
31-03-2022,3740,3754.7,3720.2,3740,2168110,TCS
01-04-2022,3748,3763,3728.1,3758.8,1387014,TCS
04-04-2022,3762,3780,3737.1,3770.4,1472994,TCS
05-04-2022,3772,3835.6,3772,3814.8,2314947,TCS
06-04-2022,3809.3,3809.3,3731.2,3755.4,2051729,TCS
07-04-2022,3745.5,3745.5,3679,3684.2,2494829,TCS
08-04-2022,3690,3705,3642.5,3685.7,2296773,TCS
11-04-2022,3690,3712.4,3656.1,3696.4,2291660,TCS
12-04-2022,3683,3739,3648.4,3691.1,4483476,TCS
13-04-2022,3707,3709.9,3655.6,3662,1621672,TCS
18-04-2022,3610,3610,3522.5,3528.1,3820792,TCS
19-04-2022,3550,3563.6,3439.2,3471.9,3170014,TCS
20-04-2022,3500,3569.2,3480,3556.8,2640370,TCS
21-04-2022,3580,3644,3567.4,3628.7,2280996,TCS
22-04-2022,3581.1,3617,3571.5,3612.6,1581465,TCS
25-04-2022,3558,3584,3533.1,3548.2,1960694,TCS
26-04-2022,3575.2,3587.9,3518.2,3546.3,1943469,TCS
27-04-2022,3546,3568.5,3506.3,3561.2,1727648,TCS
28-04-2022,3588,3604.4,3538.1,3584.3,1703660,TCS
29-04-2022,3597,3623.3,3536.9,3546.7,2051115,TCS
02-05-2022,3519.9,3548,3492.8,3542.4,1324161,TCS
04-05-2022,3538.5,3545.5,3465.3,3479.8,2305825,TCS
05-05-2022,3512.1,3533,3485.4,3513.4,1612262,TCS
06-05-2022,3459,3474.5,3424.5,3432.6,2010812,TCS
09-05-2022,3398,3456,3346.9,3445.1,2481830,TCS
10-05-2022,3434,3464.8,3422,3438.8,1622685,TCS
11-05-2022,3435,3448.5,3382.2,3412,1841769,TCS
12-05-2022,3378,3449.7,3350.1,3408.7,2807195,TCS
13-05-2022,3435,3439.9,3382.2,3414.9,2187823,TCS
16-05-2022,3415,3430,3366.6,3376.8,1195813,TCS
17-05-2022,3370,3467,3350.4,3451.6,1754076,TCS
18-05-2022,3465,3495,3443.1,3448.8,1866781,TCS
19-05-2022,3397,3405,3230,3262,4642963,TCS
20-05-2022,3310,3313.9,3270.1,3293,3065125,TCS
23-05-2022,3304.8,3338.9,3267,3321.8,2293690,TCS
24-05-2022,3315.2,3324.9,3275.6,3288,1711510,TCS
25-05-2022,3292.9,3292.9,3154.1,3167.7,3548046,TCS
26-05-2022,3191,3241.5,3180.6,3227,2813186,TCS
27-05-2022,3253.2,3278.9,3229.2,3261.3,3103153,TCS
30-05-2022,3297,3386.6,3286.4,3375.3,2094624,TCS
31-05-2022,3354.2,3383.4,3325,3364.4,4840965,TCS
01-06-2022,3388,3388,3340.1,3355.2,1493835,TCS
02-06-2022,3355,3432,3346.3,3423,2657939,TCS
03-06-2022,3459.4,3477.3,3431.2,3440.2,1913622,TCS
06-06-2022,3418,3453,3377.2,3431,1084210,TCS
07-06-2022,3401.1,3418.9,3356,3362.7,2308256,TCS
08-06-2022,3380.2,3414,3346.5,3404.2,2185707,TCS
09-06-2022,3385,3437,3353.1,3427.1,1279197,TCS
10-06-2022,3382,3393,3352,3359.9,1527582,TCS
13-06-2022,3290,3293,3192.5,3219.6,3030921,TCS
14-06-2022,3190,3238.9,3174.7,3210.6,2611493,TCS
15-06-2022,3218.5,3234,3201,3206.3,1404536,TCS
16-06-2022,3240,3244.9,3133.1,3142,2032028,TCS
17-06-2022,3092,3118.8,3023.9,3088.9,5240434,TCS
20-06-2022,3094,3138.8,3069,3112.4,1502769,TCS
21-06-2022,3130,3237.8,3125.4,3212,2964461,TCS
22-06-2022,3199.9,3250.6,3183,3223,3336315,TCS
23-06-2022,3223,3318,3223,3308.8,3692578,TCS
24-06-2022,3339,3345,3277.5,3293.1,2132118,TCS
27-06-2022,3350,3362.9,3306.5,3314.7,2037686,TCS
28-06-2022,3307,3330,3272.6,3318.2,1400046,TCS
29-06-2022,3271,3333,3271,3290.5,2133994,TCS
30-06-2022,3272,3310.9,3255,3267.1,2719603,TCS
01-07-2022,3260,3333,3252.1,3315.1,1502879,TCS
04-07-2022,3312,3318,3225.1,3235.1,2622535,TCS
05-07-2022,3255,3272,3207,3216.3,2170627,TCS
06-07-2022,3218.5,3268.5,3202.3,3260.8,2182144,TCS
07-07-2022,3271,3319.4,3265.1,3287.9,1989921,TCS
08-07-2022,3300,3305,3250,3265.5,2136916,TCS
11-07-2022,3206.2,3225,3106,3113.8,6974600,TCS
12-07-2022,3114.9,3136.2,3080.3,3084.7,3734815,TCS
13-07-2022,3104,3110,3035,3038.8,3863530,TCS
14-07-2022,3056,3057,2967,2998.8,4764908,TCS
15-07-2022,3018.6,3028.9,2953,2994.6,4574806,TCS
18-07-2022,3023,3077,3014.3,3063.5,3202795,TCS
19-07-2022,3030.1,3079,3030.1,3074.3,1865074,TCS
20-07-2022,3107.8,3172,3098.1,3164.8,3402251,TCS
21-07-2022,3167,3184,3144.1,3177.3,2420640,TCS
22-07-2022,3185,3197,3143.5,3171,2075886,TCS
25-07-2022,3165,3186.5,3149.1,3166.8,1797504,TCS
26-07-2022,3164.7,3168.9,3096.5,3115.9,2639367,TCS
27-07-2022,3115,3194.1,3110,3188.9,1389808,TCS
28-07-2022,3216,3264,3201.7,3260.5,2106333,TCS
29-07-2022,3290,3317.3,3275,3301.9,2430257,TCS
01-08-2022,3327,3327,3271,3298.8,1306913,TCS
02-08-2022,3290,3312.9,3271.7,3291.8,1269114,TCS
03-08-2022,3280,3349,3277.1,3339.5,2895824,TCS
04-08-2022,3350,3387.9,3307.4,3355,2150567,TCS
05-08-2022,3361.2,3377,3355,3365.1,1106933,TCS
08-08-2022,3365,3378.9,3336,3374.5,1068836,TCS
10-08-2022,3385,3385,3335,3354.3,1878359,TCS
11-08-2022,3400,3428.7,3375.1,3422.5,1449248,TCS
12-08-2022,3419,3419,3381.3,3401.6,1472354,TCS
16-08-2022,3411,3414.9,3387.5,3392.7,839942,TCS
17-08-2022,3385.1,3418,3371.1,3401.1,1622326,TCS
18-08-2022,3390,3392,3362,3381.3,1430659,TCS
19-08-2022,3387,3421.5,3371.3,3385.8,1398410,TCS
22-08-2022,3365,3384.1,3347.4,3354.6,1536532,TCS
23-08-2022,3320,3341.9,3270,3284.6,1849256,TCS
24-08-2022,3292,3308,3250.2,3255.4,1691923,TCS
25-08-2022,3276,3278.2,3214.8,3218.2,1946930,TCS
26-08-2022,3234.3,3257,3216.8,3222.2,1457962,TCS
29-08-2022,3125,3142.7,3081,3132.6,2539173,TCS
30-08-2022,3155,3226.5,3142.1,3211.2,3431525,TCS
01-09-2022,3190,3190,3121,3131.7,3546935,TCS
02-09-2022,3163,3163,3120.3,3130.4,2052900,TCS
05-09-2022,3123.7,3148,3112.3,3133.4,2147912,TCS
06-09-2022,3135.5,3140.9,3106.4,3127.1,1936453,TCS
07-09-2022,3102,3161.9,3102,3149.6,1291534,TCS
08-09-2022,3170,3183.5,3160.1,3169.7,1346113,TCS
09-09-2022,3195,3233.5,3168.5,3217.7,1561185,TCS
13-09-2022,3263.5,3263.5,3225,3229.4,1972678,TCS
14-09-2022,3135,3141.4,3113.8,3120.4,5090269,TCS
15-09-2022,3130,3137.8,3100,3104.4,2138023,TCS
16-09-2022,3076,3094.4,3000,3008.7,5322221,TCS
19-09-2022,3036,3042,2987.8,3028.8,2072220,TCS
20-09-2022,3050,3080,3030,3040.3,1544295,TCS
21-09-2022,3028,3041.4,2998.2,3001.2,2253818,TCS
22-09-2022,2990,3030,2979.3,3007.4,2017983,TCS
23-09-2022,3004,3022.5,2979,2982.1,2652374,TCS
26-09-2022,2959.9,3025.9,2926.1,2994.4,2925489,TCS
27-09-2022,3009.4,3025,2976,3017.5,2227447,TCS
28-09-2022,2980,3050,2980,3035.7,2739767,TCS
29-09-2022,3054,3055.9,2990,2997.3,2493902,TCS
30-09-2022,2990.9,3019.7,2950.1,3004.6,2817353,TCS
03-10-2022,2995,3020.7,2974,2985,1763331,TCS
04-10-2022,3030,3098,3023,3091.2,2145875,TCS
06-10-2022,3111,3124,3092.5,3102,1790816,TCS
07-10-2022,3097.4,3105,3058.1,3064.9,1939879,TCS
10-10-2022,3010,3127,3005,3118.6,3064063,TCS
11-10-2022,3100,3145,3053.4,3069.6,4730645,TCS
12-10-2022,3084.9,3109.9,3062.1,3100.8,1665247,TCS
13-10-2022,3100.8,3110,3052.4,3103.3,2054781,TCS
14-10-2022,3145,3150,3071,3099.2,2245977,TCS
17-10-2022,3072.7,3128.4,3071.5,3111.8,1517005,TCS
18-10-2022,3150,3155.4,3128.6,3144.7,1793722,TCS
19-10-2022,3159,3159,3112,3121.9,1194289,TCS
20-10-2022,3105,3160,3105,3157.3,1587601,TCS
21-10-2022,3157.8,3160.4,3127,3137.4,1021913,TCS
25-10-2022,3180.5,3184.3,3151.2,3162.1,2069643,TCS
27-10-2022,3160.7,3174,3134.4,3157.4,2438421,TCS
28-10-2022,3150,3178.5,3145,3163.3,1355739,TCS
31-10-2022,3199,3199,3177.8,3193.2,1919414,TCS
01-11-2022,3214.5,3262.6,3203.5,3259.7,2991060,TCS
02-11-2022,3270,3270,3222.1,3241.7,1405955,TCS
03-11-2022,3228.1,3228.1,3195,3206.8,1422652,TCS
04-11-2022,3217,3220.1,3166.2,3217.4,1464013,TCS
07-11-2022,3229,3242.8,3195.1,3233.7,1474498,TCS
09-11-2022,3249.8,3249.8,3201.7,3216.1,1162267,TCS
10-11-2022,3170,3225,3170,3205.7,1573092,TCS
11-11-2022,3269.6,3341.6,3255.1,3316,3265394,TCS
14-11-2022,3324,3349,3309,3335.5,1342074,TCS
15-11-2022,3321,3340,3292,3332.6,1400708,TCS
16-11-2022,3338.9,3367.9,3321.5,3355.4,1748235,TCS
17-11-2022,3340,3360,3317.8,3349,1417986,TCS
18-11-2022,3350,3362.8,3321,3343.5,1164540,TCS
21-11-2022,3322.5,3333.7,3273,3283.5,1304194,TCS
22-11-2022,3280,3319,3255.3,3315,1149739,TCS
23-11-2022,3330,3330,3291,3308.3,1150011,TCS
24-11-2022,3316.3,3393,3308.3,3380.2,1296591,TCS
25-11-2022,3383,3403.4,3348,3389.7,1588981,TCS
28-11-2022,3366,3417,3365.6,3395.3,2195437,TCS
29-11-2022,3383,3429,3383,3397.4,1576028,TCS
30-11-2022,3383,3414.9,3375,3390.8,3410702,TCS
01-12-2022,3425,3480,3420,3475.7,2180856,TCS
02-12-2022,3458.1,3468.9,3413,3439.2,2411749,TCS
05-12-2022,3433,3439.2,3407,3425.9,1475065,TCS
06-12-2022,3400.1,3408,3368,3385.4,1166999,TCS
07-12-2022,3368.3,3393.7,3354,3380.6,1167505,TCS
08-12-2022,3360,3380.6,3339.5,3350.6,1285619,TCS
09-12-2022,3374.1,3374.1,3276.4,3292.8,1797896,TCS
12-12-2022,3255.5,3296,3236.1,3286.5,1527610,TCS
13-12-2022,3277.2,3336.5,3267.8,3332.1,1378016,TCS
14-12-2022,3348.8,3377,3340.9,3365.4,1213311,TCS
15-12-2022,3358.8,3364.8,3299,3305.1,1415694,TCS
16-12-2022,3275,3292,3225.2,3240.3,2703680,TCS
19-12-2022,3227,3245.5,3194.5,3202.1,2120965,TCS
20-12-2022,3198.9,3249,3163.7,3244,1529971,TCS
21-12-2022,3249,3283.1,3240,3268.6,1432566,TCS
22-12-2022,3294,3294,3245.1,3259.7,1384101,TCS
23-12-2022,3217,3266.9,3217,3228.4,1360281,TCS
26-12-2022,3228.4,3272,3225.1,3252.9,870157,TCS
27-12-2022,3269.2,3273.8,3231.5,3259.5,835883,TCS
28-12-2022,3249.8,3266.1,3226,3257.1,910795,TCS
29-12-2022,3231.1,3271.5,3228,3268.8,1037927,TCS
30-12-2022,3286.1,3299,3246.2,3256.7,1163131,TCS
02-01-2023,3261,3266.9,3235.2,3261.5,709547,TCS
03-01-2023,3252,3320,3245.3,3311.4,1245178,TCS
04-01-2023,3306.7,3327.4,3286.2,3314.7,1231668,TCS
05-01-2023,3330.2,3337.3,3282,3311.1,1826057,TCS
06-01-2023,3300,3301.6,3200,3211.6,2488376,TCS
09-01-2023,3229,3327,3221.2,3320,2885060,TCS
10-01-2023,3285,3298,3230.1,3286.4,3864655,TCS
11-01-2023,3290.1,3349.5,3271.2,3328.7,2720512,TCS
12-01-2023,3329,3350,3315.6,3334.4,2250391,TCS
13-01-2023,3342.9,3379,3305,3374.6,1742837,TCS
16-01-2023,3317,3353,3298.1,3334.1,1843607,TCS
17-01-2023,3330,3381.8,3321,3378.4,1688475,TCS
18-01-2023,3380,3409,3372.3,3390,2421189,TCS
19-01-2023,3380,3387,3361,3373.1,1585044,TCS
20-01-2023,3365,3394.7,3355.6,3363.1,1529349,TCS
23-01-2023,3388,3419,3355.6,3414.9,1067916,TCS
24-01-2023,3425,3452,3417.3,3436.3,1387863,TCS
25-01-2023,3425.3,3435,3405,3429.8,874110,TCS
27-01-2023,3426,3446,3382.3,3411.1,1785879,TCS
30-01-2023,3420,3458.5,3385.6,3433.7,1953798,TCS
31-01-2023,3449,3449,3351,3358.7,2820375,TCS
01-02-2023,3363,3419,3355,3408.4,2205161,TCS
02-02-2023,3427,3469,3420.1,3460.4,1813847,TCS
03-02-2023,3504,3504,3452.9,3482.3,1804469,TCS
06-02-2023,3473.2,3473.2,3436.9,3460,1138714,TCS
07-02-2023,3468.9,3493,3461.4,3472.6,1455647,TCS
08-02-2023,3478.1,3539.9,3478.1,3520.1,1986946,TCS
09-02-2023,3515,3547.6,3505.3,3540.9,1655427,TCS
10-02-2023,3520,3542.4,3508.2,3537.6,1187821,TCS
13-02-2023,3549,3549,3473.4,3482.4,1087939,TCS
14-02-2023,3505,3524.9,3495,3500.1,1579818,TCS
15-02-2023,3487,3526,3460.2,3520.7,1429449,TCS
16-02-2023,3527.2,3575,3527,3558.1,1618931,TCS
17-02-2023,3526.2,3538.9,3490,3501.2,1061369,TCS
20-02-2023,3502,3522,3475.1,3487.3,1296082,TCS
21-02-2023,3494,3508.9,3444.8,3451,1139541,TCS
22-02-2023,3415,3447,3395,3401.6,1218430,TCS
23-02-2023,3421,3452.4,3408,3413.8,1441570,TCS
24-02-2023,3422.5,3434,3382.3,3400.5,977592,TCS
27-02-2023,3390,3390,3316,3331.9,1128022,TCS
28-02-2023,3328.5,3392,3299.9,3312.9,4116217,TCS
01-03-2023,3323,3389,3315,3385.7,1669307,TCS
02-03-2023,3361,3369.9,3318,3321.5,1556538,TCS
03-03-2023,3354,3358,3331.1,3342.2,1043190,TCS
06-03-2023,3361.9,3405,3359,3371.9,1334132,TCS
08-03-2023,3364,3396,3330.9,3390.4,1844590,TCS
09-03-2023,3385,3385,3330.9,3336.9,1648500,TCS
10-03-2023,3312.9,3337.3,3290,3331,1024404,TCS
13-03-2023,3333,3369.8,3272,3282,1901233,TCS
14-03-2023,3280,3304.4,3209.4,3215,2670334,TCS
15-03-2023,3250,3260.4,3192,3198.9,1780522,TCS
16-03-2023,3208,3219.8,3172,3185,1901060,TCS
17-03-2023,3150.5,3221.4,3144,3179.3,6739966,TCS
20-03-2023,3169.7,3169.7,3095.1,3143.3,2289468,TCS
21-03-2023,3143.3,3156.8,3097.5,3106.1,1815297,TCS
22-03-2023,3130.1,3143.5,3106.1,3130.8,1123939,TCS
23-03-2023,3114.9,3146.4,3101,3124.7,1372218,TCS
24-03-2023,3148.9,3170,3106,3120.5,1329577,TCS
27-03-2023,3135,3152.8,3106,3122.3,1524217,TCS
28-03-2023,3127,3149.6,3110.2,3115.9,1303530,TCS
29-03-2023,3129,3150,3104.1,3138.9,1740616,TCS
31-03-2023,3190,3213,3152,3205.9,2382581,TCS
03-04-2023,3225,3225,3173.8,3200,1521830,TCS
05-04-2023,3185.5,3264.4,3185.5,3239.8,2655065,TCS
06-04-2023,3225,3257.4,3215,3220.7,1703464,TCS
10-04-2023,3220,3272,3215,3263.4,2203187,TCS
11-04-2023,3264,3273,3192.2,3213.8,2348779,TCS
12-04-2023,3228,3261,3199,3241.7,2417727,TCS
13-04-2023,3210,3230,3180,3188.9,4174070,TCS
17-04-2023,3134.1,3163.4,3070.3,3139.5,5505048,TCS
18-04-2023,3155,3156.9,3110.6,3130.8,2617302,TCS
19-04-2023,3130.8,3140,3071.5,3089.6,3298034,TCS
20-04-2023,3090,3113,3078,3104.8,2419999,TCS
21-04-2023,3110,3164.5,3100.8,3160.9,1929184,TCS
24-04-2023,3151.1,3181,3126.2,3174.8,1640676,TCS
25-04-2023,3183,3191.2,3147.5,3176,2024090,TCS
26-04-2023,3181,3208.4,3181,3198.2,2000029,TCS
27-04-2023,3185,3199.2,3170.7,3188,2434446,TCS
28-04-2023,3200.4,3227.3,3196.3,3219.3,2931312,TCS
02-05-2023,3235,3235,3210,3219.4,2321159,TCS
03-05-2023,3216,3216,3173.2,3179.9,2468285,TCS
04-05-2023,3180.2,3224.5,3178,3220.7,1953253,TCS
05-05-2023,3220,3244,3210.1,3230.7,1710027,TCS
08-05-2023,3245,3254.9,3231.3,3250.6,928235,TCS
09-05-2023,3252.6,3298,3246,3283.3,1107375,TCS
10-05-2023,3290,3306.5,3266.1,3286.8,1559987,TCS
11-05-2023,3309,3309.7,3272,3282.2,1719623,TCS
12-05-2023,3279.2,3290,3260,3274.3,1027479,TCS
15-05-2023,3284,3292,3248.4,3255.1,1150390,TCS
16-05-2023,3256.2,3285,3250.5,3258.2,986306,TCS
17-05-2023,3256,3280,3198.3,3208.7,1588815,TCS
18-05-2023,3226,3229,3195,3199.9,1369364,TCS
19-05-2023,3210,3234.5,3203.1,3222.9,1152449,TCS
22-05-2023,3230,3308.5,3217.1,3298.7,1333243,TCS
23-05-2023,3306,3328,3290.1,3297.1,1687418,TCS
24-05-2023,3276,3317.2,3276,3303.4,1016555,TCS
25-05-2023,3294,3306,3267.1,3293.5,1374917,TCS
26-05-2023,3293.5,3338.7,3291,3328.9,1791115,TCS
29-05-2023,3360.8,3372,3312,3320.4,1210372,TCS
30-05-2023,3315,3327,3301.4,3316.2,1344224,TCS
31-05-2023,3309,3327.7,3265.2,3289.5,5815424,TCS
01-06-2023,3314,3340,3297.5,3324,1177314,TCS
02-06-2023,3326.3,3335.9,3297.5,3305.6,2030661,TCS
05-06-2023,3315,3327,3285.1,3288.9,1861468,TCS
06-06-2023,3280,3288.9,3220.6,3232.3,2022849,TCS
07-06-2023,3253,3278.9,3241,3274.9,1567196,TCS
08-06-2023,3261,3270,3233,3236.5,1759366,TCS
09-06-2023,3245,3250,3205.4,3209.3,1775689,TCS
12-06-2023,3215,3254.4,3211,3246.9,2324605,TCS
13-06-2023,3260,3265,3239,3243.7,1371928,TCS
14-06-2023,3243.7,3255.9,3225.9,3251.1,1658544,TCS
15-06-2023,3245.3,3247.5,3210,3216.3,2273810,TCS
16-06-2023,3197,3199.4,3156,3174.9,4156189,TCS
19-06-2023,3190,3214.9,3175,3210.4,1468186,TCS
20-06-2023,3214,3232.5,3201.1,3227.7,1528452,TCS
21-06-2023,3250,3261.4,3224,3258.2,1645987,TCS
22-06-2023,3260,3267.7,3230.1,3238.5,1529603,TCS
23-06-2023,3237.3,3249.4,3209.2,3216.4,1119505,TCS
26-06-2023,3205,3213.9,3173,3189.7,1978803,TCS
27-06-2023,3202,3209.7,3182.3,3197.4,863542,TCS
28-06-2023,3208,3231,3193.4,3215.5,1575872,TCS
30-06-2023,3220,3310,3214.1,3302.3,2672406,TCS
03-07-2023,3314.3,3318.8,3268.8,3272.3,1687264,TCS
04-07-2023,3290,3315,3277.3,3308.9,1656681,TCS
05-07-2023,3320,3329,3305,3320,1453008,TCS
06-07-2023,3306.6,3328.5,3302,3322.9,1848238,TCS
07-07-2023,3302,3356.9,3302,3329.3,1789326,TCS
10-07-2023,3324.8,3324.8,3265.2,3272,1407431,TCS
11-07-2023,3295,3295,3260.8,3272.4,1110172,TCS
12-07-2023,3281,3289.2,3250.1,3259.9,1515240,TCS
13-07-2023,3284,3367.5,3272.8,3340.6,4585146,TCS
14-07-2023,3365,3524.9,3352,3514.7,6306101,TCS
17-07-2023,3510,3549.9,3477.1,3491.7,2743228,TCS
18-07-2023,3476,3524,3465,3496.9,2600090,TCS
19-07-2023,3500,3516.9,3445.7,3470.1,2405370,TCS
20-07-2023,3453.1,3478.9,3436.1,3463.3,1715404,TCS
21-07-2023,3404.1,3434.9,3359.1,3368.3,3770223,TCS
24-07-2023,3381,3413.5,3372.1,3394.8,1680132,TCS
25-07-2023,3397.5,3406.8,3380.2,3399.2,1272980,TCS
26-07-2023,3400.4,3420.9,3385,3388.3,1066803,TCS
27-07-2023,3395,3411.7,3385.1,3396.9,1701769,TCS
28-07-2023,3385,3393.7,3331,3355.4,2599831,TCS
31-07-2023,3364.4,3426.7,3360.9,3421.5,2743678,TCS
01-08-2023,3415,3460,3415,3452.1,1956167,TCS
02-08-2023,3435,3446.4,3413.6,3440.7,1914899,TCS
03-08-2023,3420,3433.3,3368,3400,2026351,TCS
04-08-2023,3401.3,3471,3401.3,3443.6,2248493,TCS
07-08-2023,3454,3488,3441.3,3484.1,1853889,TCS
08-08-2023,3484.1,3490,3456.6,3470.6,1634225,TCS
09-08-2023,3464.9,3467,3425.1,3462.5,1794589,TCS
10-08-2023,3450,3464.9,3430.1,3442.1,1096701,TCS
11-08-2023,3438.1,3466.7,3414,3448.8,1679974,TCS
14-08-2023,3440.7,3455,3411,3449.9,1190425,TCS
16-08-2023,3450,3466,3435.2,3458.4,1328445,TCS
17-08-2023,3455,3460.8,3413.2,3435.8,1843241,TCS
18-08-2023,3410,3410,3356.5,3367.1,2526749,TCS
21-08-2023,3375,3409.8,3372,3401.7,1375579,TCS
22-08-2023,3400,3411,3365.1,3382.2,1222012,TCS
23-08-2023,3388,3402,3376,3398.3,1330046,TCS
24-08-2023,3408,3413.1,3378.1,3387.8,1152881,TCS
25-08-2023,3375,3385.8,3350.3,3381.3,1158046,TCS
28-08-2023,3394,3394,3360.1,3375.6,1037485,TCS
29-08-2023,3381.1,3389.6,3365,3376.2,944517,TCS
30-08-2023,3398,3408.1,3383.1,3391,1188200,TCS
31-08-2023,3401,3417.4,3343.7,3356.8,3417652,TCS
01-09-2023,3366,3389,3356.8,3379.2,1277950,TCS
04-09-2023,3378,3432.9,3370.1,3418.5,1828332,TCS
05-09-2023,3420,3447,3405.2,3429.4,1501842,TCS
06-09-2023,3434,3443.9,3398.1,3429.9,1314818,TCS
07-09-2023,3430.8,3460,3422.3,3455.3,1885092,TCS
08-09-2023,3455.3,3465,3435.1,3441.9,1518917,TCS
11-09-2023,3462,3485.7,3445,3480.7,1783604,TCS
12-09-2023,3492,3589.9,3483,3580.8,4476016,TCS
13-09-2023,3571.1,3588.9,3545,3567.9,1754929,TCS
14-09-2023,3570.1,3597.7,3545.6,3560.1,2604721,TCS
15-09-2023,3567.9,3607.4,3562.5,3598.3,2952897,TCS
18-09-2023,3580.1,3619.3,3575.3,3606.2,1395753,TCS
20-09-2023,3580,3625,3580,3606.1,1649396,TCS
21-09-2023,3588.6,3605,3528,3585.3,2004073,TCS
22-09-2023,3584,3633.8,3565.1,3603.7,1989083,TCS
25-09-2023,3602.5,3620,3558.7,3577.2,1238778,TCS
26-09-2023,3567.6,3595,3536,3585.7,1726062,TCS
27-09-2023,3590,3614,3555.7,3589.3,1541134,TCS
28-09-2023,3600,3602.8,3527.4,3536.8,1755753,TCS
29-09-2023,3537.2,3568.5,3505.6,3528.6,2243791,TCS
03-10-2023,3534.2,3534.2,3480.1,3513.9,1948148,TCS
04-10-2023,3486.3,3548,3477.3,3537.8,1788138,TCS
05-10-2023,3554,3624,3551.2,3589.4,2990768,TCS
06-10-2023,3591,3635,3575.1,3621.4,2075691,TCS
09-10-2023,3645.1,3679,3631,3638.4,4233074,TCS
10-10-2023,3640.1,3648,3601.4,3628.9,1848148,TCS
11-10-2023,3650,3650,3605,3609.9,2426417,TCS
12-10-2023,3575,3588.7,3538.1,3542.6,4241281,TCS
13-10-2023,3530,3577,3525,3570.9,2890357,TCS
16-10-2023,3566,3574.7,3519.1,3524.1,1671104,TCS
17-10-2023,3530,3534.2,3503.4,3507.1,1672065,TCS
18-10-2023,3511,3522.7,3484,3487.3,1408245,TCS
19-10-2023,3469.5,3476.9,3451.9,3455.7,1514545,TCS
20-10-2023,3450.4,3499.5,3444.1,3494.6,1481211,TCS
23-10-2023,3473,3479,3401.3,3410.2,1106272,TCS
25-10-2023,3390.5,3425,3377.2,3390.1,1518537,TCS
26-10-2023,3368.1,3373.7,3330,3336.8,1984471,TCS
27-10-2023,3350,3362,3337,3351,1108851,TCS
30-10-2023,3350,3382.9,3333.8,3378.6,910972,TCS
31-10-2023,3399,3399,3350.1,3368.8,999811,TCS
01-11-2023,3355,3371.6,3311,3330.7,1563475,TCS
02-11-2023,3343.2,3376,3343.2,3360.1,1245384,TCS
03-11-2023,3382,3387.9,3344.3,3350.9,1402598,TCS
06-11-2023,3375,3392.3,3359,3380.3,1099852,TCS
07-11-2023,3378,3404.2,3366,3370.5,1191144,TCS
08-11-2023,3371.5,3402,3369.6,3381.6,992899,TCS
09-11-2023,3390.1,3391.5,3342.1,3347.5,2112352,TCS
10-11-2023,3338,3347.5,3322.4,3333.5,1338557,TCS
13-11-2023,3356,3356,3327,3331.6,1030990,TCS
15-11-2023,3383.1,3413,3356.1,3404.3,2059802,TCS
16-11-2023,3430.1,3529.4,3414.2,3497.9,3951984,TCS
17-11-2023,3497.9,3524.5,3492.6,3502.5,2021292,TCS
20-11-2023,3491.3,3533.9,3491.3,3519.6,1475621,TCS
21-11-2023,3519.6,3539.1,3501,3510.2,1807236,TCS
22-11-2023,3500,3532.7,3481.1,3530.2,1798051,TCS
23-11-2023,3530,3544,3500,3508.3,2729804,TCS
24-11-2023,3494.3,3504.6,3453,3457.1,1989733,TCS
28-11-2023,3457.1,3481.3,3433,3470.2,1689195,TCS
29-11-2023,3481,3518,3475.8,3513.8,1441634,TCS
30-11-2023,3499.5,3516.7,3481,3487.6,3266235,TCS
01-12-2023,3500,3517,3490.1,3511.7,1172141,TCS
04-12-2023,3544.7,3547.8,3498,3512.5,1625213,TCS
05-12-2023,3538,3538,3502.8,3531.6,1377656,TCS
06-12-2023,3532.6,3612.9,3525.2,3604.1,1896572,TCS
07-12-2023,3605,3630.6,3591.7,3614.9,1967653,TCS
08-12-2023,3633,3645,3602.1,3626.7,1641155,TCS
11-12-2023,3622.9,3653,3615,3642.9,1102503,TCS
12-12-2023,3639,3698.4,3631,3672.1,2236866,TCS
13-12-2023,3643.6,3650,3563,3593.6,3850968,TCS
14-12-2023,3630,3678,3627.6,3667.3,3290396,TCS
15-12-2023,3666.7,3896,3666.7,3861,8531230,TCS
18-12-2023,3858.1,3929,3830.2,3859.2,2521612,TCS
19-12-2023,3845,3855.1,3790,3816.2,2004435,TCS
20-12-2023,3827.3,3898.8,3766.6,3780.1,2586083,TCS
21-12-2023,3756.3,3806.7,3743.4,3787.5,1517562,TCS
22-12-2023,3800,3846,3762,3824,2413058,TCS
26-12-2023,3819.9,3834,3790.2,3795.6,1285231,TCS
27-12-2023,3799,3818.2,3768,3811.2,1293976,TCS
28-12-2023,3824,3838,3792.1,3799.9,1682889,TCS
29-12-2023,3792,3822.6,3765.4,3793.4,1574996,TCS
01-01-2024,3790,3832,3773,3811.1,825907,TCS
02-01-2024,3811.1,3811.1,3767.3,3783.2,1344068,TCS
03-01-2024,3767,3771.9,3687.1,3691.8,1803075,TCS
04-01-2024,3701.8,3719,3651,3666.8,3598144,TCS
05-01-2024,3675,3747.8,3674.9,3737.9,1963127,TCS
08-01-2024,3737.9,3739.8,3672.4,3678.3,1067805,TCS
09-01-2024,3710,3752.4,3682.8,3689.9,1370944,TCS
10-01-2024,3690,3729.3,3688,3713.1,1292227,TCS
11-01-2024,3724,3773,3707,3735.6,1777909,TCS
12-01-2024,3848,3905.3,3821.6,3882.8,6813450,TCS
15-01-2024,3960,3965,3885,3903.8,2801505,TCS
16-01-2024,3899,3899,3855.6,3861.3,1432672,TCS
17-01-2024,3819,3910,3812.6,3884.6,3458696,TCS
18-01-2024,3898,3908.8,3862,3902.6,2239110,TCS
19-01-2024,3945,3963.6,3915.1,3943.1,2941975,TCS
23-01-2024,3900,3933.9,3842.8,3858.3,2618854,TCS
24-01-2024,3880,3883.7,3805.6,3841.8,2657709,TCS
25-01-2024,3839.9,3861,3778.7,3810.3,2205154,TCS
29-01-2024,3800.8,3820,3780.9,3801,1646747,TCS
30-01-2024,3807.5,3847.8,3787,3800.6,1411621,TCS
31-01-2024,3811.2,3834,3796.5,3816,2459358,TCS
01-02-2024,3820,3904.9,3805.1,3854.2,2363107,TCS
02-02-2024,3875.1,3984.4,3872,3966.3,2826510,TCS
05-02-2024,3983,4022,3962.1,3973.3,1691523,TCS
06-02-2024,3997,4149.9,3990,4136,4474396,TCS
07-02-2024,4153,4155,4074,4083.4,2124267,TCS
08-02-2024,4090,4158,4086.1,4134.1,2345173,TCS
09-02-2024,4136.6,4184.8,4100,4133.7,2100596,TCS
12-02-2024,4130,4159.6,4105.6,4120.7,1013716,TCS
13-02-2024,4125.5,4170,4081.5,4149.5,1257415,TCS
14-02-2024,4107,4114.9,4049.5,4100.1,1391283,TCS
15-02-2024,4128,4146.3,4083,4103.2,1091582,TCS
16-02-2024,4113.3,4148,4100.1,4128.3,1307556,TCS
19-02-2024,4123.1,4128.3,4055,4103.8,772291,TCS
20-02-2024,4082.1,4098,4010,4030.7,1193648,TCS
21-02-2024,4013,4063.4,3980.6,3991.5,1885939,TCS
22-02-2024,3971,4095,3971,4087.1,2982052,TCS
23-02-2024,4130,4130,4046.4,4052.1,2538072,TCS
26-02-2024,4036,4050,3982.8,4001.1,1379284,TCS
27-02-2024,3999,4124,3999,4104.4,2960475,TCS
28-02-2024,4095.6,4154.9,4089,4119,1939225,TCS
29-02-2024,4099,4138.1,4064.6,4095.1,3772719,TCS
01-03-2024,4107.2,4140,4086.8,4094.4,2043265,TCS
04-03-2024,4105,4117.9,4075.9,4080.7,1749271,TCS
05-03-2024,4062,4064,3980,4012.1,2070859,TCS
06-03-2024,3994.1,4072,3958.5,4064.3,1744204,TCS
07-03-2024,4065,4124,4037.7,4108.6,2688905,TCS
11-03-2024,4089,4153,4089,4122.4,2304068,TCS
12-03-2024,4122.4,4230,4121.1,4192.3,4039801,TCS
13-03-2024,4205,4241,4131.9,4149,2837260,TCS
14-03-2024,4153.5,4225,4086,4207.6,2919608,TCS
15-03-2024,4192.6,4239,4177,4219.3,3373143,TCS
18-03-2024,4215.3,4254.8,4117.9,4152.5,1526904,TCS
19-03-2024,4051.3,4058,3966.6,3977.3,8931209,TCS
20-03-2024,3986,4018,3960.2,3970.9,1817913,TCS
21-03-2024,3990.1,4008.4,3948,3973,3829582,TCS
22-03-2024,3897,3938,3855,3910.9,5852485,TCS
26-03-2024,3875,3946.7,3871.5,3877.5,3440925,TCS
27-03-2024,3888.5,3895,3829.4,3840.9,1968575,TCS
28-03-2024,3850.1,3915,3840.5,3876.3,4311783,TCS
01-04-2024,3897.7,3933.3,3888.1,3916.8,1569676,TCS
02-04-2024,3890,3909.9,3873,3883.8,2142666,TCS
03-04-2024,3851,3981,3851,3947.3,3973090,TCS
04-04-2024,3975.9,4028.7,3935.3,4003.3,3394637,TCS
05-04-2024,3978,4002,3960.5,3979.3,1636819,TCS
08-04-2024,3983,4032.7,3960,3972.6,2302538,TCS
09-04-2024,3984,4015.9,3925.1,3946.6,1876992,TCS
10-04-2024,3956.4,3990.2,3918,3984.7,2101965,TCS
12-04-2024,3971,4013.4,3945.5,4001.4,4354821,TCS
15-04-2024,4001.4,4064.2,3919.1,3941.2,4200329,TCS
16-04-2024,3902,3928.7,3862.9,3872.8,3051420,TCS
18-04-2024,3876.8,3936,3850,3862,3476284,TCS
19-04-2024,3838,3852.6,3800.9,3826.2,2957749,TCS
22-04-2024,3837,3878,3812,3864.6,1728883,TCS
23-04-2024,3877.1,3895,3860.6,3874.7,1807586,TCS
24-04-2024,3890,3898,3824.5,3831.1,1317312,TCS
25-04-2024,3811.2,3873.7,3811,3852.2,2856271,TCS
26-04-2024,3855.2,3876.8,3802.6,3821.4,2039178,TCS
29-04-2024,3838,3877.8,3819.2,3870.2,1110693,TCS
30-04-2024,3872,3881.8,3810,3820.7,2203078,TCS
02-05-2024,3778.1,3871.1,3778.1,3863.3,2491044,TCS
03-05-2024,3890.2,3893.6,3797.6,3843.4,2962234,TCS
06-05-2024,3853,3940,3853,3921.1,2053831,TCS
07-05-2024,3930.8,3988,3913.5,3979,2062112,TCS
08-05-2024,3961,3984.3,3938.6,3977,1247685,TCS
09-05-2024,3962,3971,3910.1,3960.2,1726486,TCS
10-05-2024,3962.6,3973.6,3885.1,3893.9,1672489,TCS
13-05-2024,3884.5,3955,3870,3947.8,931326,TCS
14-05-2024,3936,3945.8,3892.9,3901.2,1058317,TCS
15-05-2024,3904.5,3927,3875.5,3880.4,1115021,TCS
16-05-2024,3891.1,3909.5,3843.5,3901,2599399,TCS
17-05-2024,3919,3920,3830,3834.1,2765804,TCS
21-05-2024,3830.6,3844.8,3810.1,3820.2,1908117,TCS
22-05-2024,3835,3841.3,3817.6,3832,1311168,TCS
23-05-2024,3841,3905,3825.5,3893.5,2095742,TCS
24-05-2024,3878.3,3883.8,3844.3,3849.5,1309452,TCS
27-05-2024,3855,3908.4,3841.4,3847.1,1841538,TCS
28-05-2024,3858,3870,3830,3839.9,1801993,TCS
29-05-2024,3848.9,3848.9,3800,3803.7,1568095,TCS
30-05-2024,3777,3794.4,3715.5,3736.1,2919230,TCS
31-05-2024,3740,3749.8,3653.8,3671,10956800,TCS
03-06-2024,3732.8,3751.6,3696,3702.9,2156773,TCS
04-06-2024,3700,3745,3591.5,3715,3395997,TCS
05-06-2024,3716,3783.8,3700,3746.5,2799670,TCS
06-06-2024,3781,3839.9,3741.5,3830.4,4328036,TCS
07-06-2024,3837.3,3915,3837.3,3894,4552445,TCS
10-06-2024,3895,3905.9,3841.9,3858.7,1734661,TCS
11-06-2024,3845,3880,3841,3852.1,1419898,TCS
12-06-2024,3874.4,3893.5,3827.5,3831.7,2177001,TCS
13-06-2024,3856.8,3890,3852,3878.2,1932323,TCS
14-06-2024,3889,3889,3828,3832.1,1860730,TCS
18-06-2024,3826.1,3842,3795.1,3815.1,1774045,TCS
19-06-2024,3827.7,3833.9,3793,3801.7,1509050,TCS
20-06-2024,3796,3810,3780.1,3787.3,2846526,TCS
21-06-2024,3827,3877.8,3798.1,3810.8,4642195,TCS
24-06-2024,3808.8,3857,3791.3,3816.8,1702154,TCS
25-06-2024,3817,3847.7,3792.9,3838.5,1338808,TCS
26-06-2024,3844.5,3867,3841,3855.9,1639845,TCS
27-06-2024,3831,3942,3818.1,3934.2,4526556,TCS
28-06-2024,3917.8,3960,3897.9,3904.2,2731571,TCS
01-07-2024,3884,4001.7,3884,3978.2,2658723,TCS
02-07-2024,3993.6,4023.4,3982.6,4017.4,2307449,TCS
03-07-2024,4020,4026.1,3955,3965.3,1821198,TCS
04-07-2024,3999.9,4047.4,3982.1,4021,2518001,TCS
05-07-2024,4010,4026.8,3988,4011.8,1668616,TCS
08-07-2024,4022,4031.3,3978.1,3993.2,1758882,TCS
09-07-2024,3985,4007,3975.1,3985.5,1305801,TCS
10-07-2024,3983.7,4003.3,3902,3909.2,2669716,TCS
11-07-2024,3931,3980,3895.6,3923.7,4872189,TCS
12-07-2024,3980,4200,3971.3,4184,13509164,TCS
15-07-2024,4235.7,4240,4157.1,4169.2,4848030,TCS
16-07-2024,4172,4194.6,4144.9,4178.5,2029521,TCS
18-07-2024,4160,4325,4160,4315.6,5613364,TCS
19-07-2024,4317.4,4358.8,4285.3,4302.4,3903354,TCS
22-07-2024,4300,4320,4265,4287.4,1896386,TCS
23-07-2024,4283,4361.7,4266.3,4302.4,2365208,TCS
24-07-2024,4287.5,4339.1,4268.1,4306.3,1809793,TCS
25-07-2024,4295,4343,4274.2,4322.5,2810342,TCS
26-07-2024,4350,4422.5,4337.1,4387.9,3552210,TCS
29-07-2024,4415,4431,4371,4381.1,1746803,TCS
30-07-2024,4391.1,4398,4327.3,4365.4,1797906,TCS
31-07-2024,4350,4414,4345,4385.4,2330091,TCS
01-08-2024,4399.4,4419.3,4365.1,4397.1,2202244,TCS
02-08-2024,4365,4398,4270,4283.1,2811282,TCS
05-08-2024,4239,4239,4110.5,4155.1,2787771,TCS
06-08-2024,4171,4258.3,4160.8,4171.2,2203067,TCS
07-08-2024,4228,4245,4180.3,4200.5,1237666,TCS
08-08-2024,4181,4232,4160,4172.6,2441283,TCS
09-08-2024,4217,4253.7,4205.6,4228.8,1302536,TCS
12-08-2024,4230,4239,4186.4,4195.7,936912,TCS
13-08-2024,4213,4234,4183,4197,1495593,TCS
14-08-2024,4209,4306.2,4188.2,4295.3,3226545,TCS
16-08-2024,4350,4427,4325.1,4416.1,3457058,TCS
19-08-2024,4421,4494.3,4390.4,4490,2055210,TCS
20-08-2024,4505,4565,4500,4523.3,2212298,TCS
21-08-2024,4518,4560,4492.6,4551.5,1896990,TCS
22-08-2024,4560,4561,4497.2,4502,1829872,TCS
23-08-2024,4500,4506,4455,4463.9,1809253,TCS
26-08-2024,4489,4552.2,4485,4502.5,1844164,TCS
27-08-2024,4505,4510,4486.8,4497.2,930697,TCS
28-08-2024,4498.8,4562.5,4457.3,4506.1,1848058,TCS
29-08-2024,4460,4556,4460,4511.8,2133641,TCS
30-08-2024,4500,4592.3,4487.8,4553.8,3637222,TCS
02-09-2024,4576,4588,4512,4521.1,1216500,TCS
03-09-2024,4521.1,4555.9,4495.9,4512.4,1717263,TCS
04-09-2024,4477,4487,4436.7,4479.3,1265505,TCS
05-09-2024,4481,4499,4454.2,4476,1688793,TCS
06-09-2024,4474,4519,4440,4456.8,1649179,TCS
09-09-2024,4455,4490.3,4430.5,4449.6,1184938,TCS
10-09-2024,4442.5,4540,4440.5,4507.9,1385591,TCS
11-09-2024,4521.5,4549.4,4471.3,4479.4,1325919,TCS
12-09-2024,4510.3,4532.6,4431.3,4517.7,2742216,TCS
13-09-2024,4530,4547,4505,4522.6,1458786,TCS
16-09-2024,4527,4546.1,4494.5,4513.3,1155120,TCS
17-09-2024,4513.3,4535.8,4466,4505.7,1699364,TCS
18-09-2024,4497.1,4497.1,4321,4346.2,2961779,TCS
19-09-2024,4390.1,4422.2,4281.8,4296.2,2927551,TCS
20-09-2024,4316.9,4330.7,4227.5,4284.9,5447908,TCS
23-09-2024,4300,4309.4,4253,4268.5,1702319,TCS
24-09-2024,4251.7,4291,4240,4271.3,3012026,TCS
25-09-2024,4252.4,4289.6,4240,4274.8,2713073,TCS
26-09-2024,4260,4316.8,4260,4292.5,3964251,TCS
27-09-2024,4335,4378,4300.1,4308.7,3012477,TCS
30-09-2024,4286.9,4298.8,4260.1,4268.5,2503416,TCS
01-10-2024,4255.6,4295.8,4243,4287.9,1823365,TCS
03-10-2024,4262.6,4279,4210,4232.8,3350119,TCS
04-10-2024,4225,4298,4224.1,4252.3,2965463,TCS
07-10-2024,4273.9,4297.3,4229.4,4272.9,1472619,TCS
08-10-2024,4272.6,4279.4,4204,4253.3,1541867,TCS
09-10-2024,4260,4295,4246.7,4253,1082504,TCS
10-10-2024,4253.3,4293.9,4198.6,4227.4,2378875,TCS
11-10-2024,4143,4242,4112.5,4149.2,5759183,TCS
14-10-2024,4140,4165.4,4122.2,4136.7,2137590,TCS
15-10-2024,4131.1,4170,4095,4116.8,2759474,TCS
16-10-2024,4085,4115,4067.2,4095,2359151,TCS
17-10-2024,4112.8,4130,4093,4109,2522659,TCS
18-10-2024,4090,4146.2,4080,4123.1,2361000,TCS
21-10-2024,4132.6,4140,4070,4079.9,1595450,TCS
22-10-2024,4066,4089.8,4006.4,4015.5,1928049,TCS
23-10-2024,3999.6,4113.6,3995.2,4066.3,1966476,TCS
24-10-2024,4004,4079,4004,4047.9,2676744,TCS
25-10-2024,4057.1,4092,4032.7,4057.6,1759676,TCS
28-10-2024,4069,4134,4051,4090.9,1532534,TCS
29-10-2024,4095.9,4103.5,4060.1,4075.3,1445885,TCS
30-10-2024,4075,4107,4060.1,4084.7,1935002,TCS
31-10-2024,4070,4078.3,3960,3968.5,3740372,TCS
04-11-2024,3966.3,3991.9,3913.3,3964.2,2269192,TCS
05-11-2024,3941.1,3986,3941.1,3971.4,967590,TCS
06-11-2024,4003.6,4149.8,3975.3,4139.7,3792017,TCS
07-11-2024,4169.7,4205.8,4085.1,4150.9,3724349,TCS
08-11-2024,4155,4169.8,4117.7,4147,1648039,TCS
11-11-2024,4128.2,4234.3,4117.7,4198.7,1406487,TCS
12-11-2024,4216,4218,4164.4,4197.4,1587640,TCS
13-11-2024,4178.1,4196.8,4131.1,4150.4,1098813,TCS
14-11-2024,4135,4160,4116.5,4145.9,1825432,TCS
18-11-2024,4213,4213,3990.2,4019.5,3313944,TCS
19-11-2024,4019.9,4132.2,4014.1,4039.6,1776233,TCS
21-11-2024,4044.9,4092.5,4024,4072.9,2384347,TCS
22-11-2024,4071,4255,4054,4244.6,3096553,TCS
25-11-2024,4280,4328.1,4252.2,4315.1,4052167,TCS
26-11-2024,4321.1,4366.6,4310,4352.7,2060669,TCS
27-11-2024,4359,4377.4,4324.1,4332.6,1558993,TCS
28-11-2024,4319,4340,4233,4244.9,2558544,TCS
29-11-2024,4220,4298.7,4195.7,4270.9,2017425,TCS
02-12-2024,4270,4288.2,4230.1,4276.7,1670944,TCS
03-12-2024,4314.4,4325,4265.5,4302.8,2010905,TCS
04-12-2024,4313.6,4387,4289.1,4354.4,3302642,TCS
05-12-2024,4400.8,4489,4360,4464.1,3746747,TCS
06-12-2024,4453,4465,4412.8,4445.5,1842087,TCS
09-12-2024,4430.5,4469.4,4415.6,4452.2,2066639,TCS
10-12-2024,4426.2,4493.8,4412.1,4432.6,2087828,TCS
11-12-2024,4431.9,4448.7,4407,4427.5,1635256,TCS
12-12-2024,4430.1,4485,4426,4455,1914642,TCS
13-12-2024,4435,4494.9,4394.4,4473.9,1967048,TCS
16-12-2024,4459,4475,4397,4415.2,1646224,TCS
17-12-2024,4410,4433,4318,4328.5,3225027,TCS
18-12-2024,4311.7,4362,4289.6,4347.9,1575404,TCS
19-12-2024,4282,4364,4262,4271.9,3015763,TCS
20-12-2024,4329,4382,4152.5,4170.3,4116989,TCS
23-12-2024,4200.1,4217,4114.9,4158.3,2195338,TCS
24-12-2024,4158.3,4218,4158.3,4179.5,1181886,TCS
26-12-2024,4179.5,4200,4143.2,4169.1,1208464,TCS
27-12-2024,4163,4181,4147.3,4164.9,858100,TCS
30-12-2024,4151,4199.3,4112,4158.8,1527169,TCS
31-12-2024,4135,4140,4032.1,4094.8,1555429,TCS
01-01-2025,4094.4,4134,4085.5,4112.5,763161,TCS
02-01-2025,4120,4183,4097,4175.8,1720835,TCS
03-01-2025,4180,4180,4092.3,4099.9,1791953,TCS
06-01-2025,4105.5,4149.7,4066.4,4095,2085593,TCS
07-01-2025,4115,4140.4,4011.6,4028.3,2669054,TCS
08-01-2025,4034.9,4126,4017.8,4108.4,2181277,TCS
09-01-2025,4101,4137.8,4025.3,4038.9,2392472,TCS
10-01-2025,4200,4297,4170,4265.7,7894300,TCS
13-01-2025,4245,4323,4227.4,4291.1,4003771,TCS
14-01-2025,4302,4313.9,4219.1,4233.1,3441709,TCS
15-01-2025,4218,4256.5,4207.5,4249.6,1653474,TCS
16-01-2025,4260,4294,4191.9,4206.3,2637705,TCS
17-01-2025,4159.9,4160.6,4100.1,4124.3,1761466,TCS
20-01-2025,4145.8,4145.8,4068.1,4077.8,1287799,TCS
21-01-2025,4095.3,4111,4030,4035.9,1971591,TCS
22-01-2025,4050,4163.2,4044.2,4156.6,2409223,TCS
23-01-2025,4168,4191.4,4140.1,4145.5,1822998,TCS
24-01-2025,4104,4178,4104,4152.4,1910099,TCS
27-01-2025,4102,4156.4,4041.1,4065.2,1551782,TCS
28-01-2025,4070.8,4102,4028.3,4040.3,2468272,TCS
29-01-2025,4054,4107.9,4054,4099.8,1217089,TCS
30-01-2025,4099.9,4129.9,4058.5,4100.1,1531251,TCS
31-01-2025,4110,4128.5,4085.3,4112.4,1492943,TCS
03-02-2025,4030.9,4077,3998.7,4068.7,1265713,TCS
04-02-2025,4083.7,4118.9,4066.1,4107.1,2547132,TCS
05-02-2025,4150,4150,4076,4091.1,1693912,TCS
06-02-2025,4105.4,4139.5,4051.6,4082.8,2284536,TCS
07-02-2025,4090,4090,4008,4029.4,1548940,TCS
10-02-2025,4040,4052,4014.4,4037,1339511,TCS
11-02-2025,4018.4,4040,3955,3963.6,1810908,TCS
12-02-2025,3971.1,4021.8,3940.2,3950.2,1678002,TCS
13-02-2025,3968,3984.5,3902.3,3910.2,2277310,TCS
14-02-2025,3925,3948,3900,3934.9,1681975,TCS
17-02-2025,3856.5,3934,3856.2,3904.5,1799806,TCS
18-02-2025,3898.4,3924.4,3864.5,3873.2,2149879,TCS
19-02-2025,3872.2,3875,3768.2,3784.1,4366672,TCS
20-02-2025,3761.5,3788,3751.3,3779.4,2888572,TCS
21-02-2025,3776.1,3817,3775,3786,1833931,TCS
24-02-2025,3743.2,3763.2,3670,3675.6,2508516,TCS
25-02-2025,3625,3658,3621.3,3629.6,4101954,TCS
27-02-2025,3611.7,3638,3600.7,3612.6,3823856,TCS
28-02-2025,3585,3600,3457,3483.3,7085018,TCS
03-03-2025,3485,3523.3,3476.2,3493.1,4990439,TCS
04-03-2025,3474,3551,3464.3,3532.1,2797737,TCS
05-03-2025,3520.9,3600.4,3520.9,3547.1,2501894,TCS
06-03-2025,3557,3609.5,3536.1,3601.6,2786513,TCS
07-03-2025,3600,3625,3574.4,3611.2,2051315,TCS
10-03-2025,3606.5,3622.1,3582.6,3589.7,1004626,TCS
11-03-2025,3558,3588.8,3537.7,3575.3,1995450,TCS
12-03-2025,3565,3569.3,3486.9,3506.2,3174167,TCS
13-03-2025,3502.3,3524.3,3484.1,3511.1,1693004,TCS
17-03-2025,3489,3530.5,3477.4,3497.7,2690906,TCS
18-03-2025,3502.4,3557,3478.5,3552.5,3069109,TCS
19-03-2025,3547,3547,3462.8,3497.1,3051244,TCS
20-03-2025,3512,3579,3512,3563.2,2845192,TCS
21-03-2025,3475,3616.3,3465,3578.1,4161925,TCS
24-03-2025,3600,3649.8,3566.6,3629,1834751,TCS
25-03-2025,3645,3710,3638,3657.8,3135390,TCS
26-03-2025,3647.8,3680.5,3625.9,3635.8,1734499,TCS
27-03-2025,3614.9,3663,3610.5,3651.2,2528474,TCS
28-03-2025,3651,3661,3591.9,3606.2,2051919,TCS
01-04-2025,3572.7,3584,3525,3550.8,2618493,TCS
02-04-2025,3544,3564.1,3530.1,3544,1764313,TCS
03-04-2025,3491,3502,3396.2,3403.2,4537821,TCS
04-04-2025,3362.6,3399.7,3295.5,3299.4,5317367,TCS
07-04-2025,3100,3291.4,3056.1,3274.1,6623955,TCS
08-04-2025,3302.1,3349,3255.3,3293,5557558,TCS
09-04-2025,3260.6,3270,3212.1,3246.6,2990265,TCS
11-04-2025,3289.6,3299,3206,3231.5,7108961,TCS
15-04-2025,3314.4,3314.4,3238.6,3248.2,3512160,TCS
16-04-2025,3248.2,3278.1,3229,3273.8,2384391,TCS
17-04-2025,3245.5,3303.6,3218,3298.9,2932346,TCS
21-04-2025,3290.1,3354,3284.1,3321.6,2432946,TCS
22-04-2025,3322.6,3333.9,3295,3314.4,2710498,TCS
23-04-2025,3365,3420.9,3337.3,3413,3543923,TCS
24-04-2025,3401.1,3412.5,3387.7,3401.6,2252175,TCS
25-04-2025,3420,3477.8,3405,3448,2742991,TCS
28-04-2025,3435,3457.8,3405,3443.5,1593296,TCS
29-04-2025,3455,3495,3430.4,3472.5,1578332,TCS
30-04-2025,3472,3509.9,3366,3453.7,2809332,TCS
02-05-2025,3472,3491.5,3420,3444.7,1721761,TCS
05-05-2025,3450,3504.5,3446.4,3454.3,1284443,TCS
06-05-2025,3460,3473,3437,3460,1324763,TCS
07-05-2025,3420.6,3459.5,3420.6,3445.1,1477128,TCS
08-05-2025,3448,3477,3428.7,3448.9,2543591,TCS
09-05-2025,3399,3446.2,3398.1,3440.3,2531757,TCS
12-05-2025,3505,3630.5,3502.2,3620.4,2228678,TCS
13-05-2025,3620.4,3623,3510.5,3515,3062887,TCS
14-05-2025,3521,3561,3508.6,3548.7,2119499,TCS
15-05-2025,3564,3600,3514.1,3579.9,3548330,TCS
16-05-2025,3593.9,3593.9,3546.1,3561.3,1666727,TCS
19-05-2025,3550,3550,3503.7,3518.8,2537377,TCS
20-05-2025,3531.8,3558,3494,3498.3,2038374,TCS
21-05-2025,3508,3537,3498.3,3525.8,1440153,TCS
22-05-2025,3495,3497.8,3451.3,3477,2034383,TCS
23-05-2025,3477,3535,3465.6,3514.6,1274331,TCS
26-05-2025,3521,3545,3510.1,3537.3,967470,TCS
27-05-2025,3532,3540,3483.1,3498.7,2467680,TCS
28-05-2025,3520,3529,3493,3497.7,1222933,TCS
29-05-2025,3504.7,3532.5,3486.5,3498.1,3188072,TCS
30-05-2025,3490,3506.7,3453.1,3463.4,3404365,TCS
02-06-2025,3450,3460,3418.6,3449.8,1877585,TCS
03-06-2025,3446,3473.5,3400.5,3405.2,2848125,TCS
04-06-2025,3389,3394.8,3370,3380.9,2544807,TCS
05-06-2025,3409,3409,3363.7,3371.1,3584683,TCS
06-06-2025,3371.1,3390.9,3358.7,3384.2,2070390,TCS
09-06-2025,3400,3434,3390.9,3421.9,1718678,TCS
10-06-2025,3440,3485.8,3423.2,3462.9,2419874,TCS
11-06-2025,3470,3489,3449.1,3471.9,2847013,TCS
12-06-2025,3471.9,3474.7,3423.2,3434.2,4060134,TCS
13-06-2025,3393.2,3450.5,3393.2,3445.7,2178493,TCS
16-06-2025,3440,3509,3426.2,3496.3,1934088,TCS
17-06-2025,3510,3520,3488.1,3515.3,2111940,TCS
18-06-2025,3519.1,3538,3443.1,3451.4,2696327,TCS
19-06-2025,3450,3451,3413,3424,2672768,TCS
20-06-2025,3425,3446.3,3410.9,3435.7,2351248,TCS
23-06-2025,3415,3425,3370,3393.6,3123421,TCS
24-06-2025,3434.6,3442.1,3382,3390.4,3403048,TCS
25-06-2025,3407.3,3450,3400,3444.8,1757699,TCS
26-06-2025,3444.8,3451.4,3415.3,3441.8,2879106,TCS
27-06-2025,3455,3466.4,3431,3441.1,1778433,TCS
30-06-2025,3439.9,3464.9,3430,3462,1468351,TCS
