Date,Open,High,Low,Close,Volume,Company
27-06-2017,257,271.4,257,263.5,13384596,Tejas Network
28-06-2017,265,273.9,263.8,269.4,1421224,Tejas Network
29-06-2017,270,279.5,267,275.5,817704,Tejas Network
30-06-2017,279,312,276,302.5,2717341,Tejas Network
03-07-2017,303.5,310.8,295.3,302.8,715808,Tejas Network
04-07-2017,300.3,309.8,297.7,304.8,574673,Tejas Network
05-07-2017,300.2,304.8,299,301.5,245988,Tejas Network
06-07-2017,299.1,324.8,299.1,318.5,1424441,Tejas Network
07-07-2017,317.9,365.8,312.1,346.9,3189181,Tejas Network
10-07-2017,355,373.5,350.6,367.3,754636,Tejas Network
11-07-2017,369.2,377,330.5,343.3,2079413,Tejas Network
12-07-2017,345.1,346.1,319,339.7,1287537,Tejas Network
13-07-2017,341.8,348.4,324.1,331.3,685743,Tejas Network
14-07-2017,331.9,336,291.5,312.2,1166541,Tejas Network
17-07-2017,311.9,338,299,326.9,1034632,Tejas Network
18-07-2017,326.9,341.4,321.3,327.7,732388,Tejas Network
19-07-2017,328.9,352.8,325.1,349.2,1057372,Tejas Network
20-07-2017,350.5,366.9,338.2,350.8,1025376,Tejas Network
21-07-2017,351.1,354.2,338.6,348.3,491580,Tejas Network
24-07-2017,345,348.1,334.9,339.2,241909,Tejas Network
25-07-2017,340.1,344.9,332,335.7,205099,Tejas Network
26-07-2017,338,338.9,322,329.1,416023,Tejas Network
27-07-2017,331.8,333,320,327.2,165253,Tejas Network
28-07-2017,327,343,323,334.2,257005,Tejas Network
31-07-2017,337,345.8,330,336.8,148384,Tejas Network
01-08-2017,337.2,342.9,328.8,331.2,87577,Tejas Network
02-08-2017,333.7,333.7,327.5,330.9,60574,Tejas Network
03-08-2017,331,355,331,340.3,1037797,Tejas Network
04-08-2017,341.5,359.5,341.5,349.7,636449,Tejas Network
07-08-2017,348,351,332.7,337.6,162797,Tejas Network
08-08-2017,337.9,344.7,324.2,332.5,150621,Tejas Network
09-08-2017,330,331.1,319.4,325.1,111095,Tejas Network
10-08-2017,329.9,329.9,299,318.2,172024,Tejas Network
11-08-2017,312,338.8,305,330.8,219783,Tejas Network
14-08-2017,332,334.4,322.3,325.6,113518,Tejas Network
16-08-2017,326.2,332.7,323.1,326.8,106916,Tejas Network
17-08-2017,328,354.8,327.2,342.9,513794,Tejas Network
18-08-2017,340,340.5,332.1,334.2,73556,Tejas Network
21-08-2017,335.2,344.5,325.3,327.1,92036,Tejas Network
22-08-2017,332.7,335,325.1,327.4,60472,Tejas Network
23-08-2017,330,332,324.1,325.9,61931,Tejas Network
24-08-2017,330.7,335.5,328.3,329.8,96728,Tejas Network
28-08-2017,335,336.3,329.1,330.6,59175,Tejas Network
29-08-2017,328,336.4,323.6,331.1,102147,Tejas Network
30-08-2017,336.7,343,332.5,340.3,171176,Tejas Network
31-08-2017,340,359,336,348.4,249643,Tejas Network
01-09-2017,343,351.6,341,341.7,74775,Tejas Network
04-09-2017,342.8,348.5,333.7,337.8,86429,Tejas Network
05-09-2017,341,347.4,336.2,339.4,103520,Tejas Network
06-09-2017,336,340.7,333,334.7,66883,Tejas Network
07-09-2017,338,339,330,331.5,68414,Tejas Network
08-09-2017,334,339.8,333.2,337.5,140726,Tejas Network
11-09-2017,339.8,352.3,339.2,347.2,466158,Tejas Network
12-09-2017,349,359.7,345,348.4,493143,Tejas Network
13-09-2017,349.9,350.2,340,340.4,68174,Tejas Network
14-09-2017,342.9,344.7,334.4,339,94592,Tejas Network
15-09-2017,340.8,354.4,335.1,341.9,365840,Tejas Network
18-09-2017,342,345.7,335.1,336,107732,Tejas Network
19-09-2017,338,340.3,334.8,335.3,78916,Tejas Network
20-09-2017,335.7,338.6,330,330.5,56980,Tejas Network
21-09-2017,333.8,334.8,326.5,327.4,52295,Tejas Network
22-09-2017,330,330,312.5,316.8,117264,Tejas Network
25-09-2017,310.1,315.5,301.1,302.8,490930,Tejas Network
26-09-2017,302.6,323,302.6,321.9,124885,Tejas Network
27-09-2017,325.9,330,283.2,309.9,177822,Tejas Network
28-09-2017,310,311.1,295.9,300.5,92031,Tejas Network
29-09-2017,305,305,295,296.6,274612,Tejas Network
03-10-2017,300,302.6,288,291.7,136389,Tejas Network
04-10-2017,295,315.5,292,305.9,159797,Tejas Network
05-10-2017,308.2,311.8,298.1,309.1,91105,Tejas Network
06-10-2017,314,314,301.1,304.5,136163,Tejas Network
09-10-2017,302.6,309.9,301,302.2,74553,Tejas Network
10-10-2017,301.1,308.8,301.1,305.8,72616,Tejas Network
11-10-2017,307,307.3,295.6,299.2,43942,Tejas Network
12-10-2017,298.7,301.5,295.4,297.6,58486,Tejas Network
13-10-2017,300,300,292,295.3,72082,Tejas Network
16-10-2017,297,310.8,296,303.1,459964,Tejas Network
17-10-2017,305.7,310,301,304.4,56810,Tejas Network
18-10-2017,300,308.3,300,303.2,51052,Tejas Network
19-10-2017,302.2,305,299,299.3,20277,Tejas Network
23-10-2017,302,307.5,298.2,304.5,98952,Tejas Network
24-10-2017,307,310,302.4,307.9,91421,Tejas Network
25-10-2017,312,334.9,307.8,320.9,811042,Tejas Network
26-10-2017,333,335.9,324.3,326.5,330564,Tejas Network
27-10-2017,326,332.5,320.1,324.8,182491,Tejas Network
30-10-2017,320.1,331,320,322.5,71541,Tejas Network
31-10-2017,322.2,329.5,320.1,326.2,100771,Tejas Network
01-11-2017,322,390,322,374.6,1111507,Tejas Network
02-11-2017,378.8,390,365.1,383.4,613202,Tejas Network
03-11-2017,385.1,390,376,381,325787,Tejas Network
06-11-2017,377.5,380,368.7,371.1,85286,Tejas Network
07-11-2017,371.1,375,351.1,367.1,158038,Tejas Network
08-11-2017,367,369.6,355.1,358.8,119858,Tejas Network
09-11-2017,357.1,367.7,353,360,132871,Tejas Network
10-11-2017,360,405,357,384.7,478398,Tejas Network
13-11-2017,395,408.9,387.7,396.5,312104,Tejas Network
14-11-2017,399.4,400,388.7,392.6,146097,Tejas Network
15-11-2017,392,410,381.1,391.6,265169,Tejas Network
16-11-2017,392.2,424,387.3,412.9,577915,Tejas Network
17-11-2017,414.7,429,408.1,412.2,424713,Tejas Network
20-11-2017,412.2,423.8,401,405.7,322448,Tejas Network
21-11-2017,404.9,412.9,397,400.6,135281,Tejas Network
22-11-2017,402,405,392.3,397.9,89309,Tejas Network
23-11-2017,400,422.4,397.2,404.7,241365,Tejas Network
24-11-2017,406,406.7,393,395.9,138947,Tejas Network
27-11-2017,395.8,410,395.8,402.2,186705,Tejas Network
28-11-2017,402.2,415,400,407.4,118978,Tejas Network
29-11-2017,405.2,412.4,400.9,403.3,66222,Tejas Network
30-11-2017,402.6,425.6,402.6,420.7,607716,Tejas Network
01-12-2017,423.8,429.9,401,404.2,195857,Tejas Network
04-12-2017,408.2,413.9,395.1,400,335170,Tejas Network
05-12-2017,398.8,402,395.6,399.8,142264,Tejas Network
06-12-2017,401.8,401.8,390.2,393.1,42783,Tejas Network
07-12-2017,398,409.7,396,398.1,208734,Tejas Network
08-12-2017,401.2,412.6,395.1,396.5,190136,Tejas Network
11-12-2017,399.7,401,398.1,400,112432,Tejas Network
12-12-2017,403,410,395.1,397.4,124816,Tejas Network
13-12-2017,395,400.5,381.5,387.3,150990,Tejas Network
14-12-2017,392,395.3,385.1,395,96762,Tejas Network
15-12-2017,397.5,400,392.6,394.2,102875,Tejas Network
18-12-2017,398.5,398.5,380.1,389.9,132666,Tejas Network
19-12-2017,392,393,386.1,389.7,125684,Tejas Network
20-12-2017,390.9,405,386.6,397.7,108131,Tejas Network
21-12-2017,400,402,384.9,387.9,229021,Tejas Network
22-12-2017,389.8,391.4,383,389.8,167981,Tejas Network
26-12-2017,391,395,383,389,137548,Tejas Network
27-12-2017,386.5,392,384.1,386.1,448058,Tejas Network
28-12-2017,389.8,395,383.1,388,93958,Tejas Network
29-12-2017,388.3,405,386.5,395.4,576936,Tejas Network
01-01-2018,400,427.8,400,423.8,570026,Tejas Network
02-01-2018,424.9,433,412,415.9,259259,Tejas Network
03-01-2018,419.8,429,406,417.7,111842,Tejas Network
04-01-2018,421,425,408.8,422.9,209387,Tejas Network
05-01-2018,422.9,449.7,418.1,434.9,435438,Tejas Network
08-01-2018,435,445,425,426.6,208174,Tejas Network
09-01-2018,427.9,472,426,445.3,878187,Tejas Network
10-01-2018,447.5,455.9,438,441.9,220090,Tejas Network
11-01-2018,443.3,446,435.1,438.7,177564,Tejas Network
12-01-2018,441.4,442.4,430.1,434.8,82233,Tejas Network
15-01-2018,436.4,444,434.1,439.5,134385,Tejas Network
16-01-2018,440,442.5,421.1,429.3,102000,Tejas Network
17-01-2018,425,431.4,410.1,424.8,114777,Tejas Network
18-01-2018,425.1,453.5,421.1,431.5,318990,Tejas Network
19-01-2018,434.9,434.9,400,404.3,364862,Tejas Network
22-01-2018,405,405,385.1,391.3,185546,Tejas Network
23-01-2018,392,400,390.1,391.4,89064,Tejas Network
24-01-2018,391.4,403,378.1,400.4,321535,Tejas Network
25-01-2018,400,408.2,395,401.3,85257,Tejas Network
29-01-2018,403.6,408.8,395.1,399.1,259444,Tejas Network
30-01-2018,395,396.6,381.3,391.1,35303,Tejas Network
31-01-2018,385.1,394.6,370.5,378.7,59325,Tejas Network
01-02-2018,383,401,380,399.1,160235,Tejas Network
02-02-2018,387.6,399,376.5,384.4,86054,Tejas Network
05-02-2018,380,387,351.1,383.2,282220,Tejas Network
06-02-2018,369.8,377.4,355,370.4,172155,Tejas Network
07-02-2018,373.6,378.3,371.1,375.5,56446,Tejas Network
08-02-2018,375.1,377.8,368.6,371,152377,Tejas Network
09-02-2018,369,370,360.6,362.9,45305,Tejas Network
12-02-2018,365.1,375.3,365,374.3,69729,Tejas Network
14-02-2018,375,375,360.1,363.2,42974,Tejas Network
15-02-2018,367,370,350,351.8,103049,Tejas Network
16-02-2018,353.9,361,346.3,348.9,69708,Tejas Network
19-02-2018,340,353.2,335.1,346,123718,Tejas Network
20-02-2018,349.9,358.4,345.9,354.7,109849,Tejas Network
21-02-2018,352,354.9,340,350.4,59358,Tejas Network
22-02-2018,347.8,358.7,343.1,355,65131,Tejas Network
23-02-2018,355,357.5,350.2,354.3,27376,Tejas Network
26-02-2018,360,362.2,347.2,349.7,80278,Tejas Network
27-02-2018,352.8,352.8,342.6,346.8,67408,Tejas Network
28-02-2018,347.7,349.9,342.3,348.8,36181,Tejas Network
01-03-2018,345.1,350,343.8,345.7,16176,Tejas Network
05-03-2018,346,347,336.5,344.5,44595,Tejas Network
06-03-2018,349,349,324,326.1,165115,Tejas Network
07-03-2018,327,328,306.1,309.6,109919,Tejas Network
08-03-2018,310.7,349,310.7,332.1,428109,Tejas Network
09-03-2018,333.6,369.4,332.1,360.2,681482,Tejas Network
12-03-2018,366,367,340.1,353,419545,Tejas Network
13-03-2018,348.5,365,341.1,359.2,535167,Tejas Network
14-03-2018,352,354.9,343.1,344.8,708692,Tejas Network
15-03-2018,345.2,356,343.9,354.5,156619,Tejas Network
16-03-2018,348.3,360,348.3,356.5,85288,Tejas Network
19-03-2018,359,369.9,346.3,366.2,97272,Tejas Network
20-03-2018,365,369,358.1,365,147675,Tejas Network
21-03-2018,364,374,354.5,366.8,165379,Tejas Network
22-03-2018,364,373.5,358.5,364.8,105097,Tejas Network
23-03-2018,354.8,387.8,346.3,372.5,238159,Tejas Network
26-03-2018,369.8,380.9,358.9,371.7,236366,Tejas Network
27-03-2018,370.4,374.9,366.3,368.2,185791,Tejas Network
28-03-2018,376,379,358.1,365.7,456683,Tejas Network
02-04-2018,370,373,365.9,368,58934,Tejas Network
03-04-2018,367,367.4,352.1,356.9,120509,Tejas Network
04-04-2018,360,360,344.1,346.1,159363,Tejas Network
05-04-2018,352,363.9,348.3,357.7,212744,Tejas Network
06-04-2018,360,360,352.1,354.6,29492,Tejas Network
09-04-2018,359.9,363.5,338.8,341.6,169874,Tejas Network
10-04-2018,345,349.9,338.1,339.9,67438,Tejas Network
11-04-2018,342.5,345.5,339.4,343.1,139234,Tejas Network
12-04-2018,342,346,330.7,333,106147,Tejas Network
13-04-2018,335,342.2,331.2,340.2,120324,Tejas Network
16-04-2018,340,342.8,335.2,340.6,37600,Tejas Network
17-04-2018,340,342.4,336,336.8,39504,Tejas Network
18-04-2018,339.2,342.9,332.5,333.9,39971,Tejas Network
19-04-2018,336,336,331.2,331.9,28533,Tejas Network
20-04-2018,333,344.5,331.5,339,150395,Tejas Network
23-04-2018,339.1,354,339.1,347.9,131097,Tejas Network
24-04-2018,350.5,355,349.2,353.2,101576,Tejas Network
25-04-2018,340,340,323.5,328.9,410467,Tejas Network
26-04-2018,321.6,348.5,320.5,336.1,350156,Tejas Network
27-04-2018,339.1,342.8,334,336.4,50521,Tejas Network
30-04-2018,335.2,340.7,332,336.1,29880,Tejas Network
02-05-2018,339.7,345,333,335.7,296723,Tejas Network
03-05-2018,336,336,321,325.1,45191,Tejas Network
04-05-2018,326,333.9,318.6,326.5,32720,Tejas Network
07-05-2018,326.5,332,324,326.2,26595,Tejas Network
08-05-2018,325.1,328.8,321.3,323.8,33161,Tejas Network
09-05-2018,322,325,318.5,319.6,149386,Tejas Network
10-05-2018,321,325,312.5,314.7,57296,Tejas Network
11-05-2018,319,323,315,317.8,24845,Tejas Network
14-05-2018,324.8,324.8,311,312.4,21016,Tejas Network
15-05-2018,316,323,311,320.2,74295,Tejas Network
16-05-2018,319.8,322.4,311.3,313.1,148854,Tejas Network
17-05-2018,315.5,316,311,312.5,57333,Tejas Network
18-05-2018,313.5,325,310,318.9,80476,Tejas Network
21-05-2018,315.7,321.3,306.3,310.5,52488,Tejas Network
22-05-2018,318.7,322,310.3,315.9,58377,Tejas Network
23-05-2018,317.6,320,311.8,314.4,44965,Tejas Network
24-05-2018,315.6,317.7,310.6,312.5,14093,Tejas Network
25-05-2018,312.6,322,311.2,320,145004,Tejas Network
28-05-2018,322.9,324.8,315.4,317.1,24694,Tejas Network
29-05-2018,312.5,319.7,310,311.2,27137,Tejas Network
30-05-2018,312.5,317.5,306.5,313.2,29930,Tejas Network
31-05-2018,313.1,319,311.2,317.4,145209,Tejas Network
01-06-2018,319.5,319.7,313,317.1,128477,Tejas Network
04-06-2018,321.7,321.7,311,316.3,171178,Tejas Network
05-06-2018,317.9,317.9,304,311.6,41980,Tejas Network
06-06-2018,311.9,312.3,306.5,310.6,21606,Tejas Network
07-06-2018,310.9,321,310.9,319.7,30557,Tejas Network
08-06-2018,320,320,313.6,318,95429,Tejas Network
11-06-2018,318,319.9,312.4,315.3,21311,Tejas Network
12-06-2018,315.3,318.1,306,311.9,379563,Tejas Network
13-06-2018,318,319,310.7,313.2,298811,Tejas Network
14-06-2018,312.1,315,307,308.8,493061,Tejas Network
15-06-2018,309.9,313.7,303,309.9,78361,Tejas Network
18-06-2018,309,311,299.2,308.3,49945,Tejas Network
19-06-2018,313,319,306.6,308.4,144678,Tejas Network
20-06-2018,310.3,319,310.3,314.8,38995,Tejas Network
21-06-2018,316.5,316.5,311,312.3,14378,Tejas Network
22-06-2018,319,319,301.5,303.5,154236,Tejas Network
25-06-2018,305.8,305.8,296.5,299.4,212643,Tejas Network
26-06-2018,299.4,299.4,284.3,289.8,62092,Tejas Network
27-06-2018,281.2,289,270.2,274.8,100931,Tejas Network
28-06-2018,275,287.7,274.7,284,68815,Tejas Network
29-06-2018,284.3,294.3,283.7,293.3,82509,Tejas Network
02-07-2018,294,294,282,286.3,22123,Tejas Network
03-07-2018,289.9,298,287,293.5,72796,Tejas Network
04-07-2018,295.3,301.9,295.2,299.6,175288,Tejas Network
05-07-2018,298.6,298.7,287,289.4,17922,Tejas Network
06-07-2018,291.5,300.8,288.1,293.5,28383,Tejas Network
09-07-2018,292.4,294.5,284,286.7,33709,Tejas Network
10-07-2018,288.5,292,284.4,285.6,26771,Tejas Network
11-07-2018,284.5,287.8,273.1,276.6,53295,Tejas Network
12-07-2018,276.6,280.8,268,270.7,40970,Tejas Network
13-07-2018,271,275,256.6,262.2,137258,Tejas Network
16-07-2018,265,265,255.7,257.3,31034,Tejas Network
17-07-2018,257.1,267,255,264.2,69875,Tejas Network
18-07-2018,268.1,268.9,260,262.2,69830,Tejas Network
19-07-2018,264,267.5,258.2,263.7,74013,Tejas Network
20-07-2018,263.8,267.3,255.2,257.7,303070,Tejas Network
23-07-2018,258.5,266.1,252.6,260.6,48558,Tejas Network
24-07-2018,279.7,289,269,272.9,1028750,Tejas Network
25-07-2018,284.6,286.7,276.6,282.8,538630,Tejas Network
26-07-2018,286,297.8,282.9,286.3,369204,Tejas Network
27-07-2018,288,291.2,283.5,286.2,116264,Tejas Network
30-07-2018,286.2,291.5,282,287.8,147234,Tejas Network
31-07-2018,286.1,289,282,284.3,134779,Tejas Network
01-08-2018,289.9,289.9,275.1,277.8,149913,Tejas Network
02-08-2018,279,279,272.2,273.9,59843,Tejas Network
03-08-2018,276.8,276.8,261,263.1,1831740,Tejas Network
06-08-2018,264,265.1,250.5,253.8,586869,Tejas Network
07-08-2018,255,256.9,247.1,248.5,449004,Tejas Network
08-08-2018,249.9,268.6,247.6,266.5,1742343,Tejas Network
09-08-2018,269,283.7,265.2,279.9,1360431,Tejas Network
10-08-2018,280.5,291.2,277,284.4,1296624,Tejas Network
13-08-2018,280,289,275.3,277.6,339736,Tejas Network
14-08-2018,275.5,287.4,275.5,284.7,392413,Tejas Network
16-08-2018,278.7,287,278.7,282.9,166060,Tejas Network
17-08-2018,285,285,277.2,278.9,103475,Tejas Network
20-08-2018,280.3,284.9,276.8,278.6,153376,Tejas Network
21-08-2018,276,279.3,268.1,268.8,228897,Tejas Network
23-08-2018,269,269.7,261.1,262.8,109629,Tejas Network
24-08-2018,263,265,250.1,259.7,119114,Tejas Network
27-08-2018,260,269.7,260,264,78927,Tejas Network
28-08-2018,264.8,267.8,262,266.1,102296,Tejas Network
29-08-2018,267.5,287.4,267.5,279.8,581918,Tejas Network
30-08-2018,280.2,282.8,272.6,276.9,97379,Tejas Network
31-08-2018,277.5,291.9,277.5,290.3,480836,Tejas Network
03-09-2018,290,293.8,281.5,284,196610,Tejas Network
04-09-2018,286.4,286.4,269.2,274.6,119636,Tejas Network
05-09-2018,274.7,281.2,265.1,271.2,257171,Tejas Network
06-09-2018,273.4,281.8,272.2,276.2,124354,Tejas Network
07-09-2018,277.8,322,276.1,318.5,2081435,Tejas Network
10-09-2018,319.9,320,302.5,310.4,664495,Tejas Network
11-09-2018,312,313.5,300,304.7,182636,Tejas Network
12-09-2018,304.7,316.4,302,309.9,316978,Tejas Network
14-09-2018,311.5,312.1,301.1,302.9,111575,Tejas Network
17-09-2018,300.3,309.9,297.6,301.8,126258,Tejas Network
18-09-2018,299,304.5,289.1,291.6,119401,Tejas Network
19-09-2018,292,297.4,281.1,284.9,134194,Tejas Network
21-09-2018,291,291,251.1,276.1,208265,Tejas Network
24-09-2018,300,300,264.2,266.7,89153,Tejas Network
25-09-2018,269,276,260.3,268.6,100764,Tejas Network
26-09-2018,270.8,287.4,268.6,282.5,265258,Tejas Network
27-09-2018,280,296,275,287.8,244886,Tejas Network
28-09-2018,288.1,289.4,254.5,259.5,220942,Tejas Network
01-10-2018,253.1,269.5,249,254.1,139739,Tejas Network
03-10-2018,254.9,270,252.3,255.6,169768,Tejas Network
04-10-2018,253,260,249.7,254.4,112845,Tejas Network
05-10-2018,255.9,262.8,247,250.1,74592,Tejas Network
08-10-2018,250.6,252.8,220.2,240,203801,Tejas Network
09-10-2018,241.9,262,241.9,257.2,363169,Tejas Network
10-10-2018,257.1,291.8,256,287.1,302126,Tejas Network
11-10-2018,275,280,262.7,273.5,90506,Tejas Network
12-10-2018,282.2,288.1,274.1,277,131211,Tejas Network
15-10-2018,277.5,277.5,272.1,273.8,37570,Tejas Network
16-10-2018,274.7,286.6,270.5,275.6,76293,Tejas Network
17-10-2018,278.6,283.5,263,265.3,48549,Tejas Network
19-10-2018,267.4,280,258,277.1,106309,Tejas Network
22-10-2018,279.1,283.8,261.2,265.8,46948,Tejas Network
23-10-2018,266.8,271.2,253.9,262.5,50195,Tejas Network
24-10-2018,257.1,257.2,226.4,234.4,952918,Tejas Network
25-10-2018,230,238,226.6,234.9,193672,Tejas Network
26-10-2018,232.4,241,232.4,237.6,98086,Tejas Network
29-10-2018,236.1,244,232.1,239.7,122988,Tejas Network
30-10-2018,240.6,252,238,250.1,517782,Tejas Network
31-10-2018,249,256.2,244.1,253.6,75978,Tejas Network
01-11-2018,256.2,259.9,248.7,256.4,114330,Tejas Network
02-11-2018,258,266.3,254.2,261,102415,Tejas Network
05-11-2018,257.1,263.3,255,258.7,28285,Tejas Network
06-11-2018,258.8,262.7,255.9,259.2,48139,Tejas Network
09-11-2018,261.2,265,259.3,262.3,18431,Tejas Network
12-11-2018,262,262.5,258.5,260.5,20760,Tejas Network
13-11-2018,260,269.5,258.9,265,102617,Tejas Network
14-11-2018,265.9,265.9,256.3,263.1,22573,Tejas Network
15-11-2018,263,266,259.1,262.5,40850,Tejas Network
16-11-2018,260,282,255.5,260.1,174118,Tejas Network
19-11-2018,260,269,258.3,260.7,87444,Tejas Network
20-11-2018,262,262,246.1,247.6,65497,Tejas Network
21-11-2018,248,251.8,245,248.1,38879,Tejas Network
22-11-2018,249.9,249.9,242.4,244,145277,Tejas Network
26-11-2018,246.4,249,238.5,240.3,21450,Tejas Network
27-11-2018,240.8,240.8,231.3,235.3,51292,Tejas Network
28-11-2018,233,244.5,232.1,236.4,45168,Tejas Network
29-11-2018,238.5,238.7,225.5,226.9,55323,Tejas Network
30-11-2018,229.9,230,218.3,224.8,119358,Tejas Network
03-12-2018,226,226,218.3,220.9,120063,Tejas Network
04-12-2018,225,225.5,220.4,222,163639,Tejas Network
05-12-2018,222,223.8,220.2,222,43844,Tejas Network
06-12-2018,222.1,223.6,214.1,218.6,43433,Tejas Network
07-12-2018,219,219,214.2,215.6,36578,Tejas Network
10-12-2018,210.1,215.9,209,210.4,54784,Tejas Network
11-12-2018,202.2,209,198,200.6,147757,Tejas Network
12-12-2018,201,206,195.2,196.9,320302,Tejas Network
13-12-2018,200,201,195.5,198.1,110209,Tejas Network
14-12-2018,198.9,207.9,197.1,200.3,117404,Tejas Network
17-12-2018,201.9,213.4,201.3,211.8,95350,Tejas Network
18-12-2018,212,220.9,211.6,217.8,120752,Tejas Network
19-12-2018,220,224,219.9,222.7,49614,Tejas Network
20-12-2018,221,222.9,214.3,216.1,33039,Tejas Network
21-12-2018,217.6,219.3,206.2,207.6,44732,Tejas Network
24-12-2018,207.1,207.5,200.9,201.1,64328,Tejas Network
26-12-2018,201.9,208,197.1,205,110146,Tejas Network
27-12-2018,206.5,210.9,202.9,209.7,48293,Tejas Network
28-12-2018,211.9,214,207.9,211.1,47146,Tejas Network
31-12-2018,210,214,205.3,207.5,44006,Tejas Network
01-01-2019,208,209.2,204.2,207,20041,Tejas Network
02-01-2019,205,209.4,202.8,205.2,25569,Tejas Network
03-01-2019,207,208,199.7,200.1,503932,Tejas Network
04-01-2019,200.9,203,198.1,200.5,50957,Tejas Network
07-01-2019,202.8,202.8,197.6,201.1,32629,Tejas Network
08-01-2019,201.5,219,201.2,213.7,187423,Tejas Network
09-01-2019,213.1,222,212.2,218.8,87711,Tejas Network
10-01-2019,218.8,222.2,215.1,221.1,39045,Tejas Network
11-01-2019,223.9,224.7,216.1,220.3,40097,Tejas Network
14-01-2019,220.4,220.8,214.1,215.3,8976,Tejas Network
15-01-2019,216.5,218.9,215.2,215.9,11857,Tejas Network
16-01-2019,217.5,226.5,213,222.3,98398,Tejas Network
17-01-2019,225,226.9,220,222.3,23089,Tejas Network
18-01-2019,221.3,224.6,215.2,216.2,20565,Tejas Network
21-01-2019,216.1,220.4,212.4,216,25178,Tejas Network
22-01-2019,219.2,219.5,210,213.1,36826,Tejas Network
23-01-2019,213.7,216.4,210.6,213.1,25358,Tejas Network
24-01-2019,216.4,216.4,179,183.5,1196975,Tejas Network
25-01-2019,184,191.7,184,186.9,237784,Tejas Network
28-01-2019,184.7,189.9,173,180,112324,Tejas Network
29-01-2019,180,182.2,176,179.4,28328,Tejas Network
30-01-2019,181,181,175.6,177.1,51506,Tejas Network
31-01-2019,177.7,179,155.8,160.4,120879,Tejas Network
01-02-2019,161,167.6,158.1,160.7,150799,Tejas Network
04-02-2019,162.2,162.2,142.2,148.9,514690,Tejas Network
05-02-2019,154,154,140.5,144.5,159149,Tejas Network
06-02-2019,144,153.9,141,152.1,81875,Tejas Network
07-02-2019,150.6,157.8,148.4,153.8,193216,Tejas Network
08-02-2019,152,154.2,148.3,151.2,75525,Tejas Network
11-02-2019,150.1,152.9,146.1,149.4,25433,Tejas Network
12-02-2019,145.2,154,138.1,140.9,94909,Tejas Network
13-02-2019,140.7,144.6,138.5,139.6,43903,Tejas Network
14-02-2019,139.5,140,136.1,137.3,37986,Tejas Network
15-02-2019,139.5,148.9,135.5,137.1,48278,Tejas Network
18-02-2019,138.6,138.6,116.2,117.4,690876,Tejas Network
19-02-2019,117.4,133.5,115,127.8,965804,Tejas Network
20-02-2019,128.8,153.3,127.3,153.3,831891,Tejas Network
21-02-2019,154.9,178.4,150,160.8,1888719,Tejas Network
22-02-2019,159,167.7,155,164.7,421093,Tejas Network
25-02-2019,162.4,170,157.5,159.3,178183,Tejas Network
26-02-2019,157.8,159.7,151,157.5,218281,Tejas Network
27-02-2019,162.5,165,150.1,151.9,197464,Tejas Network
28-02-2019,152.2,157.3,152.2,155.9,99513,Tejas Network
01-03-2019,159,167,155.1,164.6,202204,Tejas Network
05-03-2019,164.1,186.9,160.5,184.4,329460,Tejas Network
06-03-2019,184.4,200,178.8,188.6,211849,Tejas Network
07-03-2019,191.1,191.9,176,180.9,108668,Tejas Network
08-03-2019,180.1,181.8,169,171,75680,Tejas Network
11-03-2019,171,176.9,171,172.7,84838,Tejas Network
12-03-2019,172.7,193.4,172.7,181.1,117589,Tejas Network
13-03-2019,181.5,183.5,176.1,180.3,42950,Tejas Network
14-03-2019,180.1,182.8,177.5,178.7,70295,Tejas Network
15-03-2019,178.1,180,171,178.5,404578,Tejas Network
18-03-2019,175,182.9,175,177.6,386641,Tejas Network
19-03-2019,177.1,178.6,172.1,173.6,31244,Tejas Network
20-03-2019,174.4,175,167,167.8,495290,Tejas Network
22-03-2019,168.6,178.7,165,166.1,32744,Tejas Network
25-03-2019,168.9,168.9,158.8,160.7,43245,Tejas Network
26-03-2019,160,169.8,154.4,165.4,157992,Tejas Network
27-03-2019,165.5,172,161,170.1,108166,Tejas Network
28-03-2019,170.7,171.7,166.4,168.9,44179,Tejas Network
29-03-2019,168.9,174,168.5,169.9,145327,Tejas Network
01-04-2019,169.9,173.3,169.9,171.1,60072,Tejas Network
02-04-2019,172.8,172.8,164.3,169,239933,Tejas Network
03-04-2019,170,172.9,166.2,168.4,48683,Tejas Network
04-04-2019,170.4,170.9,166.3,168.3,108216,Tejas Network
05-04-2019,168.5,172.4,166.5,170,59130,Tejas Network
08-04-2019,171.6,176,169.8,174.9,111421,Tejas Network
09-04-2019,173,174.9,170.9,172.5,26224,Tejas Network
10-04-2019,171,184.9,169,183.4,269355,Tejas Network
11-04-2019,183.1,195.4,182.6,190,528836,Tejas Network
12-04-2019,189.5,191.2,182.8,183.8,57137,Tejas Network
15-04-2019,182.1,185.5,182,183,21814,Tejas Network
16-04-2019,184.1,191.7,180.8,187.5,42835,Tejas Network
18-04-2019,190.8,191.6,187,188.9,54844,Tejas Network
22-04-2019,188,189,183.5,186.2,65462,Tejas Network
23-04-2019,195,206,180.2,182.5,2384905,Tejas Network
24-04-2019,181.3,191,181.1,188.8,409168,Tejas Network
25-04-2019,190,190.7,184.1,186.2,122554,Tejas Network
26-04-2019,189.7,189.7,184.5,187.6,133313,Tejas Network
30-04-2019,186,194.9,185.6,190,186080,Tejas Network
02-05-2019,186.1,193.4,186.1,190.6,85846,Tejas Network
03-05-2019,193,193.5,189.8,192,83634,Tejas Network
06-05-2019,190,196.1,186.9,193.3,103148,Tejas Network
07-05-2019,193.6,193.8,184.5,185,128450,Tejas Network
08-05-2019,185.1,186.7,170,173.3,98865,Tejas Network
09-05-2019,171.6,179.8,171.1,175.3,102294,Tejas Network
10-05-2019,179.8,182.7,174.4,181,109906,Tejas Network
13-05-2019,182.4,184.9,179.8,183,42495,Tejas Network
14-05-2019,179.1,188,179.1,187.2,59472,Tejas Network
15-05-2019,185.6,194.9,185.1,191.1,71682,Tejas Network
16-05-2019,187.1,197,187.1,194.9,98962,Tejas Network
17-05-2019,195,197.1,191.3,195.2,88604,Tejas Network
20-05-2019,198,198.7,193.2,195.1,64389,Tejas Network
21-05-2019,195.9,200.5,191.3,197.7,81569,Tejas Network
22-05-2019,197.5,198,190.4,192.3,80256,Tejas Network
23-05-2019,194.9,198.7,188.3,191.6,234567,Tejas Network
24-05-2019,189.6,190.9,185,188,339289,Tejas Network
27-05-2019,193,193,183.2,186.5,84572,Tejas Network
28-05-2019,184.2,186,172.8,175.4,311208,Tejas Network
29-05-2019,174.9,183.4,173.5,179.3,132547,Tejas Network
30-05-2019,179.3,192,179.3,187.6,306820,Tejas Network
31-05-2019,192.6,194.3,181.6,187.3,873045,Tejas Network
03-06-2019,185.8,188,181.9,182.9,76189,Tejas Network
04-06-2019,183.8,188.4,178.5,179.8,78521,Tejas Network
06-06-2019,182,182,170.5,172,86777,Tejas Network
07-06-2019,171,174.8,167.6,169.3,78002,Tejas Network
10-06-2019,169,171.9,164.4,165.9,39337,Tejas Network
11-06-2019,165.2,170,164.7,166.4,113338,Tejas Network
12-06-2019,167.4,172.4,166.4,169.9,53514,Tejas Network
13-06-2019,172.4,172.4,166.6,169.7,27273,Tejas Network
14-06-2019,168.1,172,165.2,166.7,32437,Tejas Network
17-06-2019,166.1,166.1,156.2,159.3,37097,Tejas Network
18-06-2019,159.3,164.4,159.2,160.9,29307,Tejas Network
19-06-2019,160.1,161.6,155,157.6,31163,Tejas Network
20-06-2019,154.3,156.1,144.5,152.6,64668,Tejas Network
21-06-2019,152.6,153.2,141.9,148.2,89652,Tejas Network
24-06-2019,147,149.6,142,144.9,60064,Tejas Network
25-06-2019,143.8,149.9,143.8,145.8,49772,Tejas Network
26-06-2019,145.8,149.8,144.5,146.1,59592,Tejas Network
27-06-2019,147.1,147.1,144.1,145.2,33312,Tejas Network
28-06-2019,144.1,147.1,141,142.7,73237,Tejas Network
01-07-2019,144.2,144.2,138,139.4,65850,Tejas Network
02-07-2019,139.4,140.8,135.2,138.1,53271,Tejas Network
03-07-2019,135.2,138,135.2,137.6,28951,Tejas Network
04-07-2019,137,141.7,136.1,140.3,274662,Tejas Network
05-07-2019,142.5,145,137.5,138.4,103244,Tejas Network
08-07-2019,138.4,138.5,131,133.3,42134,Tejas Network
09-07-2019,133,135.8,132.2,134.8,21889,Tejas Network
10-07-2019,131.1,146.9,130.5,132.1,52550,Tejas Network
11-07-2019,132.6,133.8,129,130.6,28329,Tejas Network
12-07-2019,131,134,130,131.8,29782,Tejas Network
15-07-2019,131.8,144.9,131.8,137.5,188333,Tejas Network
16-07-2019,138.5,142.7,136.1,138.7,72039,Tejas Network
17-07-2019,138.3,139.6,136,137,14616,Tejas Network
18-07-2019,140,140,132.2,133.4,24813,Tejas Network
19-07-2019,132,137.8,132,134.8,57285,Tejas Network
22-07-2019,134.8,134.9,130.1,130.8,22870,Tejas Network
23-07-2019,130.8,132.3,128.1,128.8,19318,Tejas Network
24-07-2019,128.6,131.4,127.3,128.9,21379,Tejas Network
25-07-2019,117,124.6,103.2,103.2,556790,Tejas Network
26-07-2019,99,100,83.2,84.3,6850648,Tejas Network
29-07-2019,84.5,92.7,84.5,90,1867142,Tejas Network
30-07-2019,89.1,90,81.4,82.7,268280,Tejas Network
31-07-2019,83.8,91,82.9,91,514248,Tejas Network
01-08-2019,92.4,94.5,89.1,90.5,94790,Tejas Network
02-08-2019,90.9,90.9,85,88.9,62098,Tejas Network
05-08-2019,88.9,88.9,80.7,83.7,74154,Tejas Network
06-08-2019,83.6,86.8,83.1,84.3,37604,Tejas Network
07-08-2019,84.6,92.7,83,89.1,225006,Tejas Network
08-08-2019,88.9,96,87.2,91.1,51501,Tejas Network
09-08-2019,93.9,93.9,89.2,90.3,76715,Tejas Network
13-08-2019,93,93,87.5,89.2,53779,Tejas Network
14-08-2019,88.5,90.8,88.1,89.8,50260,Tejas Network
16-08-2019,90,91,86.9,87.5,74902,Tejas Network
19-08-2019,90,90.3,86.5,87.5,27839,Tejas Network
20-08-2019,86,88.5,84.8,86.9,54015,Tejas Network
21-08-2019,88.3,88.3,85.1,85.7,31155,Tejas Network
22-08-2019,84.2,85.7,81,83.3,48909,Tejas Network
23-08-2019,81.4,84.6,80.9,82.2,29863,Tejas Network
26-08-2019,89.8,89.8,82.5,84,43479,Tejas Network
27-08-2019,84.3,87,83.3,84,35390,Tejas Network
28-08-2019,84.2,85.8,81,82.4,34074,Tejas Network
29-08-2019,84.8,85,78.1,79.9,53564,Tejas Network
30-08-2019,81.3,81.3,78,78.7,31986,Tejas Network
03-09-2019,78.7,80,77.2,77.6,34583,Tejas Network
04-09-2019,78.1,79.4,76.6,77,26820,Tejas Network
05-09-2019,77.4,81.2,77.4,78.5,36862,Tejas Network
06-09-2019,79,81.3,77.9,80.3,85960,Tejas Network
09-09-2019,82.3,82.6,79.4,81.9,52508,Tejas Network
11-09-2019,82.5,90,81.6,89.7,129633,Tejas Network
12-09-2019,92.8,98.6,92,98.2,306767,Tejas Network
13-09-2019,98.9,99.9,93.3,95.4,173704,Tejas Network
16-09-2019,97.4,97.4,91.5,92.2,55334,Tejas Network
17-09-2019,92,95,87.6,87.6,46205,Tejas Network
18-09-2019,89,89,83.2,86.1,134777,Tejas Network
19-09-2019,86.1,89.9,83.6,85.1,152532,Tejas Network
20-09-2019,87.5,87.5,80.8,80.9,213968,Tejas Network
23-09-2019,83.5,83.8,77.3,81,100196,Tejas Network
24-09-2019,83,84.9,81.1,82.7,113877,Tejas Network
25-09-2019,84.4,84.5,81.6,83.1,94565,Tejas Network
26-09-2019,84.4,84.4,82.5,83.5,43245,Tejas Network
27-09-2019,82.2,84.3,82.2,83.1,56990,Tejas Network
30-09-2019,83.1,84,81.8,83.4,74999,Tejas Network
01-10-2019,85,85,82.2,83.5,73025,Tejas Network
03-10-2019,83,87,80.2,82.6,34298,Tejas Network
04-10-2019,82.6,83.5,81.6,82.1,23814,Tejas Network
07-10-2019,80.7,84.9,80.7,83.4,36744,Tejas Network
09-10-2019,84.5,84.5,79.6,80.7,64781,Tejas Network
10-10-2019,81,83,73.4,80.5,163248,Tejas Network
11-10-2019,80.1,82,76.5,77.6,72010,Tejas Network
14-10-2019,77.7,81,77.3,78.1,36709,Tejas Network
15-10-2019,78.8,79.1,76.1,77.9,1454942,Tejas Network
16-10-2019,77.9,78.3,72,77.2,130030,Tejas Network
17-10-2019,74.2,78,74.2,77,34526,Tejas Network
18-10-2019,77,82.9,76,80.6,71271,Tejas Network
22-10-2019,82,83.2,66.1,79.2,145113,Tejas Network
23-10-2019,78,81.6,76.9,77.7,56630,Tejas Network
24-10-2019,71.2,77,69,73.6,212161,Tejas Network
25-10-2019,70.6,73.6,70.6,73,77869,Tejas Network
27-10-2019,72.6,74.7,71.2,73.8,16050,Tejas Network
29-10-2019,75.9,77,72.1,73.2,46120,Tejas Network
30-10-2019,73.1,77,73,74.5,47893,Tejas Network
31-10-2019,77.2,77.5,74.1,74.6,42367,Tejas Network
01-11-2019,77,86.1,74.1,82.8,282936,Tejas Network
04-11-2019,82.3,84.6,79.6,80.4,90177,Tejas Network
05-11-2019,79.9,80.6,74.6,77.4,57473,Tejas Network
06-11-2019,79.8,84,76.6,79.7,115711,Tejas Network
07-11-2019,81,81,77.5,77.8,92724,Tejas Network
08-11-2019,77,78.5,75.2,75.7,50047,Tejas Network
11-11-2019,77.9,77.9,74.1,74.7,43839,Tejas Network
13-11-2019,74.7,76,73.1,73.5,68990,Tejas Network
14-11-2019,75,75,68.7,70,97744,Tejas Network
15-11-2019,70,70.7,64.1,67.5,205398,Tejas Network
18-11-2019,67,70,67,67.7,58730,Tejas Network
19-11-2019,67.1,81.2,67.1,81.2,1169725,Tejas Network
20-11-2019,86.7,97.4,85.1,97.4,1671339,Tejas Network
21-11-2019,105,114,98.3,101.2,1830414,Tejas Network
22-11-2019,98.4,101,92.1,93.9,371526,Tejas Network
25-11-2019,95,99.5,92.9,95.2,253387,Tejas Network
26-11-2019,95.9,104.7,94.3,104.7,1310463,Tejas Network
27-11-2019,107.4,109.9,96,99.4,536746,Tejas Network
28-11-2019,100,102.9,96.1,99.8,197079,Tejas Network
29-11-2019,101.9,102.9,97.1,99.3,169418,Tejas Network
02-12-2019,103.1,104,98.5,98.5,335411,Tejas Network
03-12-2019,98.8,98.8,93,93.2,124910,Tejas Network
04-12-2019,92.2,93,90,91.2,57961,Tejas Network
05-12-2019,91.2,97.7,91.2,94.4,188475,Tejas Network
06-12-2019,95.7,95.7,91.1,92.7,59251,Tejas Network
09-12-2019,93.9,93.9,89.1,89.8,70974,Tejas Network
10-12-2019,89.5,91.9,86,86.3,49032,Tejas Network
11-12-2019,87,87,80.6,82.7,234490,Tejas Network
12-12-2019,83.1,83.4,80,80.2,162296,Tejas Network
13-12-2019,83.9,83.9,80,81.1,76470,Tejas Network
16-12-2019,81.9,81.9,79.2,81,65797,Tejas Network
17-12-2019,81.8,81.9,80,80.4,36357,Tejas Network
18-12-2019,80,81.4,78.1,79.3,46981,Tejas Network
19-12-2019,80,80.5,77.5,77.7,46186,Tejas Network
20-12-2019,77.7,80,77.6,78.3,45352,Tejas Network
23-12-2019,78.7,79.3,77.8,78.4,26224,Tejas Network
24-12-2019,78.1,79.2,77.8,78.2,22211,Tejas Network
26-12-2019,79.6,85,77.6,82.5,72059,Tejas Network
27-12-2019,83.3,83.9,80,80.2,29845,Tejas Network
30-12-2019,81.7,88.2,81.7,88.2,181516,Tejas Network
31-12-2019,95,97,93.5,95.1,708211,Tejas Network
01-01-2020,95.4,95.4,89.1,92,101472,Tejas Network
02-01-2020,91.9,95.9,88.4,92.4,118110,Tejas Network
03-01-2020,91.9,94.4,90,90.1,597016,Tejas Network
06-01-2020,90,90.1,84,84.9,63666,Tejas Network
07-01-2020,85,91.9,85,88,137244,Tejas Network
08-01-2020,86.9,88,84.3,86.6,54726,Tejas Network
09-01-2020,89.8,95.3,87.5,95.3,2309234,Tejas Network
10-01-2020,97.5,99.3,91.3,92.8,530023,Tejas Network
13-01-2020,94.3,94.3,92,92.4,163758,Tejas Network
14-01-2020,92.6,93.5,88.6,89.6,107824,Tejas Network
15-01-2020,91,93.8,89.3,92.6,118272,Tejas Network
16-01-2020,94,94.4,92.1,93.2,73030,Tejas Network
17-01-2020,94.5,94.5,89.6,91.7,98817,Tejas Network
20-01-2020,92.2,92.2,89.1,89.6,47132,Tejas Network
21-01-2020,91.4,94,89.3,90.3,140406,Tejas Network
22-01-2020,84.3,85,82.2,83,552482,Tejas Network
23-01-2020,83.5,87.5,83,84.5,276285,Tejas Network
24-01-2020,84.3,86.7,84,85,76911,Tejas Network
27-01-2020,84.6,87,83.5,84.1,46129,Tejas Network
28-01-2020,85,88,84.6,85.1,91607,Tejas Network
29-01-2020,85.2,86.7,82.2,83.4,43293,Tejas Network
30-01-2020,85,85,80.5,81.2,57894,Tejas Network
31-01-2020,82.6,82.9,80.6,81.3,30159,Tejas Network
01-02-2020,81.2,82.5,77.7,78,65699,Tejas Network
03-02-2020,78.8,80,74.2,75,173715,Tejas Network
04-02-2020,75.2,78.8,75.2,76.8,90536,Tejas Network
05-02-2020,76.8,78.8,76.2,77.3,50784,Tejas Network
06-02-2020,81.1,84,78,79.2,168025,Tejas Network
07-02-2020,81,81,78,79.1,45217,Tejas Network
10-02-2020,80,80,77,77.2,17811,Tejas Network
11-02-2020,79.4,81,75,76,590081,Tejas Network
12-02-2020,77,77.5,72.5,73.5,82506,Tejas Network
13-02-2020,78.4,78.4,70,71.4,83534,Tejas Network
14-02-2020,75.3,75.3,71,71.7,199356,Tejas Network
17-02-2020,71.2,71.5,68,68.5,97374,Tejas Network
18-02-2020,69,70.5,66.7,67.5,144451,Tejas Network
19-02-2020,68.7,68.9,66.8,67.5,112266,Tejas Network
20-02-2020,69.4,77,67.1,67.4,846130,Tejas Network
24-02-2020,67.5,67.8,63.7,64.2,90431,Tejas Network
25-02-2020,65.1,66.8,60.3,60.6,180007,Tejas Network
26-02-2020,60.6,60.6,56.5,57.1,225141,Tejas Network
27-02-2020,57.1,58.5,52.5,53.1,213821,Tejas Network
28-02-2020,52.5,52.5,45,46.4,497103,Tejas Network
02-03-2020,49,51,48.5,51,107087,Tejas Network
03-03-2020,53,56,51.5,53.1,168073,Tejas Network
04-03-2020,54.8,55.6,50,51.3,70421,Tejas Network
05-03-2020,50,52,49.2,49.6,58017,Tejas Network
06-03-2020,49,49,45.6,46,273484,Tejas Network
09-03-2020,46,46,41.4,41.8,202135,Tejas Network
11-03-2020,44.8,46,41.5,46,90795,Tejas Network
12-03-2020,44,44,41.4,42.7,98656,Tejas Network
13-03-2020,42,46.5,38.4,44.8,107220,Tejas Network
16-03-2020,44.8,44.8,40.6,41.5,70202,Tejas Network
17-03-2020,43,45.3,38.5,40.2,82236,Tejas Network
18-03-2020,41.3,43.4,37.1,37.5,81855,Tejas Network
19-03-2020,37.4,37.4,34.3,36.2,75900,Tejas Network
20-03-2020,36.2,39.8,35.4,37.6,94194,Tejas Network
23-03-2020,35.4,37.9,33.9,34.2,104306,Tejas Network
24-03-2020,35.9,35.9,31.1,32.2,93885,Tejas Network
25-03-2020,32.3,32.4,30.7,31.6,72928,Tejas Network
26-03-2020,32.2,33.2,31.1,32.2,198821,Tejas Network
27-03-2020,32,33.8,31.1,32,114485,Tejas Network
30-03-2020,33.3,33.3,30.6,31.5,66667,Tejas Network
31-03-2020,32.5,32.5,30.8,31.9,33370,Tejas Network
01-04-2020,31.1,32.3,30.5,31.5,63343,Tejas Network
03-04-2020,32.2,32.9,30.7,31.7,161945,Tejas Network
07-04-2020,32.5,33.2,31,33.2,79341,Tejas Network
08-04-2020,34.8,34.8,32.1,33.4,80759,Tejas Network
09-04-2020,35,35.1,32.4,35.1,48804,Tejas Network
13-04-2020,36.8,36.8,36.2,36.8,44265,Tejas Network
15-04-2020,38.6,38.6,38.6,38.6,5492,Tejas Network
16-04-2020,40.5,40.5,40.5,40.5,12887,Tejas Network
17-04-2020,42.5,42.5,42.5,42.5,125577,Tejas Network
20-04-2020,44.6,44.6,42.9,44.6,269458,Tejas Network
21-04-2020,44.8,46.8,42.4,42.7,532400,Tejas Network
22-04-2020,40.6,40.6,40.6,40.6,30541,Tejas Network
23-04-2020,38.6,38.6,38.6,38.6,63731,Tejas Network
24-04-2020,37,37,36.7,36.7,25017,Tejas Network
27-04-2020,34.9,38.5,34.9,38.4,236371,Tejas Network
28-04-2020,40.3,40.3,37,38.2,44230,Tejas Network
29-04-2020,38,40.1,37,38,41343,Tejas Network
30-04-2020,37.8,39.8,37,37.5,81595,Tejas Network
04-05-2020,39.3,39.3,36,36.3,177463,Tejas Network
05-05-2020,37,37.6,35,35.6,43857,Tejas Network
06-05-2020,35.8,36.3,33.9,34.3,53296,Tejas Network
07-05-2020,34.3,36,33.9,35.8,90231,Tejas Network
08-05-2020,37,37,34.8,35.5,96562,Tejas Network
11-05-2020,36,36.5,34.2,34.7,135340,Tejas Network
12-05-2020,35,36,33.1,33.7,109238,Tejas Network
13-05-2020,35,35,33,34.3,111257,Tejas Network
14-05-2020,34.3,36,33,34,254333,Tejas Network
15-05-2020,34.4,34.4,32.3,32.8,223896,Tejas Network
18-05-2020,33.3,33.3,31.2,31.7,203258,Tejas Network
19-05-2020,31.7,32,30.2,30.4,130449,Tejas Network
20-05-2020,31.3,31.4,28.9,29.3,126831,Tejas Network
21-05-2020,30.5,30.7,29,29.7,386203,Tejas Network
22-05-2020,30.6,31.2,29.8,31.2,209116,Tejas Network
26-05-2020,32.2,32.7,30.6,31.5,73866,Tejas Network
27-05-2020,32.9,33.1,31,32.8,289955,Tejas Network
28-05-2020,33.7,33.7,31.3,32.7,83828,Tejas Network
29-05-2020,33.3,33.8,31.8,33.1,146819,Tejas Network
01-06-2020,34,34.1,33.1,33.8,363923,Tejas Network
02-06-2020,35,35.5,33.5,35.5,340661,Tejas Network
03-06-2020,37,37.2,36.6,37.2,54135,Tejas Network
04-06-2020,38.8,39.1,37.7,39.1,581344,Tejas Network
05-06-2020,40.8,43,39.6,43,166854,Tejas Network
08-06-2020,47.2,47.2,47.2,47.2,164343,Tejas Network
09-06-2020,51.9,51.9,47.2,51.9,415410,Tejas Network
10-06-2020,54.5,54.5,49.4,54.3,1196278,Tejas Network
11-06-2020,55.4,55.4,51.6,51.6,139089,Tejas Network
12-06-2020,49.1,49.1,49.1,49.1,35809,Tejas Network
15-06-2020,47.7,51.5,46.6,50.5,529482,Tejas Network
16-06-2020,51.9,52.5,48,48.3,366942,Tejas Network
17-06-2020,47,48,46.3,47.4,117307,Tejas Network
18-06-2020,49.7,49.7,49.5,49.7,748544,Tejas Network
19-06-2020,51.4,52.2,48.7,52.2,352880,Tejas Network
22-06-2020,53.8,53.9,50.4,50.9,203718,Tejas Network
23-06-2020,50,52,48.5,50,165640,Tejas Network
24-06-2020,51.3,51.3,48,49,91368,Tejas Network
25-06-2020,47.1,49,46.6,47.9,90692,Tejas Network
26-06-2020,47.9,50,47.9,48.6,109381,Tejas Network
29-06-2020,48.6,49,46.8,47.1,111595,Tejas Network
30-06-2020,48.9,49,46.7,47.9,90221,Tejas Network
01-07-2020,49,50,48.2,49.2,61533,Tejas Network
02-07-2020,49.5,49.9,48.8,49,134588,Tejas Network
03-07-2020,49.5,49.5,47,47.7,60757,Tejas Network
06-07-2020,47.9,48.9,45.9,47.1,125939,Tejas Network
07-07-2020,47.1,48.5,46.6,47,107248,Tejas Network
08-07-2020,47.5,49.4,47.5,49.4,1330054,Tejas Network
09-07-2020,51.8,51.8,51,51.8,1342998,Tejas Network
10-07-2020,52.9,54.4,52.4,54.4,692625,Tejas Network
13-07-2020,57.1,57.1,57.1,57.1,61702,Tejas Network
14-07-2020,59.9,59.9,54.3,59.9,968399,Tejas Network
15-07-2020,61.5,62.9,58,62.2,732951,Tejas Network
16-07-2020,64.7,64.7,59.1,59.1,137133,Tejas Network
17-07-2020,56.2,56.2,56.2,56.2,53016,Tejas Network
20-07-2020,54.1,59,53.4,59,441730,Tejas Network
21-07-2020,58.5,58.5,56.4,56.9,125239,Tejas Network
22-07-2020,56.5,58,54.5,56.1,124252,Tejas Network
23-07-2020,56.1,57.4,54.6,56.3,69125,Tejas Network
24-07-2020,55,56.8,53.9,54.4,98076,Tejas Network
27-07-2020,57,57,54.6,55.9,160912,Tejas Network
28-07-2020,55,58,53.5,57.9,284440,Tejas Network
29-07-2020,59,60.2,55.3,59.8,233077,Tejas Network
30-07-2020,59.9,61,58,59.9,254952,Tejas Network
31-07-2020,59.1,59.1,56.9,57.7,106670,Tejas Network
03-08-2020,58,58.9,55.1,57.5,109486,Tejas Network
04-08-2020,57,59.5,56.3,58.7,72929,Tejas Network
05-08-2020,59,61.6,57.5,60.1,205670,Tejas Network
06-08-2020,61.5,61.8,59.1,60.1,95509,Tejas Network
07-08-2020,60.1,61.8,60.1,60.9,146842,Tejas Network
10-08-2020,63.9,63.9,62.1,63.9,97731,Tejas Network
11-08-2020,67,67,67,67,35069,Tejas Network
12-08-2020,70.4,70.4,70.4,70.4,99754,Tejas Network
13-08-2020,73.9,73.9,67,69.8,737931,Tejas Network
14-08-2020,67.1,70.8,66.4,67.1,192983,Tejas Network
17-08-2020,69,69.4,65,67,184470,Tejas Network
18-08-2020,68,68,66,66.7,299823,Tejas Network
19-08-2020,67.9,67.9,66,66.6,197776,Tejas Network
20-08-2020,67.4,67.4,65,66.9,102012,Tejas Network
21-08-2020,68,68,65.4,65.6,176091,Tejas Network
24-08-2020,66.9,66.9,63.4,63.9,470916,Tejas Network
25-08-2020,64.8,65.1,63.1,65,177506,Tejas Network
26-08-2020,66,66,63.6,64.4,128598,Tejas Network
27-08-2020,63.5,64.9,61.2,62,382763,Tejas Network
28-08-2020,63,65,62.5,63.9,848935,Tejas Network
31-08-2020,66,66,60.8,60.8,308248,Tejas Network
01-09-2020,58,61.1,58,59.9,249541,Tejas Network
02-09-2020,59,62.8,57.9,58.6,416241,Tejas Network
03-09-2020,59.1,60.3,56.3,58.5,337911,Tejas Network
04-09-2020,57.1,61.4,56.5,61.4,149926,Tejas Network
07-09-2020,64.4,64.4,64.4,64.4,58603,Tejas Network
08-09-2020,67.6,67.6,62.4,67.6,6689124,Tejas Network
09-09-2020,71,71,67,71,1729760,Tejas Network
10-09-2020,72,74.5,71.5,74.5,1000333,Tejas Network
11-09-2020,77.4,78.2,70.8,73.1,2502681,Tejas Network
14-09-2020,74,76.7,74,76.7,257497,Tejas Network
15-09-2020,80.5,80.5,80.5,80.5,73253,Tejas Network
16-09-2020,84.5,84.5,78.6,84.5,3163365,Tejas Network
17-09-2020,83.9,86,80.3,80.5,884843,Tejas Network
18-09-2020,80.6,84.5,79.2,80,813493,Tejas Network
21-09-2020,81,82.7,76,76,468259,Tejas Network
22-09-2020,74,74.8,72.2,72.2,481788,Tejas Network
23-09-2020,73,74.5,68.6,71.2,815222,Tejas Network
24-09-2020,68.3,71.6,67.7,68.2,303506,Tejas Network
25-09-2020,68.6,71.6,68.6,71.6,358771,Tejas Network
28-09-2020,75.2,75.2,71.8,72.6,1010413,Tejas Network
29-09-2020,75,76.2,72.3,75.5,808399,Tejas Network
30-09-2020,74.4,74.4,72.4,72.9,212482,Tejas Network
01-10-2020,73.9,76,71,71.9,205046,Tejas Network
05-10-2020,73.2,75.4,72.2,74.9,704652,Tejas Network
06-10-2020,74.8,78.6,72.5,77.9,555558,Tejas Network
07-10-2020,78.9,81.4,75.5,78.2,750828,Tejas Network
08-10-2020,79.9,81.7,77.1,78.6,539704,Tejas Network
09-10-2020,77.5,79.4,74.8,75.3,261063,Tejas Network
12-10-2020,76,76.8,72.3,72.9,188367,Tejas Network
13-10-2020,73.6,75,71.3,71.7,136647,Tejas Network
14-10-2020,71.8,73.5,69.3,70,150433,Tejas Network
15-10-2020,70.7,72.1,67.9,68.6,175015,Tejas Network
16-10-2020,69,72.6,68.9,71.9,120510,Tejas Network
19-10-2020,73.5,79,72.4,78.5,503543,Tejas Network
20-10-2020,79,82.7,76.4,78.9,804643,Tejas Network
21-10-2020,79.9,86.7,79.1,84.7,1971021,Tejas Network
22-10-2020,88,92,82.2,88.6,2316205,Tejas Network
23-10-2020,89.8,93,86.2,93,1614762,Tejas Network
26-10-2020,94,97.7,89,90.8,1534383,Tejas Network
27-10-2020,91.8,94.2,86.3,92.6,595071,Tejas Network
28-10-2020,93.1,95.3,89.3,90.2,543635,Tejas Network
29-10-2020,89.9,92.5,86.1,89.8,413176,Tejas Network
30-10-2020,91,93,89,89.9,847790,Tejas Network
02-11-2020,90.5,92.6,89.3,91,484451,Tejas Network
03-11-2020,92,92.9,88.8,89,307110,Tejas Network
04-11-2020,90,90.7,86.4,87.4,220721,Tejas Network
05-11-2020,89.2,91.7,88.2,91.7,712890,Tejas Network
06-11-2020,89.8,95.1,89.2,90.9,642120,Tejas Network
09-11-2020,88.3,92.5,88.3,90.8,439140,Tejas Network
10-11-2020,90.8,93,89.6,89.9,280743,Tejas Network
11-11-2020,90.2,93.5,87.2,91.6,1051045,Tejas Network
12-11-2020,91.9,92.9,89.2,90.3,803878,Tejas Network
13-11-2020,90.3,92.5,89.6,90.7,248274,Tejas Network
17-11-2020,97,99.5,96,99.5,1909885,Tejas Network
18-11-2020,101.8,104.4,100.2,104.4,749693,Tejas Network
19-11-2020,107.9,109.6,105.1,108.2,1523105,Tejas Network
20-11-2020,108.4,111,102.8,103.6,1448619,Tejas Network
23-11-2020,105,108.7,102.1,106.2,850754,Tejas Network
24-11-2020,106.1,107.9,104,105,353786,Tejas Network
25-11-2020,106,106.7,99.8,101.2,709171,Tejas Network
26-11-2020,102.5,105.7,96.6,102.9,616104,Tejas Network
27-11-2020,103.8,104.7,101.3,102.9,556807,Tejas Network
01-12-2020,103,108,101.5,108,591343,Tejas Network
02-12-2020,108.7,113.3,108.7,113.3,668242,Tejas Network
03-12-2020,117.4,119,113,119,648911,Tejas Network
04-12-2020,124.9,124.9,115.1,124.9,2305094,Tejas Network
07-12-2020,128.8,131.1,120.9,131.1,1552581,Tejas Network
08-12-2020,133.7,137.6,129,137.6,1310204,Tejas Network
09-12-2020,139.6,144.5,135,144.5,431456,Tejas Network
10-12-2020,151.7,151.7,140.2,150.6,2113872,Tejas Network
11-12-2020,151.9,156,143.1,143.1,1003494,Tejas Network
14-12-2020,138,143.7,135.9,135.9,949964,Tejas Network
15-12-2020,132.2,133,129.2,129.2,377496,Tejas Network
16-12-2020,124.5,135.6,124.5,135.6,880115,Tejas Network
17-12-2020,139.8,142.4,136.1,139.5,1170237,Tejas Network
18-12-2020,140.9,141.8,133,136.4,578875,Tejas Network
21-12-2020,134.6,138.7,129.6,129.6,521522,Tejas Network
22-12-2020,123.1,128,123.1,123.1,271135,Tejas Network
23-12-2020,123.1,129.3,123.1,128.9,984085,Tejas Network
24-12-2020,129,134,128,130,775481,Tejas Network
28-12-2020,133,133,126.5,127.3,424083,Tejas Network
29-12-2020,126.1,128.5,122.7,124.5,472646,Tejas Network
30-12-2020,126,130.7,122.5,130.7,608232,Tejas Network
31-12-2020,135,137.2,135,137.2,1048716,Tejas Network
01-01-2021,142,143.9,137.5,138.7,943167,Tejas Network
04-01-2021,139,141.9,134.1,137.1,703329,Tejas Network
05-01-2021,135,141.5,134.6,139.1,609474,Tejas Network
06-01-2021,140.7,140.8,134,136.3,383460,Tejas Network
07-01-2021,139.1,139.7,133.7,136.6,412114,Tejas Network
08-01-2021,138.9,139,136,136.3,290446,Tejas Network
11-01-2021,139.5,139.8,133.3,134.3,481404,Tejas Network
12-01-2021,135.2,137.1,127.6,133,603947,Tejas Network
13-01-2021,133.6,135.7,127.5,130.4,416391,Tejas Network
14-01-2021,130.4,136.8,129,135.9,605020,Tejas Network
15-01-2021,137.4,138.6,133,133.3,421470,Tejas Network
18-01-2021,135,135.4,129,131.6,361408,Tejas Network
19-01-2021,134.9,138.1,134.7,138.1,475978,Tejas Network
20-01-2021,139.9,139.9,136,137.3,462334,Tejas Network
21-01-2021,144.1,144.1,136.5,143.2,2143346,Tejas Network
22-01-2021,143,144.5,136.6,141.5,780267,Tejas Network
25-01-2021,144,147,135,136.7,482738,Tejas Network
27-01-2021,139.3,142.5,135,138.9,573519,Tejas Network
28-01-2021,136.9,141.5,136,140.5,347518,Tejas Network
29-01-2021,140.6,144.5,138.1,140.2,360770,Tejas Network
01-02-2021,142.3,143.5,136.9,139,336259,Tejas Network
02-02-2021,140.1,141.7,136.5,137.2,244225,Tejas Network
03-02-2021,138.5,144.1,135.9,144.1,365971,Tejas Network
04-02-2021,151.3,151.3,151.3,151.3,140981,Tejas Network
05-02-2021,158,166.4,152.2,164.7,1662355,Tejas Network
08-02-2021,163.8,181.2,162,176.6,2190728,Tejas Network
09-02-2021,179.9,181.2,170.1,171.6,924428,Tejas Network
10-02-2021,171.7,171.9,161.7,166.2,735760,Tejas Network
11-02-2021,165.9,180.9,162.1,171.9,762986,Tejas Network
12-02-2021,173.8,173.9,165.5,170.5,411040,Tejas Network
15-02-2021,171.9,177,169.2,171,561206,Tejas Network
16-02-2021,172.2,174,165.3,166.7,295810,Tejas Network
17-02-2021,166.7,183.4,163.2,182.6,2030262,Tejas Network
18-02-2021,193,200.8,186.2,200.8,2324715,Tejas Network
19-02-2021,211,220.9,198.5,218.7,3390997,Tejas Network
22-02-2021,220,220,207.8,207.8,772683,Tejas Network
23-02-2021,200,207.8,198,200.4,1065361,Tejas Network
24-02-2021,202.9,210.4,198.2,201.1,421820,Tejas Network
25-02-2021,203.7,203.7,193,196.5,496427,Tejas Network
26-02-2021,194.4,200,190,193,411658,Tejas Network
01-03-2021,194,199.1,188.2,189.6,435779,Tejas Network
02-03-2021,192.8,194.4,185.5,187.9,319231,Tejas Network
03-03-2021,190,197.3,189.2,197.3,574239,Tejas Network
04-03-2021,195.9,201.8,191.8,193.1,397456,Tejas Network
05-03-2021,201,201,190,191.9,487399,Tejas Network
08-03-2021,194,198,188.3,189.5,245615,Tejas Network
09-03-2021,191,192.6,180,183.7,504268,Tejas Network
10-03-2021,186.4,192.9,181,190.2,492093,Tejas Network
12-03-2021,194.9,199.7,189.1,193.9,884403,Tejas Network
15-03-2021,194,195.1,184.2,185.8,408436,Tejas Network
16-03-2021,187,189,182.3,183.9,254603,Tejas Network
17-03-2021,188,188,175,176.5,213100,Tejas Network
18-03-2021,178.8,181.6,167.7,167.7,476294,Tejas Network
19-03-2021,161.1,173,159.3,172.1,699131,Tejas Network
22-03-2021,177.7,178.3,167.1,174.8,225064,Tejas Network
23-03-2021,175,178.7,171.3,173.8,171200,Tejas Network
24-03-2021,172.3,175.1,166.8,167.7,171447,Tejas Network
25-03-2021,168.9,170,159.4,160.5,305084,Tejas Network
26-03-2021,162,165.3,160,164.4,230748,Tejas Network
30-03-2021,167.8,167.8,156.6,158,301070,Tejas Network
31-03-2021,158.5,160.7,156.5,159,169620,Tejas Network
01-04-2021,161.5,166.9,159.1,166.9,115731,Tejas Network
05-04-2021,170.9,175.2,168,175.2,565928,Tejas Network
06-04-2021,178.4,183.9,172,183.9,610086,Tejas Network
07-04-2021,185,191.7,179,181.6,472837,Tejas Network
08-04-2021,183,184.5,176.3,177.1,240778,Tejas Network
09-04-2021,180.9,184.2,177.5,179.4,229067,Tejas Network
12-04-2021,176.6,176.6,170.4,170.4,145819,Tejas Network
13-04-2021,164,170.3,162.6,166.6,384833,Tejas Network
15-04-2021,167,170.8,159.2,162.2,469517,Tejas Network
16-04-2021,162.2,166.9,162.2,165.4,203323,Tejas Network
19-04-2021,158.1,165,157.2,159.3,305535,Tejas Network
20-04-2021,164,167.3,163,167.3,383899,Tejas Network
22-04-2021,175.6,175.6,175.6,175.6,67540,Tejas Network
23-04-2021,184.4,184.4,184.4,184.4,71354,Tejas Network
26-04-2021,193.6,193.6,193.6,193.6,113777,Tejas Network
27-04-2021,193,197.5,183.9,191.2,1599071,Tejas Network
28-04-2021,194,200.8,191,200,1086999,Tejas Network
29-04-2021,203,203,190,191,606397,Tejas Network
30-04-2021,186.5,195,184.6,187.8,415542,Tejas Network
03-05-2021,187,190,185.1,187.1,289166,Tejas Network
04-05-2021,188,193.5,180.3,181.4,357688,Tejas Network
05-05-2021,185,188,178.1,179.3,371666,Tejas Network
06-05-2021,181.8,188.2,179.6,188.2,348427,Tejas Network
07-05-2021,190.9,197,186.8,187.6,511027,Tejas Network
10-05-2021,195,196,183.7,184.8,651933,Tejas Network
11-05-2021,184.8,194,180.4,180.9,964193,Tejas Network
12-05-2021,181.8,186.4,179.6,181.3,283131,Tejas Network
14-05-2021,183.7,184.4,173.2,174.9,432682,Tejas Network
17-05-2021,178.9,179.9,174.9,176.7,234718,Tejas Network
18-05-2021,178.8,183.5,178,179.7,257432,Tejas Network
19-05-2021,178.7,183.3,177.7,179.7,239549,Tejas Network
20-05-2021,180.5,182.3,175,176.7,218033,Tejas Network
21-05-2021,178.3,179,175,176.1,243891,Tejas Network
24-05-2021,177.9,179,173.4,174.9,230035,Tejas Network
25-05-2021,176.2,183.6,174.6,183.5,751548,Tejas Network
26-05-2021,185,185.9,179.5,181.6,328630,Tejas Network
27-05-2021,183.4,183.4,176,178,205107,Tejas Network
28-05-2021,179,180.9,176,176.5,258331,Tejas Network
31-05-2021,178,178,170.5,172.7,425425,Tejas Network
01-06-2021,172,175.6,170.3,173.1,239927,Tejas Network
02-06-2021,174,181.8,171.3,181.8,661495,Tejas Network
03-06-2021,183.5,185,177,178.3,582322,Tejas Network
04-06-2021,183.9,187.2,182.7,185.4,1679499,Tejas Network
07-06-2021,186,186,178,179.2,679149,Tejas Network
08-06-2021,179.8,182,173,179.9,407557,Tejas Network
09-06-2021,182.6,182.6,176,176.8,168276,Tejas Network
10-06-2021,179,179,174,175.7,191377,Tejas Network
11-06-2021,177.9,177.9,174.5,177.2,98251,Tejas Network
14-06-2021,177.7,178.3,170.6,175.4,226425,Tejas Network
15-06-2021,175.3,177.1,172.2,175.4,135095,Tejas Network
16-06-2021,176,177.5,173.9,176.1,96169,Tejas Network
17-06-2021,175.3,176,174.8,175.1,93034,Tejas Network
18-06-2021,175.9,175.9,167.6,172.1,150646,Tejas Network
21-06-2021,170,173.9,167.9,169.1,184400,Tejas Network
22-06-2021,172.6,176.5,171,173.5,110734,Tejas Network
23-06-2021,175,179.3,175,177.4,164413,Tejas Network
24-06-2021,179,179.9,175,177.1,112555,Tejas Network
25-06-2021,177.1,179,174.4,176.5,58079,Tejas Network
28-06-2021,177,178,171.6,173.2,107375,Tejas Network
29-06-2021,174.9,174.9,170.9,171.6,85607,Tejas Network
30-06-2021,174,180.1,170,180.1,390013,Tejas Network
01-07-2021,185.4,185.4,180.1,181.1,210783,Tejas Network
02-07-2021,181.1,184.5,177.4,182,128731,Tejas Network
05-07-2021,183,191,177.3,191,551004,Tejas Network
06-07-2021,197.4,199,185.1,188.1,365661,Tejas Network
07-07-2021,188,193,185,186.4,95291,Tejas Network
08-07-2021,188,188.9,181.1,184.3,111691,Tejas Network
09-07-2021,184.5,185,181,183.5,71200,Tejas Network
12-07-2021,188,189,183.5,185.1,79061,Tejas Network
13-07-2021,187,187,181.1,182.3,130012,Tejas Network
14-07-2021,183.5,189.8,182.3,188.5,124455,Tejas Network
15-07-2021,188.5,189.4,184.9,185.5,97471,Tejas Network
16-07-2021,186.3,187.9,182.5,184.1,95169,Tejas Network
19-07-2021,182.1,188.9,182.1,186.1,97042,Tejas Network
20-07-2021,187.8,189,178.2,182.5,145382,Tejas Network
22-07-2021,183,191.6,178,191.6,570345,Tejas Network
23-07-2021,193,201.1,182.6,201.1,770340,Tejas Network
26-07-2021,211,211.2,210.8,211.2,168666,Tejas Network
27-07-2021,221.7,221.7,221.7,221.7,221603,Tejas Network
28-07-2021,232.8,232.8,211.1,232.8,1501976,Tejas Network
29-07-2021,244.4,244.4,244.4,244.4,36647,Tejas Network
30-07-2021,256.6,256.6,256.6,256.6,46164,Tejas Network
02-08-2021,269.4,269.4,269.4,269.4,22275,Tejas Network
03-08-2021,282.8,282.8,282.8,282.8,53438,Tejas Network
04-08-2021,296.9,296.9,296.9,296.9,57834,Tejas Network
05-08-2021,311.7,311.7,299,311.7,1261972,Tejas Network
06-08-2021,327.3,327.3,327.3,327.3,112922,Tejas Network
09-08-2021,343.6,343.6,343.6,343.6,47334,Tejas Network
10-08-2021,360.8,360.8,360.8,360.8,98868,Tejas Network
11-08-2021,375,378.8,342.8,378.8,1752090,Tejas Network
12-08-2021,375,397.7,362.3,397.7,498515,Tejas Network
13-08-2021,416.9,417.5,410,417.5,544076,Tejas Network
16-08-2021,435,435,396.7,396.7,786907,Tejas Network
17-08-2021,376.9,376.9,376.9,376.9,264887,Tejas Network
18-08-2021,368,391,361.5,381.5,1077201,Tejas Network
20-08-2021,373,385,362.4,362.4,414114,Tejas Network
23-08-2021,357,374,344.3,368.3,721922,Tejas Network
24-08-2021,358.1,374.3,353,361.3,298978,Tejas Network
25-08-2021,367,369,360.1,362.9,98591,Tejas Network
26-08-2021,360,365,351,359.4,159424,Tejas Network
27-08-2021,359.4,375,352.5,371.1,272379,Tejas Network
30-08-2021,375,381,362,374.5,369441,Tejas Network
31-08-2021,377.9,377.9,365,367.2,123158,Tejas Network
01-09-2021,373,374.7,359,370.5,142362,Tejas Network
02-09-2021,369.5,375.6,365,367.5,140290,Tejas Network
03-09-2021,362,374,362,370.1,116677,Tejas Network
06-09-2021,372.7,388.6,368,388.6,412341,Tejas Network
07-09-2021,404.7,408,396,408,654418,Tejas Network
08-09-2021,423.4,428.3,416.2,428.3,696010,Tejas Network
09-09-2021,442,449.7,436.9,449.7,719929,Tejas Network
13-09-2021,465,472.2,427.3,434.7,1985667,Tejas Network
14-09-2021,425,439,415,421,759048,Tejas Network
15-09-2021,421,442,421,434.9,829345,Tejas Network
16-09-2021,442,444.9,420.8,427.7,322865,Tejas Network
17-09-2021,428.8,434.7,406.3,423.8,302446,Tejas Network
20-09-2021,403.3,418.6,402.6,402.6,267265,Tejas Network
21-09-2021,390.1,407.2,382.5,400.1,225056,Tejas Network
22-09-2021,400.1,410,385.8,396.7,96744,Tejas Network
23-09-2021,416.5,416.5,416.5,416.5,208957,Tejas Network
24-09-2021,434.9,437.3,425,437.3,608820,Tejas Network
27-09-2021,449,459.2,431,459.2,413021,Tejas Network
28-09-2021,479.9,482.1,461.6,482.1,1090900,Tejas Network
29-09-2021,490,494,461.3,469.5,772695,Tejas Network
30-09-2021,476,492.9,470.8,492.9,736717,Tejas Network
01-10-2021,505.4,517.5,501.3,517.5,293364,Tejas Network
04-10-2021,543.4,543.4,517.6,543.4,1384693,Tejas Network
05-10-2021,560,570.5,516.2,516.2,1465268,Tejas Network
06-10-2021,498,507.5,490.4,490.4,657380,Tejas Network
07-10-2021,477.3,514.9,477.3,497.7,909886,Tejas Network
08-10-2021,513,514.4,495,500.4,233069,Tejas Network
11-10-2021,505,505,477.2,479.3,358322,Tejas Network
12-10-2021,487,495,479.4,484.9,234255,Tejas Network
13-10-2021,486.8,496.1,476.3,489.1,333364,Tejas Network
14-10-2021,510,513.6,483.2,513.6,379632,Tejas Network
18-10-2021,539.2,539.2,514,518.1,874207,Tejas Network
19-10-2021,520,522.9,492.2,493,304482,Tejas Network
20-10-2021,495,498.2,468.4,468.4,413267,Tejas Network
21-10-2021,452.5,460,445,447.5,786988,Tejas Network
22-10-2021,445,466.6,433.6,441.9,423337,Tejas Network
25-10-2021,445.5,449,419.8,419.8,399643,Tejas Network
26-10-2021,409.1,440.8,403.7,440.8,407740,Tejas Network
27-10-2021,454,462.8,441.5,445.5,916390,Tejas Network
28-10-2021,450,450,425.1,432.8,233985,Tejas Network
29-10-2021,432.5,444.8,415.6,430.7,274173,Tejas Network
01-11-2021,440,446.4,429,433.6,191296,Tejas Network
02-11-2021,434.8,455.3,432.9,447.7,412654,Tejas Network
03-11-2021,451.7,458.8,425.4,430.2,218624,Tejas Network
04-11-2021,435,444.3,434,438.6,85069,Tejas Network
08-11-2021,446.4,446.4,425.5,432.9,202856,Tejas Network
09-11-2021,438,449,425,434.3,195915,Tejas Network
10-11-2021,437,439,423.7,428.3,200685,Tejas Network
11-11-2021,432,437.7,414.5,422.8,154184,Tejas Network
12-11-2021,431.9,443.9,430,443.9,408947,Tejas Network
15-11-2021,459.7,459.7,433.3,441.8,302002,Tejas Network
16-11-2021,442,463.8,437.6,463.8,424056,Tejas Network
17-11-2021,475,487,459.7,466.5,814484,Tejas Network
18-11-2021,468.3,468.3,443.2,443.7,567911,Tejas Network
22-11-2021,446.8,447,421.6,422.3,348770,Tejas Network
23-11-2021,422.3,443.4,422.3,443.4,324394,Tejas Network
24-11-2021,447.4,465.5,447.4,465.5,588054,Tejas Network
25-11-2021,472.8,488.7,465,488.7,670385,Tejas Network
26-11-2021,484,487.5,464.3,465.7,546859,Tejas Network
29-11-2021,446,455.9,442.5,442.5,254508,Tejas Network
30-11-2021,429,464.6,426.3,457.1,1364352,Tejas Network
01-12-2021,450,454.9,443,446.3,220802,Tejas Network
02-12-2021,447,463.3,444,448.5,179347,Tejas Network
03-12-2021,450.9,454.3,442.5,448.2,130316,Tejas Network
06-12-2021,453.5,455,440,441.6,141575,Tejas Network
07-12-2021,445.5,463.6,442.9,460.3,384660,Tejas Network
08-12-2021,465,472,454,456.1,236978,Tejas Network
09-12-2021,457,468.1,448,455.1,160921,Tejas Network
10-12-2021,457,460,443.1,445.9,163478,Tejas Network
13-12-2021,454.7,468.2,448.8,452.2,253186,Tejas Network
14-12-2021,453,453.4,445,446,144437,Tejas Network
15-12-2021,445.5,468.3,445,449.9,856451,Tejas Network
16-12-2021,457,460.4,427.4,433.2,922768,Tejas Network
17-12-2021,435.9,436.1,412,415.6,323921,Tejas Network
20-12-2021,407,425,400,411.5,362491,Tejas Network
21-12-2021,424,432.1,420,426.6,589757,Tejas Network
22-12-2021,435,439.2,421,427.1,205868,Tejas Network
23-12-2021,432,433,415.4,416.5,203731,Tejas Network
24-12-2021,421.9,424,407.6,409.7,126823,Tejas Network
27-12-2021,409.7,416.7,403,410.8,149027,Tejas Network
28-12-2021,417.9,426,414,419.2,176384,Tejas Network
29-12-2021,423,425.7,413,415.7,155615,Tejas Network
30-12-2021,421.3,421.3,411.1,412.8,102069,Tejas Network
31-12-2021,418,428.3,415,419,230607,Tejas Network
03-01-2022,425,435.3,421.5,427,193815,Tejas Network
04-01-2022,432,433,423,425,163726,Tejas Network
05-01-2022,425,436,419.5,430.2,265863,Tejas Network
06-01-2022,426,431.3,423.6,426,123332,Tejas Network
07-01-2022,431,436.8,424,425.7,150524,Tejas Network
10-01-2022,430,446.9,428,446.9,134099,Tejas Network
11-01-2022,469.2,469.2,469.2,469.2,81260,Tejas Network
12-01-2022,492.7,492.7,461.3,491,892142,Tejas Network
13-01-2022,499,515.6,482,515.6,919557,Tejas Network
14-01-2022,541.3,541.3,503.1,509.2,1858320,Tejas Network
17-01-2022,514,518.3,483.7,483.7,562883,Tejas Network
18-01-2022,478,489.7,459.6,459.6,804324,Tejas Network
19-01-2022,453,464.8,436.6,441,767091,Tejas Network
20-01-2022,419,419,419,419,177644,Tejas Network
21-01-2022,407,439.9,402.4,415.8,798566,Tejas Network
24-01-2022,415.8,424.1,395,395,496446,Tejas Network
25-01-2022,384,414.8,378.4,412.5,689890,Tejas Network
27-01-2022,402,419,400,407.7,356253,Tejas Network
28-01-2022,414.8,426,405.4,410,246189,Tejas Network
31-01-2022,421.3,424.7,408.1,410.8,183203,Tejas Network
01-02-2022,417,429.7,412.5,425.9,372919,Tejas Network
02-02-2022,435,447.1,428.3,447.1,273431,Tejas Network
03-02-2022,469.5,469.5,456,469.3,615068,Tejas Network
04-02-2022,469.3,492.8,460,482.6,703093,Tejas Network
07-02-2022,480,481.1,458.5,458.5,305507,Tejas Network
08-02-2022,451,458.5,435.6,435.7,307481,Tejas Network
09-02-2022,443,447,426,443,210244,Tejas Network
10-02-2022,446.4,446.4,428.3,437.5,185802,Tejas Network
11-02-2022,431,448.3,428,436.4,219067,Tejas Network
14-02-2022,424.1,433,414.6,415.3,483418,Tejas Network
15-02-2022,417.6,436.1,411.1,436.1,268006,Tejas Network
16-02-2022,444.8,451.3,432.3,438.3,170190,Tejas Network
17-02-2022,438,451,436.6,442.6,267083,Tejas Network
18-02-2022,436,450,436,443.8,138633,Tejas Network
21-02-2022,433.6,444,421.6,422,233020,Tejas Network
22-02-2022,402.9,413.7,401,408.4,285857,Tejas Network
23-02-2022,414,428.8,414,419.4,240338,Tejas Network
24-02-2022,400.1,405.5,398.5,398.5,341302,Tejas Network
25-02-2022,402,418,402,408,175947,Tejas Network
28-02-2022,405,416,388.7,407.4,192946,Tejas Network
02-03-2022,404.5,416,403.6,408.4,119888,Tejas Network
03-03-2022,415,415.5,403.7,409.7,95223,Tejas Network
04-03-2022,405,411.6,395.5,399.5,138636,Tejas Network
07-03-2022,390,393.4,379.6,379.6,410299,Tejas Network
08-03-2022,370,371.8,360.6,366.4,715397,Tejas Network
09-03-2022,378,384.7,370,384.7,177937,Tejas Network
10-03-2022,395,403.9,388,402.8,367711,Tejas Network
11-03-2022,400,409.8,392.1,394.5,182793,Tejas Network
14-03-2022,402,402.5,387.5,390,289305,Tejas Network
15-03-2022,393.9,394.7,377.1,381.2,312668,Tejas Network
16-03-2022,388.4,395,383.3,392.4,134203,Tejas Network
17-03-2022,403,412,394.9,399,424972,Tejas Network
21-03-2022,404.6,404.6,390.7,394.8,151818,Tejas Network
22-03-2022,401.8,401.8,385.6,389.4,207618,Tejas Network
23-03-2022,390.3,395,378.6,383.6,499056,Tejas Network
24-03-2022,380,392.7,377.1,381.2,283642,Tejas Network
25-03-2022,385.8,400,379.5,384.1,305245,Tejas Network
28-03-2022,392,394.9,379.6,380.8,271762,Tejas Network
29-03-2022,383,394,377.2,387.1,361800,Tejas Network
30-03-2022,394,406.5,388.9,406.5,238711,Tejas Network
31-03-2022,426.8,426.8,426.8,426.8,100322,Tejas Network
01-04-2022,448.1,448.1,448.1,448.1,66333,Tejas Network
04-04-2022,470.5,470.5,470.5,470.5,110532,Tejas Network
05-04-2022,494,494,475.7,494,884710,Tejas Network
06-04-2022,518.5,518.6,508.8,518.6,457740,Tejas Network
07-04-2022,543.9,544.5,515.1,543.8,3792660,Tejas Network
08-04-2022,557.5,570.9,550.1,560.8,2581769,Tejas Network
11-04-2022,569,569,532.8,532.8,1652852,Tejas Network
12-04-2022,523,526.4,506.2,506.2,1029996,Tejas Network
13-04-2022,499.1,519.8,486.9,492.3,1090752,Tejas Network
18-04-2022,490,494,467.7,467.7,786356,Tejas Network
19-04-2022,468,491,445.3,454.5,953499,Tejas Network
20-04-2022,458.8,477.2,456.7,475.7,565928,Tejas Network
21-04-2022,483,499.4,480.2,499.4,708546,Tejas Network
22-04-2022,499,521.8,488.1,505.1,999173,Tejas Network
25-04-2022,479.8,479.8,479.8,479.8,93209,Tejas Network
26-04-2022,465.1,503.8,455.9,503.8,2123263,Tejas Network
27-04-2022,500,506.3,481.6,489.2,877808,Tejas Network
28-04-2022,497.4,497.4,467.1,474.6,510657,Tejas Network
29-04-2022,478.4,490,466,470.3,617844,Tejas Network
02-05-2022,462,468.7,455.5,458.8,351137,Tejas Network
04-05-2022,462,474.4,440,444.9,485815,Tejas Network
05-05-2022,456.8,459.4,445.1,450.6,229954,Tejas Network
06-05-2022,441,455,434,438.3,388083,Tejas Network
09-05-2022,437.9,437.9,421,425.6,309610,Tejas Network
10-05-2022,425.6,440.5,411.1,417.4,301762,Tejas Network
11-05-2022,419,424.9,396.6,401.2,746650,Tejas Network
12-05-2022,400,406.8,385.1,392,382960,Tejas Network
13-05-2022,401,411.6,398.4,403.3,378239,Tejas Network
16-05-2022,405,413.9,398.4,407.4,231450,Tejas Network
17-05-2022,413.9,427.7,410.8,427.7,257955,Tejas Network
18-05-2022,437,449.1,430,448.6,531710,Tejas Network
19-05-2022,427,445.4,426.2,430.8,550958,Tejas Network
20-05-2022,442,449.8,435.8,439.4,228961,Tejas Network
23-05-2022,442.4,450,425.6,430.6,189717,Tejas Network
24-05-2022,432.1,437,411.5,419.8,178259,Tejas Network
25-05-2022,420,426,400,402.1,298111,Tejas Network
26-05-2022,409.4,422.2,385.1,419.1,367766,Tejas Network
27-05-2022,435,435,418.9,424.7,184289,Tejas Network
30-05-2022,431,442.9,429,433.6,188548,Tejas Network
31-05-2022,434.2,447,423.4,428.3,247287,Tejas Network
01-06-2022,434,449.7,429.3,449.7,326844,Tejas Network
02-06-2022,447.7,472.2,443.1,472.1,595473,Tejas Network
03-06-2022,475,479,454,459.3,398726,Tejas Network
06-06-2022,457,474.3,450.6,469.1,344252,Tejas Network
07-06-2022,471,472.8,455.1,458.4,331676,Tejas Network
08-06-2022,460,469,451.1,452.7,232388,Tejas Network
09-06-2022,451.5,465,450.3,461,255395,Tejas Network
10-06-2022,455.1,458.3,451.6,452.7,144497,Tejas Network
13-06-2022,443,443,429.6,430.9,238294,Tejas Network
14-06-2022,433,456,432,445.4,319927,Tejas Network
15-06-2022,448.9,458.5,445,449.8,320822,Tejas Network
16-06-2022,458,459,425.3,428.7,339391,Tejas Network
17-06-2022,428,428,417.3,420.7,319776,Tejas Network
20-06-2022,421.8,424.8,404.1,419.1,244717,Tejas Network
21-06-2022,425.9,437.6,421,430,226957,Tejas Network
22-06-2022,429.6,440.8,420.5,425.1,157799,Tejas Network
23-06-2022,429,436,424.1,430.9,137940,Tejas Network
24-06-2022,437.9,445,431.3,440.7,188191,Tejas Network
27-06-2022,447,452.6,440,441.4,125507,Tejas Network
28-06-2022,445.5,445.5,437,440.7,82866,Tejas Network
29-06-2022,440.1,479.9,436.7,458,1019235,Tejas Network
30-06-2022,472,476.4,444.6,450.9,385722,Tejas Network
01-07-2022,449.5,449.6,440.5,447.1,137997,Tejas Network
04-07-2022,450,454.9,439.3,444.1,161460,Tejas Network
05-07-2022,447,459.6,445,449.2,288657,Tejas Network
06-07-2022,454.9,458.9,440.3,446.4,346660,Tejas Network
07-07-2022,451,453,440,447,170879,Tejas Network
08-07-2022,449.5,456.4,446,448.1,151814,Tejas Network
11-07-2022,450.5,464,447.8,459,186932,Tejas Network
12-07-2022,465,504.8,463.9,487.3,2084986,Tejas Network
13-07-2022,486.4,493.9,476,480.9,509989,Tejas Network
14-07-2022,480.9,480.9,460.1,466,311979,Tejas Network
15-07-2022,468,478.8,466.2,472.8,249883,Tejas Network
18-07-2022,477,484.2,474,476.2,391565,Tejas Network
19-07-2022,477,497.4,472.1,489.8,536839,Tejas Network
20-07-2022,495,501.3,488.1,491.2,371444,Tejas Network
21-07-2022,495,502.7,485.2,495.7,397604,Tejas Network
22-07-2022,500.9,501.9,478,480.1,332177,Tejas Network
25-07-2022,480,481.5,467.6,472.8,272099,Tejas Network
26-07-2022,460.6,487.8,460.6,465,666207,Tejas Network
27-07-2022,469.9,474.9,466,470.4,177320,Tejas Network
28-07-2022,477.9,477.9,468.1,471.5,191292,Tejas Network
29-07-2022,475.7,479,465.7,469.6,286851,Tejas Network
01-08-2022,475,484.9,472.9,475.5,331912,Tejas Network
02-08-2022,479,511.6,476.4,496.3,1150776,Tejas Network
03-08-2022,496.3,515,475.6,509.3,1138599,Tejas Network
04-08-2022,520,524.8,488,497.8,816167,Tejas Network
05-08-2022,499.2,514.5,495.1,497.9,475461,Tejas Network
08-08-2022,495,500,480,485.2,294774,Tejas Network
10-08-2022,486,493.7,473,476.6,304895,Tejas Network
11-08-2022,480,484,471.4,473.3,252653,Tejas Network
12-08-2022,475.3,477.5,465.6,466.8,294051,Tejas Network
16-08-2022,467.1,488.8,467.1,484,384417,Tejas Network
17-08-2022,485.5,497,479.8,482.9,466390,Tejas Network
18-08-2022,481,494.3,480.5,482.6,327722,Tejas Network
19-08-2022,482.6,501,476.3,488.5,1174029,Tejas Network
22-08-2022,492,500,488.5,493.3,1001704,Tejas Network
23-08-2022,492.3,500,485.5,494.5,599959,Tejas Network
24-08-2022,498,543.2,496.2,524.8,4019994,Tejas Network
25-08-2022,530,533.4,518.1,525.5,1002707,Tejas Network
26-08-2022,529.8,550,529,546.1,1932460,Tejas Network
29-08-2022,526,646,526,609.6,8414978,Tejas Network
30-08-2022,616.7,648,606.9,615.7,3949656,Tejas Network
01-09-2022,614,673.1,611,657.4,4036931,Tejas Network
02-09-2022,670,681.8,642,654.4,2946685,Tejas Network
05-09-2022,657.7,670,641,653.7,1220760,Tejas Network
06-09-2022,658,658,615.1,625.4,1037964,Tejas Network
07-09-2022,618,646.7,617.7,640.7,646613,Tejas Network
08-09-2022,644.9,648,630.3,633.1,474055,Tejas Network
09-09-2022,637.5,638.4,623.7,625.2,373678,Tejas Network
13-09-2022,630.1,632.9,616,619.8,665984,Tejas Network
14-09-2022,610,629.5,605,615,663151,Tejas Network
15-09-2022,620.1,642,620,633.3,1206607,Tejas Network
16-09-2022,632.9,644,605.4,610.3,2033932,Tejas Network
19-09-2022,612.6,617,588.1,594.3,589967,Tejas Network
20-09-2022,600,629,596.9,620.2,819134,Tejas Network
21-09-2022,623,649.9,622,633.9,1301792,Tejas Network
22-09-2022,635,649.4,628,641,1262511,Tejas Network
23-09-2022,642,647,612.2,617.5,830003,Tejas Network
26-09-2022,609.1,609.8,586.2,598,662355,Tejas Network
27-09-2022,604,628,601.1,622.3,595016,Tejas Network
28-09-2022,619.9,681.9,614.4,651.1,4115818,Tejas Network
29-09-2022,663.5,674,635.6,661.7,1389583,Tejas Network
30-09-2022,673.2,697.2,663.2,674,3345776,Tejas Network
03-10-2022,682.3,699.3,677.3,683.4,1979260,Tejas Network
04-10-2022,690.3,697.4,672,678.8,722760,Tejas Network
06-10-2022,680.9,724.5,672.1,707,2622114,Tejas Network
07-10-2022,710.8,743.7,708.8,738.3,3056704,Tejas Network
10-10-2022,733.9,773,730.3,759.7,2262104,Tejas Network
11-10-2022,764.5,767.7,710.1,716.9,1365697,Tejas Network
12-10-2022,719.5,731.8,698,714.9,1157131,Tejas Network
13-10-2022,717.4,730,705.1,719.7,904838,Tejas Network
14-10-2022,730,737.5,708.2,712.3,615327,Tejas Network
17-10-2022,712,714.8,687.3,694.6,517183,Tejas Network
18-10-2022,698.1,717,695.1,711.1,614481,Tejas Network
19-10-2022,715.7,715.7,691.2,695.5,432462,Tejas Network
20-10-2022,693,709.4,685,690.8,462625,Tejas Network
21-10-2022,691.1,702.3,651.2,658.2,566629,Tejas Network
25-10-2022,697.8,697.8,666.7,673.1,544911,Tejas Network
27-10-2022,675,693.8,662.5,688.4,562887,Tejas Network
28-10-2022,691.1,691.8,670.8,677.4,432664,Tejas Network
31-10-2022,680.9,698.9,674.5,686.2,590118,Tejas Network
01-11-2022,689.9,695.5,677.7,681.5,424884,Tejas Network
02-11-2022,683.8,692.4,680.4,684,494922,Tejas Network
03-11-2022,681.9,697.2,643.6,654.7,812825,Tejas Network
04-11-2022,658,665.2,638.6,644.4,546857,Tejas Network
07-11-2022,649,657,632.1,645.1,537521,Tejas Network
09-11-2022,657.7,657.7,611.5,615.9,842955,Tejas Network
10-11-2022,640,644.7,620.3,634.5,762263,Tejas Network
11-11-2022,644.9,645,626.9,631.1,449100,Tejas Network
14-11-2022,634.2,634.2,612.4,623.1,341344,Tejas Network
15-11-2022,625.7,633.4,618,630.7,371515,Tejas Network
16-11-2022,631,662.2,628,644.5,1114829,Tejas Network
17-11-2022,644,647.1,630,632.9,291067,Tejas Network
18-11-2022,632.5,637.2,625.2,632.7,600224,Tejas Network
21-11-2022,629,630,613.9,616.4,284656,Tejas Network
22-11-2022,616.4,616.4,591.2,604.8,698093,Tejas Network
23-11-2022,607.8,618.8,596.1,603.8,587006,Tejas Network
24-11-2022,607.8,620.8,596.2,618.1,986891,Tejas Network
25-11-2022,624,639.7,617.3,633.7,935013,Tejas Network
28-11-2022,630,642,624.5,636.7,512009,Tejas Network
29-11-2022,634.7,635.5,615.1,619.9,437652,Tejas Network
30-11-2022,623,662.8,614.4,656.4,1371076,Tejas Network
01-12-2022,656.5,677.6,645.6,662.1,1261660,Tejas Network
02-12-2022,660.9,668.7,638,641.3,597475,Tejas Network
05-12-2022,644.5,644.5,629.3,632.6,302144,Tejas Network
06-12-2022,630,648.7,625,641.1,440423,Tejas Network
07-12-2022,642,642,623.3,626.4,277621,Tejas Network
08-12-2022,627,643.1,624.4,633.4,345614,Tejas Network
09-12-2022,635.9,639.2,618,620.5,305009,Tejas Network
12-12-2022,623.3,626.8,609.9,613.4,346979,Tejas Network
13-12-2022,620.7,642,614,639.8,919314,Tejas Network
14-12-2022,644,644.8,625,628.2,300779,Tejas Network
15-12-2022,630,636.5,620,623.1,253744,Tejas Network
16-12-2022,624.7,631.8,618,623.4,325856,Tejas Network
19-12-2022,625.9,630.4,620,621.8,157023,Tejas Network
20-12-2022,624,628,610.1,619.1,317338,Tejas Network
21-12-2022,622.2,629,590,595.7,366965,Tejas Network
22-12-2022,600,607.6,563,567.6,611161,Tejas Network
23-12-2022,552,559.9,517.7,524.4,691776,Tejas Network
26-12-2022,529,569.7,516.7,560.6,659012,Tejas Network
27-12-2022,563.5,585.9,553.8,577,413757,Tejas Network
28-12-2022,579,594,575,578.8,350554,Tejas Network
29-12-2022,578,578,565.1,568.6,186586,Tejas Network
30-12-2022,571.5,586.9,571.4,578.4,232859,Tejas Network
02-01-2023,581.3,612.4,575.1,606.4,519134,Tejas Network
03-01-2023,606.1,614.4,596.6,601.8,327940,Tejas Network
04-01-2023,603.6,605.7,586,593.8,208262,Tejas Network
05-01-2023,596,601.1,587.3,590.4,177767,Tejas Network
06-01-2023,591.8,593.7,580,582.4,153763,Tejas Network
09-01-2023,585.3,608.8,585.3,604.2,371873,Tejas Network
10-01-2023,607,615,595,600.4,449846,Tejas Network
11-01-2023,603.4,609.6,567,572.5,546826,Tejas Network
12-01-2023,574,581.8,556,561.3,417646,Tejas Network
13-01-2023,565,578,563.5,573.5,251474,Tejas Network
16-01-2023,576,586.7,560.1,564.4,254633,Tejas Network
17-01-2023,568,571,556,558.2,310608,Tejas Network
18-01-2023,561,565.8,556.9,560.9,311125,Tejas Network
19-01-2023,561,564.1,551.9,553.2,292757,Tejas Network
20-01-2023,556.4,556.4,539.1,542.7,381514,Tejas Network
23-01-2023,544.2,547.8,538,539.1,240172,Tejas Network
24-01-2023,536.7,557.3,535.9,540.3,377950,Tejas Network
25-01-2023,541.7,543.7,529.5,535.8,249910,Tejas Network
27-01-2023,538.5,541.1,511,518.6,349242,Tejas Network
30-01-2023,520.6,541,510,535.4,402524,Tejas Network
31-01-2023,540,570,539.4,566.7,377553,Tejas Network
01-02-2023,573,585.9,533.7,545.5,408786,Tejas Network
02-02-2023,547.4,563.5,525.6,543.3,209296,Tejas Network
03-02-2023,548.7,553.9,536.9,550.3,203266,Tejas Network
06-02-2023,551.9,559.9,541,546.6,267646,Tejas Network
07-02-2023,554.9,571.7,548,554.5,670966,Tejas Network
08-02-2023,553,556.9,542.6,544.8,201792,Tejas Network
09-02-2023,545.4,548.9,535.1,541.9,145316,Tejas Network
10-02-2023,540.1,553.8,540.1,542.5,172934,Tejas Network
13-02-2023,545.2,545.2,533,540.8,179356,Tejas Network
14-02-2023,542.7,544,535,536.1,89162,Tejas Network
15-02-2023,541.1,605,538.3,590.3,3108974,Tejas Network
16-02-2023,597,643.6,597,638.2,4056757,Tejas Network
17-02-2023,631.1,634.7,608.5,611.7,1361402,Tejas Network
20-02-2023,614.4,617,596.3,602,930767,Tejas Network
21-02-2023,598,619.6,580.4,602.9,712635,Tejas Network
22-02-2023,606,622,593,597.5,1045113,Tejas Network
23-02-2023,601,605,558.8,561.7,943455,Tejas Network
24-02-2023,565,579.6,552,573.8,847750,Tejas Network
27-02-2023,575.2,575.3,550,553.3,464995,Tejas Network
28-02-2023,557.4,569,545.5,559.3,471611,Tejas Network
01-03-2023,560,575,556.2,570.1,460969,Tejas Network
02-03-2023,569.1,574,562.3,564.6,250866,Tejas Network
03-03-2023,566.2,579.9,564.9,575.9,477744,Tejas Network
06-03-2023,578.8,619.6,576.2,614,1194308,Tejas Network
08-03-2023,610.1,632.9,602.2,627.8,892917,Tejas Network
09-03-2023,629.2,640.5,624.5,631.1,670853,Tejas Network
10-03-2023,626.8,639.3,616.6,631.7,609879,Tejas Network
13-03-2023,632,636,586.3,591.4,669067,Tejas Network
14-03-2023,594.4,600.4,577,586.8,414450,Tejas Network
15-03-2023,595.5,602.6,580.1,581.6,336577,Tejas Network
16-03-2023,582,594.7,567,584.7,425599,Tejas Network
17-03-2023,589,599.9,578.8,595.7,341051,Tejas Network
20-03-2023,578,596.8,578,585.3,268255,Tejas Network
21-03-2023,588.5,594.5,579.1,582.1,248428,Tejas Network
22-03-2023,585,596.3,582.9,590.5,282030,Tejas Network
23-03-2023,591,613.3,587.7,590.5,540841,Tejas Network
24-03-2023,593.5,597.7,575,577.3,266761,Tejas Network
27-03-2023,577.3,579.4,565.1,567.3,208189,Tejas Network
28-03-2023,569.8,578.7,566.9,569.1,205849,Tejas Network
29-03-2023,569.1,575.3,565.7,569.3,301708,Tejas Network
31-03-2023,575.4,584.4,574.4,580.8,305747,Tejas Network
03-04-2023,590.1,617.5,590.1,608,951494,Tejas Network
05-04-2023,612.8,634,612,623.2,814950,Tejas Network
06-04-2023,623.2,631.8,607.8,614,379395,Tejas Network
10-04-2023,617.3,622.7,607,610.7,190663,Tejas Network
11-04-2023,612,626.2,612,616.2,371347,Tejas Network
12-04-2023,616,656,615,621.1,2107502,Tejas Network
13-04-2023,624.3,647,622.9,640.5,845113,Tejas Network
17-04-2023,645,658.4,631.1,648,821989,Tejas Network
18-04-2023,650.5,659.1,633,637.1,506070,Tejas Network
19-04-2023,639,642.5,620.4,623.1,300814,Tejas Network
20-04-2023,626,640.6,626,635.4,347530,Tejas Network
21-04-2023,638.6,644,625,633.4,393078,Tejas Network
24-04-2023,634,641.9,618.9,635.9,865621,Tejas Network
25-04-2023,637,647.3,626,630.4,465168,Tejas Network
26-04-2023,633.4,641,626.7,629.4,316308,Tejas Network
27-04-2023,629.4,637,627.7,629.9,248189,Tejas Network
28-04-2023,655,684,652.1,658.7,4529463,Tejas Network
02-05-2023,660.1,665,642.6,650.1,604393,Tejas Network
03-05-2023,645,653.8,631.4,633.7,499701,Tejas Network
04-05-2023,637,639.7,630.6,632.9,427105,Tejas Network
05-05-2023,634.5,646,618,637.2,591823,Tejas Network
08-05-2023,641,670,640,664.5,1076488,Tejas Network
09-05-2023,684,689.3,665.9,673.4,1311289,Tejas Network
10-05-2023,674.7,688,667,676.5,594648,Tejas Network
11-05-2023,679,683,662.2,670.9,445709,Tejas Network
12-05-2023,670.8,686.6,662.4,669.7,686644,Tejas Network
15-05-2023,671.6,675,663.2,667.2,262333,Tejas Network
16-05-2023,669.8,673.6,655,659.2,247949,Tejas Network
17-05-2023,659.2,669.2,655.6,661.3,347050,Tejas Network
18-05-2023,663,668.6,643.4,650,272884,Tejas Network
19-05-2023,650.2,655,639.1,642.8,310324,Tejas Network
22-05-2023,670,674.5,646,649.8,526882,Tejas Network
23-05-2023,657.7,674.7,648.7,651.7,710451,Tejas Network
24-05-2023,648,659.3,640.6,644.8,233573,Tejas Network
25-05-2023,646,679.3,643,674.9,943156,Tejas Network
26-05-2023,678,684.3,671,674.1,778178,Tejas Network
29-05-2023,678,680.1,666,671.5,335363,Tejas Network
30-05-2023,670,672,665,667,210660,Tejas Network
31-05-2023,666,702,662.6,697,1213321,Tejas Network
01-06-2023,704,714.3,691,698.8,794832,Tejas Network
02-06-2023,699.4,710,694.4,698.1,337422,Tejas Network
05-06-2023,704,705.2,690.4,692.9,238084,Tejas Network
06-06-2023,697.2,715,684,702.4,568347,Tejas Network
07-06-2023,708,731.7,696,721.2,1267941,Tejas Network
08-06-2023,726,728.7,702.1,709.7,500702,Tejas Network
09-06-2023,710,720.9,702.2,716.2,439960,Tejas Network
12-06-2023,719.9,719.9,709,710.8,204266,Tejas Network
13-06-2023,720,727,710.1,714.5,711780,Tejas Network
14-06-2023,720,721,711,714.3,264168,Tejas Network
15-06-2023,713,718.7,704.2,705.9,216582,Tejas Network
16-06-2023,709,717.6,706,710,256425,Tejas Network
19-06-2023,715,719.5,709.5,711.1,264323,Tejas Network
20-06-2023,714,759.8,709,754.5,1694070,Tejas Network
21-06-2023,751.9,773.9,739.5,758.2,1258868,Tejas Network
22-06-2023,752,757.4,737.5,742.6,447426,Tejas Network
23-06-2023,744.8,744.8,725.3,729,303642,Tejas Network
26-06-2023,728.8,732.1,718.1,721.4,237902,Tejas Network
27-06-2023,730,736.1,721.5,723.7,276651,Tejas Network
28-06-2023,725.9,735,723.1,725.3,251047,Tejas Network
30-06-2023,729.9,737.9,721.7,724.2,325616,Tejas Network
03-07-2023,730,735,715,719.1,267718,Tejas Network
04-07-2023,720.5,728.9,711.6,714.2,309278,Tejas Network
05-07-2023,712,717,707.8,710.9,207147,Tejas Network
06-07-2023,712.6,726.3,709,719.6,277261,Tejas Network
07-07-2023,720,723,707.2,709.5,285598,Tejas Network
10-07-2023,713,717.4,702.5,703.9,179343,Tejas Network
11-07-2023,705.1,750,704.5,741.5,1020094,Tejas Network
12-07-2023,748.3,750,735,737.3,537028,Tejas Network
13-07-2023,742,864.2,739,820.2,10946162,Tejas Network
14-07-2023,829.5,880,826.2,858.9,6059492,Tejas Network
17-07-2023,863,864,831,835.3,997802,Tejas Network
18-07-2023,839.7,847.9,806.9,812.4,840706,Tejas Network
19-07-2023,816.5,889,807,871.4,4316635,Tejas Network
20-07-2023,876,893.3,850,856.9,2235577,Tejas Network
21-07-2023,854.5,861.5,832.7,845.3,730964,Tejas Network
24-07-2023,800,822,768.1,776.6,2433966,Tejas Network
25-07-2023,776.7,804.7,776.1,780.5,1050857,Tejas Network
26-07-2023,786,796,777,783.2,373057,Tejas Network
27-07-2023,791.2,842.2,786.6,823.8,2640344,Tejas Network
28-07-2023,823.8,832.8,815.1,827.6,664582,Tejas Network
31-07-2023,827.6,842.5,814.4,819.2,579633,Tejas Network
01-08-2023,821.6,827,804.5,808.4,504760,Tejas Network
02-08-2023,808.4,824,795.7,812.2,572712,Tejas Network
03-08-2023,813.5,817.2,800,804.6,320972,Tejas Network
04-08-2023,805.4,827,804.6,809.9,429549,Tejas Network
07-08-2023,816.5,867.7,812.1,832.5,1925899,Tejas Network
08-08-2023,838,855.9,825.1,833.6,609556,Tejas Network
09-08-2023,836.8,838.6,820,821.3,313106,Tejas Network
10-08-2023,824.5,827.9,815.6,819.7,289047,Tejas Network
11-08-2023,822.9,825.5,812.8,814.8,288023,Tejas Network
14-08-2023,812.1,827.7,797,813.3,657463,Tejas Network
16-08-2023,866,870,839.1,843,1861165,Tejas Network
17-08-2023,867,867,848.1,853.2,1019278,Tejas Network
18-08-2023,855,855.5,838,843.9,539404,Tejas Network
21-08-2023,848,852.5,834.1,838.2,393894,Tejas Network
22-08-2023,838.2,865,836.6,846.7,1026895,Tejas Network
23-08-2023,849.8,857,846.1,848.9,372654,Tejas Network
24-08-2023,855.1,861.3,831.6,841.2,367668,Tejas Network
25-08-2023,835,860,831.3,846.9,909083,Tejas Network
28-08-2023,856.5,856.9,835.3,839.3,357357,Tejas Network
29-08-2023,841,847.7,825,828.7,257126,Tejas Network
30-08-2023,832.1,852,825.3,835.4,594113,Tejas Network
31-08-2023,840,875,837.9,871.1,2620822,Tejas Network
01-09-2023,877.7,887.9,852,854.9,785210,Tejas Network
04-09-2023,861.9,914.9,850.4,902.9,3532795,Tejas Network
05-09-2023,909,913.2,883.4,888.4,926051,Tejas Network
06-09-2023,893,900.5,883,887.4,498152,Tejas Network
07-09-2023,888.4,903,888,893.4,527978,Tejas Network
08-09-2023,925.1,934.9,889.1,894.2,1650349,Tejas Network
11-09-2023,899.1,922,895,900,1263667,Tejas Network
12-09-2023,904,908.8,852.5,858.1,827127,Tejas Network
13-09-2023,860,879.2,839,865.9,612047,Tejas Network
14-09-2023,871.8,877.5,860.8,864.5,317765,Tejas Network
15-09-2023,869,869.2,852,857.5,594819,Tejas Network
18-09-2023,859.3,864.4,850.3,851.7,222672,Tejas Network
20-09-2023,849,858,840,843.2,243480,Tejas Network
21-09-2023,843.1,850,820,824.5,378565,Tejas Network
22-09-2023,826.5,838.7,823.7,826.5,213813,Tejas Network
25-09-2023,829.5,841.2,824.1,830.1,197454,Tejas Network
26-09-2023,830.6,848.6,830.6,839.1,191138,Tejas Network
27-09-2023,840.5,870.4,840,856.1,383878,Tejas Network
28-09-2023,858.5,867,841.4,857.9,263010,Tejas Network
29-09-2023,861.2,886.9,852.5,875.4,589120,Tejas Network
03-10-2023,878.2,915,874.7,892.9,946573,Tejas Network
04-10-2023,898.5,906,881.7,889.5,472933,Tejas Network
05-10-2023,897.6,908.6,883,888.5,279455,Tejas Network
06-10-2023,893,912,890.3,896.4,494554,Tejas Network
09-10-2023,888,888,865.1,868.9,491694,Tejas Network
10-10-2023,874,883,867.3,878.9,279236,Tejas Network
11-10-2023,883,890,876.3,880.5,308233,Tejas Network
12-10-2023,882,892.8,874,884.6,226026,Tejas Network
13-10-2023,881,892.4,868.7,871.2,251588,Tejas Network
16-10-2023,873,881.2,865.5,869.6,148258,Tejas Network
17-10-2023,875.4,884.9,870,876.4,205888,Tejas Network
18-10-2023,886,940,872,878.6,2310061,Tejas Network
19-10-2023,880.6,904.9,880.6,889.5,593070,Tejas Network
20-10-2023,898,906.9,881.5,885.2,380395,Tejas Network
23-10-2023,883.3,885,822,828,661486,Tejas Network
25-10-2023,875,875,836,845.5,822871,Tejas Network
26-10-2023,845.6,860,811.2,855.7,574465,Tejas Network
27-10-2023,860,876,851.6,856.7,332556,Tejas Network
30-10-2023,860.9,869.5,853,864.5,213885,Tejas Network
31-10-2023,866.6,875.4,850.3,857.1,222810,Tejas Network
01-11-2023,856.9,863.1,840.3,847.1,151490,Tejas Network
02-11-2023,852,859.6,841,843.5,221039,Tejas Network
03-11-2023,851,854.8,838.2,844.4,155517,Tejas Network
06-11-2023,850.1,855,845.1,848.5,165481,Tejas Network
07-11-2023,850,853.5,846.9,848.7,107363,Tejas Network
08-11-2023,850,855.7,846,847.9,168223,Tejas Network
09-11-2023,850,853.8,838.1,841.4,134395,Tejas Network
10-11-2023,841.6,848.6,837.3,843.5,108889,Tejas Network
13-11-2023,851,852,838.6,840.6,121941,Tejas Network
15-11-2023,844.5,848,833,841.3,230827,Tejas Network
16-11-2023,841,853,833.2,836.9,218519,Tejas Network
17-11-2023,837,845.7,831,833.6,216367,Tejas Network
20-11-2023,838,847.7,825.1,827.7,244484,Tejas Network
21-11-2023,827,836,819,824.3,268947,Tejas Network
22-11-2023,824.1,829,807.6,814.5,214764,Tejas Network
23-11-2023,814.5,828.1,814.5,821.8,150065,Tejas Network
24-11-2023,827,829.8,806.1,813.1,187390,Tejas Network
28-11-2023,814,818,800,802.5,330282,Tejas Network
29-11-2023,806.7,809,796.1,798.6,244432,Tejas Network
30-11-2023,799.9,801,778.1,797.3,449896,Tejas Network
01-12-2023,800,826.5,800,811.9,539520,Tejas Network
04-12-2023,817.5,839.9,817.5,827.5,389151,Tejas Network
05-12-2023,830,840.7,818.2,822.2,274865,Tejas Network
06-12-2023,825,830,813.9,818.3,197740,Tejas Network
07-12-2023,821.9,840,813.1,831.7,458940,Tejas Network
08-12-2023,831,847,827.5,832.9,834617,Tejas Network
11-12-2023,837.9,837.9,807,815.2,351338,Tejas Network
12-12-2023,817,841.3,810,816.3,539617,Tejas Network
13-12-2023,821,829.9,814.8,820.3,248474,Tejas Network
14-12-2023,823.6,828,812.6,817.1,280781,Tejas Network
15-12-2023,820,826,815,818.8,225186,Tejas Network
18-12-2023,822,841,818,837.9,542808,Tejas Network
19-12-2023,844,845.8,824,827.4,226482,Tejas Network
20-12-2023,834,872,825.7,830.2,1841455,Tejas Network
21-12-2023,832,852,821,847.2,475730,Tejas Network
22-12-2023,857,873,845.4,853.7,644252,Tejas Network
26-12-2023,859,868.3,849,855.5,313304,Tejas Network
27-12-2023,873,888,863,866.1,872886,Tejas Network
28-12-2023,872,875.5,859.1,862.1,259360,Tejas Network
29-12-2023,866,881,857.1,869.7,333938,Tejas Network
01-01-2024,875,888,870.3,872.9,344732,Tejas Network
02-01-2024,878,878.4,853.6,861.9,232960,Tejas Network
03-01-2024,860,861.9,847,852.8,149854,Tejas Network
04-01-2024,858,864.5,844,857.6,216393,Tejas Network
05-01-2024,864.3,871.1,856.7,865.7,163698,Tejas Network
08-01-2024,872,880,858.9,869.7,400279,Tejas Network
09-01-2024,875,878.1,860,862,276088,Tejas Network
10-01-2024,868,868,854.1,863.9,245573,Tejas Network
11-01-2024,868,868,856,859.4,239182,Tejas Network
12-01-2024,863,865.5,855.6,860.5,289237,Tejas Network
15-01-2024,864.3,864.3,855.1,857.3,175759,Tejas Network
16-01-2024,857.9,862,846,849.5,263006,Tejas Network
17-01-2024,842,859.6,836.5,854.4,240720,Tejas Network
18-01-2024,850.1,856,830.1,848.6,239074,Tejas Network
19-01-2024,852,869,845.4,861.9,487198,Tejas Network
23-01-2024,811,820,738,743.5,1102690,Tejas Network
24-01-2024,743,788,742.7,785.5,647200,Tejas Network
25-01-2024,785.5,795.2,770,771.2,228693,Tejas Network
29-01-2024,776,780.7,754,755.8,416407,Tejas Network
30-01-2024,760,767.9,745,748.2,256951,Tejas Network
31-01-2024,753,789.2,750,785.5,802067,Tejas Network
01-02-2024,793,795.8,767.6,770.6,273159,Tejas Network
02-02-2024,776.7,789.2,765.1,768.7,225298,Tejas Network
05-02-2024,765,767,745.2,753.5,316779,Tejas Network
06-02-2024,753.5,762.2,750,759.3,172382,Tejas Network
07-02-2024,765,776,759.3,762.4,259273,Tejas Network
08-02-2024,766.9,768.4,745.1,748,234438,Tejas Network
09-02-2024,753,756,725.5,727.4,351796,Tejas Network
12-02-2024,730.2,732.5,685,689.2,512249,Tejas Network
13-02-2024,689.3,702,652.9,682.8,531549,Tejas Network
14-02-2024,675,722,665,709.6,857157,Tejas Network
15-02-2024,716,756,705.3,738.5,1213598,Tejas Network
16-02-2024,740.8,754.8,719.9,748.6,521608,Tejas Network
19-02-2024,748,759,734.4,740.5,344892,Tejas Network
20-02-2024,740.5,750,734.5,737.8,234954,Tejas Network
21-02-2024,743,758,737.5,750.5,561452,Tejas Network
22-02-2024,755,760,744.6,750.9,240065,Tejas Network
23-02-2024,755,770,747.3,752.1,339720,Tejas Network
26-02-2024,758,758,733.3,745.2,221761,Tejas Network
27-02-2024,749,751.5,730.1,733.2,156317,Tejas Network
28-02-2024,736.5,763.8,734,750.4,545493,Tejas Network
29-02-2024,750.4,759.8,737.3,746.7,289180,Tejas Network
01-03-2024,751.7,760,746,748.7,170601,Tejas Network
04-03-2024,759.8,765,748.2,757.7,212063,Tejas Network
05-03-2024,758.1,762.3,738.7,744.6,197592,Tejas Network
06-03-2024,740.1,745.5,719.5,728.8,262008,Tejas Network
07-03-2024,730.8,779,726.1,766.2,855222,Tejas Network
11-03-2024,770,770,730,731,355481,Tejas Network
12-03-2024,736.9,736.9,705,710.9,373928,Tejas Network
13-03-2024,705,721,667.4,672.9,708244,Tejas Network
14-03-2024,680,710,674.6,705.8,421341,Tejas Network
15-03-2024,705,717.3,694.4,714.5,254335,Tejas Network
18-03-2024,715,718.9,704,706.8,129565,Tejas Network
19-03-2024,706.8,710,690.9,692.7,169622,Tejas Network
20-03-2024,692.7,699,678.1,684.7,207470,Tejas Network
21-03-2024,690,700.5,688,692.8,218580,Tejas Network
22-03-2024,688,693.8,683,687,201522,Tejas Network
26-03-2024,693,698.9,670,673,361260,Tejas Network
27-03-2024,678,683.7,655,661.1,431174,Tejas Network
28-03-2024,667,672,651.3,656.4,352077,Tejas Network
01-04-2024,669,735,664.5,728.5,1476636,Tejas Network
02-04-2024,731,767,720.6,757.7,712390,Tejas Network
03-04-2024,753,767,741.5,754.2,497885,Tejas Network
04-04-2024,754.8,788.3,750.5,774.7,950378,Tejas Network
05-04-2024,779.1,779.1,762.3,767.5,266541,Tejas Network
08-04-2024,805,820,791,799.3,1946173,Tejas Network
09-04-2024,800,832.5,792.4,805.8,1035654,Tejas Network
10-04-2024,805,816.2,797.6,803.3,349517,Tejas Network
12-04-2024,805,812,778.2,784,464988,Tejas Network
15-04-2024,768,789.8,750.6,766.8,462234,Tejas Network
16-04-2024,763.5,816.1,761.3,794.2,1275586,Tejas Network
18-04-2024,794.1,812,790.4,796.3,505641,Tejas Network
19-04-2024,795,795,771.1,775.6,263935,Tejas Network
22-04-2024,784.9,926.4,775,906.9,5248327,Tejas Network
23-04-2024,1005,1088.3,984.4,1088.3,11997709,Tejas Network
24-04-2024,1120,1135,1042,1069.1,4859643,Tejas Network
25-04-2024,1058.3,1083.9,1031,1045.4,1297451,Tejas Network
26-04-2024,1050,1054.3,1015.1,1028,1075204,Tejas Network
29-04-2024,1040,1125.9,1040,1117.5,3097957,Tejas Network
30-04-2024,1124.4,1183.4,1100.2,1144.4,1915080,Tejas Network
02-05-2024,1146.9,1150.4,1100,1111.7,839918,Tejas Network
03-05-2024,1119,1132.7,1080,1090.5,525053,Tejas Network
06-05-2024,1094.1,1119,1052.5,1071.6,986071,Tejas Network
07-05-2024,1072.4,1126,1034,1109.3,1324712,Tejas Network
08-05-2024,1110,1128.5,1092.4,1118.3,997253,Tejas Network
09-05-2024,1123.4,1159.4,1070,1079.7,1039450,Tejas Network
10-05-2024,1066,1129.8,1066,1119.5,669890,Tejas Network
13-05-2024,1125,1219,1088.5,1199.9,1636036,Tejas Network
14-05-2024,1220,1220,1183.3,1195.6,650236,Tejas Network
15-05-2024,1201.6,1204.7,1153.1,1197.4,605340,Tejas Network
16-05-2024,1210,1246,1196.1,1202.4,907988,Tejas Network
17-05-2024,1220,1220.4,1198,1204.5,353657,Tejas Network
21-05-2024,1224,1224,1145,1155.1,579144,Tejas Network
22-05-2024,1161.9,1177,1130.1,1158.1,473691,Tejas Network
23-05-2024,1165,1199.3,1165,1169.5,363492,Tejas Network
24-05-2024,1180,1190,1151.1,1155.2,280170,Tejas Network
27-05-2024,1159.5,1191.2,1120.5,1160.1,413016,Tejas Network
28-05-2024,1164.3,1184,1130.1,1174.2,305055,Tejas Network
29-05-2024,1170,1209,1160,1176.9,373044,Tejas Network
30-05-2024,1178,1181.6,1125,1132.3,315946,Tejas Network
31-05-2024,1140,1153.9,1095.3,1114.4,601608,Tejas Network
03-06-2024,1200,1200,1127.7,1169.3,575443,Tejas Network
04-06-2024,1165,1166.8,1052.4,1053,1077030,Tejas Network
05-06-2024,1063.3,1142,1000.6,1126.1,831830,Tejas Network
06-06-2024,1159.9,1208,1132.8,1160.8,695857,Tejas Network
07-06-2024,1165.9,1305.3,1161.2,1284.9,2881936,Tejas Network
10-06-2024,1299.9,1308.3,1265,1285.9,1182423,Tejas Network
11-06-2024,1295,1414,1285.9,1370,4474175,Tejas Network
12-06-2024,1365,1375,1333.3,1364.4,1005427,Tejas Network
13-06-2024,1373.1,1409.9,1362,1371.1,995768,Tejas Network
14-06-2024,1375,1427.7,1353.1,1363.6,1297973,Tejas Network
18-06-2024,1372.7,1395,1355.6,1375.3,620403,Tejas Network
19-06-2024,1385,1480,1336,1429,2887326,Tejas Network
20-06-2024,1438.7,1480,1400.3,1418.4,1398687,Tejas Network
21-06-2024,1425.5,1437,1383.1,1414.8,855158,Tejas Network
24-06-2024,1414.5,1450,1389,1419.5,550055,Tejas Network
25-06-2024,1427.4,1440,1403.8,1411.5,553562,Tejas Network
26-06-2024,1414,1414,1386,1394.3,419607,Tejas Network
27-06-2024,1398,1495,1386.7,1432.2,2011442,Tejas Network
28-06-2024,1450,1459.7,1406,1413.1,502007,Tejas Network
01-07-2024,1420,1464,1408,1426.1,687721,Tejas Network
02-07-2024,1433,1475,1415,1435.7,798649,Tejas Network
03-07-2024,1436,1462.9,1436,1452.3,563259,Tejas Network
04-07-2024,1457.9,1462.8,1425.1,1432.8,386300,Tejas Network
05-07-2024,1440.9,1466.7,1416.5,1439.1,577794,Tejas Network
08-07-2024,1447.1,1470.7,1412,1422.4,429823,Tejas Network
09-07-2024,1431.8,1436.6,1358.5,1373.2,462852,Tejas Network
10-07-2024,1380.1,1393,1290.8,1375,640666,Tejas Network
11-07-2024,1380.8,1388.7,1350,1356.8,237230,Tejas Network
12-07-2024,1375.4,1440,1370.3,1412.4,686100,Tejas Network
15-07-2024,1435,1461.6,1411,1424.8,486931,Tejas Network
16-07-2024,1435,1439,1425,1427.5,262459,Tejas Network
18-07-2024,1440,1468.6,1410.3,1438,793445,Tejas Network
19-07-2024,1446,1458.5,1340.4,1405.2,709667,Tejas Network
22-07-2024,1385,1405.2,1305,1312.8,1541811,Tejas Network
23-07-2024,1321.9,1352,1221.3,1271.4,1259594,Tejas Network
24-07-2024,1293,1348,1293,1313.9,643293,Tejas Network
25-07-2024,1313.7,1325,1280,1294.6,443084,Tejas Network
26-07-2024,1302.7,1337,1292,1298.6,310710,Tejas Network
29-07-2024,1308.8,1328.8,1286,1288.2,300982,Tejas Network
30-07-2024,1293,1314.5,1286.2,1290.4,257883,Tejas Network
31-07-2024,1297,1299.2,1233.5,1240.5,468098,Tejas Network
01-08-2024,1255,1267.8,1222.6,1230.2,269538,Tejas Network
02-08-2024,1206,1226.4,1193.3,1203,364340,Tejas Network
05-08-2024,1140,1170,1106,1148.9,994759,Tejas Network
06-08-2024,1170,1210,1140,1151.1,438825,Tejas Network
07-08-2024,1191,1313,1165,1290.5,1798066,Tejas Network
08-08-2024,1300,1300,1230.7,1234.9,572206,Tejas Network
09-08-2024,1250.9,1265.4,1194,1204.9,433526,Tejas Network
12-08-2024,1195,1266,1180.1,1251.9,369160,Tejas Network
13-08-2024,1254.7,1276.5,1201.1,1206.1,282130,Tejas Network
14-08-2024,1209,1215.9,1190.2,1202.1,185810,Tejas Network
16-08-2024,1214.4,1239.9,1202.5,1206.4,170093,Tejas Network
19-08-2024,1215,1235.5,1212.1,1224.3,172700,Tejas Network
20-08-2024,1233.9,1270,1211.4,1263,391300,Tejas Network
21-08-2024,1270,1300,1252,1281.2,607597,Tejas Network
22-08-2024,1293.9,1320,1286.4,1306.6,595172,Tejas Network
23-08-2024,1315,1319.7,1281.1,1289,290446,Tejas Network
26-08-2024,1291,1297.5,1259.1,1266.9,201914,Tejas Network
27-08-2024,1265,1350,1243.5,1334.3,921965,Tejas Network
28-08-2024,1347,1350,1296.2,1312.9,421520,Tejas Network
29-08-2024,1293.7,1338,1282.7,1321.5,337644,Tejas Network
30-08-2024,1325,1345.9,1312,1318.2,484104,Tejas Network
02-09-2024,1340,1369,1318,1341.9,375869,Tejas Network
03-09-2024,1344.6,1349.6,1329.1,1333.4,188504,Tejas Network
04-09-2024,1319.8,1329,1299.2,1303.6,256208,Tejas Network
05-09-2024,1309.8,1344.3,1306.1,1338,292167,Tejas Network
06-09-2024,1338,1349,1312.7,1322.1,293323,Tejas Network
09-09-2024,1320,1323.1,1275,1286,260865,Tejas Network
10-09-2024,1295,1314,1280,1283.7,162178,Tejas Network
11-09-2024,1285,1290.7,1256.1,1266,161361,Tejas Network
12-09-2024,1260,1295.8,1257.2,1260.6,175453,Tejas Network
13-09-2024,1260,1294.5,1258.3,1279.3,281240,Tejas Network
16-09-2024,1295,1295,1265,1271.5,113508,Tejas Network
17-09-2024,1271,1275,1244,1257.5,153979,Tejas Network
18-09-2024,1250.5,1263,1213,1232.2,349138,Tejas Network
19-09-2024,1238.5,1276,1194,1238.8,317301,Tejas Network
20-09-2024,1243.1,1253.3,1215,1220.1,259089,Tejas Network
23-09-2024,1228,1273,1228,1234.3,382818,Tejas Network
24-09-2024,1246.2,1268.3,1227.4,1265.9,485231,Tejas Network
25-09-2024,1274,1284.9,1226,1230.2,249963,Tejas Network
26-09-2024,1230,1233,1206,1212.4,255357,Tejas Network
27-09-2024,1230.1,1237.9,1212,1214.1,220818,Tejas Network
30-09-2024,1215,1219,1188,1196.9,215802,Tejas Network
01-10-2024,1200,1211,1174.7,1183.5,218686,Tejas Network
03-10-2024,1175.5,1184.3,1148.5,1149.9,302046,Tejas Network
04-10-2024,1153.9,1207.8,1133.6,1189.8,754423,Tejas Network
07-10-2024,1193.6,1201.9,1105.3,1116.3,572714,Tejas Network
08-10-2024,1117,1194.7,1115.2,1190.8,387667,Tejas Network
09-10-2024,1190.1,1208.3,1171.8,1179.4,284098,Tejas Network
10-10-2024,1181.3,1234,1181.3,1188.6,441584,Tejas Network
11-10-2024,1190,1211.4,1185,1189.5,194451,Tejas Network
14-10-2024,1191.8,1220,1189,1202.7,184017,Tejas Network
15-10-2024,1206,1207.2,1182.6,1190,261016,Tejas Network
16-10-2024,1193.1,1197.9,1157,1163.7,263165,Tejas Network
17-10-2024,1149,1149,1119.2,1125.4,472418,Tejas Network
18-10-2024,1119.2,1218,1102.9,1187.7,2623188,Tejas Network
21-10-2024,1425.2,1425.2,1264.8,1318.6,13351392,Tejas Network
22-10-2024,1329.9,1350,1258.7,1269.6,3777121,Tejas Network
23-10-2024,1291,1367.4,1263.1,1323.6,3654004,Tejas Network
24-10-2024,1330,1340,1285,1290.8,1188858,Tejas Network
25-10-2024,1294.7,1299,1233.7,1259.4,1173813,Tejas Network
28-10-2024,1270,1284,1233.2,1250.4,1111472,Tejas Network
29-10-2024,1255.1,1267,1218,1243.8,826045,Tejas Network
30-10-2024,1243.8,1288.7,1235.1,1253.3,819020,Tejas Network
31-10-2024,1262,1348.8,1242.3,1341.9,1890864,Tejas Network
04-11-2024,1360.1,1360.1,1305,1314,1129423,Tejas Network
05-11-2024,1311.1,1338,1290,1308.7,857102,Tejas Network
06-11-2024,1326,1425,1310,1410.2,4557643,Tejas Network
07-11-2024,1420,1420,1362.2,1368.5,1175390,Tejas Network
08-11-2024,1378,1459.9,1341.3,1347.2,8137129,Tejas Network
11-11-2024,1350,1393.8,1319,1344.3,1947252,Tejas Network
12-11-2024,1355,1373,1292.1,1299.2,1352541,Tejas Network
13-11-2024,1289,1295.4,1235,1241.1,1394880,Tejas Network
14-11-2024,1250,1284.9,1237,1267.8,1074989,Tejas Network
18-11-2024,1274,1300,1235.1,1281.6,954541,Tejas Network
19-11-2024,1290,1336,1270.1,1285.3,1145402,Tejas Network
21-11-2024,1286.9,1290,1250.1,1268.3,748060,Tejas Network
22-11-2024,1280,1305,1269.2,1279.6,655790,Tejas Network
25-11-2024,1307.9,1325,1292.5,1300.9,723613,Tejas Network
26-11-2024,1310,1348.7,1303.3,1332.7,1036949,Tejas Network
27-11-2024,1339.9,1379,1324.8,1345.3,1030352,Tejas Network
28-11-2024,1349.9,1365,1315.3,1337.3,767623,Tejas Network
29-11-2024,1338,1347,1310,1320,596647,Tejas Network
02-12-2024,1318,1361.3,1307,1352.8,1071618,Tejas Network
03-12-2024,1360,1377.7,1325,1335.1,841391,Tejas Network
04-12-2024,1342,1357.1,1327.7,1341.4,637722,Tejas Network
05-12-2024,1380,1402.7,1330,1341.7,2200319,Tejas Network
06-12-2024,1347.8,1369.9,1335.3,1355,1132165,Tejas Network
09-12-2024,1361.4,1366.4,1332.2,1337.2,607764,Tejas Network
10-12-2024,1355,1374,1312.3,1320,1514204,Tejas Network
11-12-2024,1325,1345.9,1315.1,1318.2,531205,Tejas Network
12-12-2024,1324.9,1329,1284,1305.4,995691,Tejas Network
13-12-2024,1295,1339.7,1292,1327,995247,Tejas Network
16-12-2024,1327,1342.6,1305,1307.2,660663,Tejas Network
17-12-2024,1307.2,1307.2,1288,1290.3,568359,Tejas Network
18-12-2024,1291.8,1300.3,1251,1256,713683,Tejas Network
19-12-2024,1237,1267,1231.2,1254.8,473861,Tejas Network
20-12-2024,1256,1266.5,1212,1217.6,543547,Tejas Network
23-12-2024,1230,1238.7,1185,1187.8,625582,Tejas Network
24-12-2024,1194,1258.8,1192.8,1227.6,1960793,Tejas Network
26-12-2024,1227.8,1233.8,1198,1201.2,421406,Tejas Network
27-12-2024,1209.9,1223.7,1191.2,1199.6,379023,Tejas Network
30-12-2024,1193,1200.3,1171,1175.4,427556,Tejas Network
31-12-2024,1165,1194,1155,1185.7,435684,Tejas Network
01-01-2025,1173.5,1189,1169.4,1181.1,399734,Tejas Network
02-01-2025,1181.1,1219.9,1181,1212.9,556390,Tejas Network
03-01-2025,1200.6,1220,1192.9,1195.6,366169,Tejas Network
06-01-2025,1195.1,1199.5,1122.1,1133.5,798368,Tejas Network
07-01-2025,1142.8,1176.1,1142,1166.9,413784,Tejas Network
08-01-2025,1170,1175.5,1135.4,1147.6,409962,Tejas Network
09-01-2025,1120,1135,1100.1,1103.9,737897,Tejas Network
10-01-2025,1102,1109,1055,1061.7,620969,Tejas Network
13-01-2025,1022.5,1055.6,974.1,988.2,1072585,Tejas Network
14-01-2025,1005,1066.8,992,1057,1372573,Tejas Network
15-01-2025,1065,1072,1037.1,1046.5,832477,Tejas Network
16-01-2025,1072.2,1095.8,1047.6,1050.6,733404,Tejas Network
17-01-2025,1053.9,1067.1,1037.7,1059.4,597148,Tejas Network
20-01-2025,1067.9,1150,1055.1,1133.2,2577551,Tejas Network
21-01-2025,1133.2,1135.5,1060.6,1069.8,809188,Tejas Network
22-01-2025,1079,1114,1047.6,1096.7,1519333,Tejas Network
23-01-2025,1095,1125,1080.8,1096.3,665673,Tejas Network
24-01-2025,1047.6,1048,986,993.8,3428587,Tejas Network
27-01-2025,970,975.5,861.2,895.5,4721596,Tejas Network
28-01-2025,892,894.3,822.9,856.7,2814297,Tejas Network
29-01-2025,867.5,893.5,859.7,886.1,1400749,Tejas Network
30-01-2025,892,925,857.1,866,1375318,Tejas Network
31-01-2025,866,922.3,860,916.2,1471986,Tejas Network
03-02-2025,868.3,886.8,844.1,852,753076,Tejas Network
04-02-2025,855.1,894.8,855,879.9,868006,Tejas Network
05-02-2025,885,909.8,885,891.1,575536,Tejas Network
06-02-2025,881.1,889.9,863.6,872,711673,Tejas Network
07-02-2025,872,887.6,860.2,868.7,523186,Tejas Network
10-02-2025,874,882,846,857.4,509831,Tejas Network
11-02-2025,855,857,814,824.3,816981,Tejas Network
12-02-2025,824.3,834.9,782.2,821.4,967304,Tejas Network
13-02-2025,816.8,847.7,815.6,827.9,616817,Tejas Network
14-02-2025,826,832,775.7,780.2,849944,Tejas Network
17-02-2025,780.2,790,748.3,780.7,1032923,Tejas Network
18-02-2025,776.6,786.6,750,768.8,800398,Tejas Network
19-02-2025,764.5,823,757.2,802.6,1044398,Tejas Network
20-02-2025,799,841.5,797.3,821.9,1072581,Tejas Network
21-02-2025,821.9,847.4,796.1,799.2,882271,Tejas Network
24-02-2025,792,792.7,752.3,760.4,2227687,Tejas Network
25-02-2025,760.8,793.9,760,761.8,1172559,Tejas Network
27-02-2025,755,767.7,730.9,740.6,822180,Tejas Network
28-02-2025,730,740.6,701.9,710.7,1060424,Tejas Network
03-03-2025,714,729,681,719.9,1179426,Tejas Network
04-03-2025,710,745,696.3,732.1,1006198,Tejas Network
05-03-2025,734,747.6,730.1,735.9,1277939,Tejas Network
06-03-2025,750,755.7,731.1,735.2,1087776,Tejas Network
07-03-2025,735,760.7,730.3,736.5,1431961,Tejas Network
10-03-2025,739,744.1,695,702,876358,Tejas Network
11-03-2025,693.1,711.7,676.2,686.8,1175665,Tejas Network
12-03-2025,690,695.8,671.3,676.1,878754,Tejas Network
13-03-2025,676.1,682.4,657,659.8,860568,Tejas Network
17-03-2025,667.5,0,0,658,0,Tejas Network
18-03-2025,660,677,650.1,673.2,1802467,Tejas Network
19-03-2025,673.5,725.3,673.5,710.4,2938822,Tejas Network
20-03-2025,721,737.3,706.2,710.5,1708580,Tejas Network
21-03-2025,714.2,835,709.2,799.9,17122444,Tejas Network
24-03-2025,811,844.5,804.1,822.9,4178380,Tejas Network
25-03-2025,831.1,841.6,787,797.6,1803498,Tejas Network
26-03-2025,796.9,807,746.3,748.7,2852060,Tejas Network
27-03-2025,748.7,787.4,741.1,776.4,4451431,Tejas Network
28-03-2025,785,799.7,756,760.5,1709221,Tejas Network
01-04-2025,759.2,815.7,759.2,791.7,5762206,Tejas Network
02-04-2025,795,809.5,771.1,803,1603638,Tejas Network
03-04-2025,784,904,784,876.4,27900527,Tejas Network
04-04-2025,875.2,883.7,827,842.7,5838138,Tejas Network
07-04-2025,731.1,808.7,731.1,796.2,4785790,Tejas Network
08-04-2025,820.1,845.4,804.4,820.2,2706332,Tejas Network
09-04-2025,810.6,819.9,799.2,807.6,1048983,Tejas Network
11-04-2025,837,852.8,822.2,837.8,2258086,Tejas Network
15-04-2025,859,869.1,844.4,860.8,1373232,Tejas Network
16-04-2025,861.9,883,860,863.3,1125451,Tejas Network
17-04-2025,866,867.7,846.6,857.5,932397,Tejas Network
21-04-2025,862,869.9,848.2,856.7,1202243,Tejas Network
22-04-2025,861.9,914.4,859.3,888.9,5187411,Tejas Network
23-04-2025,892,901.9,865.6,886.9,1455389,Tejas Network
24-04-2025,890.9,902,876.8,885.9,1636887,Tejas Network
25-04-2025,888.5,892.5,834.5,859,2051634,Tejas Network
28-04-2025,749.2,784.9,735.5,747.9,10934706,Tejas Network
29-04-2025,755,772,726.1,729.4,5953308,Tejas Network
30-04-2025,742,744.7,696.2,702.3,3520006,Tejas Network
02-05-2025,708,723.2,692.9,705,2064293,Tejas Network
05-05-2025,709,713,686.4,692.9,2237264,Tejas Network
06-05-2025,695.6,740,691.6,700.8,10368718,Tejas Network
07-05-2025,685,699.9,681.3,690.7,2272911,Tejas Network
08-05-2025,697,724.5,680.8,685.3,4637026,Tejas Network
09-05-2025,674.8,688.1,664,678.3,1800484,Tejas Network
12-05-2025,707.7,710,696.7,702.4,1638595,Tejas Network
13-05-2025,705.5,720,695.5,713.4,1564460,Tejas Network
14-05-2025,718,719.7,708.2,710.1,1098279,Tejas Network
15-05-2025,711.9,716.9,700.5,702.8,1324220,Tejas Network
16-05-2025,708,748.4,704.1,740.6,4883424,Tejas Network
19-05-2025,748.9,761.6,731.1,741.7,2767870,Tejas Network
20-05-2025,747,748.4,719.1,723.6,1641145,Tejas Network
21-05-2025,725,759.5,715.1,746.3,4394142,Tejas Network
22-05-2025,745,754.5,738,742.7,1124583,Tejas Network
23-05-2025,745,749.2,736.7,741.5,916641,Tejas Network
26-05-2025,742.4,751.7,737.6,740.5,760175,Tejas Network
27-05-2025,741,750,736.4,739.1,643116,Tejas Network
28-05-2025,742.3,744.3,730.7,733.3,639972,Tejas Network
29-05-2025,738,739.2,725.1,727,658351,Tejas Network
30-05-2025,729.7,735.8,716.4,718,982740,Tejas Network
02-06-2025,715,721.9,706.1,711.4,910673,Tejas Network
03-06-2025,714.9,728,703,704.2,1127916,Tejas Network
04-06-2025,707,715,698.3,706.7,925399,Tejas Network
05-06-2025,711.9,728.4,711,715.1,1128407,Tejas Network
06-06-2025,727,750,722.3,726.7,3221107,Tejas Network
09-06-2025,728,737.5,721.1,722.5,1265693,Tejas Network
10-06-2025,726.1,727,714.1,715.3,1031522,Tejas Network
11-06-2025,717.5,723.9,708.3,714.6,905497,Tejas Network
12-06-2025,713,721.7,701.8,703,893658,Tejas Network
13-06-2025,690,709.5,684.2,704.5,1040312,Tejas Network
16-06-2025,704.5,708.1,690,692.3,991424,Tejas Network
17-06-2025,692.4,712.5,691.5,697.7,1182621,Tejas Network
18-06-2025,699,708.6,691.1,698,775350,Tejas Network
19-06-2025,695.3,698.8,681.1,682.7,685710,Tejas Network
20-06-2025,682,712,681.8,701.5,1143294,Tejas Network
23-06-2025,700,706.7,693,696,696471,Tejas Network
24-06-2025,704,705.9,696.1,701.1,496934,Tejas Network
25-06-2025,704,704.4,695.4,697.5,586167,Tejas Network
26-06-2025,715,731.9,712.2,718.2,4518403,Tejas Network
27-06-2025,721,724.8,715.2,718.5,847674,Tejas Network
30-06-2025,720.9,722,712.3,714.6,655101,Tejas Network
