Date,Open,High,Low,Close,Volume,Company
03-07-2006,29.9,31.1,29.8,30.7,495383,Titan
04-07-2006,31,31.2,30.3,30.4,380238,Titan
05-07-2006,30.5,31.1,29.3,30.8,363367,Titan
06-07-2006,30.2,32.4,30.2,32,1254460,Titan
07-07-2006,32.6,32.7,29.9,30.3,913888,Titan
10-07-2006,30.1,30.7,29.4,30,589912,Titan
11-07-2006,30.2,30.4,29.5,29.7,385381,Titan
12-07-2006,29.5,30.6,29,30.3,546920,Titan
13-07-2006,30.3,31,30,30.4,511829,Titan
14-07-2006,29.9,30.3,29.6,30.2,359300,Titan
17-07-2006,30.5,30.9,28.3,29,878821,Titan
18-07-2006,28.5,28.9,26.9,28,1194349,Titan
19-07-2006,28,29,27.3,28.5,966968,Titan
20-07-2006,29,29.3,28.2,28.5,431232,Titan
21-07-2006,28.3,28.6,27.5,27.8,267280,Titan
24-07-2006,27.7,28,26.7,27.5,267054,Titan
25-07-2006,28.2,28.4,27.6,28.1,288261,Titan
26-07-2006,28.4,28.9,27.8,28.5,299654,Titan
27-07-2006,28.5,31.3,28.4,30.6,951857,Titan
28-07-2006,31,32.2,29.8,30.2,372174,Titan
31-07-2006,30.4,30.7,29.8,30.1,202098,Titan
01-08-2006,30.1,31.3,29.6,31,643990,Titan
02-08-2006,31,31.8,31,31.4,518399,Titan
03-08-2006,31.5,32.2,31.3,31.8,459736,Titan
04-08-2006,31.9,32,31.1,31.2,232019,Titan
07-08-2006,31,31.5,30.9,31.1,115610,Titan
08-08-2006,31.3,31.7,31.2,31.4,117074,Titan
09-08-2006,31.3,35.7,31.2,35.3,1784919,Titan
10-08-2006,36,37.8,35.3,37.4,2400407,Titan
11-08-2006,37.4,38.3,36.8,37.6,1331960,Titan
14-08-2006,37.7,38.3,37.3,37.8,573402,Titan
16-08-2006,38.2,38.5,36.7,36.9,882946,Titan
17-08-2006,37.5,39.2,37.1,37.7,2212746,Titan
18-08-2006,37.8,38.8,37.4,38.2,915840,Titan
21-08-2006,38.4,38.9,37.8,38.3,719104,Titan
22-08-2006,38.4,39,37.9,38.3,1057398,Titan
23-08-2006,38.1,38.8,37.8,38,474463,Titan
24-08-2006,37.9,38.5,37.3,38.4,427058,Titan
25-08-2006,38.8,39,37.7,38,400973,Titan
28-08-2006,37.7,38.2,37.7,38.1,218791,Titan
29-08-2006,38.2,40,38.2,39.5,1394575,Titan
30-08-2006,39.8,40.4,39.7,39.9,959989,Titan
31-08-2006,40.2,40.3,38.9,39.2,633943,Titan
01-09-2006,39.5,39.8,39,39.2,440538,Titan
04-09-2006,39.5,40.7,39.4,40.5,653538,Titan
05-09-2006,40.4,40.9,40.1,40.3,895289,Titan
06-09-2006,40.4,40.8,39.7,39.9,639173,Titan
07-09-2006,39.7,40.3,39.3,40.1,636450,Titan
08-09-2006,40.2,40.6,39.8,40.3,352663,Titan
11-09-2006,40.5,41.2,37.8,38.3,1330997,Titan
12-09-2006,38.5,39.5,37.6,39.2,583836,Titan
13-09-2006,39.6,40.2,39.4,39.6,440145,Titan
14-09-2006,40,40.5,39.7,39.8,325737,Titan
15-09-2006,40,40,38.8,39.6,319525,Titan
18-09-2006,39.7,40.8,39.7,40.3,514917,Titan
19-09-2006,40.4,40.8,38.6,39,438699,Titan
20-09-2006,39,39.7,38.6,39.5,264514,Titan
21-09-2006,39.9,40.2,39.6,39.7,186665,Titan
22-09-2006,39.8,39.8,38.9,39.1,216561,Titan
25-09-2006,42.5,42.5,38.8,38.9,161904,Titan
26-09-2006,39.1,39.9,38.8,39.7,315866,Titan
27-09-2006,40,40.5,39.6,39.8,316930,Titan
28-09-2006,39.9,40,39.3,39.5,201751,Titan
29-09-2006,40,40.5,39.7,40.3,270118,Titan
03-10-2006,40.5,40.7,40,40.1,248210,Titan
04-10-2006,40.3,40.4,38.8,39.1,205583,Titan
05-10-2006,39.9,39.9,39.3,39.5,101216,Titan
06-10-2006,39.8,40.4,39.1,39.8,211562,Titan
09-10-2006,39.6,40.1,39.3,39.6,101791,Titan
10-10-2006,40,40.3,39.5,39.6,163720,Titan
11-10-2006,40,40,38.9,39.1,161901,Titan
12-10-2006,39.2,40,39.1,39.8,177537,Titan
13-10-2006,40.2,40.3,39.5,39.7,117628,Titan
16-10-2006,39.7,41.4,39.7,40.8,508062,Titan
17-10-2006,41.4,42.5,41.3,41.8,754399,Titan
18-10-2006,41.5,42,40.6,41,410794,Titan
19-10-2006,41,41,39.8,40,615449,Titan
20-10-2006,40.3,40.7,39.6,40,183385,Titan
23-10-2006,40.4,40.4,39.4,39.5,167242,Titan
26-10-2006,39.7,39.8,38.6,39,562213,Titan
27-10-2006,39.3,39.9,39.2,39.6,238527,Titan
30-10-2006,40,40,39.1,39.2,193315,Titan
31-10-2006,39.5,39.5,37.9,38.3,378449,Titan
01-11-2006,39,39,37.5,37.9,276194,Titan
02-11-2006,38.5,38.8,38,38.2,287403,Titan
03-11-2006,38.5,38.7,38,38.4,219761,Titan
06-11-2006,38.9,38.9,38.3,38.4,163411,Titan
07-11-2006,38.7,39.4,38.1,38.5,395597,Titan
08-11-2006,38.6,38.8,36.7,37.1,324102,Titan
09-11-2006,37.9,38.5,37.2,38.1,332743,Titan
10-11-2006,38.4,39,37.8,38.6,237542,Titan
13-11-2006,38.8,39.7,38.8,39.3,303449,Titan
14-11-2006,39.7,40,38.9,39.1,271455,Titan
15-11-2006,39.3,39.3,38,38.3,219752,Titan
16-11-2006,38.5,38.6,37.6,37.7,182166,Titan
17-11-2006,38,38.3,36.9,37.3,195723,Titan
20-11-2006,37.3,37.3,35.9,36.9,153212,Titan
21-11-2006,37.1,38.5,36.9,38.1,217768,Titan
22-11-2006,38.4,38.9,38,38.2,178324,Titan
23-11-2006,38.3,38.6,37.8,37.9,104099,Titan
24-11-2006,38,39.7,37.8,39.4,317408,Titan
27-11-2006,39.8,40.4,39,39.3,446800,Titan
28-11-2006,39.1,39.1,38.1,38.6,117614,Titan
29-11-2006,38.8,39.6,38.5,38.7,147965,Titan
30-11-2006,38.9,39,37.8,38,326061,Titan
01-12-2006,38.5,39.3,38.3,38.8,224615,Titan
04-12-2006,39.3,41.6,39.3,40.9,782057,Titan
05-12-2006,41.2,41.8,40.4,40.7,748946,Titan
06-12-2006,40.9,41,39.3,39.9,368962,Titan
07-12-2006,40,40.5,39.4,40,231224,Titan
08-12-2006,39.4,40.3,37.6,38.9,210424,Titan
11-12-2006,39.3,39.3,36.3,36.8,311690,Titan
12-12-2006,36.6,37.8,32.9,34.5,482685,Titan
13-12-2006,34.8,35.8,33.1,35.5,459721,Titan
14-12-2006,36,38.2,35.7,37.6,303669,Titan
15-12-2006,38.5,38.5,37.6,38,275405,Titan
18-12-2006,38.3,38.3,36.3,37.5,171033,Titan
19-12-2006,38.2,39.5,36.6,37,263913,Titan
20-12-2006,37.6,37.6,35.8,37.1,211565,Titan
21-12-2006,37,39.5,36.5,39.1,399453,Titan
22-12-2006,39.3,39.8,38.7,39.1,287993,Titan
26-12-2006,39.2,39.8,39.1,39.5,110719,Titan
27-12-2006,39.7,41,39.6,40.4,368490,Titan
28-12-2006,40.7,40.7,39.6,40,184535,Titan
29-12-2006,40,43.5,38.3,43,1192569,Titan
02-01-2007,43.3,44.8,42.8,43.9,945462,Titan
03-01-2007,44.1,45.3,42.7,44.8,705915,Titan
04-01-2007,45.3,45.7,44,44.5,827397,Titan
05-01-2007,44.4,45.3,43.6,43.9,603383,Titan
08-01-2007,43.6,44.5,43.1,43.9,509051,Titan
09-01-2007,44,44.4,42.5,42.9,324393,Titan
10-01-2007,42.8,43.9,42.3,42.5,253717,Titan
11-01-2007,42.8,44.4,41.7,44.1,331715,Titan
12-01-2007,44.5,45.5,43.9,44.8,491312,Titan
15-01-2007,44.9,46,44.8,45,462991,Titan
16-01-2007,45.2,45.7,44.7,45.2,341071,Titan
17-01-2007,45.4,46.4,45.1,45.4,423492,Titan
18-01-2007,45.4,45.9,44,44.6,239945,Titan
19-01-2007,42.6,47.1,42.6,46.8,715250,Titan
22-01-2007,47.5,47.5,46.1,46.9,708928,Titan
23-01-2007,46.9,47.5,46.3,46.6,356979,Titan
24-01-2007,47.3,47.3,45,45.4,311910,Titan
25-01-2007,46,47.5,45.1,47.2,602492,Titan
29-01-2007,47.8,48.5,46.9,47.8,552003,Titan
31-01-2007,47.6,48.3,47.4,47.9,531081,Titan
01-02-2007,48.1,49.9,46.7,49.4,933439,Titan
02-02-2007,49.5,51.6,49.3,50.5,884821,Titan
05-02-2007,50.9,51.6,50.2,51.2,470687,Titan
06-02-2007,51.5,51.7,50.1,50.4,290422,Titan
07-02-2007,48.3,52.5,48.3,52,548389,Titan
08-02-2007,52.1,52.7,50.9,51.4,293828,Titan
09-02-2007,51.7,51.7,50.3,50.5,222417,Titan
12-02-2007,49.6,51.4,47.8,48.2,567048,Titan
13-02-2007,47.3,49.4,45.8,46.3,423838,Titan
14-02-2007,45.9,48,44.2,47.6,428576,Titan
15-02-2007,47.8,50.5,47.8,50.2,305817,Titan
19-02-2007,50.7,50.8,48.8,49.1,151620,Titan
20-02-2007,49.2,49.4,47.4,47.8,175834,Titan
21-02-2007,48.2,49.1,47,48,232477,Titan
22-02-2007,48.4,48.7,45.8,46.3,324064,Titan
23-02-2007,46.6,46.9,44,44.5,280066,Titan
26-02-2007,44.6,46.9,42.5,44.5,230297,Titan
27-02-2007,44.7,45.4,43.7,44.1,184443,Titan
28-02-2007,41.8,44.4,39.9,41.4,312576,Titan
01-03-2007,41.4,42.7,40.6,42.4,235574,Titan
02-03-2007,42.7,45.8,42.3,43.2,545523,Titan
05-03-2007,40.4,42.3,40.1,40.6,352800,Titan
06-03-2007,41.1,42.4,38.8,40.6,518216,Titan
07-03-2007,41.4,42.3,38.9,39.5,390685,Titan
08-03-2007,39.9,42.1,39.5,41.7,509444,Titan
09-03-2007,41.7,42.7,40.3,40.5,345388,Titan
12-03-2007,41,41.5,39.8,40.2,254720,Titan
13-03-2007,40.4,41.6,40.1,41.4,257118,Titan
14-03-2007,37.8,40.5,37.8,40,598305,Titan
15-03-2007,40.6,41.4,39.7,40,256624,Titan
16-03-2007,40.1,40.4,38.6,39.3,264808,Titan
19-03-2007,40,41.5,39.5,41.2,309721,Titan
20-03-2007,41.7,42.2,41.2,41.5,354285,Titan
21-03-2007,41.6,42.1,41.2,41.8,201031,Titan
22-03-2007,42,42.6,41.8,42.3,296752,Titan
23-03-2007,42.5,43.3,41.8,42.6,242312,Titan
26-03-2007,42.8,43.2,41.5,42,193434,Titan
28-03-2007,41.6,41.7,40.3,40.6,260140,Titan
29-03-2007,40.8,41.7,40.2,41.3,602938,Titan
30-03-2007,41.5,42.6,41.5,42.1,164104,Titan
02-04-2007,42,42,40.4,40.8,249865,Titan
03-04-2007,40.9,41.8,40.6,41.6,140244,Titan
04-04-2007,42.1,44.6,41.8,43.8,510330,Titan
05-04-2007,43.8,45.1,43.5,44.2,465557,Titan
09-04-2007,44.4,46.1,44.4,45.5,307396,Titan
10-04-2007,45.5,46.5,45.5,46.2,250711,Titan
11-04-2007,46.5,47.6,46.2,47,301987,Titan
12-04-2007,47,48.8,46.3,47.4,473009,Titan
13-04-2007,47.7,48.3,47.3,47.5,299645,Titan
16-04-2007,47.8,51.2,47.8,50.8,757616,Titan
17-04-2007,50.8,52.2,49.6,50.1,674785,Titan
18-04-2007,50.3,51.5,49.4,49.7,431321,Titan
19-04-2007,49,49.9,48.5,49.4,630170,Titan
20-04-2007,50.9,50.9,49.8,50.5,242863,Titan
23-04-2007,50.1,50.8,47,47.6,327966,Titan
24-04-2007,47.2,49,47.2,48.3,261555,Titan
25-04-2007,48.1,49.4,48.1,49,213965,Titan
26-04-2007,49.4,49.8,47.8,48.1,281034,Titan
27-04-2007,48,49,47.6,48.2,188481,Titan
30-04-2007,48.4,50,47.4,49.6,158866,Titan
03-05-2007,51.2,51.2,49.3,49.7,194627,Titan
04-05-2007,50,50.3,48.7,49,116000,Titan
07-05-2007,50.2,50.2,48.5,48.6,93142,Titan
08-05-2007,48.7,49.5,48.3,48.6,90231,Titan
09-05-2007,48.6,48.9,48.1,48.6,63311,Titan
10-05-2007,49.1,51.2,49.1,49.9,385661,Titan
11-05-2007,48.6,50.6,48.6,49.9,205678,Titan
14-05-2007,52.4,52.4,49.5,50.8,140438,Titan
15-05-2007,51.3,52.5,51.1,51.7,264386,Titan
16-05-2007,52.2,53.7,51.8,52.9,373498,Titan
17-05-2007,53.4,53.9,52.9,53.2,223455,Titan
18-05-2007,53,56.4,52,55.8,448150,Titan
21-05-2007,56.3,57,55,55.7,319260,Titan
22-05-2007,55.3,56.9,55.3,56.1,214195,Titan
23-05-2007,56.5,56.9,54.6,55,163262,Titan
24-05-2007,53,55.6,53,53.4,210315,Titan
25-05-2007,52.5,54.5,52.3,53.7,326152,Titan
28-05-2007,54.5,54.7,53.1,53.3,76132,Titan
29-05-2007,53.4,55.7,53.4,54.8,190024,Titan
30-05-2007,54.5,56,54.3,54.5,139209,Titan
31-05-2007,55,57,55,56.3,240233,Titan
01-06-2007,57,57.8,56.5,57.2,234989,Titan
04-06-2007,57.8,57.8,55.6,55.9,91205,Titan
05-06-2007,55.9,57.3,55.3,56.9,128752,Titan
06-06-2007,56.9,57.4,54.3,54.7,87059,Titan
07-06-2007,53.6,55.2,52.6,53.2,305360,Titan
08-06-2007,53.5,53.5,50.2,50.7,362375,Titan
11-06-2007,51.4,52,50.3,50.6,134452,Titan
12-06-2007,50.9,51,49.5,50.4,126308,Titan
13-06-2007,50.8,54.2,50.8,53.7,500754,Titan
14-06-2007,54.2,55.3,53.1,55.1,300428,Titan
15-06-2007,55.2,57.1,55.1,56.3,215288,Titan
18-06-2007,56.9,57.1,55.7,56.1,187956,Titan
19-06-2007,56.7,57,55.1,56.8,142304,Titan
20-06-2007,57.3,60.8,56.5,60,379596,Titan
21-06-2007,60.5,60.7,57.8,58.1,284407,Titan
22-06-2007,58.1,59.5,57.8,58.7,147754,Titan
25-06-2007,59,60.1,58.4,58.8,201252,Titan
26-06-2007,58.7,64.5,58.7,64,839909,Titan
27-06-2007,64,67.6,63.2,66.4,1154646,Titan
28-06-2007,64.1,68.2,64.1,67.2,759918,Titan
29-06-2007,67,67.9,66.5,67.1,270564,Titan
02-07-2007,67.3,68.8,66.7,67.5,226983,Titan
03-07-2007,68,68.6,66.8,67.2,141649,Titan
04-07-2007,64.3,67.7,63.8,64.4,415083,Titan
05-07-2007,65.2,67.1,62.3,66.1,417689,Titan
06-07-2007,66.3,66.8,63,64.3,325791,Titan
09-07-2007,64.9,65.7,63.8,64.1,276541,Titan
10-07-2007,64.2,64.9,63.2,63.3,230581,Titan
11-07-2007,63.3,65.4,62.5,64.1,235172,Titan
12-07-2007,64.7,65.9,64.4,64.8,263310,Titan
13-07-2007,65.2,65.8,62.8,63.3,295853,Titan
16-07-2007,65,66.3,63.5,63.8,193220,Titan
17-07-2007,64.4,66.4,64.2,64.9,368859,Titan
18-07-2007,66.5,66.9,64.4,65.6,390909,Titan
19-07-2007,66,66.9,64.3,65,237489,Titan
20-07-2007,65.8,65.9,63.4,63.7,178257,Titan
23-07-2007,63.6,64.3,63.1,63.6,153760,Titan
24-07-2007,63.6,65.2,61.8,62.4,303915,Titan
25-07-2007,61.5,62.5,58.8,60.9,303196,Titan
26-07-2007,61,61.5,58.9,59.4,474065,Titan
27-07-2007,59.4,59.4,55.8,56.4,407373,Titan
30-07-2007,56.5,57.3,54.4,54.8,225511,Titan
31-07-2007,56,58,54.2,57.6,510993,Titan
01-08-2007,57.1,57.1,54.5,55.1,395214,Titan
02-08-2007,57.1,58.3,55,56.7,352742,Titan
03-08-2007,57.2,58.9,57,57.8,235795,Titan
06-08-2007,56.1,58.5,55.1,58,275037,Titan
07-08-2007,58.7,60,57.9,58.5,225933,Titan
08-08-2007,58.6,60.5,58.5,59.7,174071,Titan
09-08-2007,60.4,61,56.6,57.1,246583,Titan
10-08-2007,56,57,53,56.6,342720,Titan
13-08-2007,57.9,58.3,56.7,57.6,183393,Titan
14-08-2007,57.9,59.3,57.4,58.7,229065,Titan
16-08-2007,57,57.5,55.1,56.4,170498,Titan
17-08-2007,56,57.3,54.3,56.1,247374,Titan
20-08-2007,57.5,58.5,56.1,56.4,121019,Titan
21-08-2007,57.5,57.5,53.8,54.2,159266,Titan
22-08-2007,57.2,57.2,52.2,53.5,264597,Titan
23-08-2007,54.8,55.6,52.1,52.5,213501,Titan
24-08-2007,54,54,51.4,52.8,152161,Titan
27-08-2007,53.3,58.4,53.3,57.7,380319,Titan
28-08-2007,58.5,60,57,59.4,205521,Titan
29-08-2007,57.5,61,57,60.7,204198,Titan
30-08-2007,61.5,62.8,60.1,61.8,429645,Titan
31-08-2007,61.4,63.3,60.8,62.1,145261,Titan
03-09-2007,62.6,65.2,62,63.9,227932,Titan
04-09-2007,63.8,64.5,62.8,63.4,119339,Titan
05-09-2007,63.8,66.3,63.3,65.2,216135,Titan
06-09-2007,64.9,67.1,64.5,66.7,245219,Titan
07-09-2007,66.9,68.5,65,67.5,233627,Titan
10-09-2007,66.8,70.9,66.5,70.5,339823,Titan
11-09-2007,71.5,71.7,69.4,70.1,237384,Titan
12-09-2007,70.5,71.3,69.8,70.1,150162,Titan
13-09-2007,71.5,71.5,70,70.6,131167,Titan
14-09-2007,71,71.3,69.8,70.1,128885,Titan
17-09-2007,70.1,75.5,70.1,74.7,617188,Titan
18-09-2007,75.1,76.1,73.8,75,290837,Titan
19-09-2007,75,77,74.3,75.1,187684,Titan
20-09-2007,75.2,76.7,74,74.3,143585,Titan
21-09-2007,75,75.5,73.3,73.5,150069,Titan
24-09-2007,74.9,74.9,72.2,72.9,92684,Titan
25-09-2007,73,76.3,73,73.3,210616,Titan
26-09-2007,73.8,74.5,72.3,72.7,74712,Titan
27-09-2007,73,74.5,72.1,72.6,161803,Titan
28-09-2007,73.1,75.4,73.1,73.4,188880,Titan
01-10-2007,74.8,74.8,72.3,72.7,64423,Titan
03-10-2007,73.3,76.7,71.3,73.1,177250,Titan
04-10-2007,73.3,76.3,72.8,75.9,223294,Titan
05-10-2007,76.5,78.4,72.1,73.1,217327,Titan
08-10-2007,73.1,74.9,70.6,72.4,164117,Titan
09-10-2007,71.8,76.3,70,75.9,128026,Titan
10-10-2007,75.3,77.9,74.6,75.1,137789,Titan
11-10-2007,75.4,77.6,75.4,75.9,67125,Titan
12-10-2007,75.3,76.7,72.8,73.9,87036,Titan
15-10-2007,75.8,76.8,74,76.3,83340,Titan
16-10-2007,76.1,82.3,75.3,78.9,376880,Titan
17-10-2007,76.5,77.5,71.1,76.1,86612,Titan
18-10-2007,77.5,80.8,75.6,77,163949,Titan
19-10-2007,75,78.7,72.5,78.1,105958,Titan
22-10-2007,78,78,74.6,76.3,102906,Titan
23-10-2007,78,83,76.6,82.2,114300,Titan
24-10-2007,83.9,85,82.1,83,88462,Titan
25-10-2007,84.2,84.9,81.5,82.4,110424,Titan
26-10-2007,83,86.9,83,84.8,110159,Titan
29-10-2007,86.3,88.7,85.4,88,90266,Titan
30-10-2007,88.8,89.5,84.7,85.6,87346,Titan
31-10-2007,86.3,88,85.3,86.2,66941,Titan
01-11-2007,87.9,88.4,80.8,82.1,70467,Titan
02-11-2007,82.1,83.9,81,83.3,62575,Titan
05-11-2007,84.7,86.5,82.5,83.4,32228,Titan
06-11-2007,85,86,81,81.3,30983,Titan
07-11-2007,82.5,85.5,80.8,84.3,114180,Titan
08-11-2007,83.1,83.3,80.3,81.3,40792,Titan
09-11-2007,81,82.5,77.8,79.2,20112,Titan
12-11-2007,79,84.2,75.3,78.2,42625,Titan
13-11-2007,79,80.6,77.6,79.8,86657,Titan
14-11-2007,82.5,82.5,77,78.4,119862,Titan
15-11-2007,79.5,80.5,75.6,76.1,183354,Titan
16-11-2007,78.8,78.8,75,75.9,179965,Titan
19-11-2007,77.4,77.5,75.5,75.8,74539,Titan
20-11-2007,75.9,77.3,74.6,75,63974,Titan
21-11-2007,72.8,76,71.6,72.2,79757,Titan
22-11-2007,72.6,72.6,67.9,71.2,77989,Titan
23-11-2007,72.5,73.3,70.5,72.2,87638,Titan
26-11-2007,73.9,76.7,73,76.1,101486,Titan
27-11-2007,76.8,77.4,75.5,76.5,96219,Titan
28-11-2007,77.7,77.7,72.8,73.6,71236,Titan
29-11-2007,75.4,75.4,71.8,73.2,82589,Titan
30-11-2007,75.4,77.3,72.5,76.7,65705,Titan
03-12-2007,76.8,78.3,76.8,77.4,54969,Titan
04-12-2007,78,80.5,78,78.6,99680,Titan
05-12-2007,78.6,80,78.5,79.5,128235,Titan
06-12-2007,80.2,81.5,77.9,78.7,164912,Titan
07-12-2007,79.5,79.9,75.8,76.8,92268,Titan
10-12-2007,76.8,78.1,74.3,74.6,113697,Titan
11-12-2007,74.1,75.8,74.1,75.3,104119,Titan
12-12-2007,75,76,74,75.4,74699,Titan
13-12-2007,75.5,76.2,73.5,73.7,67876,Titan
14-12-2007,73,76,73,73.7,158231,Titan
17-12-2007,72.5,74.5,68.6,69.3,102277,Titan
19-12-2007,74.8,77,73.6,75,157988,Titan
20-12-2007,76,76,73.5,74.6,30372,Titan
24-12-2007,75.4,77.3,75.1,75.6,78054,Titan
26-12-2007,75.8,77.5,73.3,76.9,61525,Titan
27-12-2007,77.5,78.8,72.5,73.8,271973,Titan
28-12-2007,73.8,77.6,73.8,76.8,90826,Titan
31-12-2007,77.6,79.3,76.8,78.1,154961,Titan
01-01-2008,78.8,78.8,76.6,77.3,30053,Titan
02-01-2008,77.9,80,77.2,78.7,78018,Titan
03-01-2008,77.2,78.7,76.5,77.1,41324,Titan
04-01-2008,77.9,78.2,76.5,76.8,36212,Titan
07-01-2008,75.3,84.2,75.3,83.6,173150,Titan
08-01-2008,85,86.7,78.8,80.1,128745,Titan
09-01-2008,78.2,85.9,77.8,83.1,242484,Titan
10-01-2008,84.1,85,76.5,77.8,89644,Titan
11-01-2008,79.4,79.8,76.8,78.5,59708,Titan
14-01-2008,78.8,81.1,76.3,78.2,52941,Titan
15-01-2008,78.8,79.7,75.8,76.3,37639,Titan
16-01-2008,76.3,76.3,72.2,74.5,147710,Titan
17-01-2008,74.1,75.9,73.1,73.7,45451,Titan
18-01-2008,73.2,75,69.1,69.7,62595,Titan
21-01-2008,69.8,69.8,55,62.3,97576,Titan
22-01-2008,63.8,63.8,34.6,55.1,100640,Titan
23-01-2008,64.3,64.5,51,56.6,98872,Titan
24-01-2008,62.3,62.3,50,54.5,71757,Titan
25-01-2008,55.4,61.8,55.1,61,98880,Titan
28-01-2008,56.8,61.7,54.3,60.6,49950,Titan
29-01-2008,62.5,63.8,61.3,63.4,40149,Titan
30-01-2008,62.5,63.5,57,58.3,41459,Titan
31-01-2008,58.4,63,50,56.9,261206,Titan
01-02-2008,58.3,62.3,56.3,61.4,90580,Titan
04-02-2008,61.8,63.8,61.4,62.5,54703,Titan
05-02-2008,61.8,63.8,61.8,62.3,22911,Titan
06-02-2008,60.1,60.3,56.7,57.2,128132,Titan
07-02-2008,57.3,58.8,55.1,56.1,66286,Titan
08-02-2008,57.4,57.4,51,53.1,125489,Titan
11-02-2008,53.1,53.1,49.6,51.1,70128,Titan
12-02-2008,51.9,52.7,48.7,49.4,138518,Titan
13-02-2008,49.5,51.7,48.4,49.4,94280,Titan
14-02-2008,50.2,55.7,50.2,54.8,45898,Titan
15-02-2008,53.5,59,53.1,58.2,74201,Titan
18-02-2008,59.3,59.3,57.3,57.7,32822,Titan
19-02-2008,58.5,65.3,58.3,60.6,216221,Titan
20-02-2008,60,60.1,56.3,56.8,58127,Titan
21-02-2008,60,60,57.3,59.1,43317,Titan
22-02-2008,59,61.2,56.9,59.9,80503,Titan
25-02-2008,59,60,58.1,58.9,80049,Titan
26-02-2008,59.6,59.6,57.6,58.2,43151,Titan
27-02-2008,60,60,57.4,57.8,27200,Titan
28-02-2008,57.8,58.5,56.1,56.4,95090,Titan
29-02-2008,55.3,56.9,54.3,55,38664,Titan
03-03-2008,53.4,54,50.1,50.9,220618,Titan
04-03-2008,51.8,53.3,49.3,52,185329,Titan
05-03-2008,52.5,53,51,52.4,30618,Titan
07-03-2008,50.4,52,49.6,50.1,103918,Titan
10-03-2008,49.7,51.3,46.8,50.2,99602,Titan
11-03-2008,49.5,52.4,49.5,51.6,167691,Titan
12-03-2008,53,54.7,50.4,52.2,84296,Titan
13-03-2008,51,52,48.3,49,127473,Titan
14-03-2008,50,54.2,47.1,53.5,128291,Titan
17-03-2008,50.4,51.8,44.6,46.6,244927,Titan
18-03-2008,48,48,45.1,45.8,65908,Titan
19-03-2008,48.5,49.8,45.5,46,97160,Titan
24-03-2008,45.1,48,45.1,47.1,137923,Titan
25-03-2008,48,52.8,47.8,51.1,154760,Titan
26-03-2008,50.1,53.8,50.1,53.1,71379,Titan
27-03-2008,50.9,55,50.9,53.8,118929,Titan
28-03-2008,54.5,56.9,53.3,55.7,104581,Titan
31-03-2008,54.8,56.3,51.8,52.9,39115,Titan
01-04-2008,54.1,55,51.7,54,28743,Titan
02-04-2008,55,57.5,53.1,54.5,63966,Titan
03-04-2008,52.1,54.9,50.8,51.6,70687,Titan
04-04-2008,52.5,53,49,49.1,150928,Titan
07-04-2008,49.5,52.2,48.3,51.3,66865,Titan
08-04-2008,50.6,52.9,50.3,51.6,52780,Titan
09-04-2008,50.6,52.8,50.6,52.3,114902,Titan
10-04-2008,52,53.5,52,53.3,40236,Titan
11-04-2008,53.9,55.5,51.3,53,114474,Titan
15-04-2008,50,57.1,50,56.1,86364,Titan
16-04-2008,55.1,58.4,54.5,55.1,90655,Titan
17-04-2008,55.7,57.4,55.1,56.3,75144,Titan
21-04-2008,56.6,58.9,56.3,57,68001,Titan
22-04-2008,56.8,58.9,55.5,57.1,83649,Titan
23-04-2008,56.7,57.5,54.8,55.3,196968,Titan
24-04-2008,57.5,57.5,54.3,54.7,69732,Titan
25-04-2008,54.5,57,52,55.9,157790,Titan
28-04-2008,57,60,56.5,59.5,205817,Titan
29-04-2008,60,67.3,60,64.8,336469,Titan
30-04-2008,66,66.4,61.3,62.1,145894,Titan
02-05-2008,62.1,63.3,60.8,61.5,210454,Titan
05-05-2008,63,63,58,58.5,296482,Titan
06-05-2008,59.7,60.5,58.1,58.7,315007,Titan
07-05-2008,59.7,60.4,57.3,58.3,218288,Titan
08-05-2008,57.5,58.5,55.3,57.2,270391,Titan
09-05-2008,56.5,57.1,53.3,54.1,129952,Titan
12-05-2008,53.3,56.7,52.5,55.9,251426,Titan
13-05-2008,56.7,61,56.7,59.7,501042,Titan
14-05-2008,59.9,66.1,58.3,64.6,519873,Titan
15-05-2008,65,66,62.6,63.9,187778,Titan
16-05-2008,63.8,64.9,63.3,63.9,108242,Titan
20-05-2008,63.4,64.2,60.3,60.6,192282,Titan
21-05-2008,60,62.2,59.3,60.1,203147,Titan
22-05-2008,59.5,61.3,58.1,59.9,232226,Titan
23-05-2008,60.6,61.7,60,60,114725,Titan
26-05-2008,59.1,59.7,57.6,59.3,105092,Titan
27-05-2008,60.2,61.8,58.3,58.7,105223,Titan
28-05-2008,59.3,60.3,57.8,60,112889,Titan
29-05-2008,61.2,61.2,57.5,58.4,161593,Titan
30-05-2008,58.5,61.3,57.5,59,197373,Titan
02-06-2008,59.8,60.8,56.1,56.8,97848,Titan
03-06-2008,56,58.3,52.8,57.4,90680,Titan
04-06-2008,57,58.8,57,58.1,88298,Titan
05-06-2008,58.5,58.6,56.5,57.4,112465,Titan
06-06-2008,58.4,58.7,56.9,57.2,46242,Titan
09-06-2008,55,57,54.6,56.5,59425,Titan
10-06-2008,54.6,56,53.3,54.3,115651,Titan
11-06-2008,54.9,56.7,51.7,53.2,249152,Titan
12-06-2008,52.8,53.8,51.5,53.2,54996,Titan
13-06-2008,54,54.9,52.3,53.6,62115,Titan
16-06-2008,54.2,54.8,51.4,52.1,118058,Titan
17-06-2008,52.3,55.5,51.6,55,143854,Titan
18-06-2008,55.5,56.7,54,54.3,82305,Titan
19-06-2008,52.6,54.3,52.6,53.5,49896,Titan
20-06-2008,53.9,54.5,52.6,53.1,48646,Titan
23-06-2008,52.8,53.6,50.5,52.5,265093,Titan
24-06-2008,52,53.2,50.4,51,255893,Titan
25-06-2008,50.6,54,49.6,53,105585,Titan
26-06-2008,53.5,54.3,52.1,52.7,57642,Titan
27-06-2008,51.4,52.9,50.1,51.6,77512,Titan
30-06-2008,51.3,52.7,49.1,49.6,46705,Titan
01-07-2008,50,50.8,47.2,50.1,100724,Titan
02-07-2008,49.5,52.7,49.3,52.2,98839,Titan
03-07-2008,51.9,54.5,50.2,52.5,76224,Titan
04-07-2008,51.6,54,50.8,51.2,69610,Titan
07-07-2008,52.3,53.1,51.6,52.6,32303,Titan
08-07-2008,51.7,52.5,50.3,51.9,41965,Titan
09-07-2008,52.5,54.4,52.5,53.6,26447,Titan
10-07-2008,53.1,54.7,53.1,54,24499,Titan
11-07-2008,54.3,54.9,52.8,53.1,14686,Titan
14-07-2008,52.5,54,52.3,53.4,21734,Titan
15-07-2008,52.7,53.4,51.5,52.7,31152,Titan
16-07-2008,53.4,53.4,50.6,51.2,26360,Titan
17-07-2008,52.3,52.3,49.6,51,64046,Titan
18-07-2008,51.3,51.7,50.3,51.4,38300,Titan
21-07-2008,51.4,51.5,50.5,51,18875,Titan
22-07-2008,51.2,55,50.8,53.1,48665,Titan
23-07-2008,55.3,59.9,54.6,56.6,44180,Titan
24-07-2008,56.1,57.5,54.3,54.9,18100,Titan
25-07-2008,54,56.5,54,55.6,187014,Titan
28-07-2008,56.4,56.5,54.7,55.1,11280,Titan
29-07-2008,55,56,53.8,54.4,25253,Titan
30-07-2008,53.3,55.7,53.3,54.9,24312,Titan
31-07-2008,54.8,57.3,54.8,56.3,142640,Titan
01-08-2008,57,59.3,55.6,58.6,156094,Titan
04-08-2008,59,64.2,59,63.7,159321,Titan
05-08-2008,62.5,65.8,62.5,63.2,161420,Titan
06-08-2008,64.7,64.7,60.9,61.1,82942,Titan
07-08-2008,58.8,64.3,57.7,63.5,131873,Titan
08-08-2008,63.8,65,62.9,63.9,78900,Titan
11-08-2008,65,65.4,63,64.2,112999,Titan
12-08-2008,63.5,65.2,62.4,62.7,68707,Titan
13-08-2008,62.5,64,61.8,62.3,53108,Titan
14-08-2008,65.3,65.3,60.7,61.1,55542,Titan
18-08-2008,61,61.5,60.1,60.9,27205,Titan
19-08-2008,60.2,60.5,59.3,60,34686,Titan
20-08-2008,60,60.7,59.5,60,16666,Titan
21-08-2008,60,61.3,58.6,59.2,118476,Titan
22-08-2008,58.3,62.2,58.3,61.9,65762,Titan
25-08-2008,63,63.3,61.6,61.9,43148,Titan
26-08-2008,60.2,63.2,60.2,62.5,34325,Titan
27-08-2008,62.8,63.8,61,61.3,53945,Titan
28-08-2008,61.6,62.7,61.2,62.2,91546,Titan
29-08-2008,62.5,64.2,62.5,63.5,98989,Titan
01-09-2008,63.4,64.9,63,63.6,76956,Titan
02-09-2008,63.5,64.3,62.7,63.8,77479,Titan
04-09-2008,63.5,63.5,61.6,62.1,46937,Titan
05-09-2008,61,63.2,60.8,61.4,112971,Titan
08-09-2008,63.5,63.5,60.9,61.1,65141,Titan
09-09-2008,61,61.4,58.6,59.6,62884,Titan
10-09-2008,58.9,60.5,58.1,59.1,29925,Titan
11-09-2008,59.4,59.7,57.1,58.9,47112,Titan
12-09-2008,59.1,59.4,58.1,58.3,23089,Titan
15-09-2008,61,61,53.2,57.2,49987,Titan
16-09-2008,56,58,54.1,57.1,20900,Titan
17-09-2008,57.5,58.5,56.1,57.2,40929,Titan
18-09-2008,57.5,57.5,54,55.3,82228,Titan
19-09-2008,57.5,61.1,55.6,59.9,110947,Titan
22-09-2008,60,60.3,58.1,58.6,74314,Titan
23-09-2008,59.9,60.5,57,57.4,177987,Titan
24-09-2008,57.5,58,55.5,55.7,107582,Titan
25-09-2008,55.4,56.7,54.6,56,95203,Titan
26-09-2008,55.5,56,53.6,54.9,91480,Titan
29-09-2008,55.8,56.5,52.3,54.3,68271,Titan
30-09-2008,54.3,56.4,51.6,55.6,37417,Titan
01-10-2008,56,57.4,53.8,55.9,77611,Titan
03-10-2008,55,55,53.5,53.9,32771,Titan
06-10-2008,51.6,53,47.3,47.7,68733,Titan
07-10-2008,47.6,49.5,47.5,48.1,75589,Titan
08-10-2008,47,47,37.2,44.6,247051,Titan
10-10-2008,41.9,43.5,36.9,41.1,151164,Titan
13-10-2008,43.1,49.5,41.6,47.3,64675,Titan
14-10-2008,49.5,52,46.1,46.9,77785,Titan
15-10-2008,46,46,39.1,40.2,118821,Titan
16-10-2008,37.5,43.3,35.3,42.9,167108,Titan
17-10-2008,44.3,44.3,40,41.9,130932,Titan
20-10-2008,42.3,43.9,40.6,42.5,173000,Titan
21-10-2008,43,51.1,43,50,285641,Titan
22-10-2008,47.5,48.8,45.6,46.4,112489,Titan
23-10-2008,45.1,50.5,43.9,48.9,200693,Titan
24-10-2008,47.6,48.2,44.3,45,167234,Titan
27-10-2008,44.5,46.8,42.3,46,162724,Titan
29-10-2008,48.4,53,46.5,50.5,261219,Titan
31-10-2008,51.3,52.8,48.4,50.4,346134,Titan
03-11-2008,51.5,53.3,47.6,49.6,204819,Titan
04-11-2008,49.3,49.7,47.1,47.7,158786,Titan
05-11-2008,48,49.5,40,47.3,78702,Titan
06-11-2008,46,47.4,44.7,45.4,54089,Titan
07-11-2008,44.5,46.5,44.1,46,56172,Titan
10-11-2008,46.3,47.5,46.1,46.8,66694,Titan
11-11-2008,47,47.4,45.1,45.1,69119,Titan
12-11-2008,44.3,46,43.8,44.7,67559,Titan
14-11-2008,45.9,46.3,42.8,43.1,94395,Titan
17-11-2008,43.3,43.3,40.7,41.9,47658,Titan
18-11-2008,41.5,42.9,40.6,41.5,95623,Titan
19-11-2008,40.8,43.3,40.8,42.4,134023,Titan
21-11-2008,41,46.2,40.6,44.2,93554,Titan
24-11-2008,45,45,41.3,42.8,59779,Titan
25-11-2008,47,47,42.6,44.2,94518,Titan
26-11-2008,44.3,46,43.2,45.6,109336,Titan
28-11-2008,45.3,47.5,44.1,46.8,99486,Titan
01-12-2008,47,47.5,42.6,43.1,128570,Titan
02-12-2008,42,42.2,40.3,41.5,173208,Titan
03-12-2008,41.1,43.8,41.1,43.2,124465,Titan
04-12-2008,43.1,44.5,41.1,44,276651,Titan
05-12-2008,43.2,44.2,41.1,41.6,146693,Titan
08-12-2008,42.3,43.8,41.3,42.8,116616,Titan
10-12-2008,43,44.3,42.1,43.7,139029,Titan
11-12-2008,42.6,44,40.9,41.4,177065,Titan
12-12-2008,40.5,44.3,40.5,43.6,215989,Titan
15-12-2008,44.4,45.9,43.5,44.9,187462,Titan
16-12-2008,44.7,46.8,44.2,46.2,139239,Titan
17-12-2008,46.6,47.2,45.1,45.7,108643,Titan
18-12-2008,45.7,48,45.3,47.7,161089,Titan
19-12-2008,47.6,49.9,47.5,49.1,387260,Titan
22-12-2008,49.3,51,46.9,50.5,117908,Titan
23-12-2008,50.4,50.4,46.3,46.7,141939,Titan
24-12-2008,46.8,48.5,46.4,47,99115,Titan
26-12-2008,47.4,47.7,44.6,45,102426,Titan
29-12-2008,47.4,47.4,43.1,45.4,104942,Titan
30-12-2008,46,46.8,45.2,45.9,94212,Titan
31-12-2008,46.3,46.8,45.8,46.3,38851,Titan
01-01-2009,46.4,47.5,46.1,47,59922,Titan
02-01-2009,47.3,48.6,46.8,47.8,89188,Titan
05-01-2009,48,49,47.6,48,62344,Titan
06-01-2009,48,48.4,45.7,46.2,125200,Titan
07-01-2009,45.9,47,44.2,44.8,90845,Titan
09-01-2009,44.8,45.9,43.1,44.8,116398,Titan
12-01-2009,44.3,44.9,43.6,44.5,53265,Titan
13-01-2009,45.6,45.6,43.3,45.2,48978,Titan
14-01-2009,44.6,47.3,44.6,46.8,24207,Titan
15-01-2009,46.8,47.2,45.1,46.6,123207,Titan
16-01-2009,46.9,47.4,46,46.5,54757,Titan
19-01-2009,47,47.9,46.5,47.2,55065,Titan
20-01-2009,47.2,47.4,46.3,46.6,53292,Titan
21-01-2009,46.1,46.5,45.7,45.8,49783,Titan
22-01-2009,46.2,46.5,42.6,44.9,208372,Titan
23-01-2009,44.5,47.4,44,46,201395,Titan
27-01-2009,46.1,46.7,44.7,45.5,52128,Titan
28-01-2009,46.5,48.3,44,47.3,175793,Titan
30-01-2009,45.1,47.2,41.8,45.9,107230,Titan
02-02-2009,44.5,45.5,43.7,44.1,142420,Titan
03-02-2009,44.2,44.8,41.3,42,232642,Titan
04-02-2009,42.1,42.9,39.8,40.2,274486,Titan
05-02-2009,40,40.7,38.5,39.2,371503,Titan
06-02-2009,39.8,41.1,39.5,40.7,192999,Titan
09-02-2009,41.1,43.2,40.8,42.9,182936,Titan
10-02-2009,43,43.9,42.1,42.9,116128,Titan
11-02-2009,42.5,43.3,41.3,42.7,163574,Titan
12-02-2009,42.5,43.5,42.2,42.7,58110,Titan
13-02-2009,43.3,43.5,42.4,42.6,74185,Titan
16-02-2009,42.6,43.2,41.8,41.9,50823,Titan
17-02-2009,41.5,41.8,39,39.6,102210,Titan
18-02-2009,39.3,39.5,37.9,38.2,163096,Titan
19-02-2009,38.2,39.1,38,38.5,139966,Titan
20-02-2009,37.9,39.1,37.7,38.3,140279,Titan
24-02-2009,37.5,39.9,37.5,39.5,206853,Titan
25-02-2009,39.7,40.2,38.5,39.1,278285,Titan
26-02-2009,39.2,39.2,37.8,38.1,161223,Titan
27-02-2009,38.3,38.6,37.2,37.7,131622,Titan
02-03-2009,36.3,39,34.9,38.4,254048,Titan
03-03-2009,38,38,35.8,36,213789,Titan
04-03-2009,36.1,37,35.1,35.1,188704,Titan
05-03-2009,35.8,36.2,34.8,35.5,237398,Titan
06-03-2009,34.8,36.6,34.8,36.4,147286,Titan
09-03-2009,36.3,36.3,35.3,35.6,64967,Titan
12-03-2009,35.9,36.2,33.3,35.1,295040,Titan
13-03-2009,35.7,36.7,35.1,36,203825,Titan
16-03-2009,36.3,37.6,36.3,37.1,129971,Titan
17-03-2009,37.1,37.9,35.9,36.8,156147,Titan
18-03-2009,37,38,36.7,37.2,99931,Titan
19-03-2009,37.5,37.9,36.1,36.4,77550,Titan
20-03-2009,36.5,37.1,36.1,36.3,89944,Titan
23-03-2009,36.5,37.5,36.5,37.3,78967,Titan
24-03-2009,37.5,38.2,35.9,36.5,109483,Titan
25-03-2009,36.5,37.1,36.1,36.8,52509,Titan
26-03-2009,37.6,40.5,37.2,39,364720,Titan
27-03-2009,39,39.7,38.1,38.9,107024,Titan
30-03-2009,38.2,40.9,37.9,39.2,128847,Titan
31-03-2009,39.4,42,38.7,39.1,80342,Titan
01-04-2009,39,40.1,38.4,39.2,50453,Titan
02-04-2009,40,41.6,39.5,40.7,172265,Titan
06-04-2009,41.4,42.5,41,42.1,102610,Titan
08-04-2009,41.3,46,39.8,45.2,263004,Titan
09-04-2009,45.5,46.9,43.8,44.3,77875,Titan
13-04-2009,44.8,45,40.5,40.9,434211,Titan
15-04-2009,40.9,42.4,39,41.3,183474,Titan
16-04-2009,41.8,43.5,39,40,329338,Titan
17-04-2009,40.3,41.2,39.6,40.1,211461,Titan
20-04-2009,40.8,42.4,39.8,40.5,286575,Titan
21-04-2009,39.8,41.2,39.3,39.5,252413,Titan
22-04-2009,40,40.2,37.6,38.2,223702,Titan
23-04-2009,38.5,38.9,37.3,38.1,235081,Titan
24-04-2009,38.7,38.7,37.8,37.9,205684,Titan
27-04-2009,38.5,38.7,36.3,36.7,252284,Titan
28-04-2009,36.8,37.6,36,36.3,222448,Titan
29-04-2009,36.4,37.6,36.4,37.3,256408,Titan
04-05-2009,38.8,40.1,37.8,39.5,633128,Titan
05-05-2009,39.5,40.5,39.4,39.7,190355,Titan
06-05-2009,39.8,41.3,39.1,40.5,361193,Titan
07-05-2009,40.8,42.2,40.8,42,192366,Titan
08-05-2009,42.5,42.9,41.2,41.6,155547,Titan
11-05-2009,41.9,42.4,41.4,42,121956,Titan
12-05-2009,40.1,43.4,40.1,43,115760,Titan
13-05-2009,43.3,44.6,42.3,42.8,107833,Titan
14-05-2009,42,44.2,41,43.5,77448,Titan
15-05-2009,44.4,45.9,43.6,44.2,187412,Titan
18-05-2009,47.5,47.5,45.8,47.3,360,Titan
19-05-2009,47.5,52.8,47.5,49.6,200673,Titan
20-05-2009,49.6,54.5,48.8,53.6,132935,Titan
21-05-2009,54,56.4,53.1,53.9,85874,Titan
22-05-2009,53.5,53.8,50.8,51.1,78473,Titan
25-05-2009,50.1,53.3,49.2,52.6,75447,Titan
26-05-2009,52.8,53.3,47.5,47.8,77950,Titan
27-05-2009,48.5,50.9,48.5,50.3,46245,Titan
28-05-2009,50,52.1,50,51.6,47393,Titan
29-05-2009,52.3,54.1,51.3,53.7,114146,Titan
01-06-2009,54.3,55.5,54.3,54.7,112298,Titan
02-06-2009,54.7,56.3,53.6,55.6,142700,Titan
03-06-2009,56,61,56,60,101150,Titan
04-06-2009,60.1,60.1,57.5,57.9,80397,Titan
05-06-2009,58.7,60.3,58,59.4,44725,Titan
08-06-2009,59.8,59.8,57.5,57.6,49609,Titan
09-06-2009,57.6,62.2,57.1,60.7,85010,Titan
10-06-2009,62,64,60.4,62.2,114380,Titan
11-06-2009,63.4,63.5,59.8,60.4,31350,Titan
12-06-2009,60.5,63,59.5,60,36386,Titan
15-06-2009,59,60.8,58.8,59.3,46936,Titan
16-06-2009,58,59.5,58,59,62971,Titan
17-06-2009,59,59.4,58,58.6,27596,Titan
18-06-2009,58.7,59.2,57.5,58.3,21782,Titan
19-06-2009,57.6,59.9,57.6,59.1,37914,Titan
22-06-2009,58.2,59.9,56.8,58,16446,Titan
23-06-2009,56.9,57.7,54,56.1,38732,Titan
24-06-2009,55.5,57.1,54.3,55.8,42718,Titan
25-06-2009,57,58.8,54.8,55.5,110311,Titan
26-06-2009,56,57.4,55.3,57.1,22047,Titan
29-06-2009,57.1,59.9,57,59.3,62812,Titan
30-06-2009,59,59.8,58.1,58.7,59295,Titan
01-07-2009,59.5,59.5,58,59,44227,Titan
02-07-2009,59.4,59.8,58.9,59.3,26599,Titan
03-07-2009,58.8,61,58.8,60.3,47787,Titan
06-07-2009,61.2,65,59.8,61.7,162521,Titan
07-07-2009,62.5,63.2,60.6,61.4,36457,Titan
08-07-2009,61,62.1,58.5,60.5,43289,Titan
09-07-2009,61.6,61.6,58.6,59.3,0,Titan
10-07-2009,60.8,60.8,57.8,58.2,72826,Titan
13-07-2009,57.2,59,53.6,55.6,40544,Titan
14-07-2009,57.6,58.5,55.7,58.2,23660,Titan
15-07-2009,58.3,59.8,58,58.7,23107,Titan
16-07-2009,60,61.5,59,59.9,18804,Titan
17-07-2009,61,61,59.3,60.4,15652,Titan
20-07-2009,60.6,61.9,60,61.5,18906,Titan
21-07-2009,61.3,63,61.3,61.9,20563,Titan
22-07-2009,61.5,63.8,61.5,62.8,22970,Titan
23-07-2009,63.1,65.8,62.5,65.4,58617,Titan
24-07-2009,66,67.3,64.6,65.8,27653,Titan
27-07-2009,67,68.6,65.6,66.8,151195,Titan
28-07-2009,66.3,67.7,65.6,66.4,36357,Titan
29-07-2009,66,66,62.1,62.9,47191,Titan
30-07-2009,61.1,62.9,60.1,60.4,51186,Titan
31-07-2009,60.8,62.6,60.5,61.2,71474,Titan
03-08-2009,61.3,62.2,59.2,60.3,76209,Titan
04-08-2009,60.6,61.8,59.8,60.6,73596,Titan
05-08-2009,60,61.3,59.5,60.2,22417,Titan
06-08-2009,60.2,61.9,59,59.4,79729,Titan
07-08-2009,59,60.1,56.9,57.2,53314,Titan
10-08-2009,59.4,60.3,56.9,57.9,120086,Titan
11-08-2009,59,59.5,56.6,58.1,134066,Titan
12-08-2009,58,58.5,56,57.6,18811,Titan
13-08-2009,58.1,60.8,58.1,59.7,38520,Titan
14-08-2009,60.1,61.7,59.5,60,51902,Titan
17-08-2009,60,60.9,58.1,58.5,93395,Titan
18-08-2009,58.5,59.7,57.5,58.9,38260,Titan
19-08-2009,58.8,59.4,58,58.8,50290,Titan
20-08-2009,59.4,60.4,59.4,59.9,24709,Titan
21-08-2009,60.3,61.7,59.3,60.8,32386,Titan
24-08-2009,61.5,62.7,60.4,60.8,45679,Titan
25-08-2009,60.5,61.3,60.1,61,17843,Titan
26-08-2009,61,62.4,60.1,60.5,17547,Titan
27-08-2009,60.6,64.4,60.6,62.5,155396,Titan
28-08-2009,63.5,64.4,61.8,62.2,42539,Titan
31-08-2009,62,62.4,61.2,61.5,11419,Titan
01-09-2009,61.4,62.5,60.3,61.6,29819,Titan
02-09-2009,61.4,61.8,60.9,61.4,7396,Titan
03-09-2009,61.7,63.4,61.4,61.7,24910,Titan
04-09-2009,62.4,63,61.8,62.1,16588,Titan
07-09-2009,62.5,65.2,62.3,64.6,52962,Titan
08-09-2009,65,67.5,63.3,64,139061,Titan
09-09-2009,64.8,65.7,63.5,63.9,48513,Titan
10-09-2009,64.8,65,61.3,61.6,54584,Titan
11-09-2009,61.8,63.4,61.7,62.8,48147,Titan
14-09-2009,61.9,63.6,61.9,62.5,19562,Titan
15-09-2009,62.9,63.5,62.5,62.8,13806,Titan
16-09-2009,62.9,64.9,62.7,64,40186,Titan
17-09-2009,64.3,65.2,63.3,63.9,55887,Titan
18-09-2009,63.9,64.3,62.8,63.3,40665,Titan
22-09-2009,62.5,64.3,62.5,62.9,15277,Titan
23-09-2009,63,64,62.4,62.7,18126,Titan
24-09-2009,62.1,62.9,60.3,62.5,41396,Titan
25-09-2009,61.8,63.3,61.4,61.9,16426,Titan
29-09-2009,62.5,63.7,61.6,62.5,20591,Titan
30-09-2009,62.1,63,62.1,62.6,14154,Titan
01-10-2009,62.6,63,61.8,62.5,14508,Titan
05-10-2009,61.8,62.7,61.8,62.5,17946,Titan
06-10-2009,63,65,61.3,63.5,56087,Titan
07-10-2009,64.1,70.1,63.8,68.1,436570,Titan
08-10-2009,68.4,71.1,68.4,68.9,163206,Titan
09-10-2009,69.7,72.5,69.5,71.2,272499,Titan
12-10-2009,72,73.7,71.4,73.4,190378,Titan
14-10-2009,73.8,74.4,71.9,72.2,77251,Titan
15-10-2009,72.8,73.6,70.4,70.8,57850,Titan
16-10-2009,70.5,72.6,68.9,70.8,31593,Titan
20-10-2009,71.3,72.1,69,69.4,25378,Titan
21-10-2009,69.7,71.9,68.4,68.9,49876,Titan
22-10-2009,69.4,69.5,65.8,66.4,32351,Titan
23-10-2009,67,69,67,68,36165,Titan
26-10-2009,67.2,67.7,63.4,64.8,105033,Titan
27-10-2009,64.4,64.7,62.1,63,42482,Titan
28-10-2009,61.7,64.4,61.2,62.5,47737,Titan
29-10-2009,62,62.3,60.5,61.5,76718,Titan
30-10-2009,62.8,64.2,61.8,62.8,42971,Titan
03-11-2009,62.5,64.7,62.3,63.5,29895,Titan
04-11-2009,64.9,66.9,63.6,64.4,55063,Titan
05-11-2009,64.6,65.8,63,63.7,52810,Titan
06-11-2009,64.3,66.5,64,65,77537,Titan
09-11-2009,66.5,67.5,65.2,67.1,79328,Titan
10-11-2009,67.3,67.8,66.4,66.8,34320,Titan
11-11-2009,64.1,68.8,62.1,68.2,43516,Titan
12-11-2009,68.5,71.9,67.8,69.3,45175,Titan
13-11-2009,69.1,69.2,67.8,68.5,19376,Titan
16-11-2009,69,70.6,68.5,68.8,33828,Titan
17-11-2009,69.5,69.7,68.5,69,12304,Titan
18-11-2009,69,69.7,68.5,69.3,13219,Titan
19-11-2009,69.3,70.6,69.1,70,77798,Titan
20-11-2009,70,70,66.4,68.1,32634,Titan
23-11-2009,68.6,69.3,67.5,67.7,22992,Titan
24-11-2009,68.1,68.6,66.8,67.1,21008,Titan
25-11-2009,67.3,68.4,66.3,66.7,10097,Titan
26-11-2009,66.8,67.4,63.5,64.1,26236,Titan
27-11-2009,63.7,65,62.6,64.1,34859,Titan
30-11-2009,64.5,67.5,64.1,66.9,28504,Titan
01-12-2009,67.3,67.9,66.3,67,14169,Titan
02-12-2009,67.9,68,66.3,66.4,8497,Titan
03-12-2009,67,68,66.6,67.7,17475,Titan
04-12-2009,67.5,68.9,66.6,67.7,22859,Titan
07-12-2009,68,68.3,65.7,67.6,19197,Titan
08-12-2009,68.8,68.8,67,67.8,12547,Titan
09-12-2009,67.5,67.7,66.7,66.9,8364,Titan
10-12-2009,67.3,67.3,65.3,66.7,19953,Titan
11-12-2009,67,67.9,66.5,66.8,10981,Titan
14-12-2009,67.4,68.5,64.5,64.9,30211,Titan
15-12-2009,65,65.4,64.2,64.6,10749,Titan
16-12-2009,64.3,64.9,63.1,63.9,18982,Titan
17-12-2009,63.5,66.7,63.5,66.3,40463,Titan
18-12-2009,65.3,67.5,64.8,66.5,44624,Titan
21-12-2009,66.5,70.6,66.5,68.9,168102,Titan
22-12-2009,68.9,70.3,68,68.5,41925,Titan
23-12-2009,68.7,69.8,68.2,68.7,26917,Titan
24-12-2009,68.7,71.7,68.7,71,142443,Titan
29-12-2009,71.5,79,71.1,71.8,65079,Titan
30-12-2009,71.3,73.4,70.2,72.9,47234,Titan
31-12-2009,73,73.9,70.8,71.2,63846,Titan
04-01-2010,71.3,72.5,70.4,71.1,24544,Titan
05-01-2010,72.5,73.1,71.2,72.5,64133,Titan
06-01-2010,73.6,74.4,73.3,73.7,65925,Titan
07-01-2010,73.3,76.7,73.3,75.5,160917,Titan
08-01-2010,76.3,76.3,72.8,74.8,23912,Titan
11-01-2010,76,76,73.9,74.2,20314,Titan
12-01-2010,75.3,75.3,73.7,74,19693,Titan
13-01-2010,74,74.6,73,73.5,26264,Titan
14-01-2010,74.2,76.3,73.9,75.9,56431,Titan
15-01-2010,76,76.5,74.8,75.8,32970,Titan
18-01-2010,76.5,76.5,74.3,75.3,11959,Titan
19-01-2010,73.8,78.4,70.6,76.7,112559,Titan
20-01-2010,77.4,79,76.8,77.8,127497,Titan
21-01-2010,77.8,78,75.4,76.2,43412,Titan
22-01-2010,74.8,76.4,71.8,76,27865,Titan
25-01-2010,75.1,75.7,74.5,75.1,14343,Titan
27-01-2010,73.7,75.7,73.7,74.9,38845,Titan
28-01-2010,73.5,77,72.8,76.2,75162,Titan
29-01-2010,75.8,76.5,73.8,75.1,22107,Titan
01-02-2010,76.3,86.4,76.2,85.4,373420,Titan
02-02-2010,85.8,87,82.9,83.5,158146,Titan
03-02-2010,84,88.9,83.9,86.6,296856,Titan
04-02-2010,87.4,88.8,83.9,85.1,196283,Titan
05-02-2010,83.5,86,82.5,84.1,124577,Titan
08-02-2010,85.5,87,83.8,85,112866,Titan
09-02-2010,85.4,86.2,84.3,85.1,82786,Titan
10-02-2010,85.5,89,85.5,86.2,203996,Titan
11-02-2010,87,87.8,85.9,86.9,80234,Titan
15-02-2010,86.5,87.7,85.6,85.9,34625,Titan
16-02-2010,87,87.1,85.6,86.4,23264,Titan
17-02-2010,87,91,86.7,89.9,213417,Titan
18-02-2010,89.8,92.5,89.5,91.3,208558,Titan
19-02-2010,90,92.4,89.8,90.6,68911,Titan
22-02-2010,91.5,92.7,87.8,88.2,173619,Titan
23-02-2010,87.5,88.7,86.4,87.4,171298,Titan
24-02-2010,86.5,88.1,86.3,86.8,41359,Titan
25-02-2010,86.3,87.5,85.9,86.2,52990,Titan
26-02-2010,86.9,88.7,85.1,87.3,116519,Titan
02-03-2010,88.4,90,88,89.6,54525,Titan
03-03-2010,89.9,91.4,89.9,90.7,42772,Titan
04-03-2010,90.8,93.9,90.4,93.4,135134,Titan
05-03-2010,94,95.1,91.1,91.5,104248,Titan
08-03-2010,92.5,93,90.3,90.5,86205,Titan
09-03-2010,90.5,91.8,89.6,90.7,82861,Titan
10-03-2010,90.1,92.1,89.6,89.9,103177,Titan
11-03-2010,88.4,91.3,88.4,90.6,52475,Titan
12-03-2010,90.9,91.7,89.8,90.2,81268,Titan
15-03-2010,89.9,90.8,89.3,89.5,48339,Titan
16-03-2010,90.5,90.6,89.3,90.1,73883,Titan
17-03-2010,90.3,92.4,89.9,90.4,119386,Titan
18-03-2010,91.7,91.7,90.4,90.6,42566,Titan
19-03-2010,91.1,92.4,90.6,91.2,47550,Titan
22-03-2010,90,91.3,89.1,89.4,41769,Titan
23-03-2010,89.9,91,88.7,89,60985,Titan
25-03-2010,88.9,90.4,88.3,88.8,125499,Titan
26-03-2010,89.3,91.7,89.3,90.8,71067,Titan
29-03-2010,91.3,92.6,90.8,92.4,69728,Titan
30-03-2010,93,93.3,91.5,91.6,49592,Titan
31-03-2010,91.1,92.7,91.1,92,63928,Titan
01-04-2010,92,94,91.9,93.6,63460,Titan
05-04-2010,94.8,94.8,93.1,93.6,36710,Titan
06-04-2010,94,94,92.6,93.5,20217,Titan
07-04-2010,94,94.5,93.3,94,104009,Titan
08-04-2010,94.2,96.1,93.5,94.3,84591,Titan
09-04-2010,96.5,96.5,94.5,95.3,29551,Titan
12-04-2010,95.5,95.9,94.5,95.3,21046,Titan
13-04-2010,95.1,96.7,94.6,95.3,47752,Titan
15-04-2010,95.3,99,95.3,98.2,154407,Titan
16-04-2010,98.5,103.4,98,102.8,319144,Titan
19-04-2010,101.2,103.9,100.8,102.6,169899,Titan
20-04-2010,103,103.4,101.8,102.5,56811,Titan
21-04-2010,102.5,103.7,101.9,102.6,35578,Titan
22-04-2010,101.8,102.8,101.3,102.4,35036,Titan
23-04-2010,101.8,104.4,101.6,103.3,82663,Titan
26-04-2010,104,104.4,102.4,103.2,37180,Titan
27-04-2010,103.3,103.9,102.6,103.4,55297,Titan
28-04-2010,102.3,103.4,101.5,102.5,69164,Titan
29-04-2010,102.9,106.2,102,105.5,172825,Titan
30-04-2010,106.3,107.9,106.1,106.5,95894,Titan
03-05-2010,107.3,110.4,105.5,109.5,302439,Titan
04-05-2010,109.9,110,106.6,107.3,96087,Titan
05-05-2010,107,111.5,104.8,109.7,162344,Titan
06-05-2010,109.9,110.4,107.6,108.6,137715,Titan
07-05-2010,108.4,110.1,105.7,108,62902,Titan
10-05-2010,108.5,110.5,107.3,108.9,55308,Titan
11-05-2010,108.5,109.5,106.6,108.4,45902,Titan
12-05-2010,106.2,110.2,105,108.4,69178,Titan
13-05-2010,108.6,112.7,108.3,111.8,190042,Titan
14-05-2010,112.3,114.7,112,113.9,130605,Titan
17-05-2010,113.1,113.4,110.3,112.5,53817,Titan
18-05-2010,113.5,116.4,112.8,115.3,101227,Titan
19-05-2010,114.5,115,112.6,113.1,43621,Titan
20-05-2010,113.4,114.5,111.5,112.6,26674,Titan
21-05-2010,111,112.4,108.3,111.8,32170,Titan
24-05-2010,116.9,116.9,110.8,111.4,24701,Titan
25-05-2010,110.9,111,107.4,107.8,62626,Titan
26-05-2010,109.5,109.9,105.7,106.5,66535,Titan
27-05-2010,109.9,111.8,105.5,109.1,46903,Titan
28-05-2010,110,111.9,108.8,111,70040,Titan
31-05-2010,110.9,111.9,110.1,111.1,31940,Titan
01-06-2010,110.8,112.7,109.3,110.7,54508,Titan
02-06-2010,111,111.8,108.8,110.3,42210,Titan
03-06-2010,111.2,112.4,110.6,111,32829,Titan
04-06-2010,112.1,113.4,110.8,112.4,82903,Titan
07-06-2010,111,113.5,110.6,112.4,66234,Titan
08-06-2010,112.9,113,111.3,111.8,27405,Titan
09-06-2010,111.9,113.1,111,111.3,23684,Titan
10-06-2010,111.3,112.2,110.7,111.6,37934,Titan
11-06-2010,112.1,112.7,110.9,111.1,22864,Titan
14-06-2010,112.9,112.9,111.2,112,16301,Titan
15-06-2010,112,112.8,111.5,112,11078,Titan
16-06-2010,111.4,113.4,110.7,111.1,53700,Titan
17-06-2010,111.3,112.2,109.4,110,72145,Titan
18-06-2010,111,111.1,109.3,109.9,25646,Titan
21-06-2010,110.3,111.4,109.1,109.9,67632,Titan
22-06-2010,110.4,111,108.3,110.3,66197,Titan
23-06-2010,110.5,111.4,109.6,110.4,22799,Titan
24-06-2010,109.8,113,109.8,112.2,70725,Titan
25-06-2010,112.9,113.9,112.2,113.2,32672,Titan
28-06-2010,113.5,117.5,112.8,116.8,63036,Titan
29-06-2010,117,119.2,116.3,117.6,97676,Titan
30-06-2010,117.1,119.3,116.2,118.5,37192,Titan
01-07-2010,118,118.4,117.1,117.5,47019,Titan
02-07-2010,117.5,118.3,115.8,116.1,20921,Titan
05-07-2010,117.3,117.3,115.1,116.5,15499,Titan
06-07-2010,116.6,120.2,115.7,119.3,46262,Titan
07-07-2010,119.5,121.3,118.4,120.4,191220,Titan
08-07-2010,121.2,125.8,120.8,124.5,127279,Titan
09-07-2010,124.8,125.7,122.6,125.3,78594,Titan
12-07-2010,125.5,126,124.3,125.4,41209,Titan
13-07-2010,125.4,134.2,124.6,131.4,140385,Titan
14-07-2010,132.5,137,130.5,131.9,200179,Titan
15-07-2010,129.5,137.8,129.5,134.6,196325,Titan
16-07-2010,134.3,135.9,132.9,133.6,89154,Titan
19-07-2010,133.5,134.5,132,132.4,78379,Titan
20-07-2010,132.5,134,132.5,133.2,85227,Titan
21-07-2010,134.4,134.4,133.3,133.6,38798,Titan
22-07-2010,133.6,137.5,133.5,137.1,185082,Titan
23-07-2010,140.1,140.1,137,138.6,120352,Titan
26-07-2010,139.9,140.7,138.6,139.9,119432,Titan
27-07-2010,140,143.7,137.1,141.5,287846,Titan
28-07-2010,143.5,144.4,141.3,142.1,196739,Titan
29-07-2010,141.5,142.4,140.1,140.6,62358,Titan
30-07-2010,141.2,142.8,139.8,140.3,78967,Titan
02-08-2010,140.1,142.5,139,140.9,45869,Titan
03-08-2010,141.9,141.9,140.3,140.9,33974,Titan
04-08-2010,141.1,141.3,139.6,140.4,18374,Titan
05-08-2010,140.1,141.9,138.7,139.4,98514,Titan
06-08-2010,139.3,140.8,139,140.3,90082,Titan
09-08-2010,141,142,139.6,140.9,40876,Titan
10-08-2010,141,141.5,140.3,140.6,35702,Titan
11-08-2010,140,141.5,137.6,138.6,44284,Titan
12-08-2010,137.6,142.2,137.1,141.8,99166,Titan
13-08-2010,141.8,151.3,141.1,149.2,384137,Titan
16-08-2010,150.1,154,149,150.2,232432,Titan
17-08-2010,150.5,152,146.8,147.2,138608,Titan
18-08-2010,148,148.4,142,144.6,233858,Titan
19-08-2010,145.5,147.7,142.6,144.8,142348,Titan
20-08-2010,145,146,142.5,143.2,87819,Titan
23-08-2010,144.5,152.8,143.5,151.6,438679,Titan
24-08-2010,150.8,153.9,148,151.8,287251,Titan
25-08-2010,151.5,153.8,149.2,150.3,333931,Titan
26-08-2010,151,152,148.3,149,265524,Titan
27-08-2010,149.3,151.2,148.6,149.1,116955,Titan
30-08-2010,150.5,151.5,149,149.9,50717,Titan
31-08-2010,150,150.3,145.9,146.6,149607,Titan
01-09-2010,147.8,149.2,147.1,147.8,86514,Titan
02-09-2010,148.8,152.2,147.6,150,198117,Titan
03-09-2010,150.5,152.2,149.6,149.9,96393,Titan
06-09-2010,150.5,152.8,149.9,151.5,104805,Titan
07-09-2010,152.3,152.3,150.1,150.2,66206,Titan
08-09-2010,150,151.5,147.8,148.1,140444,Titan
09-09-2010,148.5,149.9,147.3,147.6,67256,Titan
13-09-2010,148,150.4,146.6,148.9,89912,Titan
14-09-2010,149,156.4,148,155,481048,Titan
15-09-2010,156.5,159.2,155.3,156.3,434891,Titan
16-09-2010,157,158.2,155.1,155.6,145299,Titan
17-09-2010,156.4,161,156.3,160.1,313341,Titan
20-09-2010,161.2,161.4,158.5,159.1,114239,Titan
21-09-2010,160,160.8,157.4,157.9,83282,Titan
22-09-2010,158.5,161.7,158.5,161.2,231433,Titan
23-09-2010,161.5,165.3,159.8,164.6,305308,Titan
24-09-2010,165,168.3,162.6,167.4,228754,Titan
27-09-2010,167.3,171,165.5,169.8,150504,Titan
28-09-2010,170.8,170.9,167.6,168.2,146505,Titan
29-09-2010,169.4,170.2,165.1,165.6,111531,Titan
30-09-2010,166,166.8,162.9,163.7,155770,Titan
01-10-2010,164.6,167.7,164.6,165.5,136562,Titan
04-10-2010,167,167.8,164.5,165.3,58140,Titan
05-10-2010,166.5,167.8,164.5,165.4,69198,Titan
06-10-2010,166.2,171.5,165.8,170.8,260814,Titan
07-10-2010,171.3,172.9,167.3,168.3,169931,Titan
08-10-2010,169.5,169.5,165.7,166.6,65203,Titan
11-10-2010,168.2,169.7,167.5,168.6,48132,Titan
12-10-2010,168.8,168.8,164.1,165,64152,Titan
13-10-2010,166.3,167.2,164.8,165.9,108379,Titan
14-10-2010,166.7,168.1,164.8,166,98398,Titan
15-10-2010,167.5,167.7,163.5,164.5,84198,Titan
18-10-2010,164,166.3,159.8,160.8,92349,Titan
19-10-2010,161.7,162.9,158.3,159.3,59798,Titan
20-10-2010,159.3,160.8,158.2,158.6,50144,Titan
21-10-2010,158.6,162.9,158.6,160.7,68886,Titan
22-10-2010,161,162.8,158.8,160.3,50261,Titan
25-10-2010,161,165.6,161,164.5,179763,Titan
26-10-2010,165.5,175.7,165.5,174.6,701576,Titan
27-10-2010,174.3,180.2,174.3,179.4,464403,Titan
28-10-2010,180,182,172.8,174,283161,Titan
29-10-2010,174,178.2,172.5,177.6,197495,Titan
01-11-2010,178.9,191.5,178.3,189.6,433334,Titan
02-11-2010,191.4,193.9,189.4,190.9,464243,Titan
03-11-2010,192.5,193.3,190.7,191.7,161323,Titan
04-11-2010,192.5,193,190.6,191.1,146640,Titan
05-11-2010,195,195,191,191,22149,Titan
08-11-2010,192.5,192.6,189.7,190.9,79683,Titan
09-11-2010,190.9,192.4,189.8,191.1,79595,Titan
10-11-2010,191.1,209.8,190.8,207.3,993336,Titan
11-11-2010,207.5,212.1,205.2,206.2,598959,Titan
12-11-2010,205.8,207.2,197.1,197.8,452831,Titan
15-11-2010,199,199.3,192.2,195.4,310243,Titan
16-11-2010,198,200.5,188.4,189.5,581311,Titan
18-11-2010,191,193.3,180,186,600992,Titan
19-11-2010,187,191.2,182.5,183.6,485288,Titan
22-11-2010,184.9,192,184.9,190.6,299877,Titan
23-11-2010,190.6,191.2,182.3,187.8,302906,Titan
24-11-2010,188.7,191.5,184.6,186,274208,Titan
25-11-2010,187.5,189.7,182.7,183.7,230598,Titan
26-11-2010,183.7,186.8,169.6,178.7,437370,Titan
29-11-2010,180,185.8,176.1,184.2,278632,Titan
30-11-2010,183.2,186.8,181.1,184.7,348830,Titan
01-12-2010,185,191.4,184.1,189.1,331990,Titan
02-12-2010,191.4,193.3,188.6,189.2,193920,Titan
03-12-2010,189.3,190.5,183.9,184.8,186805,Titan
06-12-2010,185.7,189.4,183.9,184.7,123741,Titan
07-12-2010,186,186.3,182.8,184.7,156415,Titan
08-12-2010,185,185,177.6,178.6,171480,Titan
09-12-2010,177.5,179.5,165.1,167.6,503702,Titan
10-12-2010,167,173.7,160.5,172.4,493480,Titan
13-12-2010,174,176.5,171.3,174.4,224614,Titan
14-12-2010,175.5,180.5,174.1,179.3,316763,Titan
15-12-2010,179.8,180,169,170.9,268413,Titan
16-12-2010,177,177,165,170.3,368604,Titan
20-12-2010,169.8,172.2,167.9,169,198203,Titan
21-12-2010,170,172.4,169.5,170.7,127199,Titan
22-12-2010,170.8,172.2,168.6,169.6,132590,Titan
23-12-2010,170.4,170.6,165.8,166.8,159833,Titan
24-12-2010,166.8,175.5,165,173.8,540075,Titan
27-12-2010,174.8,176.8,173.2,173.9,248438,Titan
28-12-2010,175,175.1,172.6,173.4,133784,Titan
29-12-2010,174.3,176.4,173.3,175.8,209754,Titan
30-12-2010,176.8,178.7,174.8,176.8,302419,Titan
31-12-2010,177.2,181.9,176.8,179.8,329691,Titan
03-01-2011,180.9,185.9,180.9,184.3,286666,Titan
04-01-2011,187.4,187.4,182.1,182.9,306760,Titan
05-01-2011,181.9,184.8,181.2,182.1,246856,Titan
06-01-2011,183,183.8,177.8,179,264378,Titan
07-01-2011,178.9,180,168.5,170.6,287087,Titan
10-01-2011,170.5,170.6,164.1,164.6,380374,Titan
11-01-2011,165,168.5,163.3,165.2,341364,Titan
12-01-2011,166.8,180,165.6,179.1,432630,Titan
13-01-2011,179,179.5,170.2,170.7,398930,Titan
14-01-2011,171.5,176.8,169.1,170.5,424536,Titan
17-01-2011,170.5,174.5,169.8,171.3,256954,Titan
18-01-2011,171.3,175.4,171.3,174.1,234489,Titan
19-01-2011,175,177.5,171,172.7,335448,Titan
20-01-2011,172.6,175.3,170.8,174.4,269652,Titan
21-01-2011,174.3,176.5,173.3,175.3,210314,Titan
24-01-2011,175.7,180.8,175.4,178.5,317352,Titan
25-01-2011,179.3,181.6,178.6,179.9,288259,Titan
27-01-2011,181.7,181.7,177.1,178.3,197743,Titan
28-01-2011,178.3,180.2,166.3,173.4,758075,Titan
31-01-2011,172.6,181.2,170.4,180.1,573623,Titan
01-02-2011,180.6,183.1,178.8,179.9,516189,Titan
02-02-2011,181.7,182.1,175.9,176.8,300170,Titan
03-02-2011,177,180.5,176.2,179.9,254483,Titan
04-02-2011,180,182.1,174.5,175.7,276496,Titan
07-02-2011,175.5,176.7,171.6,172.4,221576,Titan
08-02-2011,172,173.2,161,161.6,466074,Titan
09-02-2011,161.4,164,150.3,154.4,601457,Titan
10-02-2011,154,159,147.2,154.2,714084,Titan
11-02-2011,155.5,157.2,151.6,155.6,557571,Titan
14-02-2011,157.1,160.3,156.6,159,484539,Titan
15-02-2011,159.8,162.4,155.8,160.6,480743,Titan
16-02-2011,160.5,164.4,158.8,163.1,391353,Titan
17-02-2011,163.4,165.7,161.9,164.7,306168,Titan
18-02-2011,165.3,166.9,160.4,161.1,390326,Titan
21-02-2011,161,169.3,160.2,168.4,409965,Titan
22-02-2011,166.6,175,165.6,173.8,715808,Titan
23-02-2011,172.5,174,170.7,171.8,357957,Titan
24-02-2011,171.7,173.2,162.6,163.6,514577,Titan
25-02-2011,164.3,168.2,163.7,167.2,349938,Titan
28-02-2011,167.7,171.7,164.7,166.4,296572,Titan
01-03-2011,167.5,171,167.3,170.1,225108,Titan
03-03-2011,170.1,174.5,168.8,172.6,330041,Titan
04-03-2011,173.8,174.6,171.7,172.3,192465,Titan
07-03-2011,171.8,171.8,167.2,170,235820,Titan
08-03-2011,170.1,174.2,169.8,173,164489,Titan
09-03-2011,175,176,173,174.7,228054,Titan
10-03-2011,173.1,174.3,172.3,173.7,105990,Titan
11-03-2011,172.7,174.5,171.8,172.6,150813,Titan
14-03-2011,140,175.3,140,174.7,123185,Titan
15-03-2011,170,173.8,169.9,173,181863,Titan
16-03-2011,173.8,178.8,173.8,177.1,222174,Titan
17-03-2011,176,179,175.7,178.2,150359,Titan
18-03-2011,179.5,180,172.5,173.1,343635,Titan
21-03-2011,173.5,174.8,167.9,171.4,151471,Titan
22-03-2011,171.9,174.3,171.7,172.9,124263,Titan
23-03-2011,172.6,174.1,172,173.1,119635,Titan
24-03-2011,173.9,175.4,173.6,174.7,162329,Titan
25-03-2011,174,176.9,174,175.6,143641,Titan
28-03-2011,175,179.9,175,177.4,238785,Titan
29-03-2011,177.5,180.7,177.5,179.5,222427,Titan
30-03-2011,180.2,193.9,180.2,192.3,1000510,Titan
31-03-2011,193.4,197.6,188.9,190.6,859211,Titan
01-04-2011,190.1,193.9,189.9,192.9,288276,Titan
04-04-2011,192.9,194.4,191.4,193,191380,Titan
05-04-2011,193.3,200.2,192.3,197.8,585368,Titan
06-04-2011,198.8,204.4,198.2,201.7,586180,Titan
07-04-2011,201.8,202.7,199.1,199.6,256726,Titan
08-04-2011,199.4,201.3,194.3,195.6,320283,Titan
11-04-2011,195.6,195.6,189.2,189.8,262834,Titan
13-04-2011,188.8,194.8,187.5,194.3,251455,Titan
15-04-2011,194.3,196.3,191.6,194.8,182942,Titan
18-04-2011,196,201.7,193.5,195,363141,Titan
19-04-2011,194.5,198,193,196.8,226153,Titan
20-04-2011,197.5,203.8,197.5,202.9,395205,Titan
21-04-2011,203.5,205,200.5,201.3,231090,Titan
25-04-2011,201.3,207.2,200.8,205.8,357726,Titan
26-04-2011,205.8,207.4,202.6,204.9,289635,Titan
27-04-2011,208.5,210,205.5,206.2,284494,Titan
28-04-2011,207.4,209,205.1,205.9,311524,Titan
29-04-2011,207.4,207.9,199.3,201.5,361923,Titan
02-05-2011,222.5,222.5,194.3,195.9,880697,Titan
03-05-2011,195,196.8,187.8,188.6,487545,Titan
04-05-2011,189,193.3,185.9,191.7,376101,Titan
05-05-2011,192,196.8,191.4,195.4,463244,Titan
06-05-2011,192.5,198.5,192.5,197.8,248970,Titan
09-05-2011,198.5,198.9,195.9,197.2,162907,Titan
10-05-2011,197.3,197.9,193.1,194.8,190747,Titan
11-05-2011,195.2,197.7,194.1,197.2,170098,Titan
12-05-2011,196.5,198,194.9,196.6,189451,Titan
13-05-2011,196.9,201.2,196.6,198.9,255907,Titan
16-05-2011,198.3,202,197.6,201.3,214582,Titan
17-05-2011,201.2,215,201.2,205.9,438841,Titan
18-05-2011,206.3,207.2,203.1,204.1,314858,Titan
19-05-2011,204.9,207,204.5,206.2,144745,Titan
20-05-2011,207,208.6,204,207.1,225925,Titan
23-05-2011,207,212.4,205.1,211,310940,Titan
24-05-2011,211.5,215.4,211.3,214.1,287216,Titan
25-05-2011,214.3,219.3,213,217.4,377529,Titan
26-05-2011,217,217.9,210.8,211.4,373017,Titan
27-05-2011,212.8,213.5,206.8,208.9,353762,Titan
30-05-2011,208.5,217.2,208.5,216.2,328954,Titan
31-05-2011,217.2,223.8,215.8,220.4,1062332,Titan
01-06-2011,219,219.8,213.6,215.5,351152,Titan
02-06-2011,215.3,217.5,213.3,215.6,262297,Titan
03-06-2011,215.3,218.5,214.7,216.6,180555,Titan
06-06-2011,213.3,219.2,213.3,218.4,177217,Titan
07-06-2011,217.5,219.8,217.5,219,110346,Titan
08-06-2011,218.9,221.7,218.5,221.1,208313,Titan
09-06-2011,221.3,228.8,221.1,226.3,326174,Titan
10-06-2011,226.5,231.3,226,230.3,403838,Titan
13-06-2011,230.4,236.7,228,235.7,489674,Titan
14-06-2011,236.5,237.8,226.6,228,756182,Titan
15-06-2011,228,228.6,223.1,223.9,455592,Titan
16-06-2011,222.5,223.8,210,221.4,527229,Titan
17-06-2011,222.8,230.9,221.6,228,529625,Titan
20-06-2011,228.5,234.3,224.6,231.1,762107,Titan
21-06-2011,232.3,233.4,225.5,228.9,527172,Titan
22-06-2011,231,231,212.8,214.6,1079424,Titan
23-06-2011,210,234,205,228.9,13873143,Titan
24-06-2011,230,234.8,215.1,216.4,10030616,Titan
27-06-2011,215,219.9,209.6,212,6899983,Titan
28-06-2011,212,216.3,211.2,212.6,6146633,Titan
29-06-2011,213.8,214.8,210.9,213.1,4410020,Titan
30-06-2011,214,220.9,212.7,214.3,15008952,Titan
01-07-2011,215.3,216.2,211.2,213.6,3454172,Titan
04-07-2011,216,218.6,212.6,217.9,3642856,Titan
05-07-2011,218,220.3,215.3,218.2,3384747,Titan
06-07-2011,219.3,225.4,217.7,224,6942588,Titan
07-07-2011,225,230.6,224.4,229.6,5889804,Titan
08-07-2011,229,231.9,225.6,226.2,2589148,Titan
11-07-2011,225,230.6,223.6,229,2582413,Titan
12-07-2011,228,230.2,220.2,222.4,4322260,Titan
13-07-2011,224.9,228,223.2,225.2,2208958,Titan
14-07-2011,226,229.2,224.3,227.2,2499289,Titan
15-07-2011,228.1,228.9,224.8,226.8,1319742,Titan
18-07-2011,227,228.9,226.2,227.8,1025963,Titan
19-07-2011,228.5,234.6,227.2,233.3,5025036,Titan
20-07-2011,234.5,236.6,231.2,231.8,3149819,Titan
21-07-2011,232.4,233.6,223.2,224.4,3845864,Titan
22-07-2011,224.1,225.8,215,221.5,5071391,Titan
25-07-2011,221.5,224.7,221,223.3,2355701,Titan
26-07-2011,223.6,226.3,219.5,220.4,3389205,Titan
27-07-2011,220.9,225.3,220.3,224.7,2836107,Titan
28-07-2011,225,230.3,221.6,228,5631997,Titan
29-07-2011,227,230,224.9,228.3,5132326,Titan
01-08-2011,228.5,230.9,226.3,228.1,1791974,Titan
02-08-2011,227.5,229.6,226.8,228.8,1969199,Titan
03-08-2011,227.2,229,222,225.2,2320358,Titan
04-08-2011,225.2,227.4,222.6,223.2,1630570,Titan
05-08-2011,218,219.2,205.6,214,5267450,Titan
08-08-2011,209.9,219.5,205,215.3,4019165,Titan
09-08-2011,210,217.2,207.3,214.3,3194671,Titan
10-08-2011,219.9,222.3,216.9,220.2,3738849,Titan
11-08-2011,218,221,214,214.6,3040554,Titan
12-08-2011,217.9,217.9,195,211.1,2114169,Titan
16-08-2011,213.3,215,208,208.7,1554427,Titan
17-08-2011,209.1,212.8,208.3,210.4,1631191,Titan
19-08-2011,200,200,192,196.9,4884178,Titan
22-08-2011,195.1,204.2,195.1,203.1,4377155,Titan
23-08-2011,204.5,211.9,202,208.9,3993609,Titan
24-08-2011,208,213.4,206,209.4,2823606,Titan
25-08-2011,209.4,212,204,206.1,1887580,Titan
26-08-2011,209,209,199.4,201.8,2067944,Titan
29-08-2011,204,207.2,203,205.7,1723009,Titan
30-08-2011,206,209.8,204.8,205.7,1670949,Titan
02-09-2011,206.3,212.3,206,210.9,3564546,Titan
05-09-2011,209,221.2,207.7,219.7,5370469,Titan
06-09-2011,217.9,223,214.3,216.2,4795953,Titan
07-09-2011,217.7,220,215.6,217.8,2064342,Titan
08-09-2011,218.8,225,216.2,223.5,3667482,Titan
09-09-2011,224.9,230.3,223.2,226.9,3852042,Titan
12-09-2011,229,229,212.8,214.4,4713601,Titan
13-09-2011,220.5,220.5,211.9,212.6,2281746,Titan
14-09-2011,212.5,215.4,208.7,212.1,3039238,Titan
15-09-2011,213.3,219.7,213.3,219.2,2429570,Titan
16-09-2011,221,222.5,217,220.1,2570919,Titan
19-09-2011,219,223.5,219,222.4,2186694,Titan
20-09-2011,223.9,227.5,223.1,226.9,2270310,Titan
21-09-2011,226,237.5,226,235.8,5631468,Titan
22-09-2011,233.7,233.7,224.4,225.8,3813840,Titan
23-09-2011,224.5,228.5,220,223.7,3203822,Titan
26-09-2011,223.9,223.9,205.1,207.3,6890338,Titan
27-09-2011,210,214,210,212.7,3740693,Titan
28-09-2011,214,216.4,205.1,207.2,4727947,Titan
29-09-2011,207,208.2,200.4,205.7,8702869,Titan
30-09-2011,208,211.3,205.2,209,3498689,Titan
03-10-2011,206,207.4,200,204.1,2623896,Titan
04-10-2011,205,207.4,195.5,197.4,5658170,Titan
05-10-2011,200,200.7,193.6,197.5,5425968,Titan
07-10-2011,201,209.6,201,208.4,5109623,Titan
10-10-2011,210,212.5,208.1,211.5,2186479,Titan
11-10-2011,212.5,215.6,211,212.8,1892546,Titan
12-10-2011,213,221,213,220,3301229,Titan
13-10-2011,221,224.1,216.3,217,2804975,Titan
14-10-2011,215,220.5,214.8,217.6,2572195,Titan
17-10-2011,224,226.8,217.9,225.6,3577533,Titan
18-10-2011,220,223,218.2,221.2,2174255,Titan
19-10-2011,222,225.6,220.5,222.5,3034247,Titan
20-10-2011,221,221,213.7,216.4,3337512,Titan
21-10-2011,218,222.8,216.8,219.9,2950215,Titan
24-10-2011,222,227.8,221,226.6,4094220,Titan
25-10-2011,223.1,224.8,211.4,215.9,9327099,Titan
26-10-2011,224.8,224.8,216.2,217.2,1126953,Titan
28-10-2011,219.9,223.2,216.3,217.4,3530742,Titan
31-10-2011,217.5,219.4,214.4,217.3,2558727,Titan
01-11-2011,214.1,218.2,213,215.1,2079857,Titan
02-11-2011,214.5,217.9,213.7,215.3,2004237,Titan
03-11-2011,215,217.2,213,215.3,1727485,Titan
04-11-2011,216,219.5,216,217,2276907,Titan
08-11-2011,217.2,222.4,217.2,221.9,3064297,Titan
09-11-2011,222.8,224.3,217.3,218.3,2689688,Titan
11-11-2011,217.5,219,212.7,214.8,2603251,Titan
14-11-2011,217,218.2,208.4,209.7,1756745,Titan
15-11-2011,208,212.4,203.8,206.2,2612245,Titan
16-11-2011,207,214.6,205.1,211.8,3178327,Titan
17-11-2011,211.9,214.5,184.9,202.4,2803951,Titan
18-11-2011,193.1,205.3,193.1,203.9,4217531,Titan
21-11-2011,203,203,195.5,198.4,4111409,Titan
22-11-2011,199,200,184.1,185.6,8094625,Titan
23-11-2011,183.8,191.8,181.2,190.6,5940896,Titan
24-11-2011,189.4,191.7,184,189.8,3716192,Titan
25-11-2011,189.5,196.9,186.1,189,4865853,Titan
28-11-2011,192.5,194.3,189.3,191.3,4575902,Titan
29-11-2011,191.9,192.6,184.7,185.3,3393029,Titan
30-11-2011,183.4,183.4,174.6,177.7,9865970,Titan
01-12-2011,183,188.4,180.3,186,6122090,Titan
02-12-2011,183.4,192,183.4,191.5,4299534,Titan
05-12-2011,190.9,192.8,185.6,186.8,4115944,Titan
07-12-2011,187,189.3,182.6,185.1,3913847,Titan
08-12-2011,185,186,180.8,182.8,3684421,Titan
09-12-2011,181,187.6,178.8,185.1,3294554,Titan
12-12-2011,185.5,187.3,179.2,180,2583396,Titan
13-12-2011,180,180.7,170.1,172.1,7121542,Titan
14-12-2011,172.5,172.8,166.1,167.2,8812592,Titan
15-12-2011,166,166,155.1,163.3,11528044,Titan
16-12-2011,164.5,172.4,159.6,161.5,10509505,Titan
19-12-2011,161,164.9,157.1,161.5,6590342,Titan
20-12-2011,162,163.7,154.2,156.2,5248338,Titan
21-12-2011,158,170.4,158,169.1,7941380,Titan
22-12-2011,168,178,166.8,175.5,8512579,Titan
23-12-2011,178.3,178.5,169.8,171.6,4231255,Titan
26-12-2011,171.5,176.9,171.2,173.9,1527823,Titan
27-12-2011,173,178.3,172,174.9,2818702,Titan
28-12-2011,174,175.9,170.6,173.8,2762884,Titan
29-12-2011,172,173.8,170.8,172.4,2198244,Titan
30-12-2011,172.1,174.5,168,171,2037386,Titan
02-01-2012,171.6,177,171.4,175.2,3717480,Titan
03-01-2012,176.5,180.7,176.5,179.6,3552588,Titan
04-01-2012,180,184.4,175.6,177.8,3670612,Titan
05-01-2012,179,181.7,174.1,176.5,2736557,Titan
06-01-2012,175.3,176.5,170.5,172.9,2948089,Titan
09-01-2012,173.8,177.5,170.1,175.6,1883781,Titan
10-01-2012,177.9,181.8,176.5,180.9,1857788,Titan
11-01-2012,181.8,185,181.5,183.8,3209514,Titan
12-01-2012,183.2,187.7,181.8,184.2,3779145,Titan
13-01-2012,184.2,188.1,180,182.8,2871754,Titan
16-01-2012,180,185.5,179.8,184.4,1490712,Titan
17-01-2012,185.6,188.9,180.5,184.6,3918713,Titan
18-01-2012,185,185.7,181.5,183.9,2892608,Titan
19-01-2012,185,187.2,181,182.4,3993713,Titan
20-01-2012,184.9,193.5,183.7,191.9,6313381,Titan
23-01-2012,191.9,196.5,190.1,191.4,4023061,Titan
24-01-2012,192,196.2,191.2,192,3231621,Titan
25-01-2012,193,198.8,193,197.9,4886655,Titan
27-01-2012,199.4,207.3,198.9,206.5,3706101,Titan
30-01-2012,209.5,209.5,200.6,201.5,2938059,Titan
31-01-2012,203.3,207.3,198.3,203,5081248,Titan
01-02-2012,208,208,193.2,196.2,5161191,Titan
02-02-2012,197.5,201,193,194.5,3740675,Titan
03-02-2012,192.2,199.8,192.1,196.7,2715560,Titan
06-02-2012,197.5,201.8,196.5,198.3,2494513,Titan
07-02-2012,199.3,203.8,197.9,200.2,3496444,Titan
08-02-2012,203,209.9,201.1,208.8,4347882,Titan
09-02-2012,210,212.4,207.5,210.6,2274272,Titan
10-02-2012,211,214.4,204.5,207,2191340,Titan
13-02-2012,208,212.4,206.4,208.9,2307798,Titan
14-02-2012,208,211.1,207,209.1,1727649,Titan
15-02-2012,210,219.4,210,217.9,2980184,Titan
16-02-2012,218,218.5,212.4,215.6,2438166,Titan
17-02-2012,217.7,235.8,217.3,232,7851560,Titan
21-02-2012,233,255,223.3,243.9,13250808,Titan
22-02-2012,247,249.8,224.3,226.1,6866142,Titan
23-02-2012,225.5,233.4,218.6,225.2,6040973,Titan
24-02-2012,226.2,233.9,223,226,3487753,Titan
27-02-2012,226.7,226.7,213.7,216.8,2526927,Titan
28-02-2012,218.7,229.2,218.4,225.2,2388810,Titan
29-02-2012,229,234.8,224.6,228.4,5641347,Titan
01-03-2012,227.3,235.9,222.4,228.9,3716887,Titan
02-03-2012,230.8,233,226,229.5,2124018,Titan
05-03-2012,227.9,228.4,222.1,224,1524005,Titan
06-03-2012,223.1,238.5,220.4,230.8,4078876,Titan
07-03-2012,229,234.4,227.4,231.4,2133389,Titan
09-03-2012,234.1,241.4,231.2,240,3178144,Titan
12-03-2012,244.3,247.9,241.2,246.1,2602734,Titan
13-03-2012,247.6,250.3,246,247.6,1502182,Titan
14-03-2012,249.8,252.5,246.5,248,2520051,Titan
15-03-2012,252,252,229.5,232.2,2667095,Titan
16-03-2012,231.9,237.9,224.7,233.5,6305324,Titan
19-03-2012,232,240.4,231.9,235,2561306,Titan
20-03-2012,234,245.8,233.3,243.8,3175756,Titan
21-03-2012,245,246.3,240.4,242.9,2928052,Titan
22-03-2012,244,247.9,231.7,233.6,3200367,Titan
23-03-2012,234.3,239.6,226.8,232.3,2782447,Titan
26-03-2012,233,234.8,227.1,228.9,1239931,Titan
27-03-2012,230,239.4,230,237.9,2134541,Titan
28-03-2012,238,240.9,221.7,223.8,3791615,Titan
29-03-2012,223,230.6,215.3,228.5,3106392,Titan
30-03-2012,230,232.5,225.3,228.6,1781095,Titan
02-04-2012,235.3,265,232.1,242.8,5694452,Titan
03-04-2012,244.1,250.8,244.1,247.7,3093349,Titan
04-04-2012,245.7,253.8,243.3,249.3,3753999,Titan
09-04-2012,245.8,250.5,241.3,242.6,1948251,Titan
10-04-2012,244,245.8,239.1,243.8,1877868,Titan
11-04-2012,240,246.6,240,241.4,2426290,Titan
12-04-2012,241.7,245.4,237.4,238.7,1859654,Titan
13-04-2012,241.1,242.7,236.7,238,1189240,Titan
16-04-2012,239,240.4,235.4,237,1526830,Titan
17-04-2012,237.3,237.8,230.2,235.3,2555342,Titan
18-04-2012,237,244.8,236.7,239.8,2475782,Titan
19-04-2012,242,242.3,234.1,236.8,1668287,Titan
20-04-2012,237.5,242.8,235,237.9,2669757,Titan
23-04-2012,239,240.8,231.6,234.9,2541790,Titan
24-04-2012,235.9,241,235.4,236.9,2309260,Titan
25-04-2012,238.8,239.4,228.4,229.9,2105294,Titan
26-04-2012,231,235.4,228.1,229.4,1928765,Titan
27-04-2012,231,237,228.6,235.2,1603398,Titan
30-04-2012,237,240,230,233,2821520,Titan
02-05-2012,236,245.5,236,243.5,5491215,Titan
03-05-2012,242.9,247.7,241.5,246.4,3912471,Titan
04-05-2012,243,246,235.7,241,3376006,Titan
07-05-2012,238,251.1,233.1,248.7,5033737,Titan
08-05-2012,249.9,253.7,243.4,245.1,3895430,Titan
09-05-2012,243.1,246.3,239.2,244.5,2364261,Titan
10-05-2012,244,247.3,242.4,245.9,2033359,Titan
11-05-2012,244.9,248.9,240,244.9,1870243,Titan
14-05-2012,245.2,247.9,243.1,246.1,1617717,Titan
15-05-2012,245.2,246,239.8,243.6,2280474,Titan
16-05-2012,240.4,242.2,231,233.7,3309258,Titan
17-05-2012,234.9,237.9,228.7,230,3629172,Titan
18-05-2012,226.8,231.6,222,229,3004749,Titan
21-05-2012,229.2,234.7,227.3,230.5,2073922,Titan
22-05-2012,232.8,234.8,228.7,231.2,1808833,Titan
23-05-2012,230.9,231.3,222.3,224,2235854,Titan
24-05-2012,224.3,228,220.6,226.2,2396630,Titan
25-05-2012,225.8,225.8,221.5,223.6,1359916,Titan
28-05-2012,224,235,224,234.1,1656521,Titan
29-05-2012,236.3,236.5,230.7,232.1,1095378,Titan
30-05-2012,233,233.9,222.7,223.9,1443295,Titan
31-05-2012,222.4,225,217.2,222.7,2037633,Titan
01-06-2012,221,226.4,218.9,221.4,1695583,Titan
04-06-2012,221.6,221.6,206.1,210.2,4739350,Titan
05-06-2012,212,214.5,204.2,207.8,4021947,Titan
06-06-2012,210.5,217,208.6,215.6,4543229,Titan
07-06-2012,217,219.4,210,212.9,4237917,Titan
08-06-2012,211.3,213.7,207.5,212.8,5246764,Titan
11-06-2012,214.6,219.8,213.5,215.4,3465381,Titan
12-06-2012,214.5,221.6,212.5,220.6,3399724,Titan
13-06-2012,221,222,215.5,218,1772135,Titan
14-06-2012,218.5,220.9,211.5,213.6,1593441,Titan
15-06-2012,213,218.9,213,218,1045192,Titan
18-06-2012,219.5,223.7,215.2,219.8,1967567,Titan
19-06-2012,220,221.4,217.8,219.9,937377,Titan
20-06-2012,220.3,223.5,218,220.9,1269354,Titan
21-06-2012,221.5,222.3,213.5,219.8,1962212,Titan
22-06-2012,218,222.8,216.1,221,1505899,Titan
25-06-2012,221.3,225.5,220.5,221.4,1556788,Titan
26-06-2012,221.5,222.3,216.7,218.2,991521,Titan
27-06-2012,218.6,219.8,215.3,216.5,1365711,Titan
28-06-2012,218,221.2,212,216.1,4860173,Titan
29-06-2012,220.9,224.5,218.6,223.4,5313181,Titan
02-07-2012,225,227.9,222.7,225.4,1955048,Titan
03-07-2012,227,239.3,227,237.7,4038623,Titan
04-07-2012,238.8,238.9,232.3,233.3,1334773,Titan
05-07-2012,234.2,236.6,231.3,233.2,803590,Titan
06-07-2012,233.2,234.7,228.8,229.8,1006966,Titan
09-07-2012,230,230.5,225.4,227.4,1004382,Titan
10-07-2012,226.2,231.4,226.2,228.1,2578948,Titan
11-07-2012,227.8,232,227.4,228.5,1325058,Titan
12-07-2012,227.9,227.9,222.4,224,1079221,Titan
13-07-2012,224,224.8,216.3,216.9,2006897,Titan
16-07-2012,218.6,223.3,215,220.9,2132458,Titan
17-07-2012,222.5,223.6,219.3,222.9,1357179,Titan
18-07-2012,223,223.5,218.9,222.6,933492,Titan
19-07-2012,224.9,228.3,223.1,226.8,1829191,Titan
20-07-2012,228.5,230.8,223.6,228.4,2070361,Titan
23-07-2012,227.5,227.5,220.7,223.7,1402329,Titan
24-07-2012,224.2,229.8,222.8,229.2,1462013,Titan
25-07-2012,229.7,230.9,221.2,222.6,1733955,Titan
26-07-2012,223,225.4,219.6,222.9,1091946,Titan
27-07-2012,224.8,229.5,224.6,227.3,1740594,Titan
30-07-2012,229.5,233.9,227,233,2095849,Titan
31-07-2012,235,235.8,219.9,222,7046316,Titan
01-08-2012,219.5,224.2,218.6,221.8,4794209,Titan
02-08-2012,222.2,227.3,222,226.8,2831930,Titan
03-08-2012,224.1,229.4,224.1,228.5,1972218,Titan
06-08-2012,230,231,227.1,229.3,1512181,Titan
07-08-2012,227,229.5,225.8,227.6,1939074,Titan
08-08-2012,228,228.4,222.8,224.7,1695844,Titan
09-08-2012,226.4,227.2,223.1,224.2,813257,Titan
10-08-2012,224.3,224.3,217,217.7,2330101,Titan
13-08-2012,217.5,223.5,214.8,223,2053220,Titan
14-08-2012,224,225.8,221.1,225.2,935625,Titan
16-08-2012,226,226,219,220,1542604,Titan
17-08-2012,221,223.2,219.2,220.6,1104963,Titan
21-08-2012,220.1,223.6,218.8,223.3,1077479,Titan
22-08-2012,223,225.5,221.6,223.3,925954,Titan
23-08-2012,224.3,226.3,221.5,223,1077092,Titan
24-08-2012,222,223.8,220.3,222.2,698416,Titan
27-08-2012,223.5,224.6,220.1,221.5,825468,Titan
28-08-2012,221,222.2,215.8,221.3,1732218,Titan
29-08-2012,221,223.4,218.6,221.6,1020946,Titan
30-08-2012,220,224.8,218.5,222.1,2435670,Titan
31-08-2012,222.7,224.5,219.3,220.4,788757,Titan
03-09-2012,220.2,224.5,220.1,224,1140557,Titan
04-09-2012,223.8,227,221.6,225.7,1323217,Titan
05-09-2012,225,226.4,221.6,222.5,747216,Titan
06-09-2012,222.1,223.1,219.6,220.2,545508,Titan
07-09-2012,221,228.9,221,227.4,1606210,Titan
10-09-2012,230,235.8,229,235,2103030,Titan
11-09-2012,235,237.8,233.3,237.3,1537135,Titan
12-09-2012,237.1,239.9,237,238.2,1304050,Titan
13-09-2012,239,240.7,236.3,239.2,1219101,Titan
14-09-2012,243.2,244.3,239.4,240.6,1149696,Titan
17-09-2012,244,244.5,237.7,241.8,1523742,Titan
18-09-2012,242,244.4,224,240.9,1067532,Titan
20-09-2012,238.1,244.7,237,242.5,1860107,Titan
21-09-2012,243.8,246.5,240.3,241.4,1687327,Titan
24-09-2012,240,247.4,239.3,244.3,1815587,Titan
25-09-2012,244.3,246.7,242.5,245,1143896,Titan
26-09-2012,244,248.5,242.7,245.2,752108,Titan
27-09-2012,246.5,255.8,243.5,254.3,2438130,Titan
28-09-2012,256,262.7,255.3,261.2,2200822,Titan
01-10-2012,263,264.9,259,262.3,1735926,Titan
03-10-2012,264.6,264.6,256.1,258.9,1758801,Titan
04-10-2012,259,269.4,258,267.3,1668178,Titan
05-10-2012,268.1,271.9,262.8,268.8,1815695,Titan
08-10-2012,268.1,272.9,259.1,260.4,1697157,Titan
09-10-2012,260,266.8,259,265.2,1095475,Titan
10-10-2012,267,270.7,261.2,268.4,1087274,Titan
11-10-2012,264,270.5,264,269.1,808242,Titan
12-10-2012,268,277.9,268,274.3,1539438,Titan
15-10-2012,276,277.1,269,270.6,1027804,Titan
16-10-2012,271.5,275.3,269.6,272.7,1302338,Titan
17-10-2012,273,276.7,271.1,275,1179690,Titan
18-10-2012,275,280.4,272.7,278.1,1082562,Titan
19-10-2012,279,282.5,277.2,278.8,1290736,Titan
22-10-2012,279,280.2,276,278.5,479715,Titan
23-10-2012,279.5,279.5,273.3,275.5,1014966,Titan
25-10-2012,272.1,278.3,272.1,276.5,735286,Titan
26-10-2012,279,279.5,259.8,264.7,1849078,Titan
29-10-2012,264,269.5,259.8,266.9,749060,Titan
30-10-2012,266.3,267.3,256.8,257.5,1803572,Titan
31-10-2012,258,261.2,256.2,259.3,2059093,Titan
01-11-2012,259.8,287.4,259.8,285.2,9312449,Titan
02-11-2012,286,290.4,280.8,289.4,3618368,Titan
05-11-2012,285,293.8,284,290,2565168,Titan
06-11-2012,289.8,293.2,287.3,290.9,1305811,Titan
07-11-2012,291.7,296,289.2,292.4,1445657,Titan
08-11-2012,290.5,296.7,289.1,293.8,1269965,Titan
09-11-2012,292,296.5,287.8,289.4,1157767,Titan
12-11-2012,290.9,295.8,290,294.4,898860,Titan
13-11-2012,294.9,296,291.1,291.8,191375,Titan
15-11-2012,290.8,301.6,288.3,299.5,2299103,Titan
16-11-2012,299,301.5,293.8,295.5,1433790,Titan
19-11-2012,294.5,297.2,288.4,289.8,1273190,Titan
20-11-2012,291,292.9,285.3,290,968520,Titan
21-11-2012,290.5,298.5,288.9,297.3,1421208,Titan
22-11-2012,298.5,300.9,292,294,1357997,Titan
23-11-2012,294,299,293.9,296.3,689292,Titan
26-11-2012,295.9,304.9,295.9,298.8,1612543,Titan
27-11-2012,299,306,299,303.3,1384079,Titan
29-11-2012,302.5,309.6,301.5,307.3,2048841,Titan
30-11-2012,310,313.4,305.8,311.7,1622986,Titan
03-12-2012,296.5,313.2,296.5,306,1115935,Titan
04-12-2012,306,308.4,302.8,305.5,796657,Titan
05-12-2012,305.5,308.5,303.4,305.8,606206,Titan
06-12-2012,306.9,310,305.2,308.7,1218209,Titan
07-12-2012,308,310.9,306.1,307.2,659828,Titan
10-12-2012,308,310,294.7,296.3,1974791,Titan
11-12-2012,297,301.3,291,295.9,1235137,Titan
12-12-2012,296,304.4,295.3,303.4,1441479,Titan
13-12-2012,304,304.6,293,294.3,990277,Titan
14-12-2012,294.9,295,286.8,288.7,1963329,Titan
17-12-2012,288,288.8,281.7,283.5,2526956,Titan
18-12-2012,283,289,283,287.4,1881852,Titan
19-12-2012,288,294.4,288,290,1339342,Titan
20-12-2012,288,289.2,284,285.9,1169688,Titan
21-12-2012,280.6,284.4,278.3,280,2473869,Titan
24-12-2012,281,283.7,279.5,281,1159498,Titan
26-12-2012,281,284.9,281,281.8,803896,Titan
27-12-2012,282,284,280.1,281.8,2192031,Titan
28-12-2012,282.5,282.9,278,281.2,1008311,Titan
31-12-2012,281,285,280.2,284.4,1308319,Titan
01-01-2013,285,288,285,286.9,1161263,Titan
02-01-2013,288,290.7,286,287.8,1252267,Titan
03-01-2013,288,289.1,280.5,282.8,1771023,Titan
04-01-2013,283,287.7,280,285.5,1275766,Titan
07-01-2013,286,288.1,280,281.7,1700272,Titan
08-01-2013,282,282,271.3,272.2,3558603,Titan
09-01-2013,272.6,274.8,267,268,2966687,Titan
10-01-2013,269,271.1,265.6,267,2335535,Titan
11-01-2013,267.1,273.6,267.1,269.9,2649331,Titan
14-01-2013,270,276,270,274.6,1613107,Titan
15-01-2013,275.7,277.5,273.3,276.3,1506904,Titan
16-01-2013,276.3,279.9,273.4,276.6,1481166,Titan
17-01-2013,276.7,278.9,274,276.7,1033780,Titan
18-01-2013,278,278,272.1,274.3,946065,Titan
21-01-2013,274.1,277,271.3,276.4,1307695,Titan
22-01-2013,274.9,275.9,267.3,269.2,1552415,Titan
23-01-2013,269.5,271,262.5,266,1115399,Titan
24-01-2013,267,270.8,265.1,267.6,1826007,Titan
25-01-2013,267.8,275,265.8,274.5,1240471,Titan
28-01-2013,275,277.4,268.5,270.5,938601,Titan
29-01-2013,270.3,273.5,265.3,269.7,1047787,Titan
30-01-2013,271.9,277.7,266.9,275.6,3494736,Titan
31-01-2013,277,283.4,273.4,279.4,3139734,Titan
01-02-2013,281,287.9,279.8,286.6,1947109,Titan
04-02-2013,286.5,290,282.9,285.4,1617439,Titan
05-02-2013,285,285.6,275.6,277.4,1566450,Titan
06-02-2013,282,282.6,276.4,277.3,1186992,Titan
07-02-2013,277,278.6,260.6,263,3994552,Titan
08-02-2013,263.5,268.7,260.5,264.6,3954608,Titan
11-02-2013,265,269.8,265,267.8,753486,Titan
12-02-2013,267.8,271.8,267,271.1,1439194,Titan
13-02-2013,272,275,269.5,270.6,1462167,Titan
14-02-2013,270.8,271.1,264.4,268.8,1217612,Titan
15-02-2013,271.9,271.9,264.8,267.8,791962,Titan
18-02-2013,265,269.2,260.6,263.9,1259497,Titan
19-02-2013,265.3,266.4,262.2,263.9,788247,Titan
20-02-2013,264,265,258.1,259.2,2485347,Titan
21-02-2013,259,259.3,253.9,257.7,2860464,Titan
22-02-2013,258,259.1,249.7,256.4,2787859,Titan
25-02-2013,252.1,260,250,252.8,2866727,Titan
26-02-2013,253.8,255.7,248.4,250.1,1190290,Titan
27-02-2013,250.5,258.8,250.5,255.1,1697059,Titan
28-02-2013,255,274,251.1,260.9,5531733,Titan
01-03-2013,264.9,277,262.1,274.3,2496026,Titan
04-03-2013,271.2,276.5,263.8,265.3,2138080,Titan
05-03-2013,266,266.5,257.3,260.2,2996297,Titan
06-03-2013,261,263,256.1,257.1,2554592,Titan
07-03-2013,259.7,259.7,251.3,254,2022967,Titan
08-03-2013,254,259.9,253.8,258.1,1836391,Titan
11-03-2013,258.5,259,250.4,250.9,1551541,Titan
12-03-2013,250.9,252.9,241.2,242.2,3346805,Titan
13-03-2013,241.8,242,235.1,236.2,3785852,Titan
14-03-2013,235.5,235.5,225,229.2,7270892,Titan
15-03-2013,229.5,245.1,229.2,242.2,9743964,Titan
18-03-2013,240.9,246.4,239.3,244.8,3181009,Titan
19-03-2013,247.5,247.5,239.4,242.6,2116466,Titan
20-03-2013,242.3,246.4,236.3,243.8,2253116,Titan
21-03-2013,244,257.8,240.6,249,4764707,Titan
22-03-2013,249.7,251.4,240.5,243,2171410,Titan
25-03-2013,247.9,251.4,243.3,245.9,1944657,Titan
26-03-2013,245.9,253.5,241.6,252.1,2365602,Titan
28-03-2013,251,260.5,242,256.4,5979551,Titan
01-04-2013,252.5,261.2,252,254.8,2821772,Titan
02-04-2013,254,261.5,253.5,260.3,1703700,Titan
03-04-2013,256,263,251.6,253.5,1639283,Titan
04-04-2013,253.5,253.5,246.7,249.2,1842434,Titan
05-04-2013,247.3,252.8,242.6,245.1,1917174,Titan
08-04-2013,245.5,253.5,241,252.5,2437053,Titan
09-04-2013,254,255.6,248.1,249.7,1324450,Titan
10-04-2013,250,254,246.5,252.8,1204332,Titan
11-04-2013,255.3,255.5,250.2,254.3,1137697,Titan
12-04-2013,252,253,247,249.6,1335649,Titan
15-04-2013,245.8,245.8,236.4,239.4,4050626,Titan
16-04-2013,236,247,232.8,244.4,6250477,Titan
17-04-2013,244.1,249.6,242.4,246.8,3371434,Titan
18-04-2013,244,264.8,240.8,259.3,4481404,Titan
22-04-2013,258.1,279.8,258.1,273.6,5693986,Titan
23-04-2013,273,274.6,264.6,267.4,1972713,Titan
25-04-2013,269.5,270.9,259.5,264.7,3078084,Titan
26-04-2013,266.4,269.2,260,264,1261166,Titan
29-04-2013,264,276,261.5,273.2,2055992,Titan
30-04-2013,274.7,276.1,266.1,270.7,1850978,Titan
02-05-2013,268,275,267.1,274.2,1311270,Titan
03-05-2013,275,278.7,268.3,270.5,2424516,Titan
06-05-2013,272,276.8,270,274.6,1718680,Titan
07-05-2013,273.1,281.1,272.2,278.4,1523000,Titan
08-05-2013,278,279,275,276.3,1049742,Titan
09-05-2013,277.7,279.8,275.3,276.3,849268,Titan
10-05-2013,277,289,276.3,287.4,2846321,Titan
13-05-2013,289.8,291.9,282.9,285.4,2304011,Titan
14-05-2013,283,285,279.6,282.3,1282073,Titan
15-05-2013,283.8,288,282.7,284.8,959084,Titan
16-05-2013,284,286.3,276.1,280.7,1255654,Titan
17-05-2013,278.7,280,273.1,275.3,1571142,Titan
20-05-2013,272.6,277.4,269.7,271.3,1437646,Titan
21-05-2013,270,276.9,270,275.5,1566972,Titan
22-05-2013,276.1,279,272.3,275.3,831266,Titan
23-05-2013,274,274,264.2,269.5,762566,Titan
24-05-2013,269.3,279.7,265.6,276.5,1057377,Titan
27-05-2013,277.9,290.8,277,289,2163083,Titan
28-05-2013,288,297.7,286.4,296.7,1844190,Titan
29-05-2013,296.7,301.7,294,299.4,1762975,Titan
30-05-2013,299.8,302,292.2,301,1729005,Titan
31-05-2013,298.6,301.9,292.1,293.6,1240732,Titan
03-06-2013,293,295.7,285,289.8,1173694,Titan
04-06-2013,288.5,292,278.5,281.6,2085444,Titan
05-06-2013,280,283.3,275.2,279.1,2348999,Titan
06-06-2013,275,280.8,273,277.2,2438952,Titan
07-06-2013,276.5,280.6,271,272.5,1890140,Titan
10-06-2013,273.6,274.8,262.8,264.7,1849186,Titan
11-06-2013,262.8,263.1,227.7,237.2,6726646,Titan
12-06-2013,223.9,223.9,201,204.6,33276612,Titan
13-06-2013,201,218.5,201,213.8,12014762,Titan
14-06-2013,218.3,228.3,217.9,225.2,7981556,Titan
17-06-2013,225.9,232.5,220.1,229.8,5687245,Titan
18-06-2013,230.5,231.8,222.5,224.3,6227806,Titan
19-06-2013,221.7,233.6,220.7,231.7,5311232,Titan
20-06-2013,228,228.5,223.4,225.1,2656131,Titan
21-06-2013,225,228.9,218.6,223.1,2589148,Titan
24-06-2013,223.3,228.7,213.4,222.5,4896292,Titan
25-06-2013,225,231.9,219.3,228.7,3322441,Titan
26-06-2013,230.1,231.2,223,225.6,3094128,Titan
27-06-2013,225.3,230,216.8,222.8,5701743,Titan
28-06-2013,229.4,229.4,218.2,223.5,6211503,Titan
01-07-2013,225,229.5,218.6,227,3319630,Titan
02-07-2013,228.1,238.9,226.8,232.1,6587501,Titan
03-07-2013,232,236.5,221.6,225.6,4495489,Titan
04-07-2013,228,232.5,226.6,230,2435692,Titan
05-07-2013,231,233.8,227.3,232.1,2310155,Titan
08-07-2013,230.8,235,225.9,233.4,1298841,Titan
09-07-2013,235,241.7,234.4,239.2,3119633,Titan
10-07-2013,241,252.1,240.3,250.2,4408331,Titan
11-07-2013,252.2,255,245.4,250.1,2472101,Titan
12-07-2013,251.5,251.5,245.3,249.5,1987701,Titan
15-07-2013,246.7,254.5,246.4,252.5,1517599,Titan
16-07-2013,247.5,252,246.2,250.2,2421264,Titan
17-07-2013,250.2,259.9,250.1,258.9,3397005,Titan
18-07-2013,260,266,259.2,264.4,1616250,Titan
19-07-2013,264.4,264.4,258.7,261.5,1337658,Titan
22-07-2013,260.8,263.1,256.2,259.8,1907826,Titan
23-07-2013,244.9,276.7,242.7,275,8761771,Titan
24-07-2013,274.8,276.4,258.6,261.4,6119862,Titan
25-07-2013,258.8,264.8,255.8,260.2,2421560,Titan
26-07-2013,260.7,265.4,257.4,261.3,1744776,Titan
29-07-2013,260,266,257.6,260.1,1798671,Titan
30-07-2013,260.2,263,254.5,259.1,1566563,Titan
31-07-2013,259,265,255,263.4,2105464,Titan
01-08-2013,266,267.5,255.4,259.4,5597586,Titan
02-08-2013,263.7,284.4,263.4,282.5,5689114,Titan
05-08-2013,284,288.9,276.6,280.4,1847920,Titan
06-08-2013,277.2,278,257.5,259.8,3459362,Titan
07-08-2013,261,267,255.4,262.8,2233107,Titan
08-08-2013,264.2,269.9,261.1,264.2,1142928,Titan
12-08-2013,265.1,270,263.2,265.8,1238291,Titan
13-08-2013,264.1,269.8,258.1,262.8,2751982,Titan
14-08-2013,260,277.3,260,273.4,2936656,Titan
16-08-2013,250,250,235.3,240.3,9284021,Titan
19-08-2013,236.5,247,230.4,234.5,4081188,Titan
20-08-2013,231,231,217.1,220.3,3755960,Titan
21-08-2013,225,228.5,218.9,223.2,3041447,Titan
22-08-2013,222,228.7,218.6,225.8,1757405,Titan
23-08-2013,226,237,226,228.4,2064686,Titan
26-08-2013,229.1,232.7,224,228,1114779,Titan
27-08-2013,228,231.9,215.2,221.7,3482384,Titan
28-08-2013,219,224.7,205.4,212.4,4814864,Titan
29-08-2013,217.1,221,210,216.9,2763115,Titan
30-08-2013,219,227.3,215.1,224.7,2080317,Titan
02-09-2013,228.2,232,226,230.6,1280895,Titan
03-09-2013,232.1,233.9,212.2,213.8,1698291,Titan
04-09-2013,213.8,221.6,211,215.9,2048651,Titan
05-09-2013,218.2,233.9,218.2,232,2535345,Titan
06-09-2013,234.8,235,226.3,227.7,2067197,Titan
10-09-2013,233,244.8,228.6,242.5,2645361,Titan
11-09-2013,244.9,247.4,234,238,2090196,Titan
12-09-2013,238,242,229,231.5,1454897,Titan
13-09-2013,231.5,234.7,224.8,226.1,1690271,Titan
16-09-2013,231.5,231.8,219.1,224,2026618,Titan
17-09-2013,224.5,227,219.1,221.8,1921902,Titan
18-09-2013,227,227,220.2,222.8,1787711,Titan
19-09-2013,227,233.5,224.2,228.7,3448687,Titan
20-09-2013,227,235.3,223,232.7,2489867,Titan
23-09-2013,229.8,246.3,229.1,241.9,3876284,Titan
24-09-2013,243,249,242,244.4,4774809,Titan
25-09-2013,242,246.9,239.6,244.4,2575959,Titan
26-09-2013,242.1,245.1,239.4,241.3,1139947,Titan
27-09-2013,243.3,244.2,234.4,235,944757,Titan
30-09-2013,233.6,237.3,231,232.1,1087077,Titan
01-10-2013,235,236.6,230.2,235,889328,Titan
03-10-2013,235,241,235,239.5,2632971,Titan
04-10-2013,237,245,237,240.5,1796057,Titan
07-10-2013,239,242,235.6,239,779213,Titan
08-10-2013,241,243.7,239.8,241,1336698,Titan
09-10-2013,238,241.6,235.6,240,1586575,Titan
10-10-2013,238,242,238,238.9,1232047,Titan
11-10-2013,240,241.3,235,237.8,1365826,Titan
14-10-2013,238.7,241.6,234.4,237,736661,Titan
15-10-2013,237,239.2,232,234.1,938053,Titan
17-10-2013,232.1,243.8,232.1,241.5,1344204,Titan
18-10-2013,244.6,245.8,240.6,242.4,1498692,Titan
21-10-2013,242.4,243.8,235.7,241.1,3129351,Titan
22-10-2013,241,244.3,237.6,238.8,1441418,Titan
23-10-2013,239,242.6,237.1,239.8,1355688,Titan
24-10-2013,240,247.5,240,241.9,2466130,Titan
25-10-2013,241,245.4,238.7,244.2,2163383,Titan
28-10-2013,245,253.6,244.8,250.8,2748272,Titan
29-10-2013,251.6,257.4,251.1,255.2,2516997,Titan
30-10-2013,256,257.4,253,256.2,978936,Titan
31-10-2013,256,272,251.3,267.2,4134730,Titan
01-11-2013,258.5,265,254.3,261.7,4424540,Titan
05-11-2013,257.6,261.1,254.6,258.7,1232084,Titan
06-11-2013,257.1,262.9,248,248.7,2276932,Titan
07-11-2013,246.5,248,240.1,242.1,1387970,Titan
08-11-2013,240,240,232.8,234.4,1347453,Titan
11-11-2013,234.5,236.9,230.3,231.8,1124814,Titan
12-11-2013,230,234.7,230,231.8,815462,Titan
13-11-2013,230,237.4,230,232.9,792038,Titan
14-11-2013,234.1,238.9,233,233.7,755388,Titan
18-11-2013,236.1,238.4,234.2,236.3,622302,Titan
19-11-2013,235.2,237.9,232.3,234.1,829913,Titan
20-11-2013,233,234.5,227,227.8,1325471,Titan
21-11-2013,227,227.5,221.3,223.8,1872443,Titan
22-11-2013,225,230.9,224.9,227.6,1863241,Titan
25-11-2013,228.2,232,225.8,228.3,1293958,Titan
26-11-2013,228,232.6,221.4,224.5,9704702,Titan
27-11-2013,228.1,229.6,223.8,227.8,1384129,Titan
28-11-2013,227.3,230.6,225.3,227.3,2026047,Titan
29-11-2013,227.4,231,227.4,229.1,708693,Titan
02-12-2013,229.4,231.4,226.5,228.5,819519,Titan
03-12-2013,227.9,229,225,225.4,836450,Titan
04-12-2013,224.1,227,223.8,225.1,892761,Titan
05-12-2013,228.4,228.4,225.2,226.7,1169289,Titan
06-12-2013,227,234.2,226,231.1,1958279,Titan
09-12-2013,236,236,226.6,229.8,943496,Titan
10-12-2013,227.1,232.5,226.2,226.8,842968,Titan
11-12-2013,226.5,228.4,224.1,225,1081603,Titan
12-12-2013,225.5,225.8,222,222.4,968008,Titan
13-12-2013,221.9,222.2,218.2,219.9,1177049,Titan
16-12-2013,220.6,227,220.6,225.1,1445430,Titan
17-12-2013,226.1,233.5,224.1,229.7,1495689,Titan
18-12-2013,230.1,237.5,230.1,235.5,2505774,Titan
19-12-2013,236.8,237,229.6,232.8,913780,Titan
20-12-2013,230.4,235.6,227.8,228.7,1107056,Titan
23-12-2013,229.1,233.4,228.6,229.1,918680,Titan
24-12-2013,230,231.1,227,228.2,988244,Titan
26-12-2013,228.2,232,228.2,230,2084229,Titan
27-12-2013,231.3,232.5,226.7,229.5,1050933,Titan
30-12-2013,231.8,231.9,228.1,229,845697,Titan
31-12-2013,230.1,230.3,228.2,229.5,486572,Titan
01-01-2014,230,232.5,229.4,230.8,538938,Titan
02-01-2014,229.5,236,225.1,226.4,1570396,Titan
03-01-2014,226,228.8,224,227.4,818984,Titan
06-01-2014,228,230.3,225.6,227.8,497192,Titan
07-01-2014,230,230.9,224.8,226.1,713955,Titan
08-01-2014,226.9,227,222.1,222.8,878308,Titan
09-01-2014,225.2,227.5,221.4,223.9,1126716,Titan
10-01-2014,224,227.3,219,220.3,983757,Titan
13-01-2014,221,223.4,214.1,221.1,1253786,Titan
14-01-2014,221.3,222.4,220,221,364394,Titan
15-01-2014,221.2,222.3,216.2,218.1,1060362,Titan
16-01-2014,218.1,219.7,216.7,218.2,809129,Titan
17-01-2014,216.7,220.8,216.6,217.1,645915,Titan
20-01-2014,216.1,218,215,216.5,392820,Titan
21-01-2014,217,220.3,216.1,217.8,875408,Titan
22-01-2014,217.2,219.3,216.3,217.4,656092,Titan
23-01-2014,216.8,227.4,216.2,225.4,2570554,Titan
24-01-2014,226.4,227.9,218,218.7,2042034,Titan
27-01-2014,217,218,212.4,215.9,830741,Titan
28-01-2014,216.5,218.6,215,217,440878,Titan
29-01-2014,218.4,219,212,214.7,1075952,Titan
30-01-2014,210,224.4,202.5,222.8,5930481,Titan
31-01-2014,222.8,223.5,216.7,221.6,1223691,Titan
03-02-2014,220.2,227.5,218.7,220,1428280,Titan
04-02-2014,218.7,225.9,217.1,221.8,1093372,Titan
05-02-2014,221.2,224,219,220.9,545189,Titan
06-02-2014,221.9,226.2,219.4,225.6,977396,Titan
07-02-2014,226.1,228.6,223.2,225.7,1025574,Titan
10-02-2014,225,233.8,223.6,231,1757160,Titan
11-02-2014,231.3,235.7,230.1,232.3,1510573,Titan
12-02-2014,233,233.8,228.6,230.3,714283,Titan
13-02-2014,230,232,226.6,229.4,755689,Titan
14-02-2014,230,232.6,226.7,231.6,723069,Titan
17-02-2014,233.7,236.3,225.2,229,2328888,Titan
18-02-2014,231,231,226,228.7,609396,Titan
20-02-2014,233,237.8,231.1,234.2,1303544,Titan
21-02-2014,235.2,236.8,232.8,234.1,691017,Titan
24-02-2014,234.7,237.5,231.5,235.7,729670,Titan
25-02-2014,237.4,244.3,236.5,243.2,2388002,Titan
26-02-2014,244.5,247.3,242.5,245.6,1495138,Titan
28-02-2014,246.1,246.9,240.1,242.5,716553,Titan
03-03-2014,242.5,251.5,239.5,249.3,2029854,Titan
04-03-2014,250.5,258.4,250.3,254.8,2544333,Titan
05-03-2014,252.6,252.9,244,245.7,1424629,Titan
06-03-2014,245.6,250.6,243.2,246.8,1075669,Titan
07-03-2014,249.6,256.4,246,255,1893634,Titan
10-03-2014,254,258.5,249.3,250.6,1527237,Titan
11-03-2014,252.3,254.5,247,248.8,1189688,Titan
12-03-2014,248.5,257,248.4,252.3,1350784,Titan
13-03-2014,254,258.5,248.4,251.7,1672077,Titan
14-03-2014,251.8,254.4,248.5,253.2,653400,Titan
18-03-2014,255,257,253.2,255.4,1294867,Titan
19-03-2014,256,257.3,251.6,254.9,829853,Titan
20-03-2014,257,262.5,252,253.4,2161044,Titan
21-03-2014,256.4,257.4,253.4,255,948531,Titan
24-03-2014,254.3,258.5,251.2,252.9,637996,Titan
25-03-2014,253.1,257.3,253.1,255.4,654922,Titan
26-03-2014,256,256.9,248.2,248.8,658823,Titan
27-03-2014,249.2,254.7,246.1,253.8,1316243,Titan
28-03-2014,254.8,256.1,250.4,253.2,674424,Titan
31-03-2014,255,268.4,254.1,262.7,2092440,Titan
01-04-2014,266.5,268,260.6,265.2,986673,Titan
02-04-2014,266.5,267,263,265.4,357890,Titan
03-04-2014,266,270.9,263,268,1540496,Titan
04-04-2014,270.1,274.3,266,269.8,961371,Titan
07-04-2014,269,269,260.1,262.8,856375,Titan
09-04-2014,263.1,265.9,261.9,264.3,832258,Titan
10-04-2014,263.2,267.9,262.2,263,638846,Titan
11-04-2014,262,266.4,261.5,262.8,470768,Titan
15-04-2014,260.4,265.3,255.5,257.4,667585,Titan
16-04-2014,257,262,254.6,255.7,580798,Titan
17-04-2014,256,259,255.3,257.2,426231,Titan
21-04-2014,255,262.7,254.1,259.5,785424,Titan
22-04-2014,259.4,264.8,258.1,261.3,931899,Titan
23-04-2014,262,266.5,251.5,255,3942894,Titan
25-04-2014,255,259.9,253,258.2,724290,Titan
28-04-2014,258,259.8,255.3,258.3,400140,Titan
29-04-2014,258.5,262.2,255.7,260,516059,Titan
30-04-2014,261,262.9,252.8,254.9,604717,Titan
02-05-2014,258,259.7,255,258.1,491561,Titan
05-05-2014,258,263,255.8,262.1,695564,Titan
06-05-2014,264,277.4,257.7,271.2,3380968,Titan
07-05-2014,278.5,279.9,271.1,272.5,3860273,Titan
08-05-2014,273.3,278.8,269.7,277.5,1584633,Titan
09-05-2014,277.5,282.8,275.7,277.5,1505616,Titan
12-05-2014,278,287.5,274,285.1,1545871,Titan
13-05-2014,286.2,309.6,286.2,296.1,2241102,Titan
14-05-2014,298,309.4,291.3,304.7,1663916,Titan
15-05-2014,307.9,320,306.5,317.4,3647048,Titan
16-05-2014,325,344.8,305.2,307,2831569,Titan
19-05-2014,307.1,315,297.7,307.3,1545228,Titan
20-05-2014,311.9,322.3,307,314.1,2443570,Titan
21-05-2014,317.6,322,309.5,310.5,1064527,Titan
22-05-2014,341.5,353.1,330.1,331.4,6665571,Titan
23-05-2014,335,335.7,324.6,325.4,2001146,Titan
26-05-2014,327.8,328.8,313.4,321.3,1183200,Titan
27-05-2014,322.9,322.9,315,319,577127,Titan
28-05-2014,321.7,325,313.1,315.1,904132,Titan
29-05-2014,316,321.4,312.4,313.9,1251206,Titan
30-05-2014,315,316.9,308.8,310,776871,Titan
02-06-2014,307.1,318.2,307.1,315.2,656591,Titan
03-06-2014,316,322.6,314.1,320.3,1463591,Titan
04-06-2014,323.5,328.4,318.1,320.2,1421190,Titan
05-06-2014,323,325.9,320.2,323.4,1024094,Titan
06-06-2014,325.9,328.5,316,327.3,1220841,Titan
09-06-2014,326.1,332.5,325.1,326.6,1552181,Titan
10-06-2014,325.3,343,323,341.4,2957655,Titan
11-06-2014,345,347,326.1,328.9,3146759,Titan
12-06-2014,328.8,333,323.2,328.7,854622,Titan
13-06-2014,330.5,333.9,302.8,319.9,1264687,Titan
16-06-2014,318,326.1,312.5,322.6,1186910,Titan
17-06-2014,319.5,324.4,317.7,322.5,1189474,Titan
18-06-2014,322.9,327.9,311.9,314.4,1361754,Titan
19-06-2014,319,323.5,313.3,320.5,908802,Titan
20-06-2014,326,335.8,323.2,333.9,2824583,Titan
23-06-2014,336.9,338.8,323.9,326.1,1682795,Titan
24-06-2014,324.5,339,324.5,337.8,1532090,Titan
25-06-2014,339.6,344.9,335.9,342.7,2113727,Titan
26-06-2014,344.4,351.5,338,346.8,3835909,Titan
27-06-2014,347.3,356.9,346.9,353.2,2008738,Titan
30-06-2014,354.2,360.8,350.2,353.1,1515387,Titan
01-07-2014,352.9,358.9,351,355.8,796331,Titan
02-07-2014,358,361.9,353.3,359.5,1073593,Titan
03-07-2014,361.8,362.3,356,360.8,848205,Titan
04-07-2014,361,361.7,352.3,357.2,662164,Titan
07-07-2014,358.9,362.7,354.5,357.4,732610,Titan
08-07-2014,360.1,362.1,337.4,341.5,1169214,Titan
09-07-2014,336.2,350.5,335.8,348,1197600,Titan
10-07-2014,350,352,323.6,327.2,1909597,Titan
11-07-2014,323.9,337.7,323.3,330.4,1219953,Titan
14-07-2014,327,327,318.1,322,988868,Titan
15-07-2014,320.8,329,320.8,327.8,1104243,Titan
16-07-2014,325.5,329,324.4,327.9,549883,Titan
17-07-2014,325.2,336.8,324.4,334.5,868312,Titan
18-07-2014,338,338.5,327.6,330,794164,Titan
21-07-2014,328.2,333,326.1,331,550719,Titan
22-07-2014,330.4,339.8,330.4,337.8,850103,Titan
23-07-2014,340,342.5,335.3,340.7,886420,Titan
24-07-2014,341.1,342.9,334,336.1,590907,Titan
25-07-2014,333.5,335,329.4,332.2,560747,Titan
28-07-2014,330.4,337.4,329.6,334.5,601788,Titan
30-07-2014,334.5,344.5,334.5,342.7,900812,Titan
31-07-2014,343.1,345.2,338.8,341.1,579077,Titan
01-08-2014,340,343.6,321,326.7,1289216,Titan
04-08-2014,326,343.6,325,342.2,1307913,Titan
05-08-2014,342.3,346.9,337.6,344.4,674392,Titan
06-08-2014,341.3,349.5,340.9,344.3,607470,Titan
07-08-2014,343,350.5,339,347.3,815348,Titan
08-08-2014,343.5,347.6,339.5,342,619376,Titan
11-08-2014,342,347.6,339.6,341.8,362845,Titan
12-08-2014,342.1,351,342.1,349.1,884613,Titan
13-08-2014,348,349,341,343.6,514353,Titan
14-08-2014,344,353,343.6,351,471884,Titan
18-08-2014,353.7,353.7,347.3,350.4,656367,Titan
19-08-2014,352,352.5,345.1,348.4,554803,Titan
20-08-2014,349.7,349.7,345.3,346.4,391322,Titan
21-08-2014,350.3,370.4,350.3,367,3764955,Titan
22-08-2014,369.9,369.9,360.8,363.3,1194939,Titan
25-08-2014,360.7,367.4,357.6,361.7,713235,Titan
26-08-2014,358.1,363.9,357.3,361.7,413628,Titan
27-08-2014,368,368.7,361.3,363.6,725852,Titan
28-08-2014,365.4,367.9,356.8,363.4,792201,Titan
01-09-2014,365.1,374.9,364.2,371.9,1027263,Titan
02-09-2014,372.7,387.2,371.1,385.4,1469921,Titan
03-09-2014,387.1,391.8,381.1,383.5,1185735,Titan
04-09-2014,384,391,373.3,387.9,1055883,Titan
05-09-2014,389,393.5,385.4,387.7,906203,Titan
08-09-2014,390.5,390.5,383.4,385.8,335773,Titan
09-09-2014,386.4,398,376.1,397.1,1150656,Titan
10-09-2014,396.9,397.3,383.6,385.1,1317752,Titan
11-09-2014,388,390,380.1,382,816264,Titan
12-09-2014,384,392.7,384,388,1336992,Titan
15-09-2014,387.7,390.5,380.9,382,556149,Titan
16-09-2014,381.1,385.5,372.2,376.4,716336,Titan
17-09-2014,377.1,380.1,366,370.3,780290,Titan
18-09-2014,368.6,389,363.3,387.6,895759,Titan
19-09-2014,389.8,392.5,382,388.6,676624,Titan
22-09-2014,386.5,402.7,384.1,397,1615446,Titan
23-09-2014,399.8,407.5,387.8,390.9,1824990,Titan
24-09-2014,392.5,398,386,393.2,895327,Titan
25-09-2014,396.8,396.8,386.3,389,1052692,Titan
26-09-2014,387.2,391,382,389.2,586630,Titan
29-09-2014,390.8,404,388,398,837730,Titan
30-09-2014,400.7,410,398.1,408,1228189,Titan
01-10-2014,410,413.2,401.9,404.9,665343,Titan
07-10-2014,401,407.5,394.1,397.3,531345,Titan
08-10-2014,397.8,407.7,392.2,402.5,1057046,Titan
09-10-2014,404.5,406.7,397.7,401.2,672435,Titan
10-10-2014,399.7,406,394.3,397.9,885256,Titan
13-10-2014,395.9,397.8,391.1,394.6,482988,Titan
14-10-2014,396,400.4,384.3,388.4,822882,Titan
16-10-2014,387.8,391,365.2,369.1,841426,Titan
17-10-2014,371.1,383.6,369.1,380.5,917551,Titan
20-10-2014,385,387,380,382.8,565000,Titan
21-10-2014,385,395.5,384.1,390,1000173,Titan
22-10-2014,393,396.6,391.7,394.9,536847,Titan
23-10-2014,396,398,390.8,395.8,103854,Titan
27-10-2014,398,402.4,391.3,400.8,653478,Titan
28-10-2014,401.3,407,396.3,405.8,614736,Titan
29-10-2014,407,414.2,403.5,411.7,946094,Titan
30-10-2014,412.3,425,412.1,419.4,2646890,Titan
31-10-2014,409.9,409.9,390.6,393.5,5608680,Titan
03-11-2014,394.9,395.8,381.3,382.7,2085945,Titan
05-11-2014,386,387.7,373.2,375.2,1702698,Titan
07-11-2014,371,381.7,371,378.9,1232526,Titan
10-11-2014,381.5,384.5,375.3,379,1052143,Titan
11-11-2014,380.4,381.2,372.1,373,1059635,Titan
12-11-2014,374,379.5,371.3,378.5,1924734,Titan
13-11-2014,383.3,383.3,375,376.5,1003914,Titan
14-11-2014,373.2,378.5,372.8,374.7,697374,Titan
17-11-2014,371.2,379.9,371.2,377.6,789089,Titan
18-11-2014,376.2,377,371.6,373.5,1051506,Titan
19-11-2014,370.2,374.4,365.1,366.4,996890,Titan
20-11-2014,365,366.5,353.5,361.8,1185308,Titan
21-11-2014,362.5,369.2,361.5,367.4,684300,Titan
24-11-2014,368,373.5,365.2,371.7,705101,Titan
25-11-2014,371.7,375,364.2,370.3,1024933,Titan
26-11-2014,367.3,372.5,365.5,370.7,746341,Titan
27-11-2014,368,370.7,361.1,364.3,1215317,Titan
28-11-2014,365,372.8,365,370.9,760299,Titan
01-12-2014,400.5,400.5,380.2,390.2,4537297,Titan
02-12-2014,391,391.5,383.9,388.3,733564,Titan
03-12-2014,390.6,391.9,384.6,386.5,529851,Titan
04-12-2014,387.4,389.8,380.1,385.6,560011,Titan
05-12-2014,385.6,390.7,383.3,387,858237,Titan
08-12-2014,388,388.9,379.3,381.2,567529,Titan
09-12-2014,380,381,370.1,371,632742,Titan
10-12-2014,368.3,386.8,368.3,385.6,1033149,Titan
11-12-2014,386,389.5,377,385.4,626629,Titan
12-12-2014,383.7,387.7,370.6,373.9,552232,Titan
15-12-2014,370.8,373,363,366.6,577805,Titan
16-12-2014,364,365.7,354.7,360,723484,Titan
17-12-2014,357.3,360.6,345,355,737187,Titan
18-12-2014,372,381.7,364.7,377.3,1135786,Titan
19-12-2014,383,385.4,374.1,376.6,637858,Titan
22-12-2014,375,384.2,373,382,589095,Titan
23-12-2014,383,384,373.1,374.9,492420,Titan
24-12-2014,376,377.7,368,368.8,675773,Titan
26-12-2014,371,372,364.4,367.3,387835,Titan
29-12-2014,369,376.3,367.5,374,351585,Titan
30-12-2014,375,379.4,372.7,377.1,340255,Titan
31-12-2014,376.4,384.4,374.5,381.7,575804,Titan
01-01-2015,381.3,382.6,377.8,379.8,269753,Titan
02-01-2015,379.8,388.5,379.8,382.8,623981,Titan
05-01-2015,384,389.6,382.8,385.9,551576,Titan
06-01-2015,382.2,383.4,369.2,372.7,519159,Titan
07-01-2015,372.9,377.4,370,374.6,397373,Titan
08-01-2015,380,380,368.8,372.9,672501,Titan
09-01-2015,376,376.9,369.4,372.9,985975,Titan
12-01-2015,373.3,378.5,370.6,376.8,344364,Titan
13-01-2015,375.9,384,370.8,372.2,715002,Titan
14-01-2015,373.1,377,369,371.6,404068,Titan
15-01-2015,373.7,379,369.7,375.9,648144,Titan
16-01-2015,380,394,377,387.2,1387070,Titan
19-01-2015,389.2,395.5,389.2,394.5,913385,Titan
20-01-2015,397,398.9,390.5,393.6,603286,Titan
21-01-2015,394.6,408.6,390.5,407,1885665,Titan
22-01-2015,407,409.2,393.1,399.8,785747,Titan
23-01-2015,403.2,405.5,394,398.9,709214,Titan
27-01-2015,399,407,393.3,400.7,1306898,Titan
28-01-2015,409.4,437.8,404,433.3,6282139,Titan
29-01-2015,427.8,444,425.7,441.8,3488597,Titan
30-01-2015,442,442.9,428.8,430.6,970722,Titan
02-02-2015,430,437.8,427.4,433.2,1106879,Titan
03-02-2015,435.9,448.4,430.6,432.3,2245302,Titan
04-02-2015,434.5,444,427,430.1,1392064,Titan
05-02-2015,431.9,431.9,413.4,417.8,1040089,Titan
06-02-2015,425.9,427,409.1,416.7,1116247,Titan
09-02-2015,409.1,421.6,409.1,412.3,813004,Titan
10-02-2015,409.9,430.6,409.8,425.2,1092699,Titan
11-02-2015,428.3,433.8,423.1,426.3,1113419,Titan
12-02-2015,429,433.9,423.5,425.8,1131467,Titan
13-02-2015,427.5,432,423.7,426.7,935029,Titan
16-02-2015,432.4,432.4,415,417.5,842771,Titan
18-02-2015,419.2,432.5,416.3,429.8,1093702,Titan
19-02-2015,434.9,442.7,430.8,432.8,1517003,Titan
20-02-2015,434,439,422.5,435.4,1033950,Titan
23-02-2015,435.3,435.4,418,419.8,1004925,Titan
24-02-2015,421.3,426.5,418,422.5,748836,Titan
25-02-2015,424.4,428,418.5,422.3,788068,Titan
26-02-2015,423.9,426,416.1,423.6,726024,Titan
27-02-2015,425.1,436.8,421.3,435.4,826541,Titan
02-03-2015,420.7,420.8,408.2,412.5,1124323,Titan
03-03-2015,412.6,421.8,410.5,415.9,719506,Titan
04-03-2015,424.7,424.7,409.5,411.4,655400,Titan
05-03-2015,412,415.7,400.3,405.8,959120,Titan
09-03-2015,404,405.7,395.2,399.7,648441,Titan
10-03-2015,402.4,407.3,399.7,405.4,657218,Titan
11-03-2015,408.7,408.7,398,399.9,410728,Titan
12-03-2015,401.5,406.7,400.3,404.6,349974,Titan
13-03-2015,406,407.6,397.2,398.8,428548,Titan
16-03-2015,399.8,400,391.7,397.6,399268,Titan
17-03-2015,399,405.8,395.8,404.5,562431,Titan
18-03-2015,407,407,400,401.8,309016,Titan
19-03-2015,404,414.7,400.2,404.8,1023111,Titan
20-03-2015,405.6,407.8,390.8,392.7,461698,Titan
23-03-2015,394.5,396.6,385,390.9,498876,Titan
24-03-2015,391.1,396,385.6,387.3,408226,Titan
25-03-2015,388.1,394,385,390.5,636108,Titan
26-03-2015,390,393.7,385,389.8,1419196,Titan
27-03-2015,389.7,395.6,385,392.9,670005,Titan
30-03-2015,395,397.5,387.2,391.4,420532,Titan
31-03-2015,392.9,398,390.6,391.6,438421,Titan
01-04-2015,391.4,394.3,387.4,390.4,452828,Titan
06-04-2015,395,404.4,391,403.6,904638,Titan
07-04-2015,404.5,410.7,401.5,406.6,636179,Titan
08-04-2015,407.6,411.4,404.5,407.5,534912,Titan
09-04-2015,410,410,398.2,400,756901,Titan
10-04-2015,399.7,406.6,399.1,400.6,969396,Titan
13-04-2015,401,418.5,401,414.9,1399618,Titan
15-04-2015,415,422.6,406.1,411.4,947070,Titan
16-04-2015,411.4,417.5,396.7,406.3,884632,Titan
17-04-2015,403,408,393.3,395.1,603542,Titan
20-04-2015,396,403.8,392.1,395,934634,Titan
21-04-2015,401,401.4,388.8,392.3,657263,Titan
22-04-2015,393.4,397.5,389.2,396.1,517359,Titan
23-04-2015,398.1,404.7,392,403.5,743194,Titan
24-04-2015,405,405.5,390,395.9,738949,Titan
27-04-2015,398.7,398.7,383,386.5,947654,Titan
28-04-2015,386,390.6,382,386.2,612828,Titan
29-04-2015,387.9,388.6,380,381.9,866439,Titan
30-04-2015,380.4,386.9,380,382.8,2267714,Titan
04-05-2015,384.8,394.3,382.3,385.3,462963,Titan
05-05-2015,386.1,388.7,380.3,384.4,593407,Titan
06-05-2015,382.7,386,368,383.4,1719756,Titan
07-05-2015,383.9,385.8,365.3,369.6,1729099,Titan
08-05-2015,340,357.7,334.4,353.6,5691342,Titan
11-05-2015,352,371.4,346.2,367.7,1343524,Titan
12-05-2015,369.5,369.5,356,362.8,901977,Titan
13-05-2015,362.2,369,358,367.4,837838,Titan
14-05-2015,363.6,366,360.1,362.9,527009,Titan
15-05-2015,363.1,371,363.1,368,557137,Titan
18-05-2015,367.8,379.9,365.1,378.8,796620,Titan
19-05-2015,378.8,381.9,373.6,379.6,711652,Titan
20-05-2015,381,383.8,375,376.2,476821,Titan
21-05-2015,372.6,381,372.6,376,351909,Titan
22-05-2015,374.2,378.5,369,370.5,438670,Titan
25-05-2015,367.1,372.5,364.7,371,406302,Titan
26-05-2015,373,373.6,366.5,370.6,251010,Titan
27-05-2015,368.1,375.5,366.9,372.2,215459,Titan
28-05-2015,375,385.8,365.5,380.3,1467589,Titan
29-05-2015,381,381,372.2,378.3,312544,Titan
01-06-2015,375.1,379.6,373.1,376.3,232939,Titan
02-06-2015,378.5,378.5,367.2,369,322834,Titan
03-06-2015,369.9,371,355.5,367.7,407702,Titan
04-06-2015,365.9,366.6,355.9,361.5,331402,Titan
05-06-2015,357.6,370.9,354.3,363.8,513150,Titan
08-06-2015,364.5,366.3,351.2,353,275247,Titan
09-06-2015,350.1,360.9,350.1,359.6,400693,Titan
10-06-2015,359.3,366.5,359,364.7,423122,Titan
11-06-2015,365.3,368,352,353.7,402824,Titan
12-06-2015,353.5,356,345.1,348,306206,Titan
15-06-2015,345,352.4,343,344.3,502073,Titan
16-06-2015,346,349.7,337.5,347.2,794358,Titan
17-06-2015,349.9,355.5,345.2,354,554088,Titan
18-06-2015,353.2,360.5,350.1,358.8,375925,Titan
19-06-2015,360.7,361.2,352.2,358.2,499477,Titan
22-06-2015,357.4,368.9,356,366.3,503127,Titan
23-06-2015,367.8,368,355.9,357.3,581280,Titan
24-06-2015,357.6,361.9,354.1,356.6,1036071,Titan
25-06-2015,353,356,349,352.9,2374867,Titan
26-06-2015,352.9,361.5,350.3,360.2,972326,Titan
29-06-2015,354.7,360,350.2,358.9,521388,Titan
30-06-2015,358.9,370.3,355.1,366.3,928099,Titan
01-07-2015,365,367,360.6,361.9,581426,Titan
02-07-2015,362.3,363.3,352.4,355.3,1301446,Titan
03-07-2015,349.5,359.5,349.5,357.3,640953,Titan
06-07-2015,352.1,358,352,355.9,606970,Titan
07-07-2015,356,363,355.6,361.1,622813,Titan
08-07-2015,356.1,360,351.3,355,743184,Titan
09-07-2015,355.5,361.9,354,359.7,492767,Titan
10-07-2015,360.2,364.5,354.5,355.8,675678,Titan
13-07-2015,356.5,358.5,352.4,357.3,349986,Titan
14-07-2015,357.8,363.7,356,359.9,483292,Titan
15-07-2015,358.7,358.7,348.4,350.8,597184,Titan
16-07-2015,350,353.9,348.5,350.7,330307,Titan
17-07-2015,348.5,353.6,347.1,349,557575,Titan
20-07-2015,349,351.3,344,345.2,808216,Titan
21-07-2015,346,346.9,338.1,339.8,475068,Titan
22-07-2015,339,340,333.4,338,810073,Titan
23-07-2015,339,345,335.3,337.1,672679,Titan
24-07-2015,337,343.9,335.4,340.1,709976,Titan
27-07-2015,339.5,341.4,331.2,335.9,487372,Titan
28-07-2015,336.5,344.9,336.5,341.1,1107079,Titan
29-07-2015,342.9,343.8,333.3,338.6,801921,Titan
30-07-2015,338.5,345.3,336,338.8,1117699,Titan
31-07-2015,339,341.6,320.4,323.7,3631818,Titan
03-08-2015,323,324,315.5,317.3,2457661,Titan
04-08-2015,317.7,319.4,314.5,316,1300131,Titan
05-08-2015,317,322.9,316.1,320.5,1990552,Titan
06-08-2015,324.5,328.8,321,327.8,1355010,Titan
07-08-2015,328,335.2,324.5,334,1020332,Titan
10-08-2015,334.5,334.5,328,329.4,527219,Titan
11-08-2015,330.5,338,323.1,328.4,1135585,Titan
13-08-2015,331.2,338.6,320.6,328.2,1800158,Titan
14-08-2015,331.9,337,326,335.1,349444,Titan
17-08-2015,336.1,340,330.2,336.6,590909,Titan
18-08-2015,338,338.6,331.6,336.2,219001,Titan
19-08-2015,335.9,342.9,334.3,340.5,336368,Titan
20-08-2015,344.6,345.8,338.4,341.2,758875,Titan
21-08-2015,338.1,345.5,334.1,344.3,603152,Titan
24-08-2015,334.5,338.9,328.6,332.6,802619,Titan
25-08-2015,335.1,337.7,321.5,327,635497,Titan
26-08-2015,328,333.1,320.5,324.8,795875,Titan
27-08-2015,320,353.1,320,347.1,3735076,Titan
28-08-2015,346.1,348,338.4,341.6,742569,Titan
31-08-2015,341.9,345,336.2,337.8,561975,Titan
01-09-2015,335.8,339.3,328,335,423225,Titan
02-09-2015,336,336,321.1,323.1,909066,Titan
03-09-2015,324.9,330,323,327.2,351699,Titan
04-09-2015,327.8,334.4,318.4,333,854711,Titan
07-09-2015,333,337.7,329.1,332.4,366587,Titan
08-09-2015,333.1,335,316.1,322,842521,Titan
09-09-2015,325.3,332.5,324.4,330.6,903800,Titan
10-09-2015,326.4,329.8,321.3,326,756925,Titan
11-09-2015,326.3,331,325.2,326.5,481787,Titan
14-09-2015,329.9,331,325.2,329,324466,Titan
15-09-2015,331,331,323,326,231855,Titan
16-09-2015,330.1,331.3,326.4,327.8,179163,Titan
18-09-2015,326.3,329.8,319.7,321.9,1000353,Titan
21-09-2015,320,323.4,317.3,318.7,430092,Titan
22-09-2015,319.5,323.7,316.3,318.9,457865,Titan
23-09-2015,317,321.5,311.2,319.9,635557,Titan
24-09-2015,319.5,326.9,318,324.9,1692883,Titan
28-09-2015,325,328.7,321.2,326.1,484788,Titan
29-09-2015,323.8,325,318.5,321.2,589238,Titan
30-09-2015,323,324.6,316.4,317.9,697606,Titan
01-10-2015,314,329.7,302.8,327.3,1842510,Titan
05-10-2015,331.9,334.5,325.8,330.9,473457,Titan
06-10-2015,333.2,350,329.5,348.5,1592362,Titan
07-10-2015,344,347.7,342.4,345.2,398156,Titan
08-10-2015,345.1,349.1,340,341.1,353672,Titan
09-10-2015,342.8,347.3,340.4,343.2,521299,Titan
12-10-2015,340.7,349.5,340.7,342.7,731079,Titan
13-10-2015,342.5,346.1,342.3,343.5,222643,Titan
14-10-2015,345,351.8,342,348.5,775139,Titan
15-10-2015,350.2,355,343.3,353,830753,Titan
16-10-2015,354.7,355.8,350.8,354,592163,Titan
19-10-2015,346,356.8,346,351,535865,Titan
20-10-2015,351.3,358,349.8,352.1,440519,Titan
21-10-2015,353.6,354,343.7,347.8,397954,Titan
23-10-2015,355.7,355.7,342.7,343.7,336286,Titan
26-10-2015,344.4,349,343.1,344.8,475118,Titan
27-10-2015,344.8,346.3,338.3,340.4,265056,Titan
28-10-2015,341,355.5,341,350.8,670732,Titan
29-10-2015,351.3,356.5,348.2,352.3,880195,Titan
30-10-2015,346,355,342.9,350,1191629,Titan
02-11-2015,335,358.9,329.4,356.6,4413018,Titan
03-11-2015,354.9,364.5,347.6,348.4,1697686,Titan
04-11-2015,349.1,354.6,347,348,774920,Titan
05-11-2015,347.1,354,346,348.8,476785,Titan
06-11-2015,349,353,346.2,350.1,495582,Titan
09-11-2015,340.5,361,340.5,354.4,714356,Titan
10-11-2015,354,358,348.9,352.8,347269,Titan
13-11-2015,351.7,359,350.2,354.7,567501,Titan
16-11-2015,351.1,362.6,351.1,359.7,655262,Titan
17-11-2015,360.2,361.3,356,358.4,506095,Titan
18-11-2015,356.2,364.8,356.2,360.8,409990,Titan
19-11-2015,363.7,372,358.8,369.9,802938,Titan
20-11-2015,372.2,374.5,366.7,371.7,724817,Titan
23-11-2015,371.7,382.9,370.2,380.3,869178,Titan
24-11-2015,384,384.3,376.4,378.1,813490,Titan
26-11-2015,376.1,392.4,376.1,388.6,2068604,Titan
27-11-2015,389.8,389.8,378.7,379.9,638174,Titan
30-11-2015,378,385.9,377.8,381.5,315528,Titan
01-12-2015,382.2,382.5,376.7,377.9,400194,Titan
02-12-2015,378.1,384,375.4,376.7,377398,Titan
03-12-2015,373.5,379,370.1,372,411070,Titan
04-12-2015,370.2,375.6,365.8,366.8,263031,Titan
07-12-2015,368.2,372.8,364.5,367.9,463510,Titan
08-12-2015,366,371.3,363.9,365.8,414619,Titan
09-12-2015,365.7,368,358.7,359.8,419161,Titan
10-12-2015,360.9,364.3,358.2,362.8,236817,Titan
11-12-2015,370.9,378.4,349.7,352.6,3053855,Titan
14-12-2015,348.8,358.3,348.1,353.2,1503832,Titan
15-12-2015,354,365.4,350,364.1,1385795,Titan
16-12-2015,364.5,366,352.4,355.5,1158158,Titan
17-12-2015,356.2,356.9,350,353.2,1160421,Titan
18-12-2015,352.9,363,350.5,361.8,2133764,Titan
21-12-2015,361,361,352.8,355.1,893057,Titan
22-12-2015,356,362.9,354.5,361.4,1122747,Titan
23-12-2015,362.2,364.4,355.8,358.2,751759,Titan
24-12-2015,360,364.7,343.2,350.7,1477723,Titan
28-12-2015,350.7,353.4,349.3,350.5,647834,Titan
29-12-2015,349.5,352.5,343.8,351.3,1612905,Titan
30-12-2015,351,352.5,348.5,349.9,312305,Titan
31-12-2015,350.2,354.9,339.8,347.2,4706175,Titan
01-01-2016,347.2,353.8,346.5,352.1,452823,Titan
04-01-2016,350,353.5,347.9,351.4,687951,Titan
05-01-2016,351.9,355,345.8,347.7,1494306,Titan
06-01-2016,347.7,350.9,343.2,347.9,1000140,Titan
07-01-2016,346.7,347.7,336.6,344.1,1423390,Titan
08-01-2016,347.7,350.5,338.2,348,1341603,Titan
11-01-2016,345,350,343.7,345.1,705294,Titan
12-01-2016,346.5,349,344.7,346.4,638269,Titan
13-01-2016,349.5,351.3,345,350,735198,Titan
14-01-2016,347,360,340,341.7,2007294,Titan
15-01-2016,342,342.5,332.6,335.9,1570462,Titan
18-01-2016,335,343.8,332.6,334.3,2640407,Titan
19-01-2016,334.1,340.5,327,339.2,1222626,Titan
20-01-2016,335.9,343.9,334,340.9,1530254,Titan
21-01-2016,343.9,347.6,337.2,343.4,1015243,Titan
22-01-2016,346,349,336.8,347.6,1027422,Titan
25-01-2016,350.9,358,346.6,354.5,801820,Titan
27-01-2016,357.9,357.9,345,349.7,866074,Titan
28-01-2016,345.8,348.9,336.9,339,1060659,Titan
29-01-2016,347,366.7,346.5,363.7,1807418,Titan
01-02-2016,364.5,366.3,357.5,360,659748,Titan
02-02-2016,359.9,362.8,350.7,352,757686,Titan
03-02-2016,345,356.5,345,354.1,723244,Titan
04-02-2016,356.1,372.9,356.1,362,1519516,Titan
05-02-2016,363.7,372,361.1,369.6,1549307,Titan
08-02-2016,366.1,376,365,371,1047610,Titan
09-02-2016,367.5,375.6,365.5,366.9,808046,Titan
10-02-2016,365,373.8,364.1,370.4,2059928,Titan
11-02-2016,369,370.3,354,356.4,1069363,Titan
12-02-2016,358.2,360.8,341.1,353.3,2187500,Titan
15-02-2016,356.3,364.7,350.5,358.7,775675,Titan
16-02-2016,363,363.4,346.5,347.6,1720575,Titan
17-02-2016,346.3,346.4,323.1,326.9,2744020,Titan
18-02-2016,328.1,335.5,320.2,333.7,1744811,Titan
19-02-2016,333,340.8,331,334.7,807083,Titan
22-02-2016,337.7,339.4,326.3,337.9,873701,Titan
23-02-2016,338,338,326.5,329.5,828320,Titan
24-02-2016,331,332,324.2,327,668565,Titan
25-02-2016,328.1,330.8,322.7,323.8,1270824,Titan
26-02-2016,328.6,337,325,330.2,881692,Titan
29-02-2016,331.8,331.8,301.7,316.8,1857767,Titan
01-03-2016,312.5,340,310,337.5,1388815,Titan
02-03-2016,337.5,338.5,327.5,333.9,1520145,Titan
03-03-2016,333,344.5,332.5,342.2,1501530,Titan
04-03-2016,341.9,345.4,336,338.5,893896,Titan
08-03-2016,338,344,336.2,341.6,2006420,Titan
09-03-2016,341.6,341.6,337.2,339.9,914711,Titan
10-03-2016,339.7,345.5,337.8,339.1,3429651,Titan
11-03-2016,340.1,347.4,337,346,1425552,Titan
14-03-2016,347.1,349.5,340.1,341.2,794134,Titan
15-03-2016,342.7,345,340.3,343.8,963552,Titan
16-03-2016,342.9,343.6,337.1,339.7,804723,Titan
17-03-2016,343.5,343.9,337.7,339.5,1527064,Titan
18-03-2016,340.1,344.5,336.1,337.8,2523802,Titan
21-03-2016,341,344.5,337.3,342.1,1071707,Titan
22-03-2016,341.6,361,341.6,358.6,1399074,Titan
23-03-2016,358.6,358.9,351.5,352.7,472224,Titan
28-03-2016,356.7,357,325,327.4,1417021,Titan
29-03-2016,325,331,320.3,329.8,2005734,Titan
30-03-2016,331.4,339.6,331.4,338.3,1455310,Titan
31-03-2016,338.5,340.2,334.3,339.1,895578,Titan
01-04-2016,339,343,335.4,339.5,517494,Titan
04-04-2016,338.2,345.9,336.5,344.6,796436,Titan
05-04-2016,343.9,348,341.3,345.6,829255,Titan
06-04-2016,346.8,350,345.2,348.1,1075449,Titan
07-04-2016,346,348.4,338.5,339.3,1433323,Titan
08-04-2016,339,339,333.8,335.9,652937,Titan
11-04-2016,336.9,347.9,336.9,344.6,676453,Titan
12-04-2016,349.7,354,346.1,350.4,1549878,Titan
13-04-2016,353,360.3,348.4,352.9,1722232,Titan
18-04-2016,352.1,364.5,349.1,361.8,2020524,Titan
20-04-2016,365.8,379,363.3,373.8,2840312,Titan
21-04-2016,380,384.6,366.8,369.4,1769805,Titan
22-04-2016,369,374.7,363.6,371.7,748456,Titan
25-04-2016,374.9,375,369.3,373.6,751650,Titan
26-04-2016,372.5,374,366.4,371.9,993569,Titan
27-04-2016,371.7,377,367.3,371.5,648977,Titan
28-04-2016,371.5,372.9,366.1,369.6,1902333,Titan
29-04-2016,366,368.3,355,355.9,1099913,Titan
02-05-2016,357.7,369,356,367.7,966084,Titan
03-05-2016,367.1,369,357.4,360.1,963168,Titan
04-05-2016,358,364.1,357.3,360.1,1040577,Titan
05-05-2016,358.7,364.5,353.2,359.2,1448922,Titan
06-05-2016,357.6,368.1,353.8,365.5,1508866,Titan
09-05-2016,354.2,369.6,354.2,365.5,4231513,Titan
10-05-2016,362.7,372.7,361,371.9,1693745,Titan
11-05-2016,367.5,374.2,367,372,3445883,Titan
12-05-2016,372,378.5,370.6,374,1198216,Titan
13-05-2016,375.1,384.9,363.7,364.7,2542678,Titan
16-05-2016,366,369,363.5,364.9,2146484,Titan
17-05-2016,367,371.4,363.3,364.8,1457307,Titan
18-05-2016,364.1,368.8,362.1,365.3,1500718,Titan
19-05-2016,365.8,368.3,362.8,364,1203562,Titan
20-05-2016,367,369.5,363.8,366.1,1829681,Titan
23-05-2016,366.4,368.9,361,362.6,791265,Titan
24-05-2016,364.9,367.5,358.7,362.6,2006771,Titan
25-05-2016,363.2,366.4,358.7,364.6,1152110,Titan
26-05-2016,363.3,367,359,361.9,1578440,Titan
27-05-2016,363.9,363.9,359.1,360.5,804692,Titan
30-05-2016,361.1,365.6,354.3,363.6,2101717,Titan
31-05-2016,372.5,382,355.4,360.5,27065544,Titan
01-06-2016,359,364.3,356.4,359.3,1519865,Titan
02-06-2016,358.8,363,354.6,358.1,1144323,Titan
03-06-2016,359.4,361.7,353.2,355.4,1126862,Titan
06-06-2016,354.9,357.1,351.7,353,908115,Titan
07-06-2016,354.3,361.8,354,360.6,1181754,Titan
08-06-2016,361.8,365.5,357.5,362.1,1176799,Titan
09-06-2016,363,366.5,361.5,364.7,394763,Titan
10-06-2016,364.2,366.7,360.6,362,422023,Titan
13-06-2016,360,367,358.3,364.2,603739,Titan
14-06-2016,364.7,368.9,363.6,367.1,452856,Titan
15-06-2016,368.1,369.9,364.3,366.9,736622,Titan
16-06-2016,366,372.6,364.5,371.5,850822,Titan
17-06-2016,372.4,378,372,376.4,1834207,Titan
20-06-2016,375,378.3,371.1,376.6,1358070,Titan
21-06-2016,376.9,377.4,373.2,375.5,453254,Titan
22-06-2016,376,380.9,375.5,379.3,887946,Titan
23-06-2016,378.8,389.7,377.6,388.2,1066962,Titan
24-06-2016,382,400.5,378.1,390.5,2567589,Titan
27-06-2016,392,395.8,388.5,391.5,963785,Titan
28-06-2016,395,396,388.1,389.9,451122,Titan
29-06-2016,389,398,387.7,396.5,972222,Titan
30-06-2016,398,410.2,396,406.3,3607558,Titan
01-07-2016,413.8,413.8,404.2,405.9,881009,Titan
04-07-2016,408,409.9,404.3,405.3,359798,Titan
05-07-2016,398,407,398,401.9,608931,Titan
07-07-2016,402.9,404.7,401.2,402.9,442528,Titan
08-07-2016,402.1,405.9,397.8,401.5,332694,Titan
11-07-2016,405.2,407,401.6,402.7,896345,Titan
12-07-2016,404.2,408.5,398,406.1,602537,Titan
13-07-2016,406.2,407.4,401,404.8,996482,Titan
14-07-2016,408,416.8,406.3,414.9,1007303,Titan
15-07-2016,426.5,435,415.1,417.8,2849329,Titan
18-07-2016,422,422,391.5,413.8,613955,Titan
19-07-2016,413.9,415.4,409.5,413.3,614051,Titan
20-07-2016,409,417.4,407.2,412.1,537315,Titan
21-07-2016,412,414.3,406.3,409.2,316459,Titan
22-07-2016,410,412.2,405.7,409.7,562267,Titan
25-07-2016,411,416.5,409,412.8,704244,Titan
26-07-2016,414.5,419.4,411.2,414,675183,Titan
27-07-2016,414.3,416.4,407.2,411.7,529343,Titan
28-07-2016,411.7,432.5,410.6,426.6,1930303,Titan
29-07-2016,425.1,427.5,419.5,421.4,524658,Titan
01-08-2016,423.1,426,416.5,422.3,527565,Titan
02-08-2016,423,429,421.7,423.5,737731,Titan
03-08-2016,424.7,427,395.3,414.8,3494599,Titan
04-08-2016,410,411.7,398.1,408.2,1763216,Titan
05-08-2016,410,418.2,404.5,416.5,1055018,Titan
08-08-2016,420,422.2,415,419.7,616890,Titan
09-08-2016,405,421.8,405,420.1,813302,Titan
10-08-2016,420.1,420.1,402.4,404,915542,Titan
11-08-2016,404.8,406,398.5,400.4,1784058,Titan
12-08-2016,401.2,407.8,399.6,402,1055193,Titan
16-08-2016,402.2,407.9,392.5,404.6,985377,Titan
17-08-2016,404.9,409.9,401.1,404.7,902574,Titan
18-08-2016,405,407.8,397.1,398.2,745822,Titan
19-08-2016,400,403.4,394.2,402,1115131,Titan
22-08-2016,402.5,406.5,399.2,403,618307,Titan
23-08-2016,403,407.5,401.6,406.8,1353924,Titan
24-08-2016,406.9,410.4,401.6,404.2,568052,Titan
25-08-2016,405.5,408.1,392,395.1,1667694,Titan
26-08-2016,398.4,407.3,398.1,405.8,586830,Titan
29-08-2016,405.8,405.9,400.3,403.2,232134,Titan
30-08-2016,404,410.5,402.1,407.6,866952,Titan
31-08-2016,408,420.3,408,418.5,1679311,Titan
01-09-2016,419,424.2,411.3,413.5,771295,Titan
02-09-2016,415.8,420.1,415,418.4,653097,Titan
06-09-2016,419.2,440,419,437.5,1339453,Titan
07-09-2016,444,444.5,423.3,425.3,1104546,Titan
08-09-2016,425.4,434.9,423.4,432.9,990006,Titan
09-09-2016,434.2,434.2,422.1,424,975257,Titan
12-09-2016,420,420,410,411.3,994629,Titan
14-09-2016,414,418,406,414.6,1555042,Titan
15-09-2016,417.9,417.9,404.4,406.4,1551475,Titan
16-09-2016,408.5,410.8,403.2,407.6,1324334,Titan
19-09-2016,406,409.5,401.5,402.9,860013,Titan
20-09-2016,401,406.5,399.7,402.9,515849,Titan
21-09-2016,405.7,409.9,402.3,406.5,1052732,Titan
22-09-2016,409.9,417,408.6,414.4,1140943,Titan
23-09-2016,414,419,407.3,409,834603,Titan
26-09-2016,408.5,410.9,401.5,404.8,555483,Titan
27-09-2016,402,406.8,402,405.4,599703,Titan
28-09-2016,405,410.9,402,409.7,1071066,Titan
29-09-2016,413,414,391.1,393.2,1437151,Titan
30-09-2016,393.1,399.2,383.2,395.1,1517886,Titan
03-10-2016,398,408.6,395.1,406.6,1133074,Titan
04-10-2016,407.4,408.2,400.6,406.6,784343,Titan
05-10-2016,406.7,408.9,400.7,405.9,734681,Titan
06-10-2016,406.5,408.9,395.1,398.9,903119,Titan
07-10-2016,399.9,401,392.3,395.3,1412940,Titan
10-10-2016,395.3,408.6,395,403.7,1317724,Titan
13-10-2016,403.5,404.1,385.5,388.2,4769967,Titan
14-10-2016,392.4,392.4,380.2,385.3,3113531,Titan
17-10-2016,385.3,389,380.3,386.1,1651931,Titan
18-10-2016,389.9,390.9,385,390.1,864701,Titan
19-10-2016,391.1,393.4,386,388.4,1428598,Titan
20-10-2016,388.9,394,387.7,389.6,1130359,Titan
21-10-2016,390.1,392.9,377.2,379.4,997847,Titan
24-10-2016,381.7,381.7,372.7,377.6,1511482,Titan
25-10-2016,375,375.5,367.5,373.3,1613924,Titan
26-10-2016,372.1,380.5,367.4,375.6,1874976,Titan
27-10-2016,373,375.7,361.1,369.2,1476366,Titan
28-10-2016,370.5,376.7,368.6,373.6,1479061,Titan
01-11-2016,379.5,381.1,370.6,372.7,2554087,Titan
02-11-2016,371.5,384.3,369.2,377.6,2464297,Titan
03-11-2016,377.5,383.5,373.8,377.2,1629999,Titan
04-11-2016,377.2,378,360.1,369.1,5181261,Titan
07-11-2016,372.6,383.5,368,370.5,1702175,Titan
08-11-2016,372,374.6,364.8,371.2,725837,Titan
09-11-2016,334.1,356.3,315.5,348.8,6105180,Titan
10-11-2016,355.4,359.8,347.5,349.4,3548040,Titan
11-11-2016,342,343.2,323.9,335,2165568,Titan
15-11-2016,332,333.7,301.7,329.4,4023810,Titan
16-11-2016,333.5,338.1,313.2,320.3,1715484,Titan
17-11-2016,320,322,308.3,315.9,1965715,Titan
18-11-2016,319.3,319.5,299,303.3,5298478,Titan
21-11-2016,304,306.3,296.2,304.1,3322407,Titan
22-11-2016,306,311.7,300.7,306.9,1945517,Titan
23-11-2016,309,314,306.3,312.5,1250719,Titan
24-11-2016,311,314.7,306,307.6,2751768,Titan
25-11-2016,310.9,319.2,306.3,316.2,1285140,Titan
28-11-2016,317,318,303.8,306.6,1676934,Titan
29-11-2016,306,316.3,305.3,313.9,1450559,Titan
30-11-2016,314.5,328.6,311.5,323.5,3265106,Titan
01-12-2016,323,333.4,317.3,324.9,2650987,Titan
02-12-2016,320,328.2,307.2,313.2,2033226,Titan
05-12-2016,314.8,328.5,308,325.9,2844583,Titan
06-12-2016,325.8,327.3,321.1,323.5,1159353,Titan
07-12-2016,324.9,327.9,321.7,324.2,903190,Titan
08-12-2016,325.6,335.5,324.4,326.6,1684964,Titan
09-12-2016,326.2,330.7,322.7,326.6,648772,Titan
12-12-2016,325.3,330.9,317.2,321.7,819985,Titan
13-12-2016,322,327.9,318.4,320.1,894222,Titan
14-12-2016,318.9,325.2,318.3,322.2,1104507,Titan
15-12-2016,320.7,323.8,314.1,315.4,1010984,Titan
16-12-2016,316,322.8,315.2,321.7,1225800,Titan
19-12-2016,320.7,321.5,316.1,316.9,563223,Titan
20-12-2016,318,322.5,316.1,318,572858,Titan
21-12-2016,319.7,327.9,313,319.7,1494083,Titan
22-12-2016,318.7,322.9,308.4,309.8,2326292,Titan
23-12-2016,310.9,315.5,308.5,314.3,966581,Titan
26-12-2016,313,314.4,307.1,307.9,672698,Titan
27-12-2016,311,317,308.1,316.4,722421,Titan
28-12-2016,312.8,318,312.8,314.3,949474,Titan
29-12-2016,315,323.4,312.4,321,1462224,Titan
30-12-2016,322.6,328,321.7,326.8,498203,Titan
02-01-2017,329,336.3,325.5,334,656084,Titan
03-01-2017,341,354.6,339.2,348.2,2773103,Titan
04-01-2017,350.4,362,349.2,359.7,2371009,Titan
05-01-2017,360.5,361.5,355.5,358.1,1187872,Titan
06-01-2017,359,363,352.6,355.2,1089982,Titan
09-01-2017,356,357.4,351.6,354.6,388058,Titan
10-01-2017,355.3,363.5,354,361.5,680201,Titan
11-01-2017,363.5,365.5,359.1,360,1059399,Titan
12-01-2017,361,365.8,359.5,363.7,1138752,Titan
13-01-2017,363.4,366.5,355,358.4,701469,Titan
16-01-2017,358.4,364.6,357.1,362.9,577654,Titan
17-01-2017,362.9,364.5,358.3,360,1393756,Titan
18-01-2017,360.3,370.7,359.1,367,865079,Titan
19-01-2017,365.1,374.9,365.1,372.7,1091633,Titan
20-01-2017,371,371,358.3,360.7,829787,Titan
23-01-2017,356.9,365,356.9,364,768682,Titan
24-01-2017,369.5,369.9,361.8,364.4,883274,Titan
25-01-2017,366,378.5,361.8,372.2,2920137,Titan
27-01-2017,372,375.7,366.6,372.8,386491,Titan
30-01-2017,370,374,368.1,371.5,361868,Titan
31-01-2017,370.9,370.9,359.4,362.1,788682,Titan
01-02-2017,363.8,372.3,359,370,931350,Titan
02-02-2017,371,394.4,369,389.3,1863055,Titan
03-02-2017,389,389,377.5,379.8,719064,Titan
06-02-2017,385,397,383.2,391.1,1765785,Titan
07-02-2017,394,397,386.7,393.5,2246432,Titan
08-02-2017,410,431.6,406.4,425.6,12272324,Titan
09-02-2017,422.4,429.5,418.7,427,1899826,Titan
10-02-2017,427,435.4,423.8,432,1554723,Titan
13-02-2017,432,432,422.6,428.4,725350,Titan
14-02-2017,429.7,431.9,420.6,428.4,860400,Titan
15-02-2017,430,431.4,410.5,412.5,1647015,Titan
16-02-2017,408.6,426,408.6,424,1360235,Titan
17-02-2017,424,433.8,421.4,431.5,1184805,Titan
20-02-2017,431.9,438.4,426.5,434.5,1216989,Titan
21-02-2017,434,458.5,430.1,457.3,2381361,Titan
22-02-2017,457.2,458,438.5,440,2543124,Titan
23-02-2017,440.4,441.6,431,433,3737985,Titan
27-02-2017,433,438.6,425.8,435.4,891399,Titan
28-02-2017,435,439.9,432.7,437.2,995271,Titan
01-03-2017,438.1,442.6,435.7,438.2,602504,Titan
02-03-2017,441,446,428,430.5,1145833,Titan
03-03-2017,430.5,441,428.8,439.9,853988,Titan
06-03-2017,440.7,444,436.2,438.1,767048,Titan
07-03-2017,440,444.9,434.6,439.6,1118365,Titan
08-03-2017,439,443.7,435.3,441,727813,Titan
09-03-2017,442,447.5,438.1,442.3,998661,Titan
10-03-2017,441.3,447.3,440.3,445.3,798924,Titan
14-03-2017,450.1,463.7,447.4,462.2,1865638,Titan
15-03-2017,465,467,460.5,462.1,1372111,Titan
16-03-2017,463,470.6,462.6,465.8,885731,Titan
17-03-2017,466,467.8,459,463.5,1047995,Titan
20-03-2017,466,470,461.8,465.6,464420,Titan
21-03-2017,466.9,466.9,459.6,463.7,907074,Titan
22-03-2017,460,460,441.9,445.8,2027879,Titan
23-03-2017,449.6,454,446.2,452,1420121,Titan
24-03-2017,453.1,457.8,447,448,854519,Titan
27-03-2017,446,451,440.8,448,505757,Titan
28-03-2017,450,456,447.9,453.7,1419986,Titan
29-03-2017,455,456.6,451.1,455,502071,Titan
30-03-2017,455,462,453.6,457.3,1328990,Titan
31-03-2017,457.3,466.8,452.6,462.8,942301,Titan
03-04-2017,459.5,461.3,455.8,459.4,563933,Titan
05-04-2017,478,495.6,471,491.8,4809506,Titan
06-04-2017,490,490.9,483.1,487.4,1996260,Titan
07-04-2017,489,492.4,483.6,485.4,1100640,Titan
10-04-2017,484.8,490,483.1,485.8,1439403,Titan
11-04-2017,487,489.2,482.3,486.8,1020639,Titan
12-04-2017,485,491.2,473.6,479.8,2040706,Titan
13-04-2017,478,486,475.1,484.2,410747,Titan
17-04-2017,484.4,495.5,476.4,481.3,1888968,Titan
18-04-2017,477.4,484.7,468.1,471.2,921112,Titan
19-04-2017,473.3,474.9,469.1,472.3,737073,Titan
20-04-2017,474.4,482.3,468.4,479.5,1055041,Titan
21-04-2017,481,486.3,476.6,479.4,685339,Titan
24-04-2017,476,485.3,475.3,482.4,831740,Titan
25-04-2017,483.5,485.3,477.2,483.7,1815460,Titan
26-04-2017,484.2,490,475,479.8,1227056,Titan
27-04-2017,479.3,483.6,477.2,478.3,986347,Titan
28-04-2017,478.6,481.8,468.2,470.3,681325,Titan
02-05-2017,471.5,486.6,470.5,485.1,1181816,Titan
03-05-2017,485,490.5,480.6,483.4,1510792,Titan
04-05-2017,483,496.5,480.5,492.7,1070973,Titan
05-05-2017,496.5,504.8,489.4,491.2,1348432,Titan
08-05-2017,490.1,495.5,483,484.6,635599,Titan
09-05-2017,481.9,485,464.3,467.2,1883022,Titan
10-05-2017,468.5,484,465.4,482.4,1731571,Titan
11-05-2017,482.2,503,478.1,501.2,1951787,Titan
12-05-2017,504.7,506.2,491.2,495,1383268,Titan
15-05-2017,489.7,490,472.4,483.7,3897357,Titan
16-05-2017,486,491,480.8,488.3,1308863,Titan
17-05-2017,490,490.1,477.3,481.8,859054,Titan
18-05-2017,479,482.6,470.1,471.7,811219,Titan
19-05-2017,475,479.5,460.4,471.2,1022479,Titan
22-05-2017,474,483.8,472.2,481.4,1725108,Titan
23-05-2017,478.7,485.6,473,478.4,1651642,Titan
24-05-2017,474.3,479,460.1,469.2,1477366,Titan
25-05-2017,471.1,471.9,461,463.9,974154,Titan
26-05-2017,464.8,478,462.9,473.5,1594613,Titan
29-05-2017,471.8,494.2,469,470.7,2314193,Titan
30-05-2017,470,471,462.5,469.8,1496350,Titan
31-05-2017,469.4,480,467.6,474.9,1366115,Titan
01-06-2017,476,476.5,465.3,470.7,715073,Titan
02-06-2017,472.7,474.6,467,471.8,596655,Titan
05-06-2017,511,569.2,505,551.9,27100101,Titan
06-06-2017,547,547.1,521.4,527.2,9844354,Titan
07-06-2017,528,547,528,536.2,4874204,Titan
08-06-2017,535,536.2,524.1,529.1,1883423,Titan
09-06-2017,530,530,522,525.5,1164090,Titan
12-06-2017,541.9,541.9,513.3,515.8,4546833,Titan
13-06-2017,516.1,524.8,511.4,520.6,2382953,Titan
14-06-2017,520.5,524.1,514,521.9,1167358,Titan
15-06-2017,520,524,516.2,517.7,855133,Titan
16-06-2017,516,520.8,511.8,516.4,667200,Titan
19-06-2017,515.3,518,511.2,515.2,782349,Titan
20-06-2017,514,530.9,512.1,526.7,2299154,Titan
21-06-2017,526.4,529.9,518.7,523.1,1357751,Titan
22-06-2017,523,528.8,516.5,519.9,1005512,Titan
23-06-2017,520.9,521,507.7,513.3,1392507,Titan
27-06-2017,510.1,520.2,506.5,516,1386743,Titan
28-06-2017,516.4,516.6,500.6,507.3,1545428,Titan
29-06-2017,510,518.6,507.7,509.6,1911111,Titan
30-06-2017,509,525.6,503.3,524.5,1156474,Titan
03-07-2017,536.1,537,527.5,532.4,1304851,Titan
04-07-2017,533.5,539,526,535.6,1624088,Titan
05-07-2017,539.3,540,530.2,531.8,894627,Titan
06-07-2017,532,536.5,528.1,534,1428440,Titan
07-07-2017,534,538.9,529,532.5,1724825,Titan
10-07-2017,533,538,523.2,536.8,509531,Titan
11-07-2017,537,537.9,526.3,528.7,960330,Titan
12-07-2017,532,534.9,528.3,530.8,855127,Titan
13-07-2017,525.4,537,525,534.2,1059461,Titan
14-07-2017,538,541.9,532.1,533.7,1131348,Titan
17-07-2017,535.5,538.8,531.3,533.8,1312136,Titan
18-07-2017,530,536.8,526.7,527.8,1387108,Titan
19-07-2017,528.8,535.2,527.5,533.1,841355,Titan
20-07-2017,531,535.7,528.4,529.8,590904,Titan
21-07-2017,531.7,545.5,530.3,543.2,1146931,Titan
24-07-2017,545.3,547,535.6,538.2,1120371,Titan
25-07-2017,540,542.7,534.6,536.2,722277,Titan
26-07-2017,535.2,541,533.2,537.9,817433,Titan
27-07-2017,537.9,539.7,524.4,527.5,1803847,Titan
28-07-2017,527,535,525.9,533.2,678345,Titan
31-07-2017,533.8,546.6,528.9,544.3,1113439,Titan
01-08-2017,546.5,549.9,538.1,539.4,1346764,Titan
02-08-2017,541.9,555.6,538.5,552.8,1469268,Titan
03-08-2017,555.8,565.4,546.7,558.1,4333554,Titan
04-08-2017,565.1,616.4,564.8,611.2,14943128,Titan
07-08-2017,608,618.4,602.1,614.9,2467527,Titan
08-08-2017,607.3,615.8,604,609.4,1891037,Titan
09-08-2017,611,627.4,606,619.2,4440491,Titan
10-08-2017,616.9,618.9,601.6,610.4,1378763,Titan
11-08-2017,604,617.5,601.9,607,1482422,Titan
14-08-2017,611,636.7,611,630.4,2945005,Titan
16-08-2017,633.5,638.3,618.9,627.7,2075867,Titan
17-08-2017,629.6,631.6,619.2,621.5,938044,Titan
18-08-2017,621.5,630.4,616.6,623.5,1401428,Titan
21-08-2017,623.7,630,613,615.5,1009586,Titan
22-08-2017,617.1,627.3,610.1,615.1,1367266,Titan
23-08-2017,620,620.2,602.2,607.5,2030608,Titan
24-08-2017,609.1,614.3,603.5,606.8,1115671,Titan
28-08-2017,603.7,614.9,600.1,612.3,1284579,Titan
29-08-2017,610,613.8,598.7,600.5,1078030,Titan
30-08-2017,608.5,614.9,604,611.6,977962,Titan
31-08-2017,610,621,608,617.1,1816689,Titan
01-09-2017,618.9,620,610.2,613.5,517606,Titan
04-09-2017,610,620,606.5,612.3,539333,Titan
05-09-2017,613,642,609.7,638.9,3636744,Titan
06-09-2017,636.9,651,635.1,640.8,3288264,Titan
07-09-2017,641.9,645.2,629.3,637,1507721,Titan
08-09-2017,645,646,631,633.4,1688468,Titan
11-09-2017,637,638.6,631.9,633,738301,Titan
12-09-2017,634.9,640.8,632.3,637.9,1102076,Titan
13-09-2017,638,648.3,627.7,630.3,1346590,Titan
14-09-2017,630.5,637,628.4,633.6,703116,Titan
15-09-2017,629.9,633.2,622.7,632.2,1067596,Titan
18-09-2017,635.1,650.5,628,646.1,1409213,Titan
19-09-2017,654.1,654.2,640,641.6,1232251,Titan
20-09-2017,640,645.9,628.4,630.8,1305505,Titan
21-09-2017,631.6,638.2,615.9,618.6,1388073,Titan
22-09-2017,617.6,617.6,600,602.3,982598,Titan
25-09-2017,603.7,611.5,584.8,602.2,1003871,Titan
26-09-2017,606.9,606.9,588.1,592.3,824136,Titan
27-09-2017,602.3,603,586.1,590,1073002,Titan
28-09-2017,591,591,571,575.7,1802129,Titan
29-09-2017,581.9,587.2,563.7,584.6,3138820,Titan
03-10-2017,588,601.8,588,600.1,1797702,Titan
04-10-2017,603.5,608.5,598.7,600.9,1262109,Titan
05-10-2017,602.9,603.8,594.3,595.8,656926,Titan
06-10-2017,600,605,594.9,596.6,911164,Titan
09-10-2017,620,630.4,612.6,616.2,2467158,Titan
10-10-2017,619.8,621.3,613.7,615.9,784162,Titan
11-10-2017,619.4,623.7,607.6,610.6,1166347,Titan
12-10-2017,615,626.5,607.9,623.5,2285154,Titan
13-10-2017,625,633.5,621,625.2,1652696,Titan
16-10-2017,622.1,631,622.1,627.5,730725,Titan
17-10-2017,630.9,632,624,625.8,707951,Titan
18-10-2017,625.8,626.7,611,612.9,789926,Titan
19-10-2017,614,614.9,601,602,162721,Titan
23-10-2017,601.5,608,594.9,604.1,930435,Titan
24-10-2017,604,611.5,600.1,606.1,538189,Titan
25-10-2017,610,613.3,589.4,590.8,1096069,Titan
26-10-2017,587,598.6,582.1,584.7,1708870,Titan
27-10-2017,586.1,592.1,583.6,590.1,1201819,Titan
30-10-2017,589.2,622,589.2,618.3,1375701,Titan
31-10-2017,624,639.5,621.3,635.3,1884635,Titan
01-11-2017,640,643.2,634.5,637.5,966894,Titan
02-11-2017,635.1,661.8,635.1,655.2,1680690,Titan
03-11-2017,664,668,652,659.8,2416963,Titan
06-11-2017,725.7,824.7,725.7,783.7,21820434,Titan
07-11-2017,778,779.8,748.5,753.8,5830428,Titan
08-11-2017,757.6,761.5,739,743.3,2994196,Titan
09-11-2017,740.2,779.7,740.2,777.9,5216016,Titan
10-11-2017,769.2,791.9,766.6,782.1,3225337,Titan
13-11-2017,780,790.6,762.3,765.1,1082635,Titan
14-11-2017,765,783.5,757.7,774.3,1514814,Titan
15-11-2017,745,778.5,745,771.1,1512882,Titan
16-11-2017,771.2,777.7,765.9,768.3,794968,Titan
17-11-2017,778.4,798,774.5,786.3,2404092,Titan
20-11-2017,791.1,793.4,778,784,1244897,Titan
21-11-2017,789,819.5,788.3,815.5,4969028,Titan
22-11-2017,820,827,810.2,813.2,4216518,Titan
23-11-2017,815,820.5,794.5,805.9,1689989,Titan
24-11-2017,807,831.8,796.8,829.3,2744733,Titan
27-11-2017,838.9,838.9,825.3,832.6,3544024,Titan
28-11-2017,832,833,815,818.1,1748906,Titan
29-11-2017,820,828.5,813,818.1,1660305,Titan
30-11-2017,812,822.9,808.1,818.9,2808579,Titan
01-12-2017,821,825.7,798.5,805.3,1562677,Titan
04-12-2017,805.2,813.9,798,804.6,1291369,Titan
05-12-2017,808.8,810,786.6,792.6,1136767,Titan
06-12-2017,791,795.4,770,773.6,1742133,Titan
07-12-2017,775,807,773.6,806,2085106,Titan
08-12-2017,795.3,821.4,795.3,811,2844071,Titan
11-12-2017,813,825,811,820.6,1788914,Titan
12-12-2017,820.3,831.6,814.2,822.4,2325014,Titan
13-12-2017,821.5,844.3,811.9,819,3127944,Titan
14-12-2017,820,828,805.1,816.3,3020320,Titan
15-12-2017,826.3,836,818.5,832.9,2015120,Titan
18-12-2017,830,846.4,802,840.1,1698653,Titan
19-12-2017,845,871,843.1,868.4,3308280,Titan
20-12-2017,869.4,872,861.3,863,1105619,Titan
21-12-2017,862.9,866.5,855,858.5,897152,Titan
22-12-2017,859,868.6,853.9,856.9,1381784,Titan
26-12-2017,857,863.9,852.6,854.8,1467917,Titan
27-12-2017,856.4,860.2,842,849.1,735296,Titan
28-12-2017,849.9,856.4,840.6,851.7,980277,Titan
29-12-2017,854.5,863.8,851.4,858.2,1245513,Titan
01-01-2018,857.7,862.1,851.1,852.5,472607,Titan
02-01-2018,854.1,858.5,840.6,845.2,1181949,Titan
03-01-2018,863.9,869.4,853,856.3,2606556,Titan
04-01-2018,864.4,897.5,853.1,892.9,3028931,Titan
05-01-2018,895,914,893.5,909.7,4036882,Titan
08-01-2018,911,930,906.8,926.1,2112170,Titan
09-01-2018,925,938.5,917.3,933,2419079,Titan
10-01-2018,932.5,935.4,911.9,917.6,1605433,Titan
11-01-2018,916.9,917.7,903.3,906.9,1597329,Titan
12-01-2018,906,917.4,892.5,903.8,1874518,Titan
15-01-2018,909,921.9,897.7,918.3,2195562,Titan
16-01-2018,927,927.5,882.6,889.4,2383484,Titan
17-01-2018,892.8,895.6,862.5,893.1,2553841,Titan
18-01-2018,897.8,903.6,875,885.9,1285534,Titan
19-01-2018,879.1,897.6,879.1,891.5,1483177,Titan
22-01-2018,890,912,887.1,909.8,1495629,Titan
23-01-2018,910.7,914.7,898.3,905.7,1747166,Titan
24-01-2018,905.7,909.3,881,886.9,1109233,Titan
25-01-2018,882,905.3,876.8,884.1,3104669,Titan
29-01-2018,887.4,901.5,880.5,896.2,1151570,Titan
30-01-2018,899.3,911.6,878.4,884.2,2101888,Titan
31-01-2018,883,885,859.4,869.6,1431670,Titan
01-02-2018,877.5,879.1,812.8,831,6097492,Titan
02-02-2018,810,849.8,784.2,822.2,8088986,Titan
05-02-2018,810,816.8,795.2,802.3,3079541,Titan
06-02-2018,765,788.4,752.7,782.7,3188895,Titan
07-02-2018,785,801,780,783.7,2686877,Titan
08-02-2018,785.1,808.9,780.8,800.8,2219546,Titan
09-02-2018,790.1,804,783.1,796.8,1564899,Titan
12-02-2018,803,812.8,796.6,809.1,2067452,Titan
14-02-2018,814,825.9,809.1,813.7,2154852,Titan
15-02-2018,822.7,823.3,800,814.9,2225089,Titan
16-02-2018,820,826.9,798.7,803.2,1698333,Titan
19-02-2018,805,809,790,804,1699508,Titan
20-02-2018,804,837.9,797.7,832.3,3881439,Titan
21-02-2018,838,841.5,818.8,822.9,2067029,Titan
22-02-2018,825,836,814.1,817.5,3244314,Titan
23-02-2018,822.2,823.6,810.3,814.2,2446637,Titan
26-02-2018,820,823.4,805,819.7,2438241,Titan
27-02-2018,825,835.7,819.3,822.6,2089446,Titan
28-02-2018,819.8,825.9,810.4,816.2,1583674,Titan
01-03-2018,814,822.3,808,810.2,975986,Titan
05-03-2018,810,814.9,801,808.9,1262568,Titan
06-03-2018,812.5,823.2,799.1,807.7,1358775,Titan
07-03-2018,806,820.1,800.2,814.9,1826249,Titan
08-03-2018,820,822.3,808.1,817.7,1109489,Titan
09-03-2018,820,827.6,815.5,819.1,1061685,Titan
12-03-2018,824,831.6,822.4,829.1,1033715,Titan
13-03-2018,836,860,830,852,2754435,Titan
14-03-2018,851,867.9,850,865,1889040,Titan
15-03-2018,864.9,875.8,860,872.5,2486538,Titan
16-03-2018,879,883.4,862.1,879.3,2538310,Titan
19-03-2018,879.7,891.9,864,869,2536517,Titan
20-03-2018,867,880,860.1,871.8,1985478,Titan
21-03-2018,875,884.7,869.6,872.3,1859947,Titan
22-03-2018,873,892,872.3,887.6,3186401,Titan
23-03-2018,874.1,900,872.9,895.1,4132765,Titan
26-03-2018,896.5,949.8,896.5,939.1,5918775,Titan
27-03-2018,948.5,949.5,932.4,942.4,2756923,Titan
28-03-2018,938.2,964,918,942.3,11431588,Titan
02-04-2018,943.1,948.5,926.3,944.1,2764385,Titan
03-04-2018,944.9,951.7,924.6,932,2454365,Titan
04-04-2018,939.7,939.7,902,904.4,2930774,Titan
05-04-2018,915,924,902.7,920.1,4148653,Titan
06-04-2018,922,946,908.1,940.3,2819200,Titan
09-04-2018,950,971.8,947.1,960.7,5116819,Titan
10-04-2018,964.9,968.9,953.1,962.3,2434826,Titan
11-04-2018,967,981.4,958.1,980,3452488,Titan
12-04-2018,982.3,993,971.4,976.1,4379096,Titan
13-04-2018,986.1,994.8,980.5,987.2,3311755,Titan
16-04-2018,986,991.9,973.3,980.5,2247785,Titan
17-04-2018,985,999,974.1,997.6,2983704,Titan
18-04-2018,999.7,999.7,975.1,977.1,2621345,Titan
19-04-2018,978.5,983,949.2,952.8,3347181,Titan
20-04-2018,950,965.4,947.1,956.6,2201052,Titan
23-04-2018,960,973.2,948.6,963,2295872,Titan
24-04-2018,966,971.3,954.3,962,1473491,Titan
25-04-2018,961.8,968,955.1,960.9,1385599,Titan
26-04-2018,963.5,972.5,955,969.5,1859223,Titan
27-04-2018,972,978,963.6,970,1049687,Titan
30-04-2018,970.5,984.9,968,981.8,1083840,Titan
02-05-2018,982,985.5,960.4,964.5,1027474,Titan
03-05-2018,964.8,977.8,951,959.4,1585290,Titan
04-05-2018,961,966,952.4,958.1,958663,Titan
07-05-2018,962,980.9,957.3,969,1987395,Titan
08-05-2018,979,979,963,968.1,1979745,Titan
09-05-2018,974.9,995.6,971,985.7,4201827,Titan
10-05-2018,991.4,993.9,965.6,973.1,3434978,Titan
11-05-2018,990,991.9,952,956.1,5712581,Titan
14-05-2018,960,962,917.1,920,3754208,Titan
15-05-2018,925,944.5,909.3,931,3154028,Titan
16-05-2018,928,939.5,915.9,931.2,1923381,Titan
17-05-2018,935.9,949,927.7,936.5,2895005,Titan
18-05-2018,937,945.9,930.3,940,2574768,Titan
21-05-2018,940.6,944.5,912.8,915.3,1233987,Titan
22-05-2018,915,930.9,904.1,914.2,2086584,Titan
23-05-2018,914.2,923,908.1,920.1,1938630,Titan
24-05-2018,923,926.8,914,921.3,1209456,Titan
25-05-2018,923.4,938.6,915.1,924.4,1700500,Titan
28-05-2018,928,935.6,917.5,928.9,1139544,Titan
29-05-2018,929,930.5,912,914.5,999806,Titan
30-05-2018,906,919,897.2,913.6,1911011,Titan
31-05-2018,918.7,924,890.2,900.1,4903734,Titan
01-06-2018,907.5,912.4,898,900,1392273,Titan
04-06-2018,906,908,881.6,885.4,1529852,Titan
05-06-2018,885,886.5,858.2,864,2948255,Titan
06-06-2018,860.1,904,853.3,899.5,2854320,Titan
07-06-2018,902.1,906.7,884.2,887.2,2875636,Titan
08-06-2018,887.2,898,880.4,896,1672490,Titan
11-06-2018,897,914,896,903.4,2032601,Titan
12-06-2018,903.5,911,901.1,904.7,1426736,Titan
13-06-2018,906.7,926.8,905,918.2,2933810,Titan
14-06-2018,918.2,921.4,903.3,905.3,2004165,Titan
15-06-2018,910.8,916.9,898.5,903.5,2364375,Titan
18-06-2018,904,905.3,891.7,897.7,1309586,Titan
19-06-2018,896,896.5,886,889,1833168,Titan
20-06-2018,892,897,880.5,888.4,1850681,Titan
21-06-2018,894,894.8,866,868.4,1274479,Titan
22-06-2018,870.7,881.8,859,877.6,2183928,Titan
25-06-2018,878,885.3,862,864,1217765,Titan
26-06-2018,863.9,874.5,862,872.2,1801638,Titan
27-06-2018,872,879.5,867,869.7,2037781,Titan
28-06-2018,868,868,830,836.4,9824968,Titan
29-06-2018,826.1,881.8,826.1,878.5,4960179,Titan
02-07-2018,883.1,906.9,870.2,897.4,3353006,Titan
03-07-2018,890.2,902.8,883.8,893.2,2770123,Titan
04-07-2018,893.3,899.4,882.5,886.6,1104449,Titan
05-07-2018,869.6,870.8,833.3,838,6128988,Titan
06-07-2018,838,848.5,813,829.7,6884175,Titan
09-07-2018,834.9,836.3,817.7,821.8,4098360,Titan
10-07-2018,823,840,822.4,832.9,2670508,Titan
11-07-2018,833.2,833.2,805.6,809.5,2909483,Titan
12-07-2018,816.4,823.3,804,808.5,2832418,Titan
13-07-2018,813,842,799.7,838.7,4995028,Titan
16-07-2018,839,844.1,816.1,831.2,3256321,Titan
17-07-2018,831.4,855.2,826,845.2,2849218,Titan
18-07-2018,848,856.1,838.1,846.2,2660188,Titan
19-07-2018,851.9,874.8,847.1,869.9,3924410,Titan
20-07-2018,869,876.6,857.4,860.4,2048572,Titan
23-07-2018,859,866,845.2,858.8,1334621,Titan
24-07-2018,859,870.9,851.5,861.7,2015425,Titan
25-07-2018,868,871.6,853,865.9,1453640,Titan
26-07-2018,870,870,850.5,854.5,1167616,Titan
27-07-2018,860,894.5,852.2,884.1,3210162,Titan
30-07-2018,882.8,903,880.8,892.1,2418684,Titan
31-07-2018,893,914,886.4,912.4,2165312,Titan
01-08-2018,915,920.5,905.3,917.4,1818993,Titan
02-08-2018,915,933.6,909.3,921.5,2313020,Titan
03-08-2018,930,942,902.2,919.2,9358677,Titan
06-08-2018,928.7,939.1,896.8,901.7,3763151,Titan
07-08-2018,904.7,931.9,898.7,927.3,4450697,Titan
08-08-2018,929.1,936.5,921,935,2163746,Titan
09-08-2018,934.8,934.8,909.3,915.3,2536080,Titan
10-08-2018,915,932,913,920.1,2105317,Titan
13-08-2018,915,924,910.6,913.7,1316517,Titan
14-08-2018,914.2,927,914.1,925.6,1404450,Titan
16-08-2018,924,929,917,919.5,1196749,Titan
17-08-2018,924.9,945,921.6,941.6,2697290,Titan
20-08-2018,942,943.5,914.2,921.7,2529831,Titan
21-08-2018,924.7,928,905.8,916.3,2531200,Titan
23-08-2018,925,926.4,907.1,911.9,1571386,Titan
24-08-2018,912.4,915.9,882.5,885.4,3218302,Titan
27-08-2018,894,900,887.1,890.9,1789147,Titan
28-08-2018,895,897.8,871.6,888.3,3563757,Titan
29-08-2018,888,895.6,876.5,882.8,1863018,Titan
30-08-2018,884.5,891,876,878.4,1758855,Titan
31-08-2018,881,894.8,877.1,891.9,1677232,Titan
03-09-2018,896.9,921.4,891.2,912.8,4972521,Titan
04-09-2018,917,928.4,877.1,880.9,3880086,Titan
05-09-2018,875.1,882.4,851.7,863.9,2990706,Titan
06-09-2018,871,883.5,858.1,867.2,2399973,Titan
07-09-2018,871,876,861.1,867.5,1297983,Titan
10-09-2018,864,868,850,857.6,1576682,Titan
11-09-2018,860,860.9,815.8,820.8,4918816,Titan
12-09-2018,817,838.4,790.2,826.5,6728840,Titan
14-09-2018,838,852,829.3,842.6,3329172,Titan
17-09-2018,834.8,838,816.7,823.5,2843632,Titan
18-09-2018,819,844,818.7,824.9,3331397,Titan
19-09-2018,812.5,829.8,786.1,823.6,5347338,Titan
21-09-2018,834.2,836.7,779.2,800.6,4259892,Titan
24-09-2018,801.8,805,773.4,791.1,3244812,Titan
25-09-2018,791,814.3,778.2,796.9,3150095,Titan
26-09-2018,812,820,802.2,814.7,4080359,Titan
27-09-2018,833.6,843.7,815.5,821.5,7668506,Titan
28-09-2018,823.1,831.2,794.4,805.6,3145969,Titan
01-10-2018,800,814.4,782,809.8,2445752,Titan
03-10-2018,811.5,813,791.2,794.5,3478716,Titan
04-10-2018,785,797.5,760.3,776.7,4579535,Titan
05-10-2018,788.3,815.7,784,792.1,7398167,Titan
08-10-2018,792,819,774.7,813.6,3961739,Titan
09-10-2018,819,821,732.3,749.5,8683946,Titan
10-10-2018,746,796.4,740,788.6,7285084,Titan
11-10-2018,764,798,754.6,778.9,3766505,Titan
12-10-2018,784,809.8,777.1,805.2,4322158,Titan
15-10-2018,805.2,812,788.8,807.2,2234430,Titan
16-10-2018,811,819.7,808,810.6,2347048,Titan
17-10-2018,817.1,823.3,792.6,800.1,2975579,Titan
19-10-2018,810,810,782.5,788.7,2892515,Titan
22-10-2018,793.4,795.9,773.2,774.8,2766247,Titan
23-10-2018,771.9,787,766.2,778.2,2239883,Titan
24-10-2018,785.4,794.8,772.3,791.6,2060580,Titan
25-10-2018,785,796,777.8,791.3,1681346,Titan
26-10-2018,790,820,786.7,806.9,3738778,Titan
29-10-2018,813,834.5,807.7,829.8,2473393,Titan
30-10-2018,829,841.4,819.4,830.5,1876874,Titan
31-10-2018,837.5,847.9,818.5,844.6,2435865,Titan
01-11-2018,844.6,862.9,834.4,854.5,2485725,Titan
02-11-2018,860,884,857.9,871,3078543,Titan
05-11-2018,870,872.4,856.6,863.7,1903690,Titan
06-11-2018,869,877.6,840.2,846.3,2504504,Titan
09-11-2018,855,865,844,847.7,3528039,Titan
12-11-2018,857,901.5,843.2,894.8,13985301,Titan
13-11-2018,889.2,899.7,879.1,897.5,4432001,Titan
14-11-2018,897.1,897.5,883,892.2,2606605,Titan
15-11-2018,892.3,924,889,920.8,4711756,Titan
16-11-2018,921,928.7,912.7,921.4,2769698,Titan
19-11-2018,922,927,915.1,920.6,2104102,Titan
20-11-2018,919,925.2,908.9,915.5,1540046,Titan
21-11-2018,917.5,929.9,909.6,926.6,1855760,Titan
22-11-2018,929,933.4,911.8,915.8,1617491,Titan
26-11-2018,913.1,920.5,892.6,916.4,2116814,Titan
27-11-2018,914,918,906,914.3,1126278,Titan
28-11-2018,916,931,915,923,2434110,Titan
29-11-2018,929.1,933.9,913,931.4,1991914,Titan
30-11-2018,930,931,918,927.1,2738673,Titan
03-12-2018,932.6,939.8,920.5,936.3,2044427,Titan
04-12-2018,935,940.2,921.5,923.8,1424621,Titan
05-12-2018,921,925.7,901.6,920.3,3020688,Titan
06-12-2018,913,920,902,905.8,1425935,Titan
07-12-2018,911,921.5,893.3,916.6,2750589,Titan
10-12-2018,905,916,898,907.1,1508069,Titan
11-12-2018,899,937,894.2,933.2,2792386,Titan
12-12-2018,937.5,938.1,921,930,3256275,Titan
13-12-2018,932.1,961.3,924.3,944.2,4821052,Titan
14-12-2018,943.7,951.7,928.5,931.5,2558651,Titan
17-12-2018,931.8,937.2,925.4,935.3,2284630,Titan
18-12-2018,932.5,938.8,930.8,933,2222788,Titan
19-12-2018,933.1,941.6,927.5,929.2,2237859,Titan
20-12-2018,928,933,922.2,926.8,1630740,Titan
21-12-2018,927.9,927.9,897.3,900.1,2972085,Titan
24-12-2018,900.1,902.8,874,879.9,2554749,Titan
26-12-2018,879,900,868.2,889.2,3840772,Titan
27-12-2018,896,897.8,881.5,887.7,2160188,Titan
28-12-2018,904,925.8,898.8,922.7,8067914,Titan
31-12-2018,926,939.5,920.4,931,4917511,Titan
01-01-2019,931.8,934.2,923,928,2064502,Titan
02-01-2019,923.3,937,923.3,932.2,2672587,Titan
03-01-2019,936,945,928,931.2,3292918,Titan
04-01-2019,934,938.9,920.2,928.5,2340304,Titan
07-01-2019,950,964,934.1,944.1,5337211,Titan
08-01-2019,944.2,950,938.6,946.2,2039160,Titan
09-01-2019,949,955.4,945.4,953,2115974,Titan
10-01-2019,950.4,969.4,948.6,966.7,2450895,Titan
11-01-2019,965.3,969.5,956.8,959.3,1535995,Titan
14-01-2019,958,961.4,949,957.5,864306,Titan
15-01-2019,956,970.7,955.1,968.3,1452136,Titan
16-01-2019,965.3,970.4,959.3,961.2,1118736,Titan
17-01-2019,961.4,965,951.6,961.6,1303576,Titan
18-01-2019,961.6,965,954.1,961,1168989,Titan
21-01-2019,960.1,965.8,957,962.8,1035360,Titan
22-01-2019,962.2,986.4,958.7,982.7,2797244,Titan
23-01-2019,987.4,987.4,957.6,962.2,1574247,Titan
24-01-2019,960.2,972.3,955.9,969.7,1246903,Titan
25-01-2019,972,984,969.2,978,1985833,Titan
28-01-2019,978,981.2,955.2,958.7,1499181,Titan
29-01-2019,955.2,970,945,966.1,1411027,Titan
30-01-2019,966.1,975,960.1,968.9,1468812,Titan
31-01-2019,968.2,1000,966.5,995.8,2306391,Titan
01-02-2019,1003,1005,985.1,991.6,3424938,Titan
04-02-2019,1025,1050,1009.1,1025.8,9556052,Titan
05-02-2019,1027,1074,1020,1066.7,7144200,Titan
06-02-2019,1066,1072,1050.5,1059.1,2449722,Titan
07-02-2019,1059.8,1067.1,1050,1056.8,1293109,Titan
08-02-2019,1058.5,1076.9,1047.6,1053.3,2576054,Titan
11-02-2019,1059,1063.5,1045.2,1056.4,1057548,Titan
12-02-2019,1058,1074,1050.1,1066.3,3075801,Titan
13-02-2019,1068.3,1071.3,1047.8,1051,1185932,Titan
14-02-2019,1064,1064,1030.5,1042.3,2182379,Titan
15-02-2019,1035,1052,1016.8,1039,2566210,Titan
18-02-2019,1040.1,1040.7,1021.3,1027.4,1023065,Titan
19-02-2019,1030.5,1049.8,1025.3,1028.8,1551617,Titan
20-02-2019,1030,1044.4,1027.5,1032.8,1506583,Titan
21-02-2019,1039.9,1045,1031.3,1042.5,1220939,Titan
22-02-2019,1035.5,1044,1030.3,1041.6,1298608,Titan
25-02-2019,1038,1055,1035.6,1043,1691809,Titan
26-02-2019,1039,1041.9,1016.1,1038.4,1906268,Titan
27-02-2019,1042.9,1047.2,1014,1016.3,1897310,Titan
28-02-2019,1018,1033.8,1002.1,1025.2,5080712,Titan
01-03-2019,1031.9,1036,1017.1,1021.4,1967656,Titan
05-03-2019,1023.6,1040,1016.2,1035,1577329,Titan
06-03-2019,1038,1060.9,1028.3,1056,2758056,Titan
07-03-2019,1069,1069,1039,1043.3,2584721,Titan
08-03-2019,1044.8,1059.6,1037,1053.2,2179863,Titan
11-03-2019,1058,1074.6,1057.6,1069.2,2837644,Titan
12-03-2019,1075,1096,1072,1086.5,3418782,Titan
13-03-2019,1087.4,1093.9,1065.1,1078.3,2024554,Titan
14-03-2019,1078.9,1089,1063.2,1086.4,1193296,Titan
15-03-2019,1087,1113.8,1082,1097.3,5318660,Titan
18-03-2019,1105,1108.9,1092.1,1101.3,1856664,Titan
19-03-2019,1102,1112,1098.6,1109.1,1376594,Titan
20-03-2019,1111,1115,1098,1102.4,1295061,Titan
22-03-2019,1103.6,1124.4,1093.7,1102.6,2486418,Titan
25-03-2019,1102,1106.5,1090.4,1100.1,909855,Titan
26-03-2019,1105,1120,1088.4,1115.8,1851505,Titan
27-03-2019,1125,1125,1106,1116.5,1668427,Titan
28-03-2019,1120,1139.6,1111.5,1134.3,2292966,Titan
29-03-2019,1134.1,1152,1112,1141.9,2767754,Titan
01-04-2019,1140,1148,1116.8,1120.4,1703651,Titan
02-04-2019,1125,1131.2,1108.4,1111.9,1469173,Titan
03-04-2019,1117,1127.2,1098.1,1100.5,1553200,Titan
04-04-2019,1112.7,1122.6,1094.3,1106.1,2463998,Titan
05-04-2019,1123,1129.7,1101.5,1106.4,4108366,Titan
08-04-2019,1109,1115,1092,1104.4,1672293,Titan
09-04-2019,1109,1110,1091.5,1098.6,1288739,Titan
10-04-2019,1099.4,1105,1083.5,1100.2,1612236,Titan
11-04-2019,1107,1107,1090.1,1105.1,1412462,Titan
12-04-2019,1107,1108,1094,1097,1499571,Titan
15-04-2019,1102,1102,1088,1090.2,1116346,Titan
16-04-2019,1093.1,1124.8,1092.4,1120.1,2144260,Titan
18-04-2019,1126,1129.5,1113.5,1125.4,1609911,Titan
22-04-2019,1125,1132,1119.1,1123.7,1307412,Titan
23-04-2019,1124,1136.7,1120.1,1129.6,1237289,Titan
24-04-2019,1128,1152,1125.6,1149.2,1809133,Titan
25-04-2019,1155,1165,1135.4,1141.3,3579153,Titan
26-04-2019,1146.7,1149.5,1131,1137.5,846570,Titan
30-04-2019,1140,1161.8,1133.5,1158.6,1469889,Titan
02-05-2019,1159,1160,1135.6,1138.2,1517989,Titan
03-05-2019,1145,1154.8,1135.1,1145.1,1146869,Titan
06-05-2019,1142.8,1142.8,1075.1,1082.9,4064781,Titan
07-05-2019,1097.8,1105,1083,1086.5,2605643,Titan
08-05-2019,1090,1100,1067.9,1088.7,3336769,Titan
09-05-2019,1100,1110,1088.7,1104.5,4362293,Titan
10-05-2019,1108,1137.9,1094.3,1132.1,3032624,Titan
13-05-2019,1125.3,1152.8,1124.1,1144.7,2695155,Titan
14-05-2019,1140,1163,1123,1154.8,2894382,Titan
15-05-2019,1160,1167.5,1152.4,1163,2476357,Titan
16-05-2019,1162.7,1195,1160,1186.5,2948769,Titan
17-05-2019,1184,1203,1180,1190.5,3265842,Titan
20-05-2019,1214,1238,1205,1231.7,2881354,Titan
21-05-2019,1239,1251.7,1233.4,1244.4,3218291,Titan
22-05-2019,1246,1250.9,1226.4,1241.1,1972398,Titan
23-05-2019,1259.3,1262.8,1216.3,1220.3,2494025,Titan
24-05-2019,1221,1230,1194.5,1219.9,2423569,Titan
27-05-2019,1226.5,1243.5,1203.5,1241,1380441,Titan
28-05-2019,1243,1244.9,1222.7,1231.6,1811869,Titan
29-05-2019,1232,1237.7,1224.2,1234.7,918488,Titan
30-05-2019,1234,1249.8,1225,1240.6,1081863,Titan
31-05-2019,1248,1250.7,1227,1235.8,1213810,Titan
03-06-2019,1239,1269,1227.5,1266.3,1627758,Titan
04-06-2019,1267,1276.9,1243.8,1248,1378780,Titan
06-06-2019,1255,1273.7,1244.7,1269.5,2345134,Titan
07-06-2019,1275,1275,1254,1269,1381956,Titan
10-06-2019,1274.7,1289.2,1270,1277,1516266,Titan
11-06-2019,1278,1288,1266.8,1285,1782094,Titan
12-06-2019,1285,1292.7,1277.6,1288.9,1456438,Titan
13-06-2019,1283,1298.3,1276.4,1295.5,1734153,Titan
14-06-2019,1296.1,1298,1277.1,1281.9,874483,Titan
17-06-2019,1286,1292.6,1248.5,1256.1,2057502,Titan
18-06-2019,1256.1,1261,1235,1257.5,1845151,Titan
19-06-2019,1280,1288,1257.7,1275.1,1650715,Titan
20-06-2019,1274.5,1309,1266.1,1306.6,1693438,Titan
21-06-2019,1306,1317,1288.3,1292.4,2640376,Titan
24-06-2019,1302,1307.4,1291.1,1300.1,1419605,Titan
25-06-2019,1309,1320.9,1296.1,1318.2,1955640,Titan
26-06-2019,1312.6,1322.9,1306.7,1309.1,1335984,Titan
27-06-2019,1309.1,1332.7,1306.8,1329.2,1841074,Titan
28-06-2019,1325,1337.1,1318,1334.7,1345592,Titan
01-07-2019,1330.1,1340.9,1321.2,1323.2,1554897,Titan
02-07-2019,1325,1332.2,1310.5,1324,1397406,Titan
03-07-2019,1329.6,1333.5,1316.5,1328.5,1351543,Titan
04-07-2019,1321.8,1321.8,1286,1290.4,2901447,Titan
05-07-2019,1283.5,1300.6,1249.7,1278.1,3015054,Titan
08-07-2019,1260,1270.9,1245.7,1252.5,2308725,Titan
09-07-2019,1175,1175,1073,1099,22143587,Titan
10-07-2019,1103,1125,1088.4,1101.2,6366343,Titan
11-07-2019,1109,1115.7,1071.4,1097,5179244,Titan
12-07-2019,1104,1129,1090,1101.2,4845853,Titan
15-07-2019,1110,1110.1,1077.4,1089.4,2563929,Titan
16-07-2019,1092,1118,1082.6,1114.8,2457767,Titan
17-07-2019,1110.3,1118,1105.3,1109.9,2538956,Titan
18-07-2019,1105,1106.5,1056.2,1080,3482208,Titan
19-07-2019,1090,1103,1078,1091.1,3302082,Titan
22-07-2019,1087.9,1092,1062.1,1085.6,2341863,Titan
23-07-2019,1090,1109.9,1086.4,1099.2,2527679,Titan
24-07-2019,1101,1110,1081.3,1087.4,1732174,Titan
25-07-2019,1093.9,1100.7,1084.6,1090.5,1770220,Titan
26-07-2019,1085.8,1112.2,1083,1106.4,1128870,Titan
29-07-2019,1106.9,1109,1071.9,1078.9,1661014,Titan
30-07-2019,1080,1093.6,1072.1,1079.2,2335907,Titan
31-07-2019,1079.2,1079.2,1041,1056.4,3050699,Titan
01-08-2019,1052.1,1069.4,1041.4,1057.3,2321381,Titan
02-08-2019,1062,1075.4,1046.1,1064.7,1789229,Titan
05-08-2019,1059.5,1059.5,1026.6,1036.8,1962260,Titan
06-08-2019,1027,1070,1021.3,1046.7,5738839,Titan
07-08-2019,1022,1040.9,998,1028.5,8983860,Titan
08-08-2019,1036,1059.8,1011.7,1041.1,2553976,Titan
09-08-2019,1050,1077,1041.5,1067,2944544,Titan
13-08-2019,1070,1088.5,1056.1,1063.9,3293100,Titan
14-08-2019,1054.1,1090.9,1051.1,1084,1834669,Titan
16-08-2019,1075,1084.3,1070.2,1075.8,1366746,Titan
19-08-2019,1104.7,1104.7,1080.2,1089,1467603,Titan
20-08-2019,1090.9,1095.8,1075.6,1092.4,1584464,Titan
21-08-2019,1090.5,1097,1060.3,1065.3,1344715,Titan
22-08-2019,1065.8,1070,1048.1,1061.8,1182766,Titan
23-08-2019,1062.3,1082.9,1040,1073.5,1925420,Titan
26-08-2019,1094.7,1106.8,1061.7,1102.5,2601437,Titan
27-08-2019,1108,1130.2,1099.2,1123.7,2825727,Titan
28-08-2019,1129,1131.5,1107.5,1111,1599333,Titan
29-08-2019,1111.5,1115,1096.6,1101.8,1204392,Titan
30-08-2019,1107.1,1113,1095,1105.1,1454803,Titan
03-09-2019,1098,1098.3,1053,1059.7,1858383,Titan
04-09-2019,1060,1069,1025.5,1037.2,2881072,Titan
05-09-2019,1037,1052.9,1036.3,1048.7,1587469,Titan
06-09-2019,1054,1071,1042.5,1068.7,1443212,Titan
09-09-2019,1065,1092,1058.4,1088.4,1272456,Titan
11-09-2019,1096,1103.5,1083.1,1101.1,1432923,Titan
12-09-2019,1110.7,1114.6,1083.8,1086.1,1792647,Titan
13-09-2019,1088.1,1126.5,1088.1,1123.4,3428008,Titan
16-09-2019,1123.9,1152,1115.4,1148.6,3645849,Titan
17-09-2019,1155,1176.2,1154.1,1158.3,3120692,Titan
18-09-2019,1163,1168,1150.6,1160.7,1434623,Titan
19-09-2019,1164,1167.7,1148.5,1153.2,1255713,Titan
20-09-2019,1160,1334.4,1153,1263.6,7588909,Titan
23-09-2019,1275.2,1345,1275,1311.8,5902008,Titan
24-09-2019,1317,1324.3,1282,1292.7,2642955,Titan
25-09-2019,1296.2,1314.9,1262.8,1268.9,3928117,Titan
26-09-2019,1273,1292.6,1272,1288.3,2277616,Titan
27-09-2019,1291,1294,1265.2,1284.1,1847785,Titan
30-09-2019,1290.5,1295.9,1266.5,1273.1,2142791,Titan
01-10-2019,1282,1297.8,1267.6,1280.6,1454512,Titan
03-10-2019,1279.4,1298,1268.8,1295.5,1449986,Titan
04-10-2019,1303,1306.7,1240.1,1250.9,2383219,Titan
07-10-2019,1255.1,1265.8,1241.3,1259,1100794,Titan
09-10-2019,1200,1236.3,1177.1,1230.3,8327469,Titan
10-10-2019,1231.2,1242.5,1220,1234.7,1479753,Titan
11-10-2019,1242.1,1249,1215,1243.6,2182903,Titan
14-10-2019,1239.8,1258,1233.5,1249,1241231,Titan
15-10-2019,1254,1275.2,1253,1272.1,1379017,Titan
16-10-2019,1274.8,1277.7,1256.1,1274.6,1223194,Titan
17-10-2019,1285,1285.6,1271.1,1277.1,1500556,Titan
18-10-2019,1278,1305,1274.1,1300.6,1135957,Titan
22-10-2019,1300.5,1336.8,1294.5,1329.5,2138284,Titan
23-10-2019,1332,1366.4,1327.1,1348.7,3148288,Titan
24-10-2019,1364,1379,1350.7,1374.6,1791699,Titan
25-10-2019,1378.9,1390,1331.2,1335,3934315,Titan
27-10-2019,1339,1341.8,1315.7,1319.5,470393,Titan
29-10-2019,1320,1340,1293.2,1332.6,2030358,Titan
30-10-2019,1347,1347,1312,1316.2,1681593,Titan
31-10-2019,1322,1336,1319.7,1331.2,1533763,Titan
01-11-2019,1331.8,1333.4,1287.1,1301.9,2491686,Titan
04-11-2019,1311,1311,1282.1,1298.8,1706003,Titan
05-11-2019,1295,1306.3,1277.5,1283.8,2881634,Titan
06-11-2019,1165,1199,1150,1156.1,18294122,Titan
07-11-2019,1161,1179,1156.5,1167.2,6500446,Titan
08-11-2019,1167.2,1173,1154,1156.8,2796511,Titan
11-11-2019,1156.8,1163.8,1137.7,1155.7,2357413,Titan
13-11-2019,1155.7,1167,1150.1,1159.1,2336007,Titan
14-11-2019,1164,1176.3,1162,1169.1,2571355,Titan
15-11-2019,1173,1174.8,1155.9,1158.5,1506407,Titan
18-11-2019,1160.2,1164.5,1152.8,1158.8,1132129,Titan
19-11-2019,1158.8,1167.8,1153.1,1163.2,1109428,Titan
20-11-2019,1166,1167.5,1156.4,1162.9,920219,Titan
21-11-2019,1163,1170,1144,1148.3,1417102,Titan
22-11-2019,1148,1150.7,1123.2,1135.6,2320184,Titan
25-11-2019,1149.9,1167,1143.1,1163.6,2270744,Titan
26-11-2019,1166.9,1184.8,1162.2,1166.1,4025257,Titan
27-11-2019,1170,1182.5,1161,1167.2,1587451,Titan
28-11-2019,1172,1172,1160.4,1169.5,1031591,Titan
29-11-2019,1173,1178.6,1155,1159.7,1244953,Titan
02-12-2019,1160,1161,1142.5,1153.2,1016807,Titan
03-12-2019,1155,1170,1150.1,1158.2,1315825,Titan
04-12-2019,1154.7,1178,1153,1174.7,1388528,Titan
05-12-2019,1180,1204.6,1175,1184.3,3637705,Titan
06-12-2019,1189.8,1189.8,1168.9,1172,1026657,Titan
09-12-2019,1173,1186,1165.9,1178.1,1092070,Titan
10-12-2019,1175.1,1192.1,1172.9,1179.3,1641867,Titan
11-12-2019,1178.1,1189,1175.8,1179.6,1005638,Titan
12-12-2019,1182.1,1192,1177.5,1188,1065673,Titan
13-12-2019,1193,1203.5,1182.6,1186.2,1624478,Titan
16-12-2019,1188.6,1192.3,1162.9,1165.7,1239589,Titan
17-12-2019,1171,1171,1152,1157.4,1706196,Titan
18-12-2019,1164,1167.4,1150.4,1159.1,1391631,Titan
19-12-2019,1159,1162.5,1153,1159.1,1338696,Titan
20-12-2019,1160,1206.5,1160,1201.9,6754831,Titan
23-12-2019,1206.1,1229,1201.1,1209.1,3980835,Titan
24-12-2019,1206.1,1222,1200.7,1204.1,2236779,Titan
26-12-2019,1210,1213.8,1190.6,1192.5,1800229,Titan
27-12-2019,1196.5,1199.2,1184.9,1191.5,1332568,Titan
30-12-2019,1195,1198,1183.1,1193.8,1109808,Titan
31-12-2019,1195,1203.7,1184.2,1188,1753530,Titan
01-01-2020,1194.5,1199,1152.2,1154.8,3137636,Titan
02-01-2020,1157,1159.9,1140,1155.6,3286436,Titan
03-01-2020,1156,1156,1132,1139.7,2695237,Titan
06-01-2020,1162,1171.4,1150.1,1158.6,4494752,Titan
07-01-2020,1171,1173.9,1152.1,1160,2363578,Titan
08-01-2020,1145,1156.3,1138,1143.3,2370166,Titan
09-01-2020,1155,1168,1148.5,1163.5,1764131,Titan
10-01-2020,1167,1170.7,1150.8,1154.1,1517311,Titan
13-01-2020,1155,1162.5,1148.5,1159,1135936,Titan
14-01-2020,1162,1168.7,1157.2,1167.1,1324743,Titan
15-01-2020,1173.5,1191.5,1170.6,1184.9,2665214,Titan
16-01-2020,1184.9,1195.5,1174.1,1192.9,1644541,Titan
17-01-2020,1194.8,1196.9,1184,1188.8,1034774,Titan
20-01-2020,1190,1195,1179.1,1187.9,1139858,Titan
21-01-2020,1183.5,1183.9,1161,1176.2,925998,Titan
22-01-2020,1181.8,1186,1172,1177.7,902471,Titan
23-01-2020,1176,1206.7,1175,1204.1,2101116,Titan
24-01-2020,1208.9,1230,1206.1,1227.9,2841654,Titan
27-01-2020,1228,1240.4,1208.9,1213.8,2332864,Titan
28-01-2020,1215,1223.5,1188.3,1195,1703068,Titan
29-01-2020,1198.5,1207.9,1181.6,1186.2,1380266,Titan
30-01-2020,1191,1191.5,1176.2,1179.3,1859283,Titan
31-01-2020,1185.5,1194.8,1180,1187.8,1809101,Titan
01-02-2020,1186.9,1218,1165.6,1173.5,1536387,Titan
03-02-2020,1170,1192.3,1162.6,1186.4,3595537,Titan
04-02-2020,1195,1287.8,1185,1275.8,7875930,Titan
05-02-2020,1284.8,1297.7,1255,1279.9,5459816,Titan
06-02-2020,1285,1294.2,1252.1,1259.3,2463971,Titan
07-02-2020,1264.1,1279.5,1258.4,1275,2277867,Titan
10-02-2020,1270.9,1275,1253.4,1257.2,1021943,Titan
11-02-2020,1263,1278.9,1258.6,1270.7,1351413,Titan
12-02-2020,1277,1289,1265.9,1269,1195516,Titan
13-02-2020,1270,1308,1270,1298.1,4458645,Titan
14-02-2020,1307,1310.7,1290,1293.5,1416212,Titan
17-02-2020,1293.1,1321.6,1288.4,1316.1,2347399,Titan
18-02-2020,1314,1318.9,1301.3,1311,1761012,Titan
19-02-2020,1317,1332.9,1312.1,1329.6,1445826,Titan
20-02-2020,1330,1341.1,1320,1322.9,1513648,Titan
24-02-2020,1310,1317.8,1273.9,1279.9,1341317,Titan
25-02-2020,1285,1286.8,1256.8,1260.1,1358874,Titan
26-02-2020,1256,1267,1245.1,1255.1,1506693,Titan
27-02-2020,1250,1286,1250,1277.9,4569014,Titan
28-02-2020,1255,1270.7,1235.7,1254.5,2728105,Titan
02-03-2020,1275,1294,1228,1244.2,2773593,Titan
03-03-2020,1248.2,1272,1225,1247,2660100,Titan
04-03-2020,1252,1265.7,1217.3,1251,3007393,Titan
05-03-2020,1253.5,1265.2,1242.2,1259.2,1555538,Titan
06-03-2020,1229,1247,1219.7,1242.6,1678642,Titan
09-03-2020,1225,1241.9,1175,1203.5,2285790,Titan
11-03-2020,1198,1213.4,1177.6,1187.7,2314388,Titan
12-03-2020,1150,1154,1064.7,1076.8,3609158,Titan
13-03-2020,1055.6,1134.7,946.1,1084.4,4337351,Titan
16-03-2020,1050,1050,983,1011.4,3443945,Titan
17-03-2020,1005,1038,977.8,1001,2985174,Titan
18-03-2020,1028,1028,921,930.8,5508581,Titan
19-03-2020,880,924.4,839.8,903.5,4838553,Titan
20-03-2020,906.1,934,866,904.9,4407659,Titan
23-03-2020,839.7,841.1,771.3,801,4960949,Titan
24-03-2020,805.3,857.9,720.9,816.1,5404961,Titan
25-03-2020,799,897.7,784.8,880.8,3564864,Titan
26-03-2020,895,947.8,872.3,928.3,3635282,Titan
27-03-2020,960,965,896,937.1,2999839,Titan
30-03-2020,861,959,861,943.7,2901443,Titan
31-03-2020,967,971.7,923.8,933.7,3811980,Titan
01-04-2020,929.7,950,902,936.1,2935941,Titan
03-04-2020,930,930.1,856,862.8,4951957,Titan
07-04-2020,900.1,955,892.3,947.5,4186589,Titan
08-04-2020,935,966.4,893.4,913.5,5506041,Titan
09-04-2020,931.7,1044,917.4,1013.9,8532888,Titan
13-04-2020,1014.5,1014.5,943.2,966.9,4399276,Titan
15-04-2020,990,990,937.2,952.1,5502744,Titan
16-04-2020,929,999,915,985.3,6251881,Titan
17-04-2020,1001.1,1017.7,956.3,975.5,5761685,Titan
20-04-2020,975.5,982.2,957,975.5,2557331,Titan
21-04-2020,958,962.2,932.5,936.7,3717573,Titan
22-04-2020,936.7,955.3,922.6,951.4,2779272,Titan
23-04-2020,922.3,935.5,905,912.6,7009198,Titan
24-04-2020,910,926.9,893.1,906.1,4693092,Titan
27-04-2020,914.2,938,912.1,927.8,3816089,Titan
28-04-2020,930.4,940,917,932.9,2548183,Titan
29-04-2020,932,933.6,918,925.4,2514936,Titan
30-04-2020,935.2,979,929,970.1,4336428,Titan
04-05-2020,928.5,929,886,891.9,4201102,Titan
05-05-2020,905,908.9,877,887,5214901,Titan
06-05-2020,887,892,861.3,876.5,3713855,Titan
07-05-2020,878.5,878.5,846.4,849.1,4744736,Titan
08-05-2020,857,862.5,830.3,832.9,4751920,Titan
11-05-2020,848.5,851.4,824,829.6,3704305,Titan
12-05-2020,827,851,822.3,846.5,5287713,Titan
13-05-2020,875,884,856,860.5,3599379,Titan
14-05-2020,855,856,841.3,846,2161537,Titan
15-05-2020,846,859.8,842,845.6,2131038,Titan
18-05-2020,841.5,845,810,817.3,4634794,Titan
19-05-2020,827.3,844.2,818.2,826.8,3072505,Titan
20-05-2020,824,854,818.6,848.7,3403474,Titan
21-05-2020,854,860,843.9,849.9,2217566,Titan
22-05-2020,844.9,856,837.9,849.7,1955678,Titan
26-05-2020,856,897,855.2,892.8,5625238,Titan
27-05-2020,884.9,890.8,868.5,885.9,3925289,Titan
28-05-2020,885.9,904.1,875,899.5,3441163,Titan
29-05-2020,895.5,898,875,890,4140190,Titan
01-06-2020,898.5,979,898.5,958.9,9822939,Titan
02-06-2020,958.9,984,946.4,976.2,4518777,Titan
03-06-2020,989,1005,979.7,984.4,4194259,Titan
04-06-2020,970.1,977.5,942.4,971.3,5293712,Titan
05-06-2020,977,995,967,991,3136141,Titan
08-06-2020,1009,1050,1006.1,1025,7033697,Titan
09-06-2020,1037,1047,989.3,997.1,17284462,Titan
10-06-2020,997.1,1009,970.9,977.3,5972031,Titan
11-06-2020,976,976,949.1,951.3,4955843,Titan
12-06-2020,910.1,984.8,901,977.7,6968388,Titan
15-06-2020,980,986.6,945,948.4,3823675,Titan
16-06-2020,965,970,933.7,958.1,2976380,Titan
17-06-2020,955,972.9,945.8,963,2373042,Titan
18-06-2020,958.1,980.5,953.7,976,2118941,Titan
19-06-2020,980,995,973,975.9,2817654,Titan
22-06-2020,979,988,968.6,979.5,1840327,Titan
23-06-2020,981.5,1008,981.5,999.3,2929967,Titan
24-06-2020,1010,1026,985.2,988.2,3451727,Titan
25-06-2020,985,994,973.6,977.6,2214885,Titan
26-06-2020,988,989.9,961.9,966.2,2514115,Titan
29-06-2020,964.9,971.6,935,957.5,3422997,Titan
30-06-2020,965,972,946.4,949.9,1947535,Titan
01-07-2020,950,968.5,945,948.2,3043356,Titan
02-07-2020,957,994,953.1,986.4,3845200,Titan
03-07-2020,992,1008,986.3,1003.5,3073826,Titan
06-07-2020,1007,1019.8,995.7,1014.2,2509472,Titan
07-07-2020,1015,1029,1007,1016.3,3538559,Titan
08-07-2020,1026,1029,987.1,991.2,4272857,Titan
09-07-2020,995,1002.5,978.4,991.6,3585898,Titan
10-07-2020,985.1,987,957.4,961.9,3691698,Titan
13-07-2020,974,974,959,966.4,2760626,Titan
14-07-2020,960,977.9,955,973.8,3642982,Titan
15-07-2020,979,985.8,963.4,968,2366688,Titan
16-07-2020,968.5,973,941.8,961.4,2914312,Titan
17-07-2020,960,1000,956.5,997.9,3843669,Titan
20-07-2020,1000,1012.5,986,1001.7,3349881,Titan
21-07-2020,1004,1017.4,999.3,1015.2,2491482,Titan
22-07-2020,1020.3,1066,1015.6,1057.7,7642563,Titan
23-07-2020,1068,1083,1051.1,1070.2,6785686,Titan
24-07-2020,1064.8,1066,1032.7,1057.6,4407076,Titan
27-07-2020,1057,1072.5,1039.4,1042.1,2783448,Titan
28-07-2020,1045,1055,1028.6,1052.7,3130786,Titan
29-07-2020,1056.8,1066.8,1036.2,1040.5,2332468,Titan
30-07-2020,1042,1057.7,1040,1041.9,2297979,Titan
31-07-2020,1045.5,1051.1,1032.7,1043.3,1786574,Titan
03-08-2020,1047,1094.7,1043,1077.4,7646653,Titan
04-08-2020,1089,1089.2,1065.3,1075.2,3357492,Titan
05-08-2020,1083,1114.5,1078,1105.5,5465903,Titan
06-08-2020,1105.5,1125,1091.3,1120.2,4499103,Titan
07-08-2020,1115,1131.4,1086.1,1091.1,4553674,Titan
10-08-2020,1093,1114.6,1084,1107.6,5186001,Titan
11-08-2020,1074,1087.7,1048.6,1066.3,11189335,Titan
12-08-2020,1068,1076.9,1048.6,1056.4,6260237,Titan
13-08-2020,1064.1,1103.2,1062,1097.7,5476731,Titan
14-08-2020,1097.7,1119,1090.1,1104.2,4149226,Titan
17-08-2020,1113,1126.2,1106,1123.9,3033449,Titan
18-08-2020,1129,1151.8,1125.1,1145.6,4134683,Titan
19-08-2020,1158.9,1159,1145,1148.4,2570066,Titan
20-08-2020,1130.1,1138.4,1118.8,1125.7,2727310,Titan
21-08-2020,1137.7,1143.8,1129.1,1138.1,2181343,Titan
24-08-2020,1140,1146.8,1124,1126.7,2122417,Titan
25-08-2020,1131,1139,1122.9,1136.5,1465877,Titan
26-08-2020,1139.7,1150,1127.2,1134.2,2009966,Titan
27-08-2020,1140,1148.5,1127,1137.7,1459161,Titan
28-08-2020,1148.3,1148.3,1131.6,1134.1,1628959,Titan
31-08-2020,1131,1153,1086,1100.5,3373649,Titan
01-09-2020,1105,1129.7,1095.7,1120.1,2043957,Titan
02-09-2020,1117,1124.7,1102.6,1121.3,1919880,Titan
03-09-2020,1121.3,1191.6,1121.3,1185.3,5945368,Titan
04-09-2020,1161.6,1198.1,1155,1159.3,3490982,Titan
07-09-2020,1164,1176.5,1149.3,1167.7,2166347,Titan
08-09-2020,1167.7,1174.1,1154.6,1162.6,1994073,Titan
09-09-2020,1156.9,1171.8,1148.3,1161.1,1918428,Titan
10-09-2020,1165,1165.9,1138.8,1155.3,1841230,Titan
11-09-2020,1156,1194,1155,1167.8,5572098,Titan
14-09-2020,1168.5,1191.6,1168,1188,2019325,Titan
15-09-2020,1194.8,1220,1170.2,1174.6,5204283,Titan
16-09-2020,1180,1189,1164.7,1181.7,2463735,Titan
17-09-2020,1175,1191.6,1168.1,1182.4,2019300,Titan
18-09-2020,1185,1201.5,1157.4,1163.6,2575064,Titan
21-09-2020,1163.6,1171.8,1115.1,1119.9,2666123,Titan
22-09-2020,1120,1127.5,1093.2,1104.5,2000953,Titan
23-09-2020,1107.5,1122,1103,1117.2,2068202,Titan
24-09-2020,1113,1113.9,1076,1096.2,2356300,Titan
25-09-2020,1097.6,1115,1081.3,1109.4,2275745,Titan
28-09-2020,1119,1144,1108.4,1138.8,2509616,Titan
29-09-2020,1145,1174.2,1139.4,1167.3,3586548,Titan
30-09-2020,1173,1205,1163.3,1201.4,3635997,Titan
01-10-2020,1203.6,1211,1182,1198.7,2990243,Titan
05-10-2020,1201,1216,1188.7,1194.4,2151235,Titan
06-10-2020,1204,1216,1192,1200,2087273,Titan
07-10-2020,1205,1268,1200.5,1254,9411160,Titan
08-10-2020,1257,1262.6,1233.6,1254.2,3144920,Titan
09-10-2020,1254.2,1269,1247.5,1255.2,1873196,Titan
12-10-2020,1260.2,1261.4,1236,1256.8,2009418,Titan
13-10-2020,1257.6,1281.9,1223.7,1228.9,4735316,Titan
14-10-2020,1224.4,1249,1218.6,1223.5,4096716,Titan
15-10-2020,1222.9,1237.6,1210,1213.6,2727329,Titan
16-10-2020,1216.1,1240.1,1216,1223.2,2772602,Titan
19-10-2020,1225.1,1234.6,1213.1,1228.8,1606979,Titan
20-10-2020,1230,1245.6,1217.1,1233.5,2841242,Titan
21-10-2020,1241,1256.6,1229,1244.7,2687528,Titan
22-10-2020,1240.2,1253,1220,1229.5,1973527,Titan
23-10-2020,1235,1247.8,1231.2,1241.7,1527141,Titan
26-10-2020,1250,1250,1210.5,1215.5,1425518,Titan
27-10-2020,1219,1237,1213.6,1231.8,1778358,Titan
28-10-2020,1231.8,1241,1185.4,1217,4810354,Titan
29-10-2020,1201,1201,1155.6,1178.2,5274145,Titan
30-10-2020,1176.4,1187.8,1159.1,1165.8,2275595,Titan
02-11-2020,1167.5,1182,1154,1168.5,2502801,Titan
03-11-2020,1178,1205.3,1174.8,1200,2079628,Titan
04-11-2020,1200,1217.9,1192.7,1215.7,2043263,Titan
05-11-2020,1224.2,1253.9,1210.3,1242.1,2215527,Titan
06-11-2020,1242.1,1265.9,1239,1253.5,2546487,Titan
09-11-2020,1265.4,1287.7,1252.5,1285.1,1840061,Titan
10-11-2020,1286,1312,1274.4,1305.4,2898878,Titan
11-11-2020,1309.9,1318.7,1263.7,1274.7,2872916,Titan
12-11-2020,1287,1296,1267,1278.1,3650248,Titan
13-11-2020,1297,1304,1278.5,1288.5,3107920,Titan
17-11-2020,1297,1304.8,1277.3,1302,2185705,Titan
18-11-2020,1302,1303,1267,1280.1,2934467,Titan
19-11-2020,1278.6,1345.6,1270.1,1292.5,6942825,Titan
20-11-2020,1296,1371.3,1295.6,1365.2,10421957,Titan
23-11-2020,1375,1375,1332,1347.6,2995116,Titan
24-11-2020,1347.6,1364.5,1323.3,1327.2,2876893,Titan
25-11-2020,1331,1345,1300.4,1307,3417818,Titan
26-11-2020,1317,1333,1308.2,1327.4,2819881,Titan
27-11-2020,1333,1368.4,1313.6,1361.2,5497388,Titan
01-12-2020,1383,1386.4,1335,1341.1,2881906,Titan
02-12-2020,1348,1392.1,1343.5,1389,2969071,Titan
03-12-2020,1398.9,1424,1386.1,1418.5,3939085,Titan
04-12-2020,1418.5,1440.6,1413.7,1437.2,2229459,Titan
07-12-2020,1436,1436,1418,1425.3,1430365,Titan
08-12-2020,1425.3,1435.7,1412.4,1427.9,1666175,Titan
09-12-2020,1430,1435,1417.6,1426.2,1579066,Titan
10-12-2020,1428,1445,1415.6,1424.2,2588422,Titan
11-12-2020,1427.5,1449.9,1423,1442.4,1398271,Titan
14-12-2020,1451,1469.5,1445,1463.5,2453825,Titan
15-12-2020,1460.5,1476,1449.3,1468.8,2035503,Titan
16-12-2020,1477,1510,1469.2,1504.5,2638988,Titan
17-12-2020,1495.2,1520,1492.3,1502,1951230,Titan
18-12-2020,1502,1525,1497.1,1519.4,3299825,Titan
21-12-2020,1514.2,1528.6,1451,1471.7,2298069,Titan
22-12-2020,1466,1510,1451.2,1498.8,3305444,Titan
23-12-2020,1504.7,1519.8,1478.1,1490.9,2847742,Titan
24-12-2020,1520,1520,1486,1495.9,1947894,Titan
28-12-2020,1503.3,1547.7,1496.2,1543.6,2497242,Titan
29-12-2020,1554,1556.9,1528.5,1540.1,2081338,Titan
30-12-2020,1548,1555.7,1533.3,1552.6,1151230,Titan
31-12-2020,1549,1571,1544.2,1567.2,2031709,Titan
01-01-2021,1562.1,1573,1556,1558.6,1003018,Titan
04-01-2021,1566,1567,1538,1550.9,1383979,Titan
05-01-2021,1545,1576.9,1541.5,1571,1351709,Titan
06-01-2021,1578,1621.4,1561.9,1572.6,3312171,Titan
07-01-2021,1570,1570,1535,1542.4,2820445,Titan
08-01-2021,1547.9,1555.3,1521.5,1548.6,3478504,Titan
11-01-2021,1560,1572,1545.7,1563.9,1425529,Titan
12-01-2021,1560,1560.8,1524,1527.1,2550741,Titan
13-01-2021,1530,1536,1495,1505.8,3527208,Titan
14-01-2021,1508,1517.9,1480.1,1490,2814477,Titan
15-01-2021,1490,1509,1471.3,1477.3,1725346,Titan
18-01-2021,1467,1509,1460,1503.6,2302268,Titan
19-01-2021,1518,1524,1501,1519.9,2279346,Titan
20-01-2021,1519.9,1541,1519.9,1531.3,1838240,Titan
21-01-2021,1533.1,1549.9,1512.1,1517.3,1558030,Titan
22-01-2021,1522,1534.7,1487,1491.2,1364197,Titan
25-01-2021,1505.1,1512.8,1478.8,1499.9,1604484,Titan
27-01-2021,1505,1505,1432,1440.7,2021747,Titan
28-01-2021,1420,1454.5,1415.7,1450.1,1850239,Titan
29-01-2021,1456,1469.3,1415.3,1420.3,2435997,Titan
01-02-2021,1437.8,1508.6,1423.7,1501.6,2215933,Titan
02-02-2021,1515,1536,1482,1485.5,1974202,Titan
03-02-2021,1492,1529,1492,1525.2,1853072,Titan
04-02-2021,1530,1540,1488.1,1513.6,2728965,Titan
05-02-2021,1518.6,1539,1504.5,1509.5,1344007,Titan
08-02-2021,1514,1564.9,1510.1,1541.7,2683198,Titan
09-02-2021,1548,1584.7,1543.1,1559.9,2364475,Titan
10-02-2021,1575.4,1588,1526,1563.2,2125469,Titan
11-02-2021,1552,1575.9,1511.3,1524.7,5970196,Titan
12-02-2021,1536.7,1536.7,1491,1494.2,3284441,Titan
15-02-2021,1506,1518.5,1476.8,1484.8,3156535,Titan
16-02-2021,1492.2,1505,1461,1471.9,3090249,Titan
17-02-2021,1469.4,1483,1449.5,1460.4,2096959,Titan
18-02-2021,1465.1,1471.9,1429,1433,2686046,Titan
19-02-2021,1434,1444.9,1412.8,1425.6,2543997,Titan
22-02-2021,1425,1433.1,1396,1405.3,1931189,Titan
23-02-2021,1415,1437,1400.2,1424.1,1871135,Titan
24-02-2021,1424.1,1474,1424.1,1451.9,1143204,Titan
25-02-2021,1460,1463,1430.5,1434.5,1967386,Titan
26-02-2021,1420,1432,1403.1,1406.9,2715597,Titan
01-03-2021,1421.5,1466,1416.6,1452.2,1962042,Titan
02-03-2021,1469,1474,1450,1471.2,1293306,Titan
03-03-2021,1472,1481.7,1466.2,1474.6,1227772,Titan
04-03-2021,1452,1487.7,1450.6,1470.5,1822476,Titan
05-03-2021,1465,1493,1462.2,1474.2,1954113,Titan
08-03-2021,1475,1481.3,1451,1456.8,1060584,Titan
09-03-2021,1470,1478.9,1445,1456.9,941590,Titan
10-03-2021,1470,1481,1463,1471.3,1257628,Titan
12-03-2021,1480,1507.8,1478.5,1482.5,2631081,Titan
15-03-2021,1496.9,1496.9,1471,1492.2,1482288,Titan
16-03-2021,1505,1531,1496.9,1501,3191850,Titan
17-03-2021,1494.3,1499.6,1470.1,1472.6,1195023,Titan
18-03-2021,1485.6,1492.9,1463,1468.2,1242978,Titan
19-03-2021,1450,1470.9,1432.1,1465.5,2360672,Titan
22-03-2021,1465,1468.7,1448,1460.3,1331121,Titan
23-03-2021,1460.3,1514.8,1454,1495.4,2534795,Titan
24-03-2021,1486,1508.8,1476.5,1488.2,1871092,Titan
25-03-2021,1484.1,1498.5,1447.8,1450.9,1609996,Titan
26-03-2021,1459.9,1512.4,1457,1505.9,1922278,Titan
30-03-2021,1510,1563,1510,1552.2,3466049,Titan
31-03-2021,1549.9,1567.4,1536.8,1558.1,1431746,Titan
01-04-2021,1560,1593.3,1551.6,1559.4,1343989,Titan
05-04-2021,1541.1,1559,1500,1535,1376233,Titan
06-04-2021,1529.5,1548,1509,1525.5,1400544,Titan
07-04-2021,1522.1,1561.5,1508,1514.1,2592185,Titan
08-04-2021,1529.3,1579,1525.5,1571.3,2085919,Titan
09-04-2021,1569.9,1618,1561.3,1592,3569146,Titan
12-04-2021,1571,1572.7,1502.3,1510.5,1889829,Titan
13-04-2021,1528.6,1553.3,1516.7,1530.6,1880575,Titan
15-04-2021,1545,1554.5,1515.6,1538.6,1313429,Titan
16-04-2021,1529.8,1559.8,1529.8,1549.1,1501276,Titan
19-04-2021,1525,1532.5,1500.1,1518.7,1439975,Titan
20-04-2021,1524.2,1560,1510,1522.9,1789104,Titan
22-04-2021,1530,1530,1473.2,1480.9,2200432,Titan
23-04-2021,1478,1496.9,1451.6,1461.5,1726070,Titan
26-04-2021,1470,1489.8,1465.2,1479.9,1020499,Titan
27-04-2021,1485,1503.6,1482,1495.1,1145908,Titan
28-04-2021,1505,1514.9,1491.7,1508.9,1037771,Titan
29-04-2021,1524,1527.5,1497,1506.8,1927546,Titan
30-04-2021,1500,1516.6,1471,1491.7,3691399,Titan
03-05-2021,1477,1477,1421,1424,3945733,Titan
04-05-2021,1434,1434,1400.1,1402.9,3194977,Titan
05-05-2021,1406,1431.9,1403.4,1428.4,1819256,Titan
06-05-2021,1435.8,1448.5,1431,1444.4,1464006,Titan
07-05-2021,1449,1459.3,1439.9,1446.5,1190019,Titan
10-05-2021,1454.4,1469.8,1445,1455.2,1322561,Titan
11-05-2021,1439.1,1458,1432,1435.3,1582827,Titan
12-05-2021,1431,1460,1425.9,1455,1358169,Titan
14-05-2021,1469,1477.8,1433,1455.9,1876873,Titan
17-05-2021,1462,1470.8,1438,1468.3,2218758,Titan
18-05-2021,1480,1547.1,1476.3,1539.3,3075596,Titan
19-05-2021,1522.3,1553.9,1516.8,1521.2,1504440,Titan
20-05-2021,1523,1566.3,1522.5,1531.4,3032029,Titan
21-05-2021,1552.2,1552.9,1533.6,1538.4,1158893,Titan
24-05-2021,1532.2,1535,1505.5,1520.8,1126532,Titan
25-05-2021,1536,1574.9,1535,1569.2,2530758,Titan
26-05-2021,1580,1614,1576.7,1583,3839248,Titan
27-05-2021,1590.7,1607,1567.4,1594.3,2810155,Titan
28-05-2021,1595,1612.3,1570.6,1577,1028675,Titan
31-05-2021,1570.7,1608.3,1569,1596.3,1525715,Titan
01-06-2021,1608,1612,1589.3,1591.4,1111933,Titan
02-06-2021,1581,1596.8,1564.2,1585.7,1859258,Titan
03-06-2021,1601,1702.3,1588.6,1691.2,7221910,Titan
04-06-2021,1713.8,1713.8,1665.5,1679.5,2952017,Titan
07-06-2021,1685.9,1713.9,1676,1685.1,1471576,Titan
08-06-2021,1686,1726,1674.2,1712.5,1743285,Titan
09-06-2021,1715,1739.9,1696.2,1730.8,2551140,Titan
10-06-2021,1741.4,1745.9,1722.2,1738.7,1850763,Titan
11-06-2021,1736.6,1743,1724.6,1728.5,761647,Titan
14-06-2021,1728.5,1740,1713,1734.8,887780,Titan
15-06-2021,1748,1749,1719.6,1723.4,868275,Titan
16-06-2021,1724,1729,1706.5,1715,1116772,Titan
17-06-2021,1706,1722,1701.4,1711.4,546515,Titan
18-06-2021,1700.1,1725,1686,1711.3,2018319,Titan
21-06-2021,1699,1747.6,1690.8,1742.9,925811,Titan
22-06-2021,1750.1,1770.8,1748,1757,2083172,Titan
23-06-2021,1757,1786,1755.1,1782.6,1608518,Titan
24-06-2021,1785,1793,1767.6,1780.9,1271298,Titan
25-06-2021,1785,1792,1742,1753.9,1378327,Titan
28-06-2021,1768.5,1768.5,1719.8,1728.1,1339433,Titan
29-06-2021,1735.8,1746,1721.3,1731.6,1236704,Titan
30-06-2021,1738,1755.4,1728.2,1732.5,803926,Titan
01-07-2021,1729,1746.4,1725.8,1740.3,567971,Titan
02-07-2021,1755,1767.9,1740.2,1754.8,1259675,Titan
05-07-2021,1760,1762.9,1743,1749.9,632904,Titan
06-07-2021,1750,1774,1746.1,1762.8,960973,Titan
07-07-2021,1762.8,1783.4,1718,1727.3,2188364,Titan
08-07-2021,1730,1746,1721.3,1726.4,1167637,Titan
09-07-2021,1724,1740,1718,1720.6,831213,Titan
12-07-2021,1730,1739.2,1711.9,1719.9,792602,Titan
13-07-2021,1730,1735,1717.5,1724.3,797913,Titan
14-07-2021,1726,1728.6,1705,1710.4,891780,Titan
15-07-2021,1705.5,1716.8,1694.5,1701.6,943422,Titan
16-07-2021,1706.9,1710,1688.7,1695.4,907734,Titan
19-07-2021,1694.4,1709.3,1674.9,1680.4,831260,Titan
20-07-2021,1680.4,1691.5,1662.5,1671.4,819793,Titan
22-07-2021,1695,1714.7,1682.2,1701.8,1146821,Titan
23-07-2021,1714.7,1726,1697,1701,1053239,Titan
26-07-2021,1700.9,1736.9,1700,1722.9,1435514,Titan
27-07-2021,1733,1742.4,1713.4,1729.1,1075244,Titan
28-07-2021,1730,1749.2,1715.6,1723.6,1714957,Titan
29-07-2021,1739,1756.3,1727.8,1739.2,1346162,Titan
30-07-2021,1742,1747.9,1711.2,1714.6,1199644,Titan
02-08-2021,1728,1776,1725,1771.6,1718511,Titan
03-08-2021,1780,1855,1777.2,1840.2,5956344,Titan
04-08-2021,1857.2,1858.7,1795,1799.6,2040687,Titan
05-08-2021,1820.1,1821.2,1763.2,1799.3,2301814,Titan
06-08-2021,1796,1796.4,1778,1787.8,877876,Titan
09-08-2021,1787.8,1831.6,1777.8,1799.2,1770502,Titan
10-08-2021,1810,1822,1793.4,1799.2,862746,Titan
11-08-2021,1805,1815,1773.6,1789.4,748179,Titan
12-08-2021,1798,1829.6,1781,1823.6,889082,Titan
13-08-2021,1830,1841,1818.8,1837.9,1194666,Titan
16-08-2021,1828,1847.1,1817,1837.2,461655,Titan
17-08-2021,1840,1878.4,1828.7,1874.5,1917077,Titan
18-08-2021,1887.8,1890.7,1860,1880.3,1029077,Titan
20-08-2021,1859.4,1892.3,1858,1876.8,1070166,Titan
23-08-2021,1889,1895,1847.9,1870.4,1092285,Titan
24-08-2021,1883,1887.3,1852.6,1869.6,1003905,Titan
25-08-2021,1860,1869.7,1820,1822.7,1280400,Titan
26-08-2021,1822.7,1834.6,1805.3,1815.4,1059290,Titan
27-08-2021,1824,1830,1797,1822.6,1020589,Titan
30-08-2021,1835,1887,1831.8,1878.5,1670309,Titan
31-08-2021,1878.5,1925,1875.6,1921.6,1816071,Titan
01-09-2021,1925.2,1954,1915,1939.4,1247432,Titan
02-09-2021,1958.5,1979.5,1946.9,1967.1,1167157,Titan
03-09-2021,1970.1,2024.4,1970.1,2019.3,1548784,Titan
06-09-2021,2025,2032.9,2006.2,2020.7,679133,Titan
07-09-2021,2014,2039.9,2012.7,2033.9,773091,Titan
08-09-2021,2034,2067,2015.1,2056,796813,Titan
09-09-2021,2052,2060,2021.1,2034.3,653397,Titan
13-09-2021,2037,2043.5,2021.2,2030.7,786459,Titan
14-09-2021,2038.9,2061.5,2032.1,2055.7,888765,Titan
15-09-2021,2060,2133,2060,2119.9,2795995,Titan
16-09-2021,2133,2133,2095.1,2108.7,725123,Titan
17-09-2021,2114,2150,2080,2095.6,1727410,Titan
20-09-2021,2088,2096,2070.6,2077.4,411738,Titan
21-09-2021,2075,2097.5,2062.1,2085.9,539788,Titan
22-09-2021,2096.8,2111,2073.4,2081.1,1057480,Titan
23-09-2021,2090,2113.8,2076.6,2105.1,711634,Titan
24-09-2021,2105,2115,2085,2092.9,540771,Titan
27-09-2021,2099,2107.4,2077.2,2090.3,507550,Titan
28-09-2021,2083.2,2138,2083.1,2129.3,923489,Titan
29-09-2021,2129,2167.9,2110.1,2147.5,912912,Titan
30-09-2021,2149.9,2185,2136.3,2161.9,1374265,Titan
01-10-2021,2157,2175,2122.7,2163.8,626710,Titan
04-10-2021,2160,2174.3,2138,2155.3,870878,Titan
05-10-2021,2155.3,2206.7,2130,2192.7,1329784,Titan
06-10-2021,2194,2204.7,2135.1,2147.7,895210,Titan
07-10-2021,2255,2384.3,2250,2375.4,8361061,Titan
08-10-2021,2420,2420,2353,2358.2,1845797,Titan
11-10-2021,2377,2406.1,2357.6,2362.4,1056932,Titan
12-10-2021,2365,2507.8,2342.7,2492.6,3517011,Titan
13-10-2021,2539.9,2609,2490,2537.2,4023645,Titan
14-10-2021,2575.3,2584,2532.4,2564.1,1546459,Titan
18-10-2021,2620,2677.9,2575.5,2588.8,2572741,Titan
19-10-2021,2638,2638,2468.8,2484.9,3546129,Titan
20-10-2021,2487.1,2505.6,2403,2411.4,2868983,Titan
21-10-2021,2433.9,2436,2380.1,2395.7,2303014,Titan
22-10-2021,2417.4,2495,2398,2412,3063724,Titan
25-10-2021,2405,2412,2340,2379.2,1446182,Titan
26-10-2021,2390,2468.5,2371,2454.8,2567357,Titan
27-10-2021,2468,2482.4,2452.2,2460.1,2082690,Titan
28-10-2021,2470,2470,2360,2375.2,3330380,Titan
29-10-2021,2400,2404,2346.6,2383.6,1450019,Titan
01-11-2021,2441.5,2441.5,2390.4,2406.3,1276469,Titan
02-11-2021,2422.8,2464.8,2421.1,2454,1546219,Titan
03-11-2021,2462,2471.7,2406.1,2418,1554405,Titan
04-11-2021,2439,2444.8,2422,2431.8,181506,Titan
08-11-2021,2477.9,2548.7,2448.3,2536.8,3449086,Titan
09-11-2021,2529,2543.8,2491.2,2512.1,1097405,Titan
10-11-2021,2505,2526.9,2472.2,2484.6,911235,Titan
11-11-2021,2484,2542.8,2476.3,2528.1,1726010,Titan
12-11-2021,2547.9,2561.8,2523,2539.5,1673817,Titan
15-11-2021,2551,2572.7,2531.7,2539.4,846885,Titan
16-11-2021,2550.1,2551.4,2520.2,2531.8,1133767,Titan
17-11-2021,2522.9,2539,2491.1,2499.4,892518,Titan
18-11-2021,2492,2520,2456.5,2478.2,739912,Titan
22-11-2021,2492.4,2492.4,2353,2391.3,1361329,Titan
23-11-2021,2380,2411,2365.1,2387.7,1247942,Titan
24-11-2021,2400,2405.3,2365,2375.9,614145,Titan
25-11-2021,2360,2403.2,2355.2,2397.8,662071,Titan
26-11-2021,2377.8,2385.1,2285.1,2292.3,1289322,Titan
29-11-2021,2290,2334.4,2231.4,2324.2,1094276,Titan
30-11-2021,2336.4,2390,2336.4,2375.5,2675375,Titan
01-12-2021,2409.8,2442,2347.4,2360.2,2177426,Titan
02-12-2021,2369,2422.5,2360.1,2386.5,1682636,Titan
03-12-2021,2405,2405.5,2355.1,2369.3,1062389,Titan
06-12-2021,2361.4,2379.9,2318.4,2325.3,547641,Titan
07-12-2021,2336.5,2385.9,2325.4,2380.6,904175,Titan
08-12-2021,2385,2418,2377.1,2405.6,926476,Titan
09-12-2021,2424,2424,2355.9,2373.2,1250492,Titan
10-12-2021,2385.4,2385.4,2296.3,2339.4,2288164,Titan
13-12-2021,2352.6,2386,2340.1,2350.5,992852,Titan
14-12-2021,2342.7,2371.3,2318.8,2354.9,765269,Titan
15-12-2021,2355.1,2368.3,2317.5,2323.2,567271,Titan
16-12-2021,2344.1,2364.8,2325.3,2357.3,998086,Titan
17-12-2021,2336,2339.3,2257.1,2280.4,1591893,Titan
20-12-2021,2259.7,2263.2,2205,2239.4,1063366,Titan
21-12-2021,2251.3,2310,2251.3,2287.7,883858,Titan
22-12-2021,2306.3,2308.1,2282.4,2299.8,643034,Titan
23-12-2021,2320,2337.6,2310,2329.9,613686,Titan
24-12-2021,2340.1,2341.9,2310,2319.5,534065,Titan
27-12-2021,2306.2,2344,2286.3,2331.3,537545,Titan
28-12-2021,2340.1,2385,2327.5,2379.9,871453,Titan
29-12-2021,2379,2416.5,2370.4,2402.2,764644,Titan
30-12-2021,2393.8,2448,2390.7,2437.3,1152684,Titan
31-12-2021,2447.3,2535,2444.6,2522.4,2225749,Titan
03-01-2022,2510,2546,2502.3,2523.9,921729,Titan
04-01-2022,2525,2595,2524.4,2583,1037293,Titan
05-01-2022,2576,2608,2560.1,2576.2,1244568,Titan
06-01-2022,2540,2601.4,2538.5,2595.9,1130508,Titan
07-01-2022,2630,2687.3,2562.4,2572.7,4625230,Titan
10-01-2022,2585,2663.6,2571,2657.5,1894316,Titan
11-01-2022,2650,2678.8,2634.3,2653.4,1123968,Titan
12-01-2022,2641,2672,2608,2613,1293999,Titan
13-01-2022,2611,2628.9,2588,2619.3,1023670,Titan
14-01-2022,2626,2639,2588.9,2592.8,1166457,Titan
17-01-2022,2592.8,2604.3,2550.4,2597.6,1172956,Titan
18-01-2022,2598,2635,2587,2600.6,1221314,Titan
19-01-2022,2598,2617.8,2571.1,2588.9,629040,Titan
20-01-2022,2597,2610,2550,2564.3,1215237,Titan
21-01-2022,2548,2561.9,2505,2528.2,1457884,Titan
24-01-2022,2520,2522.6,2376,2403.1,1411443,Titan
25-01-2022,2386,2407.8,2330.4,2376.5,2849686,Titan
27-01-2022,2327,2360.4,2260,2310.1,2460051,Titan
28-01-2022,2313,2377.8,2308,2315.6,1317407,Titan
31-01-2022,2353,2380,2336.4,2360.3,900510,Titan
01-02-2022,2378.8,2442.1,2359,2431.8,1246431,Titan
02-02-2022,2451,2477.9,2441.8,2464,1144427,Titan
03-02-2022,2480.5,2506.6,2417,2475,3883564,Titan
04-02-2022,2510,2520,2430,2471.2,2718069,Titan
07-02-2022,2480,2498.2,2388,2409.2,1119632,Titan
08-02-2022,2418.4,2465,2400.9,2443.7,1524580,Titan
09-02-2022,2465,2495,2456.1,2484.8,826261,Titan
10-02-2022,2500,2504,2465.6,2491.9,788689,Titan
11-02-2022,2480,2480,2421.3,2442.3,1030760,Titan
14-02-2022,2380,2423,2351.3,2398,816491,Titan
15-02-2022,2422,2499.8,2399,2495.9,1293933,Titan
16-02-2022,2510,2519.9,2460.3,2488.1,1008929,Titan
17-02-2022,2509.5,2537.5,2487,2493.2,960885,Titan
18-02-2022,2479.3,2499.5,2460.8,2489,654373,Titan
21-02-2022,2488,2488,2411.1,2454.4,788568,Titan
22-02-2022,2377,2457,2377,2450.1,874150,Titan
23-02-2022,2452,2525,2452,2495.7,2096198,Titan
24-02-2022,2402,2466,2395,2406.6,1875086,Titan
25-02-2022,2423.5,2474,2423.5,2468.5,1284338,Titan
28-02-2022,2430,2563.7,2430,2546.6,2355891,Titan
02-03-2022,2550,2604.8,2524.4,2592.7,3536974,Titan
03-03-2022,2620,2639.8,2560,2574.3,2153478,Titan
04-03-2022,2565,2565,2430,2441,2652474,Titan
07-03-2022,2414.8,2420,2330,2389.7,1545686,Titan
08-03-2022,2400,2419.5,2325.6,2371.3,1467595,Titan
09-03-2022,2393,2460.5,2375,2433.7,1581979,Titan
10-03-2022,2498,2504.8,2444.9,2467.8,1051744,Titan
11-03-2022,2478,2498.2,2448.9,2493.6,812330,Titan
14-03-2022,2490,2545,2475,2539,1004492,Titan
15-03-2022,2559,2579,2543.2,2557,1571483,Titan
16-03-2022,2577.8,2593.5,2566,2587.3,757197,Titan
17-03-2022,2600.1,2721.7,2600.1,2703,3336088,Titan
21-03-2022,2740,2768,2700,2707.3,1889261,Titan
22-03-2022,2716.3,2718.8,2646.5,2712.8,1279904,Titan
23-03-2022,2730,2743,2677.9,2690,1281815,Titan
24-03-2022,2694,2694,2612.6,2618.5,1835380,Titan
25-03-2022,2631,2634,2518,2523.9,2863040,Titan
28-03-2022,2536.5,2545.6,2483,2535.9,1316800,Titan
29-03-2022,2550,2559,2525.3,2538.8,908172,Titan
30-03-2022,2556.3,2565.8,2510,2523.2,866666,Titan
31-03-2022,2525.3,2545.4,2520,2536.2,910316,Titan
01-04-2022,2538,2550,2491.9,2520.9,1208002,Titan
04-04-2022,2540.4,2562,2508.8,2517,1424995,Titan
05-04-2022,2532,2577.8,2520.1,2549.2,1586304,Titan
06-04-2022,2547,2564.9,2523.3,2540.1,1349078,Titan
07-04-2022,2502.3,2544.5,2452,2458.4,2785215,Titan
08-04-2022,2468.4,2532.7,2465,2510,1217812,Titan
11-04-2022,2503,2510,2477.4,2489.9,660112,Titan
12-04-2022,2480,2508.5,2440.3,2488.2,1182427,Titan
13-04-2022,2492.2,2496,2441.1,2461.4,1165453,Titan
18-04-2022,2435,2500,2410,2493.5,1109814,Titan
19-04-2022,2509.4,2520.6,2441,2452.6,929834,Titan
20-04-2022,2453.1,2505,2442.7,2482.7,639190,Titan
21-04-2022,2482.7,2525,2466,2521,880723,Titan
22-04-2022,2515,2526.5,2476.5,2512.7,878780,Titan
25-04-2022,2471,2489,2447.1,2453.9,682383,Titan
26-04-2022,2460,2552.2,2459,2548.2,1232557,Titan
27-04-2022,2528.7,2537.8,2488.3,2492.4,801135,Titan
28-04-2022,2529.9,2531,2477,2513.2,933881,Titan
29-04-2022,2521,2532,2450,2458.2,1496781,Titan
02-05-2022,2435,2437,2372.4,2386.6,1287401,Titan
04-05-2022,2356,2407,2275,2290,2357806,Titan
05-05-2022,2309,2309,2252.2,2262,2118580,Titan
06-05-2022,2240,2240,2195.5,2208.8,1465638,Titan
09-05-2022,2195,2213.4,2171,2183.2,968069,Titan
10-05-2022,2180,2186,2125,2137.4,1092429,Titan
11-05-2022,2127.2,2138,2095.8,2114.7,1472911,Titan
12-05-2022,2102,2103.9,2035.6,2048.6,1362031,Titan
13-05-2022,2056.2,2154,2056.2,2091.7,2580348,Titan
16-05-2022,2118,2152,2096.7,2109.6,1370151,Titan
17-05-2022,2145,2185,2111,2176.4,1256142,Titan
18-05-2022,2187,2194.3,2161,2166.8,1188772,Titan
19-05-2022,2125,2156.1,2055.1,2112,981115,Titan
20-05-2022,2139.9,2155.6,2129.2,2137.1,1017542,Titan
23-05-2022,2160,2200,2138,2151.3,1346294,Titan
24-05-2022,2151.7,2165,2121.4,2140.3,1150314,Titan
25-05-2022,2160,2181,2106,2113.4,1125068,Titan
26-05-2022,2132,2150.9,2075.5,2142,1382368,Titan
27-05-2022,2155,2160,2123.4,2149.2,865917,Titan
30-05-2022,2164,2260,2164,2255.9,1691435,Titan
31-05-2022,2254.9,2300,2176.6,2216,7005071,Titan
01-06-2022,2255,2304.9,2180,2197.6,2126105,Titan
02-06-2022,2176.6,2225.4,2176.6,2221,966727,Titan
03-06-2022,2231.7,2245,2197.8,2204.4,1228695,Titan
06-06-2022,2204.4,2209,2166,2198.6,1285097,Titan
07-06-2022,2173.6,2179.5,2088,2100.8,3255286,Titan
08-06-2022,2106.1,2133,2096.6,2128.9,1775344,Titan
09-06-2022,2106,2154,2103,2139.7,1035771,Titan
10-06-2022,2108,2166,2108,2142.3,927889,Titan
13-06-2022,2108,2124.5,2076.2,2102.4,928411,Titan
14-06-2022,2100,2116.9,2072.7,2102,893733,Titan
15-06-2022,2104,2127.5,2090,2105.1,783714,Titan
16-06-2022,2126.4,2145,2042.1,2061,1265289,Titan
17-06-2022,2041,2051.7,1910.6,1936.5,6066708,Titan
20-06-2022,1938,1973.5,1905.5,1961.7,1967950,Titan
21-06-2022,1979.9,2093.8,1966.5,2078.1,3289922,Titan
22-06-2022,2070,2071,2007,2031.2,1507811,Titan
23-06-2022,2040,2047.8,1997.2,2041.4,1632845,Titan
24-06-2022,2053.6,2076.4,2034,2045.6,854618,Titan
27-06-2022,2082,2083.7,2025,2040.3,1067849,Titan
28-06-2022,2020,2022,1960,1968.1,3397585,Titan
29-06-2022,1950,1954.3,1923,1936.2,2375427,Titan
30-06-2022,1950,1965.8,1926,1941.3,2489709,Titan
01-07-2022,1895,1954.4,1825.1,1946.2,4064801,Titan
04-07-2022,1954,1966.6,1928,1962.5,1023678,Titan
05-07-2022,1967,1989.1,1940.6,1954.3,1555345,Titan
06-07-2022,1958,2025.5,1941.4,2013.6,1952701,Titan
07-07-2022,2130,2171.6,2102.6,2127.5,5915740,Titan
08-07-2022,2140,2154,2110.5,2144.4,2039331,Titan
11-07-2022,2153,2173.9,2126.6,2163.6,1219508,Titan
12-07-2022,2132,2142,2114.5,2130,1096542,Titan
13-07-2022,2130,2141.8,2107.5,2111.4,1169721,Titan
14-07-2022,2132,2140,2113,2127.5,767221,Titan
15-07-2022,2135,2193.2,2132.2,2189.7,1742573,Titan
18-07-2022,2196,2247.3,2194.1,2237.5,2016386,Titan
19-07-2022,2232.5,2253,2216.7,2241.2,867223,Titan
20-07-2022,2280,2298,2261.1,2271.2,1620332,Titan
21-07-2022,2285,2298,2264,2288.6,1117118,Titan
22-07-2022,2299,2330,2283.1,2325,1185176,Titan
25-07-2022,2339.3,2348.8,2313,2328.9,1248393,Titan
26-07-2022,2335,2335,2286.6,2293.2,1142159,Titan
27-07-2022,2285.1,2311,2266.6,2303.6,1456382,Titan
28-07-2022,2321,2341.5,2305.1,2334.7,1126799,Titan
29-07-2022,2355,2392.5,2339.1,2352.1,1239445,Titan
01-08-2022,2364.8,2381.1,2339,2376.3,581266,Titan
02-08-2022,2370,2397.8,2357.1,2385,777687,Titan
03-08-2022,2395,2425.9,2355,2416.4,1207016,Titan
04-08-2022,2430,2430.5,2371,2423.7,1015590,Titan
05-08-2022,2425.2,2472.4,2417.4,2432.8,2443597,Titan
08-08-2022,2460,2474.7,2433.2,2447,1576547,Titan
10-08-2022,2469.9,2469.9,2417.1,2433.6,1065998,Titan
11-08-2022,2446.2,2486,2446.2,2472.4,1127878,Titan
12-08-2022,2472,2493,2461.9,2472,761420,Titan
16-08-2022,2461.1,2499.5,2435,2493.9,1035928,Titan
17-08-2022,2495,2523.2,2480.7,2492.2,863500,Titan
18-08-2022,2492.2,2503.9,2467.3,2478.7,827663,Titan
19-08-2022,2499,2499,2430.9,2440.6,751505,Titan
22-08-2022,2440,2458,2408,2417.6,947292,Titan
23-08-2022,2407,2502,2400,2480.2,1417877,Titan
24-08-2022,2495,2495,2441.1,2460.7,672569,Titan
25-08-2022,2473,2501.6,2456.7,2466.5,732577,Titan
26-08-2022,2483.1,2556,2481.6,2532.9,2398253,Titan
29-08-2022,2457.3,2540.9,2457.3,2531.7,1149676,Titan
30-08-2022,2545,2623.1,2543,2604.7,1794736,Titan
01-09-2022,2593,2647.2,2565.7,2622,1438313,Titan
02-09-2022,2631,2645,2607.1,2612.6,800453,Titan
05-09-2022,2625,2640,2610.9,2627.4,733481,Titan
06-09-2022,2631.7,2646.9,2611,2631.7,680071,Titan
07-09-2022,2607,2641.4,2600.4,2637.8,438635,Titan
08-09-2022,2649,2659.9,2616,2626.7,754150,Titan
09-09-2022,2652,2652.2,2593,2603.5,777186,Titan
13-09-2022,2680,2723,2672,2705.6,1536444,Titan
14-09-2022,2645,2712,2645,2700.6,915281,Titan
15-09-2022,2714.2,2717,2648,2656.2,753648,Titan
16-09-2022,2648,2677.7,2604.3,2611.8,1425731,Titan
19-09-2022,2611.8,2632,2552.6,2619.8,808421,Titan
20-09-2022,2642.2,2693.6,2635.1,2684,844553,Titan
21-09-2022,2688,2700,2656.7,2666.7,1052572,Titan
22-09-2022,2660,2745,2650,2737.6,1352472,Titan
23-09-2022,2737.6,2755.7,2667,2672.5,1226889,Titan
26-09-2022,2666,2678,2563.6,2655.5,1371409,Titan
27-09-2022,2670,2679.6,2585.6,2600.4,1246270,Titan
28-09-2022,2587.5,2634.5,2564.5,2577,1419969,Titan
29-09-2022,2594.9,2606.1,2517.4,2531.5,1177076,Titan
30-09-2022,2538,2637.4,2522.6,2607,1453944,Titan
03-10-2022,2625,2625,2555.6,2574.2,1049142,Titan
04-10-2022,2629,2629,2571.7,2585.1,1291070,Titan
06-10-2022,2598.1,2620,2581.6,2592.9,1409852,Titan
07-10-2022,2690,2745,2675,2730.5,5284814,Titan
10-10-2022,2710,2727.9,2658,2680.1,1290447,Titan
11-10-2022,2693,2694,2616.4,2624.5,1067626,Titan
12-10-2022,2630,2644.9,2606,2621.4,1131702,Titan
13-10-2022,2610,2628,2591,2598.7,1038687,Titan
14-10-2022,2640,2663.6,2607.8,2617.8,1326916,Titan
17-10-2022,2613.9,2634.9,2602.6,2625,1111199,Titan
18-10-2022,2638.2,2664.7,2623.2,2641.1,771852,Titan
19-10-2022,2654.4,2677,2640,2644.6,1001916,Titan
20-10-2022,2640,2644,2581.4,2631.5,1022636,Titan
21-10-2022,2650,2679.7,2640.1,2665.7,986521,Titan
25-10-2022,2697.4,2697.4,2662,2670.3,505759,Titan
27-10-2022,2700,2765,2680,2703.8,2117791,Titan
28-10-2022,2709,2738.9,2693.3,2736.4,1003160,Titan
31-10-2022,2750,2791,2738.3,2761.5,1144647,Titan
01-11-2022,2770.2,2784,2741,2755,890107,Titan
02-11-2022,2745,2747.4,2703,2728.5,1704942,Titan
03-11-2022,2705,2779,2705,2763.7,1227960,Titan
04-11-2022,2774.9,2781.5,2746.6,2769.7,1172058,Titan
07-11-2022,2772,2772,2706.3,2741.6,1825529,Titan
09-11-2022,2769,2769,2710,2718.1,1184702,Titan
10-11-2022,2710,2711.1,2628,2641,1198585,Titan
11-11-2022,2671,2694.4,2641.6,2651.8,833729,Titan
14-11-2022,2658,2665,2623.2,2629.8,565428,Titan
15-11-2022,2643,2669.2,2621.1,2656.7,1033296,Titan
16-11-2022,2659,2678.2,2630,2644.3,835064,Titan
17-11-2022,2638,2645,2576,2582,1265647,Titan
18-11-2022,2580,2583.4,2545,2565.8,1038751,Titan
21-11-2022,2552,2579,2539.7,2573.4,629040,Titan
22-11-2022,2580,2609,2561,2606.2,912070,Titan
23-11-2022,2615,2632.5,2590.8,2601.8,992873,Titan
24-11-2022,2611,2618.3,2592.5,2610.2,752066,Titan
25-11-2022,2620,2620,2586,2595.4,633047,Titan
28-11-2022,2584.4,2608.5,2579,2592.3,665149,Titan
29-11-2022,2597.2,2640,2595.1,2613.8,866621,Titan
30-11-2022,2613.8,2665,2604.2,2653,1569918,Titan
01-12-2022,2662,2665,2630,2638.7,539844,Titan
02-12-2022,2648,2651.4,2605,2617.9,731396,Titan
05-12-2022,2629,2630,2589.3,2615.7,747114,Titan
06-12-2022,2619.8,2624,2591.3,2617,706596,Titan
07-12-2022,2616.3,2623.8,2586.7,2596.9,712914,Titan
08-12-2022,2596.9,2613.9,2578.8,2583.5,648288,Titan
09-12-2022,2597,2629.9,2568,2615.5,935047,Titan
12-12-2022,2613.5,2613.5,2571,2584.7,726330,Titan
13-12-2022,2597.4,2600,2565,2575.9,832740,Titan
14-12-2022,2574.9,2596,2571.2,2591.1,767737,Titan
15-12-2022,2585,2588.7,2514.6,2522.7,1225728,Titan
16-12-2022,2500,2520,2480,2482.9,1177053,Titan
19-12-2022,2483.2,2525.3,2468.7,2521.8,572224,Titan
20-12-2022,2516.8,2517.6,2482.1,2508.2,597902,Titan
21-12-2022,2515,2528,2481,2489.6,519326,Titan
22-12-2022,2491.8,2509.2,2465,2483,557608,Titan
23-12-2022,2467.7,2505,2455,2483.1,1310439,Titan
26-12-2022,2487.8,2512.4,2470.3,2481.1,1076808,Titan
27-12-2022,2498,2519.9,2485.6,2503.6,791283,Titan
28-12-2022,2502.8,2596,2497.5,2580.2,2443430,Titan
29-12-2022,2555,2588.9,2542.2,2553.3,1583143,Titan
30-12-2022,2564,2610,2553.1,2597.5,1057182,Titan
02-01-2023,2607,2616,2556.8,2565.8,697408,Titan
03-01-2023,2568,2619,2555.1,2613.6,852511,Titan
04-01-2023,2618.8,2626.3,2585.6,2597.6,832054,Titan
05-01-2023,2591,2620,2543.7,2562.1,1544601,Titan
06-01-2023,2560,2584.4,2517,2538.1,879019,Titan
09-01-2023,2530,2530,2467.8,2484.7,2324487,Titan
10-01-2023,2495,2498.7,2456,2468.2,948787,Titan
11-01-2023,2473,2488.6,2431,2437.4,1000412,Titan
12-01-2023,2450,2475,2432,2446.6,874520,Titan
13-01-2023,2456.9,2456.9,2400,2417.2,1416869,Titan
16-01-2023,2428,2434.8,2392,2405.9,737012,Titan
17-01-2023,2405,2417.9,2386,2408,926137,Titan
18-01-2023,2418,2429.9,2412.8,2424.1,601233,Titan
19-01-2023,2392.5,2411.8,2367.2,2385.1,1116874,Titan
20-01-2023,2390,2397,2353,2371.3,1229902,Titan
23-01-2023,2384,2384.3,2355.6,2364.7,932554,Titan
24-01-2023,2372.5,2390.6,2364,2370.8,714000,Titan
25-01-2023,2370,2370,2333.6,2356.6,650664,Titan
27-01-2023,2368.4,2368.4,2302.6,2331.3,1238620,Titan
30-01-2023,2332,2342.9,2287.1,2335.6,1401847,Titan
31-01-2023,2347,2386.5,2335.7,2377.2,1252600,Titan
01-02-2023,2408.6,2409.8,2300.1,2345.9,1521514,Titan
02-02-2023,2341.1,2385,2269.6,2308.1,1788381,Titan
03-02-2023,2320.1,2470,2320.1,2463.1,3693638,Titan
06-02-2023,2474.9,2480,2447.6,2458,1049075,Titan
07-02-2023,2456.3,2459.8,2432.1,2446.9,563195,Titan
08-02-2023,2447,2480,2447,2466.8,539085,Titan
09-02-2023,2467,2475.7,2451.6,2462.6,464715,Titan
10-02-2023,2452,2472,2442.1,2468.5,597337,Titan
13-02-2023,2480,2524,2476.2,2519.1,1856317,Titan
14-02-2023,2529,2529,2480,2506.9,843477,Titan
15-02-2023,2503.5,2528.3,2483.3,2524.3,707224,Titan
16-02-2023,2530,2545.7,2518.1,2522.4,704946,Titan
17-02-2023,2515,2545.9,2496,2500.3,607239,Titan
20-02-2023,2500,2507.3,2466.3,2474.2,460090,Titan
21-02-2023,2486,2486,2450.5,2463.6,750272,Titan
22-02-2023,2452,2462.8,2414.4,2431.6,1098118,Titan
23-02-2023,2432.5,2432.5,2380,2394.5,1602078,Titan
24-02-2023,2400,2413.8,2378,2399.1,1145691,Titan
27-02-2023,2399.1,2412,2373.6,2401,862629,Titan
28-02-2023,2401.1,2425,2363.6,2372.8,1430349,Titan
01-03-2023,2370,2396.1,2366.4,2382.4,479935,Titan
02-03-2023,2382.4,2394.3,2351.8,2359,529609,Titan
03-03-2023,2370,2402,2358.3,2396.1,710845,Titan
06-03-2023,2412.6,2426.4,2392.6,2403.5,682556,Titan
08-03-2023,2396.4,2401.2,2372.3,2397.1,858496,Titan
09-03-2023,2400.8,2408,2365,2368.3,601071,Titan
10-03-2023,2354.9,2380,2338,2375.5,543004,Titan
13-03-2023,2372.8,2377,2321,2332,631722,Titan
14-03-2023,2337,2391.9,2328.9,2355.6,1470817,Titan
15-03-2023,2380,2413.9,2380,2399.1,1656307,Titan
16-03-2023,2413.5,2482,2413,2450.4,2317115,Titan
17-03-2023,2467.2,2474,2447.4,2455.7,1625905,Titan
20-03-2023,2462,2475,2441.6,2460,918922,Titan
21-03-2023,2475,2521.6,2468.1,2514.1,1652107,Titan
22-03-2023,2518,2524,2495,2508.2,754732,Titan
23-03-2023,2510,2528,2494.1,2519.1,610778,Titan
24-03-2023,2516.8,2519.7,2475,2493.4,838919,Titan
27-03-2023,2480,2510,2466.8,2494.4,728727,Titan
28-03-2023,2502.9,2507.2,2493.9,2500.3,599191,Titan
29-03-2023,2500.3,2525,2494,2515.1,710603,Titan
31-03-2023,2527,2536.8,2500,2514.9,848456,Titan
03-04-2023,2525.9,2544.7,2513.3,2537.4,701713,Titan
05-04-2023,2560,2581.5,2550.1,2572.7,1438377,Titan
06-04-2023,2583,2584,2545,2548.5,1192271,Titan
10-04-2023,2568,2602,2561.1,2583.7,1497452,Titan
11-04-2023,2583.7,2603.5,2576,2580.1,820568,Titan
12-04-2023,2580.1,2593.5,2564.2,2587.9,553807,Titan
13-04-2023,2588,2600,2577.3,2585.7,481459,Titan
17-04-2023,2600,2612.3,2582.3,2605.6,1044487,Titan
18-04-2023,2603.1,2607.7,2560.1,2577.7,674756,Titan
19-04-2023,2580.1,2596,2562,2569.3,687292,Titan
20-04-2023,2577.7,2619,2570.5,2579.3,995472,Titan
21-04-2023,2593.6,2594.6,2559.3,2568.3,409932,Titan
24-04-2023,2571.1,2636.4,2570,2629.6,1026391,Titan
25-04-2023,2634.9,2637,2615,2633.2,630987,Titan
26-04-2023,2633,2647.7,2625.7,2641,631279,Titan
27-04-2023,2641,2674,2631.5,2663.5,620037,Titan
28-04-2023,2672.5,2679.3,2619.5,2641.9,1567472,Titan
02-05-2023,2657,2674,2633.4,2663.9,726439,Titan
03-05-2023,2675,2679.5,2643.1,2654.1,808211,Titan
04-05-2023,2679.7,2694.3,2656.6,2670.4,1936641,Titan
05-05-2023,2670.6,2766,2666.3,2732.9,2190777,Titan
08-05-2023,2733,2770,2732.9,2751.3,848638,Titan
09-05-2023,2753.3,2790,2738.5,2748.4,893686,Titan
10-05-2023,2760,2767.7,2736.2,2745.5,522149,Titan
11-05-2023,2758,2765,2744.1,2757.9,621067,Titan
12-05-2023,2760.8,2784.5,2756.9,2773.2,705516,Titan
15-05-2023,2774,2802.1,2764.3,2779.6,772914,Titan
16-05-2023,2785,2800.8,2774.6,2790.3,548885,Titan
17-05-2023,2785,2790,2750.1,2762.4,539547,Titan
18-05-2023,2782,2782,2716.1,2721.9,612441,Titan
19-05-2023,2720,2720,2683.1,2701.7,846419,Titan
22-05-2023,2701.6,2734,2701.1,2712.6,559506,Titan
23-05-2023,2720,2726.4,2677.3,2683.5,713749,Titan
24-05-2023,2675,2722,2670,2707.3,814553,Titan
25-05-2023,2714.5,2720,2682,2708,651488,Titan
26-05-2023,2708,2759.7,2699.2,2742.2,811400,Titan
29-05-2023,2745,2821.8,2745,2812.3,1107678,Titan
30-05-2023,2829.5,2841.9,2797.7,2802.5,1263691,Titan
31-05-2023,2802.5,2832.1,2790.1,2823.3,1394580,Titan
01-06-2023,2823.3,2837.7,2814.7,2827.3,538550,Titan
02-06-2023,2830,2871,2826.5,2861.7,1116501,Titan
05-06-2023,2875,2875,2840,2855.7,724102,Titan
06-06-2023,2861,2893,2858.3,2881.5,1148132,Titan
07-06-2023,2895,2910,2870,2907,862821,Titan
08-06-2023,2906.9,2921.9,2871.1,2877,560514,Titan
09-06-2023,2890,2920,2863.3,2876.3,727880,Titan
12-06-2023,2885,2885.5,2833.3,2852.6,1112274,Titan
13-06-2023,2859.9,2918,2855.1,2912.5,776313,Titan
14-06-2023,2920,2928.2,2897,2907.1,617700,Titan
15-06-2023,2911.1,2924.7,2900,2908,564711,Titan
16-06-2023,2911.8,2960,2911.8,2954.3,1022389,Titan
19-06-2023,2967,3024.4,2963.4,2968.6,1382633,Titan
20-06-2023,2972.7,2986.4,2948.3,2974,672298,Titan
21-06-2023,2974,2985,2958.2,2971.1,509602,Titan
22-06-2023,2975,2984.8,2955.8,2970.3,496441,Titan
23-06-2023,2972.5,2981,2932,2939.2,869340,Titan
26-06-2023,2940,2981,2940,2972.6,839713,Titan
27-06-2023,2973,2989.2,2940.7,2975.7,913730,Titan
28-06-2023,2995,3044.4,2985.1,3028.1,1525117,Titan
30-06-2023,3046,3068,3029.2,3047.7,946112,Titan
03-07-2023,3050.1,3054,3026.3,3038.3,429100,Titan
04-07-2023,3041.5,3090,3039,3074.7,1291238,Titan
05-07-2023,3075,3113.9,3063,3099.9,643663,Titan
06-07-2023,3100,3111.9,3081.4,3106.4,976956,Titan
07-07-2023,3140,3210,3126.4,3144,3630808,Titan
10-07-2023,3155,3155,3030.3,3045.6,1777220,Titan
11-07-2023,3062.9,3098,3044.8,3087.6,1141925,Titan
12-07-2023,3114,3124,3087.7,3096.5,1300168,Titan
13-07-2023,3114,3114.6,3079.3,3084.8,932018,Titan
14-07-2023,3093.7,3097.4,3042.6,3055.6,721349,Titan
17-07-2023,3070,3073,3020,3033.5,866575,Titan
18-07-2023,3033.5,3040,2963.4,2996.5,1359863,Titan
19-07-2023,3010.1,3017.4,2985.1,2995.7,568891,Titan
20-07-2023,3002.3,3016.6,2966,2989.3,1021556,Titan
21-07-2023,2990.8,3005,2970,2976.3,599594,Titan
24-07-2023,2978,2992.9,2951.3,2979.2,523141,Titan
25-07-2023,2980,3032.9,2972.8,3029,874788,Titan
26-07-2023,3044.9,3044.9,2995,3008.4,588487,Titan
27-07-2023,3014,3024.1,2983.7,3002.1,595544,Titan
28-07-2023,3008.2,3010,2951.7,2987,837051,Titan
31-07-2023,2950,3018,2950,3004.1,656048,Titan
01-08-2023,3024.9,3027.5,2987.7,3001.9,602288,Titan
02-08-2023,3005.7,3005.7,2960,2977.2,1152335,Titan
03-08-2023,2938,2987,2883,2902.1,3319847,Titan
04-08-2023,2920,2935.8,2898,2904.4,709334,Titan
07-08-2023,2920,2920,2882.5,2904.6,580359,Titan
08-08-2023,2918,2932,2904.6,2921.3,474417,Titan
09-08-2023,2924,2962,2918.2,2955.9,600081,Titan
10-08-2023,2958,2995.5,2917,2988.6,970990,Titan
11-08-2023,2988.5,3067.5,2980,3017.3,1823274,Titan
14-08-2023,3020.4,3020.4,2988.4,3010.7,542561,Titan
16-08-2023,3005,3015.9,2978.1,3011.1,544441,Titan
17-08-2023,3018,3079.5,3012,3071.8,1699758,Titan
18-08-2023,3070.6,3079.5,3035,3050.5,860782,Titan
21-08-2023,3051,3082.5,3050,3078.3,706621,Titan
22-08-2023,3085,3091,3040.1,3075.6,714220,Titan
23-08-2023,3075.6,3085,3056.3,3070,602197,Titan
24-08-2023,3075.7,3099.9,3056.3,3061.2,618626,Titan
25-08-2023,3055,3074.8,3037.6,3067.2,648003,Titan
28-08-2023,3074,3080,3040.7,3048.6,471698,Titan
29-08-2023,3052,3090,3044,3079.4,482639,Titan
30-08-2023,3080,3111,3067,3082.2,582766,Titan
31-08-2023,3090.9,3119,3082.2,3104.5,1420498,Titan
01-09-2023,3112,3124.9,3100,3116.8,423739,Titan
04-09-2023,3117,3125,3086.3,3100.3,539813,Titan
05-09-2023,3120,3157.5,3115,3136.2,721199,Titan
06-09-2023,3136.2,3180.6,3120.9,3176.1,1163154,Titan
07-09-2023,3173,3183,3152,3172.8,805295,Titan
08-09-2023,3182,3205,3172.8,3199.1,700158,Titan
11-09-2023,3210,3221.6,3186.6,3213.3,544452,Titan
12-09-2023,3216.1,3221.2,3177.6,3185.8,591509,Titan
13-09-2023,3178.1,3270,3178.1,3263.2,1370306,Titan
14-09-2023,3277.6,3302.5,3240,3261.4,1264935,Titan
15-09-2023,3261.6,3264,3239,3248.6,1397407,Titan
18-09-2023,3257,3352,3246.8,3339.5,1423507,Titan
20-09-2023,3314,3349,3300.1,3306.7,1201025,Titan
21-09-2023,3300,3322.5,3285.8,3304.5,1091384,Titan
22-09-2023,3298.8,3298.8,3261.7,3274.5,1019051,Titan
25-09-2023,3274.5,3314.9,3261.4,3284,623515,Titan
26-09-2023,3294,3308,3255,3262.6,1054827,Titan
27-09-2023,3246.8,3267,3186,3214.6,1464192,Titan
28-09-2023,3217.5,3224.9,3141.8,3157.3,1214383,Titan
29-09-2023,3160.1,3176.5,3143.1,3148.8,697564,Titan
03-10-2023,3148.8,3212.5,3114.4,3196.3,1007308,Titan
04-10-2023,3186,3205,3151,3166.7,486969,Titan
05-10-2023,3173.9,3231,3165,3216.5,1109881,Titan
06-10-2023,3230,3319.8,3221.1,3309.8,1102120,Titan
09-10-2023,3294.7,3296,3249.1,3267.5,822467,Titan
10-10-2023,3295,3299.2,3259.3,3269.2,633934,Titan
11-10-2023,3289.7,3296,3264,3280.5,546575,Titan
12-10-2023,3292,3295.1,3262.6,3285,429096,Titan
13-10-2023,3285,3307,3266.6,3283.8,920545,Titan
16-10-2023,3284,3329,3275,3301.4,778014,Titan
17-10-2023,3318,3328.5,3304.1,3308.5,584625,Titan
18-10-2023,3309.2,3324.2,3277.5,3282.8,324535,Titan
19-10-2023,3270,3301,3239,3284.7,698767,Titan
20-10-2023,3272.7,3291.5,3244,3266.2,657550,Titan
23-10-2023,3246.2,3275,3209.7,3219.8,566920,Titan
25-10-2023,3216,3236.3,3179,3187.9,762466,Titan
26-10-2023,3160.4,3189.9,3092.1,3100.8,1124281,Titan
27-10-2023,3095.1,3138.8,3087.3,3120.7,1050608,Titan
30-10-2023,3105,3122,3075,3116.5,802316,Titan
31-10-2023,3119.6,3205.8,3087.9,3189.7,1235478,Titan
01-11-2023,3193.9,3212.9,3168.4,3173.4,756820,Titan
02-11-2023,3200,3228.5,3180,3201.5,774180,Titan
03-11-2023,3205.2,3288,3205.1,3274.5,1355614,Titan
06-11-2023,3310,3310,3245.3,3267.1,1137606,Titan
07-11-2023,3274,3286.5,3250.2,3270.2,433992,Titan
08-11-2023,3289,3323.8,3272.2,3311.9,632305,Titan
09-11-2023,3321,3321,3274.7,3283.8,1317398,Titan
10-11-2023,3263.1,3275,3223,3256.4,1170763,Titan
13-11-2023,3275,3278.4,3250.6,3264.8,275538,Titan
15-11-2023,3275.3,3300.9,3260.8,3296,747863,Titan
16-11-2023,3295.4,3358,3259.3,3336,1055389,Titan
17-11-2023,3339,3366,3326.7,3338.9,633405,Titan
20-11-2023,3338,3354,3312.3,3345.9,497379,Titan
21-11-2023,3365,3401.8,3355.1,3394.5,1038863,Titan
22-11-2023,3400,3435,3396.1,3429.9,980779,Titan
23-11-2023,3433.9,3442,3396.3,3408.4,517362,Titan
24-11-2023,3406,3419.1,3382.6,3397,589530,Titan
28-11-2023,3418,3446,3397.4,3442.4,733524,Titan
29-11-2023,3473.9,3473.9,3424,3429.3,819200,Titan
30-11-2023,3431.1,3500,3422.3,3490.6,1480088,Titan
01-12-2023,3499,3500,3470,3489.5,655263,Titan
04-12-2023,3550,3550,3478.1,3488.4,808838,Titan
05-12-2023,3488.4,3550,3479,3545.3,713651,Titan
06-12-2023,3550,3574,3522.1,3546.9,474140,Titan
07-12-2023,3546.9,3595,3519.1,3585.4,820214,Titan
08-12-2023,3575,3647,3575,3634.7,1562141,Titan
11-12-2023,3634.6,3644.6,3598.3,3630.5,620604,Titan
12-12-2023,3637,3644.5,3563.3,3571.4,1075941,Titan
13-12-2023,3585,3609.8,3552.8,3602.4,717618,Titan
14-12-2023,3647,3647,3584.4,3591.4,992762,Titan
15-12-2023,3615,3615,3584.8,3600.6,906271,Titan
18-12-2023,3600.7,3667.2,3593.9,3619.6,699850,Titan
19-12-2023,3610.7,3628,3600.1,3610.5,577926,Titan
20-12-2023,3610.5,3651.5,3541,3554.1,849001,Titan
21-12-2023,3524.1,3599,3518.8,3580,816722,Titan
22-12-2023,3580,3638.5,3560.6,3627.4,777099,Titan
26-12-2023,3635,3665,3623.5,3656.7,526101,Titan
27-12-2023,3668,3695,3645,3689.3,666625,Titan
28-12-2023,3699.9,3737,3680.7,3715.1,1033648,Titan
29-12-2023,3715.1,3715.1,3660.3,3675.5,709614,Titan
01-01-2024,3689,3698,3667.5,3677.2,286683,Titan
02-01-2024,3689,3707.9,3642.5,3698.3,453685,Titan
03-01-2024,3708,3710,3665,3693.1,356757,Titan
04-01-2024,3696,3727,3686.7,3719.7,545228,Titan
05-01-2024,3719.7,3750,3687.3,3712.6,963628,Titan
08-01-2024,3770,3776.9,3695.8,3706.1,1202148,Titan
09-01-2024,3737,3754,3685.2,3694,572612,Titan
10-01-2024,3708,3730,3690,3714.5,556311,Titan
11-01-2024,3726.9,3742.7,3692.6,3698.6,392818,Titan
12-01-2024,3700,3734.3,3648,3726,990582,Titan
15-01-2024,3740,3775,3736,3758.9,661292,Titan
16-01-2024,3758.9,3858,3756,3820.3,1170685,Titan
17-01-2024,3819,3855,3800,3830.1,723356,Titan
18-01-2024,3791.4,3824.7,3718.9,3734.7,1293580,Titan
19-01-2024,3742.2,3861.5,3740.7,3810.6,2566367,Titan
23-01-2024,3786,3858,3705.8,3739.7,1053510,Titan
24-01-2024,3764,3780,3711.8,3767.9,636988,Titan
25-01-2024,3770.4,3797,3730.1,3770.2,646135,Titan
29-01-2024,3760.6,3875,3760.6,3866.7,699215,Titan
30-01-2024,3882,3887,3715,3735.8,852445,Titan
31-01-2024,3749,3775,3653.3,3697.6,1386754,Titan
01-02-2024,3738,3738,3601,3627.5,1408462,Titan
02-02-2024,3635,3713.5,3602.5,3612.4,2320153,Titan
05-02-2024,3613,3624.7,3534.9,3552.1,1771614,Titan
06-02-2024,3552.1,3578,3531.6,3559.2,1069901,Titan
07-02-2024,3578,3620,3555.8,3576.5,900220,Titan
08-02-2024,3604.8,3610,3503,3549.1,1011857,Titan
09-02-2024,3549.1,3597.9,3532.9,3591.6,838509,Titan
12-02-2024,3599,3618.6,3570.1,3585.3,487283,Titan
13-02-2024,3607,3608.8,3551.2,3560,796060,Titan
14-02-2024,3546,3593.9,3503.3,3585.6,1046318,Titan
15-02-2024,3595.1,3632,3571,3622.1,759063,Titan
16-02-2024,3648,3690,3624.5,3655.4,915502,Titan
19-02-2024,3672,3709.5,3650,3695.1,528874,Titan
20-02-2024,3700,3720,3665.5,3686.7,744107,Titan
21-02-2024,3652.1,3707.5,3640,3656.4,660426,Titan
22-02-2024,3676,3676,3555.4,3652.1,1017437,Titan
23-02-2024,3672,3737,3655,3692,897831,Titan
26-02-2024,3690,3690,3610.9,3622.5,546842,Titan
27-02-2024,3630,3675,3621.1,3653.9,673959,Titan
28-02-2024,3655,3669,3582.2,3594.7,538608,Titan
29-02-2024,3595.2,3654,3585.3,3624.4,1692242,Titan
01-03-2024,3630,3774,3626,3765.9,1533727,Titan
04-03-2024,3761.6,3764.1,3715,3732.4,787542,Titan
05-03-2024,3748,3759.2,3708,3750.8,733660,Titan
06-03-2024,3748.1,3815,3702.7,3810.8,765602,Titan
07-03-2024,3812.1,3824.3,3768.1,3786.9,838514,Titan
11-03-2024,3802.9,3808,3742.1,3750.2,597848,Titan
12-03-2024,3762,3766,3713.5,3748.8,564569,Titan
13-03-2024,3759,3762,3590,3625.7,1027729,Titan
14-03-2024,3630,3648,3580.2,3640.2,1293906,Titan
15-03-2024,3634.7,3656,3610,3633.2,1207241,Titan
18-03-2024,3619,3620,3565.1,3579.7,785257,Titan
19-03-2024,3579,3606.7,3547.1,3583.4,554444,Titan
20-03-2024,3583.4,3596.9,3550,3590.5,526882,Titan
21-03-2024,3607,3637,3590.1,3627.6,767905,Titan
22-03-2024,3627.6,3726.9,3621.3,3706.7,1281102,Titan
26-03-2024,3665,3730,3665,3698.2,1158224,Titan
27-03-2024,3699,3784.9,3692.8,3759.4,1315714,Titan
28-03-2024,3760,3838.3,3732.6,3801.8,1590738,Titan
01-04-2024,3823,3832.6,3730.5,3738.4,964052,Titan
02-04-2024,3754,3781.5,3734.1,3756,677963,Titan
03-04-2024,3745.1,3752,3705,3712.5,801601,Titan
04-04-2024,3740,3792.3,3679,3782.8,1177617,Titan
05-04-2024,3778.4,3801.9,3741,3754.5,623873,Titan
08-04-2024,3798.7,3808.3,3720.4,3748.9,849267,Titan
09-04-2024,3755,3761,3664.4,3679.4,745285,Titan
10-04-2024,3690,3720.4,3681.5,3711.2,567546,Titan
12-04-2024,3689.6,3694.8,3609.5,3619.3,1910561,Titan
15-04-2024,3607,3639.2,3590,3600.6,854076,Titan
16-04-2024,3589,3653.2,3583,3645.9,1116890,Titan
18-04-2024,3645.9,3660,3501,3525.1,1677946,Titan
19-04-2024,3525.1,3571.2,3478.3,3563.1,1507940,Titan
22-04-2024,3567,3615,3552,3596.8,668659,Titan
23-04-2024,3620,3648,3605.2,3633,769991,Titan
24-04-2024,3642,3644.9,3580.1,3609.8,652811,Titan
25-04-2024,3595,3602.5,3541,3571.1,1889163,Titan
26-04-2024,3588,3593.3,3556.3,3584.8,798783,Titan
29-04-2024,3585,3613.5,3573.2,3604.9,703524,Titan
30-04-2024,3602.7,3619.5,3580,3589.3,963220,Titan
02-05-2024,3585,3598,3546.3,3568.5,1435891,Titan
03-05-2024,3595,3599,3492,3533.9,1681592,Titan
06-05-2024,3476,3488.8,3257,3280.2,6891728,Titan
07-05-2024,3330,3332,3227,3270.9,3111444,Titan
08-05-2024,3275.4,3281,3238.5,3259.9,2054981,Titan
09-05-2024,3259.9,3322.5,3233,3245.7,1860654,Titan
10-05-2024,3258.1,3306.2,3242.8,3289.9,1307103,Titan
13-05-2024,3307.5,3308,3230.5,3253.7,1294603,Titan
14-05-2024,3250,3308,3250,3288.9,620163,Titan
15-05-2024,3304,3306.5,3260,3268.6,657036,Titan
16-05-2024,3276.3,3348,3251.3,3333.9,1404971,Titan
17-05-2024,3348,3368,3308,3361.2,1194228,Titan
21-05-2024,3355,3380.3,3351,3377,827674,Titan
22-05-2024,3384.8,3403.1,3360,3383.9,626567,Titan
23-05-2024,3383,3460.4,3377.8,3452.1,977789,Titan
24-05-2024,3452.1,3455.1,3404.2,3412.4,878625,Titan
27-05-2024,3424,3436.3,3390.3,3403.4,804488,Titan
28-05-2024,3404,3423,3392.2,3409.4,548576,Titan
29-05-2024,3405.4,3418,3371.1,3380.4,519533,Titan
30-05-2024,3365,3365,3254,3271.9,2365535,Titan
31-05-2024,3298,3328.8,3216.8,3241.9,2524214,Titan
03-06-2024,3310,3333,3250,3261.2,1378542,Titan
04-06-2024,3261.2,3295.2,3055.7,3239,2934800,Titan
05-06-2024,3266,3334,3201.1,3317.7,1396386,Titan
06-06-2024,3329,3360,3290.8,3321.7,1825503,Titan
07-06-2024,3294.4,3456.6,3294.4,3444.1,2084099,Titan
10-06-2024,3443,3452,3390,3422.2,1655552,Titan
11-06-2024,3418.2,3438.3,3401.9,3410.7,1086157,Titan
12-06-2024,3411.4,3418.9,3370.9,3382.3,2054168,Titan
13-06-2024,3425,3477.1,3390,3472.2,1753028,Titan
14-06-2024,3490,3535,3479,3530.1,2346892,Titan
18-06-2024,3554.8,3625,3538,3589,1585048,Titan
19-06-2024,3595,3595,3456,3462.4,1862394,Titan
20-06-2024,3474,3490,3418.1,3436,2377432,Titan
21-06-2024,3430.7,3473.7,3383.4,3399.8,2707405,Titan
24-06-2024,3380.4,3429,3372.3,3412.4,645002,Titan
25-06-2024,3412.6,3423.4,3384.9,3402.5,1299560,Titan
26-06-2024,3401.5,3401.5,3370,3372.8,1485709,Titan
27-06-2024,3370,3392.5,3361.1,3380.6,1462935,Titan
28-06-2024,3380.6,3419.9,3366.4,3404.2,1005498,Titan
01-07-2024,3382,3435,3381.5,3431.5,1001832,Titan
02-07-2024,3446,3450,3385.3,3399.7,878947,Titan
03-07-2024,3420.8,3427,3341.9,3360.3,980605,Titan
04-07-2024,3365,3369.9,3330,3336,741143,Titan
05-07-2024,3332,3332,3257,3269.4,2001382,Titan
08-07-2024,3204,3204,3126.1,3156.2,5323920,Titan
09-07-2024,3170,3222.1,3165,3215.2,2044328,Titan
10-07-2024,3217.8,3252.7,3190.5,3225,1437517,Titan
11-07-2024,3247,3258.8,3230,3248.6,1105185,Titan
12-07-2024,3266,3269,3220.1,3229.9,1496692,Titan
15-07-2024,3241.8,3252.4,3205.4,3224.2,1243810,Titan
16-07-2024,3228,3251,3224.1,3234.1,501336,Titan
18-07-2024,3233,3269.1,3206,3262.1,1086374,Titan
19-07-2024,3262.1,3279,3235,3259,1111191,Titan
22-07-2024,3250,3273.4,3223.2,3254.5,696255,Titan
23-07-2024,3255.1,3490,3232.2,3466.9,7159507,Titan
24-07-2024,3470,3552.5,3462.2,3478.4,3862140,Titan
25-07-2024,3415,3454.4,3384.5,3405.8,1476422,Titan
26-07-2024,3405.8,3501.7,3393,3494.2,1830745,Titan
29-07-2024,3495,3499.6,3388,3411.7,2213293,Titan
30-07-2024,3425,3479,3410.6,3468.3,1316880,Titan
31-07-2024,3479.1,3499.9,3446.6,3459,1361595,Titan
01-08-2024,3475,3492,3442.5,3468.4,879399,Titan
02-08-2024,3415,3477.9,3410,3462.4,1168195,Titan
05-08-2024,3320.1,3459,3316.5,3376,1932064,Titan
06-08-2024,3381,3416.4,3321.1,3335.1,976535,Titan
07-08-2024,3360,3368.9,3317.1,3326.3,1277139,Titan
08-08-2024,3337,3360,3283.9,3296.5,1280733,Titan
09-08-2024,3350,3350,3285.1,3331.7,1019809,Titan
12-08-2024,3331.7,3345,3295.4,3320.9,874598,Titan
13-08-2024,3330,3404.8,3305.4,3383.6,1314371,Titan
14-08-2024,3390,3416.2,3356.9,3402.2,997803,Titan
16-08-2024,3410,3450.1,3370.2,3444.8,1161982,Titan
19-08-2024,3436.2,3504.2,3436.2,3464.9,1135205,Titan
20-08-2024,3480,3483.1,3454.4,3474.9,526591,Titan
21-08-2024,3474.9,3582,3454.6,3560.4,1990034,Titan
22-08-2024,3575,3625,3553.7,3604.4,1531544,Titan
23-08-2024,3611.5,3622.9,3544,3570,1173387,Titan
26-08-2024,3592,3640,3574.1,3630.2,1156681,Titan
27-08-2024,3630.2,3658.8,3530.5,3551.3,1169007,Titan
28-08-2024,3559.7,3580,3519.9,3527.5,727481,Titan
29-08-2024,3537,3553.8,3510,3533.2,927472,Titan
30-08-2024,3550,3598,3542.5,3565.2,2116894,Titan
02-09-2024,3565.2,3602,3552,3587.6,718800,Titan
03-09-2024,3587.6,3634.9,3560.2,3621.2,1112614,Titan
04-09-2024,3586.1,3617.5,3568.2,3607.7,529856,Titan
05-09-2024,3616.6,3754,3600.4,3722.9,3437885,Titan
06-09-2024,3715,3742,3665,3695.5,1408795,Titan
09-09-2024,3690.1,3724.5,3653.8,3684.6,923357,Titan
10-09-2024,3704,3750,3666,3727.4,1109078,Titan
11-09-2024,3731.9,3743.5,3700.1,3711.1,831810,Titan
12-09-2024,3736,3774,3711.1,3764.3,1337327,Titan
13-09-2024,3777,3799.9,3740,3767,1003355,Titan
16-09-2024,3768,3789,3735.4,3740.7,386602,Titan
17-09-2024,3759.9,3777,3727.3,3767.4,392339,Titan
18-09-2024,3769,3786,3708,3725.4,420638,Titan
19-09-2024,3750,3795,3741.1,3781,945257,Titan
20-09-2024,3793,3819,3740,3797.2,1951755,Titan
23-09-2024,3797.2,3829,3781,3820.1,530107,Titan
24-09-2024,3818,3839.9,3781.6,3784.9,1281513,Titan
25-09-2024,3800,3803.6,3710.1,3737.3,942343,Titan
26-09-2024,3738,3777.2,3701.4,3757.6,1863893,Titan
27-09-2024,3774,3867,3751.2,3816.7,2164755,Titan
30-09-2024,3786,3863.6,3786,3824,1068609,Titan
01-10-2024,3824,3838,3757,3776,774221,Titan
03-10-2024,3689.1,3782,3650.1,3675,1597560,Titan
04-10-2024,3625,3753.8,3625,3670.1,1542987,Titan
07-10-2024,3740,3748,3552.3,3589.3,2523321,Titan
08-10-2024,3589.3,3595,3480,3493.4,1360120,Titan
09-10-2024,3518,3558.8,3486.6,3493.5,1063802,Titan
10-10-2024,3510,3531.6,3415.1,3447.3,1488328,Titan
11-10-2024,3464,3491,3444.3,3474.4,858463,Titan
14-10-2024,3474.4,3525,3452.6,3497.8,593206,Titan
15-10-2024,3524,3529.5,3477,3508.5,578719,Titan
16-10-2024,3508,3510,3440,3471,591644,Titan
17-10-2024,3487,3487,3380.1,3403.4,560796,Titan
18-10-2024,3395,3422.4,3296.1,3381.5,1249585,Titan
21-10-2024,3418,3419.9,3335.5,3363.3,714746,Titan
22-10-2024,3374.9,3421.5,3319.3,3329.8,882086,Titan
23-10-2024,3330,3335,3282.5,3288.6,877837,Titan
24-10-2024,3301.1,3342.9,3279.2,3330.9,764369,Titan
25-10-2024,3332,3342.4,3232.4,3266.6,805013,Titan
28-10-2024,3270,3315,3254.1,3283.1,736462,Titan
29-10-2024,3285.8,3298,3227,3283.4,702769,Titan
30-10-2024,3261,3321.8,3235.1,3308.5,895278,Titan
31-10-2024,3291,3299.9,3253.6,3267.1,1170306,Titan
04-11-2024,3318,3318,3190.1,3222,1122152,Titan
05-11-2024,3206,3258.9,3185,3230.3,872402,Titan
06-11-2024,3145,3209,3114,3177.1,4522923,Titan
07-11-2024,3180,3186.1,3108.1,3120.9,1608603,Titan
08-11-2024,3121,3192.9,3106,3186.3,1719882,Titan
11-11-2024,3191.6,3230.1,3158.3,3206.6,1054929,Titan
12-11-2024,3201.7,3239,3185,3198.5,992983,Titan
13-11-2024,3175,3221.6,3162.2,3187.9,911537,Titan
14-11-2024,3145.1,3195.2,3136,3183.7,1161637,Titan
18-11-2024,3183.7,3207.2,3157.5,3172.3,943251,Titan
19-11-2024,3192,3283,3172.3,3224.7,1174506,Titan
21-11-2024,3225,3234,3148.4,3178.5,1582159,Titan
22-11-2024,3174.9,3317,3152.2,3308.7,2207527,Titan
25-11-2024,3360,3369.9,3298.1,3309.1,1892510,Titan
26-11-2024,3310,3343.8,3295.7,3327.5,721345,Titan
27-11-2024,3325,3329.9,3280.2,3291.7,732835,Titan
28-11-2024,3292,3305,3200.4,3212.4,1701387,Titan
29-11-2024,3212.4,3260,3212.4,3249,1139585,Titan
02-12-2024,3249,3309.9,3222.1,3306.9,915980,Titan
03-12-2024,3290,3338.7,3276.6,3332.8,1162310,Titan
04-12-2024,3342,3383,3338,3364.5,1630076,Titan
05-12-2024,3375,3465.4,3353.6,3441.1,2383630,Titan
06-12-2024,3454,3499.7,3430,3470.1,1278516,Titan
09-12-2024,3467.5,3488.3,3446.9,3468.2,926422,Titan
10-12-2024,3470,3517,3436.1,3475.8,1063355,Titan
11-12-2024,3484.8,3490.8,3460.3,3473.1,554702,Titan
12-12-2024,3470.5,3473.1,3412,3445.8,926472,Titan
13-12-2024,3420,3518,3380.3,3508.9,1242351,Titan
16-12-2024,3505,3511,3429,3438.2,1295227,Titan
17-12-2024,3422.1,3449.4,3397.6,3406.1,1005604,Titan
18-12-2024,3401.2,3424,3390,3401.9,646145,Titan
19-12-2024,3349.6,3400,3332,3356.9,732634,Titan
20-12-2024,3350,3419,3333.2,3356.3,1235769,Titan
23-12-2024,3378.1,3406.3,3336.7,3397,691202,Titan
24-12-2024,3385.4,3419,3338.2,3353.4,485245,Titan
26-12-2024,3365,3371.9,3312.7,3323.1,637094,Titan
27-12-2024,3319.9,3345,3301.1,3309.2,568989,Titan
30-12-2024,3310,3318,3247.5,3257.4,941859,Titan
31-12-2024,3250,3275.7,3230.8,3253.2,616440,Titan
01-01-2025,3248,3269.9,3244.1,3253.9,357376,Titan
02-01-2025,3264,3401,3251,3389,1152493,Titan
03-01-2025,3395,3482,3378,3451.7,1630862,Titan
06-01-2025,3490,3528.5,3441.2,3470.4,2145936,Titan
07-01-2025,3490,3576.7,3485,3505.1,2389563,Titan
08-01-2025,3487.7,3514.5,3391.3,3484.1,1317377,Titan
09-01-2025,3486,3506.5,3461.6,3487.1,826237,Titan
10-01-2025,3462,3488,3428.8,3440.3,570060,Titan
13-01-2025,3380,3467,3352.5,3382.8,1282557,Titan
14-01-2025,3400,3429,3310,3322.5,1133561,Titan
15-01-2025,3322,3340.5,3283,3323.5,1169593,Titan
16-01-2025,3327,3338.9,3282,3316.9,1170734,Titan
17-01-2025,3319.9,3368,3285.1,3357.4,559153,Titan
20-01-2025,3374.1,3407.7,3347.5,3382.3,722342,Titan
21-01-2025,3401,3412.7,3335.2,3353.4,1016047,Titan
22-01-2025,3354.8,3385,3334.7,3356.5,598329,Titan
23-01-2025,3356.5,3433,3325.5,3398.6,713603,Titan
24-01-2025,3407,3447.7,3380.5,3402.2,564244,Titan
27-01-2025,3388,3402,3307.3,3319.4,618309,Titan
28-01-2025,3319.4,3370.9,3299.6,3325.9,579957,Titan
29-01-2025,3339.2,3375,3309.1,3370.8,570137,Titan
30-01-2025,3370.7,3390,3345.2,3368.4,688608,Titan
31-01-2025,3400,3527.5,3392.4,3490.3,1212261,Titan
03-02-2025,3565,3642.6,3551.8,3580.3,1543897,Titan
04-02-2025,3590,3614,3520,3597.7,1279779,Titan
05-02-2025,3596,3652,3472.2,3490.9,2165947,Titan
06-02-2025,3490.9,3504.3,3397.9,3410.8,1059617,Titan
07-02-2025,3414.9,3453.9,3388.2,3424.8,740155,Titan
10-02-2025,3415,3425,3311,3327.5,904436,Titan
11-02-2025,3334.7,3348,3271.6,3281.8,903965,Titan
12-02-2025,3282.8,3317.4,3212.6,3255.5,774619,Titan
13-02-2025,3250.3,3278,3215.2,3231.5,727243,Titan
14-02-2025,3236.3,3253,3186.5,3213.3,587411,Titan
17-02-2025,3195.3,3238.5,3176,3233.2,712614,Titan
18-02-2025,3234.8,3244,3192.3,3221.9,592636,Titan
19-02-2025,3220,3253.7,3191.8,3210.3,521953,Titan
20-02-2025,3210,3218.7,3188.2,3191.5,653151,Titan
21-02-2025,3191.5,3206,3162.3,3179.9,407794,Titan
24-02-2025,3131,3188,3131,3173,431232,Titan
25-02-2025,3140,3211.5,3136.6,3198.8,642281,Titan
27-02-2025,3198.8,3228,3177,3223.1,604023,Titan
28-02-2025,3202,3218,3060,3077.3,1322618,Titan
03-03-2025,3090,3102.1,3057.8,3082,516171,Titan
04-03-2025,3050,3070,3017,3048.5,1186136,Titan
05-03-2025,3048.5,3107.5,3035.7,3086.6,579883,Titan
06-03-2025,3091.2,3131.7,3047,3121.1,1399483,Titan
07-03-2025,3121.1,3124.6,3074.7,3079.4,1020056,Titan
10-03-2025,3080,3083,3021.1,3026.8,855408,Titan
11-03-2025,3015,3055.9,3010,3046.4,576260,Titan
12-03-2025,3037.4,3053.8,2996.1,3019,489535,Titan
13-03-2025,3019.4,3049.5,3000.3,3010.2,785215,Titan
17-03-2025,2985.1,3036.4,2985.1,3017.4,632348,Titan
18-03-2025,3030.8,3088,3015.4,3081.7,865951,Titan
19-03-2025,3088.1,3095,3058.2,3076.3,730983,Titan
20-03-2025,3100,3205,3080,3193.1,1542807,Titan
21-03-2025,3187,3190,3155,3162.7,1181974,Titan
24-03-2025,3168.2,3176,3075,3079.1,1481216,Titan
25-03-2025,3085,3100,3046,3053.7,1174346,Titan
26-03-2025,3069,3077.8,3034.6,3057.5,1010449,Titan
27-03-2025,3047.6,3097.7,3047.6,3087.7,1635143,Titan
28-03-2025,3094,3111.8,3051.1,3063.4,778417,Titan
01-04-2025,3053.7,3075.7,2982,2987,1068622,Titan
02-04-2025,3011,3105,2971.2,3098.5,1674921,Titan
03-04-2025,3071,3151,3068,3127.6,1115568,Titan
04-04-2025,3099,3114.9,3050,3076.2,901801,Titan
07-04-2025,2925,3048,2925,3022.2,1378989,Titan
08-04-2025,3149.7,3227.3,3101,3122.3,2830156,Titan
09-04-2025,3137.9,3188.3,3090.7,3174.2,1215988,Titan
11-04-2025,3222,3242.6,3201.3,3234.9,814920,Titan
15-04-2025,3270,3285,3245.1,3273.4,1121769,Titan
16-04-2025,3250,3286,3245.1,3272.1,889943,Titan
17-04-2025,3250,3334.8,3211.2,3327.5,1083612,Titan
21-04-2025,3314,3353.5,3290,3336.1,672129,Titan
22-04-2025,3336.1,3358.8,3320.1,3337.4,609213,Titan
23-04-2025,3357,3373.7,3315.5,3357.3,628656,Titan
24-04-2025,3356.8,3395,3344,3382.6,901747,Titan
25-04-2025,3382.6,3419.5,3316,3365.2,704325,Titan
28-04-2025,3356,3397.4,3351,3369.1,384147,Titan
29-04-2025,3375.9,3398,3354,3378.6,575435,Titan
30-04-2025,3374,3409,3354.3,3379.7,708818,Titan
02-05-2025,3362.1,3381.5,3324,3341,514587,Titan
05-05-2025,3357.7,3408.5,3307,3321.8,565178,Titan
06-05-2025,3321.8,3325.3,3245.5,3299.3,650789,Titan
07-05-2025,3280,3381,3260.2,3338.9,1047443,Titan
08-05-2025,3349.9,3412.5,3325,3369.3,1597339,Titan
09-05-2025,3367,3530,3354.2,3510.3,2863992,Titan
12-05-2025,3537.2,3585,3530.3,3562.9,956930,Titan
13-05-2025,3562.9,3588.4,3540.1,3563.2,996541,Titan
14-05-2025,3555,3610,3550,3587.6,588159,Titan
15-05-2025,3597,3665,3553.9,3636.8,1227751,Titan
16-05-2025,3654,3655.9,3613.4,3633.7,525064,Titan
19-05-2025,3617,3649.5,3611.4,3617.7,376760,Titan
20-05-2025,3617.7,3620,3575.1,3580.6,811416,Titan
21-05-2025,3570,3623.1,3567.3,3580.5,415016,Titan
22-05-2025,3565,3575,3516.1,3541,709846,Titan
23-05-2025,3531,3606.3,3523,3579.7,416717,Titan
26-05-2025,3576,3640,3570.4,3610.3,525514,Titan
27-05-2025,3615,3639,3562.2,3589.4,1019733,Titan
28-05-2025,3595,3601.6,3545,3574.7,449324,Titan
29-05-2025,3580,3600,3560.1,3588.3,513095,Titan
30-05-2025,3580,3605,3542.1,3555,962944,Titan
02-06-2025,3525.1,3542,3475.9,3525.5,726392,Titan
03-06-2025,3525.5,3580,3503.5,3519.8,676943,Titan
04-06-2025,3506.1,3519.8,3486,3499.8,410354,Titan
05-06-2025,3498.7,3535,3474.2,3504,608651,Titan
06-06-2025,3524,3570.9,3486.2,3559.9,602422,Titan
09-06-2025,3564.8,3580,3521.2,3533.9,540262,Titan
10-06-2025,3545,3545,3506.1,3524.2,561695,Titan
11-06-2025,3525,3549,3505,3541.6,505077,Titan
12-06-2025,3548,3559.8,3445.5,3452.7,811822,Titan
13-06-2025,3409.7,3440.8,3383,3421.9,821750,Titan
16-06-2025,3411,3453.7,3396.2,3438.1,534665,Titan
17-06-2025,3428,3437.6,3395.4,3405.7,1000345,Titan
18-06-2025,3406,3480,3390,3467.8,972739,Titan
19-06-2025,3478.8,3521.6,3467.8,3505.4,1022566,Titan
20-06-2025,3500,3545,3489,3519,2941214,Titan
23-06-2025,3480.2,3528.5,3473,3505.7,643325,Titan
24-06-2025,3523.1,3567,3506.1,3526,968797,Titan
25-06-2025,3550,3665,3550,3652.2,2697912,Titan
26-06-2025,3655,3700.5,3644,3694.7,1620497,Titan
27-06-2025,3700,3709.1,3659.5,3666.2,601285,Titan
30-06-2025,3666.2,3698.5,3652,3690.2,921775,Titan
