Date,Open,High,Low,Close,Volume,Company
03-07-2006,71.5,72,69.6,69.7,3051,Trent
04-07-2006,70.1,70.9,67.8,68.6,3621,Trent
05-07-2006,68.6,70,66.2,68.5,3662,Trent
06-07-2006,69.3,69.9,68,69.3,1373,Trent
07-07-2006,70.8,70.8,65.1,68,1404,Trent
10-07-2006,68,69.5,67.3,68.7,2003,Trent
11-07-2006,68.1,69.5,68,68.5,1001,Trent
12-07-2006,69,69.4,66.2,68.7,1787,Trent
13-07-2006,68.5,68.8,67.3,67.9,842,Trent
14-07-2006,67.5,68,67.3,67.4,370,Trent
17-07-2006,68.8,68.9,67.5,67.5,1168,Trent
18-07-2006,67.6,68.3,67,68.2,583,Trent
19-07-2006,69,69,65,67.9,1212,Trent
20-07-2006,69.1,70.8,67.7,68.2,673,Trent
21-07-2006,68.5,68.5,65.5,65.8,1034,Trent
24-07-2006,65.2,66.6,64.1,66.1,1523,Trent
25-07-2006,66.1,69.9,65.1,68.2,1718,Trent
26-07-2006,69.5,70.2,67.1,69.3,1621,Trent
27-07-2006,70.7,72,68.5,68.9,39494,Trent
28-07-2006,69,69.8,68,68.9,451,Trent
31-07-2006,69.5,69.9,69,69.2,855,Trent
01-08-2006,68.2,71.3,68.2,70.8,2946,Trent
02-08-2006,71.3,73,70.6,72.1,3837,Trent
03-08-2006,73.6,74.7,71.5,72.9,3422,Trent
04-08-2006,72.9,73.2,70.8,71.3,1302,Trent
07-08-2006,73,73.2,71,71.6,868,Trent
08-08-2006,71.7,71.7,70.7,70.9,705,Trent
09-08-2006,72.5,73.2,71.2,72.8,1558,Trent
10-08-2006,72.5,73.5,72.4,73.3,1463,Trent
11-08-2006,73,80.6,72,76.8,6161,Trent
14-08-2006,75,80.5,74,78.1,2359,Trent
16-08-2006,79.5,79.5,78.2,78.8,1965,Trent
17-08-2006,79,79,77,78.2,1296,Trent
18-08-2006,79,79,76.1,77,896,Trent
21-08-2006,74,78.7,74,78.5,1418,Trent
22-08-2006,80,80.8,78.5,79.6,3870,Trent
23-08-2006,80,81,78.2,79.9,3707,Trent
24-08-2006,78.5,84,77,81.1,3431,Trent
25-08-2006,81,82.4,80.5,81.7,3107,Trent
28-08-2006,82,82.8,81,82.3,863,Trent
29-08-2006,82.5,83.2,80.3,82.2,2653,Trent
30-08-2006,81.5,82.8,81,81.8,1458,Trent
31-08-2006,80.2,84.1,80.2,83.5,2589,Trent
01-09-2006,82.9,89,82.9,84,4275,Trent
04-09-2006,83.6,85,83,83.4,1170,Trent
05-09-2006,83.5,89.4,82,86.4,4914,Trent
06-09-2006,86.5,88,84.5,85.4,2598,Trent
07-09-2006,83.7,87,83.6,86.5,1427,Trent
08-09-2006,86,89,85.1,87.8,4424,Trent
11-09-2006,88.9,88.9,85.5,87.9,8000,Trent
12-09-2006,83.6,91,83.6,89.8,4533,Trent
13-09-2006,88.5,92,87.2,88.3,2811,Trent
14-09-2006,90,90,87,89.1,4156,Trent
15-09-2006,83.8,90,83.8,89.9,3034,Trent
18-09-2006,88.6,92,88,91,4841,Trent
19-09-2006,90.2,92,88.6,90.9,5169,Trent
20-09-2006,90,91.5,88.9,89.4,1241,Trent
21-09-2006,90,90,87.5,89.7,7416,Trent
22-09-2006,89,90,86.5,87.1,1662,Trent
25-09-2006,88.5,88.5,86,86.7,2253,Trent
26-09-2006,87,87,85.2,85.3,1623,Trent
27-09-2006,86.5,86.5,85.1,85.5,1371,Trent
28-09-2006,86,89,82,87.6,2810,Trent
29-09-2006,87,90,85.1,88.4,2150,Trent
03-10-2006,93.6,93.6,84.8,87.9,488,Trent
04-10-2006,87.5,89.7,85.5,86.2,809,Trent
05-10-2006,86,91.5,86,89.5,4679,Trent
06-10-2006,87.3,89,87,87.4,502,Trent
09-10-2006,86.4,87.8,85.6,86.3,1295,Trent
10-10-2006,86.6,87,85.8,86,747,Trent
11-10-2006,92,92,87,88.3,68574,Trent
12-10-2006,90.8,90.8,83,89.2,3656,Trent
13-10-2006,86.7,89.6,86.7,87.5,2333,Trent
16-10-2006,89.5,90,87.6,88,2140,Trent
17-10-2006,87,88.5,86.6,88,1505,Trent
18-10-2006,89,89.5,87.8,87.9,3393,Trent
19-10-2006,86,89,85.1,87.8,4087,Trent
20-10-2006,86.2,90,86.2,89.5,4067,Trent
23-10-2006,87.3,87.7,86.1,86.4,2465,Trent
26-10-2006,83.2,88.4,83.2,86.2,1077,Trent
27-10-2006,84.3,87.8,84.3,86,689,Trent
30-10-2006,88,88,85,85.4,1587,Trent
31-10-2006,87.2,87.2,84.1,85,1829,Trent
01-11-2006,85.5,85.5,83.7,84,7054,Trent
02-11-2006,83.9,85,83.8,84,1678,Trent
03-11-2006,75.6,85,75.6,84,1395,Trent
06-11-2006,84,84.6,81.5,82.8,2513,Trent
07-11-2006,83.2,86.8,82.8,85,2043,Trent
08-11-2006,84.5,86.3,84.5,86.1,3364,Trent
09-11-2006,85.5,86.4,84.8,86,2336,Trent
10-11-2006,87,87,85.5,86.2,3736,Trent
13-11-2006,85.5,86.5,85.5,86.3,1666,Trent
14-11-2006,86.4,87.6,82.5,86,4945,Trent
15-11-2006,86.4,87.4,86,86.6,1435,Trent
16-11-2006,86.5,88.5,86.1,87.8,39882,Trent
17-11-2006,83.8,87.9,83.7,87,1746,Trent
20-11-2006,85.5,86.5,85.5,86.2,1381,Trent
21-11-2006,86,87,85.7,86.7,19135,Trent
22-11-2006,86.2,87.2,86.1,87,2149,Trent
23-11-2006,87,87.2,84.7,87,4113,Trent
24-11-2006,87.2,87.2,84.8,85.2,538,Trent
27-11-2006,88.6,88.6,85,88.1,4352,Trent
28-11-2006,86.4,87,84,86.4,6877,Trent
29-11-2006,87,88.3,86.3,88.1,2973,Trent
30-11-2006,87.5,89.7,87.5,89.1,3822,Trent
01-12-2006,86.5,89.7,86.5,87,1680,Trent
04-12-2006,87.5,87.9,86.1,87,19243,Trent
05-12-2006,86.1,87,86,86.3,2737,Trent
06-12-2006,88,88,86,87,5097,Trent
07-12-2006,87.7,87.7,86.2,86.4,3686,Trent
08-12-2006,86.1,91.5,86.1,88.6,7074,Trent
11-12-2006,88.5,89.5,86.1,86.7,1293,Trent
12-12-2006,85,88.6,80.3,84.2,25658,Trent
13-12-2006,82.5,85.1,82.5,84.8,2068,Trent
14-12-2006,85.8,86.9,84.7,85.1,11137,Trent
15-12-2006,87.1,87.6,84.5,84.8,1123,Trent
18-12-2006,87,90,85.7,88.7,5954,Trent
19-12-2006,84.1,87.9,84.1,86.5,2571,Trent
20-12-2006,82.5,88.9,82.5,84.9,532,Trent
21-12-2006,84.5,86,84.5,84.9,734,Trent
22-12-2006,85,86.9,84.7,85,1389,Trent
26-12-2006,87.1,87.5,85.5,85.9,955,Trent
27-12-2006,87.7,88.3,86.4,87.8,4849,Trent
28-12-2006,88.6,89.4,88,88.8,3208,Trent
29-12-2006,90,90.5,87.9,88.6,6586,Trent
02-01-2007,90,90,87,87.2,846,Trent
03-01-2007,89.3,89.3,85,86.7,3313,Trent
04-01-2007,87.5,89.5,87,88.3,80546,Trent
05-01-2007,85.5,88.8,85.5,87.2,1975,Trent
08-01-2007,88.6,88.6,87.5,88.1,923,Trent
09-01-2007,89,89.1,86.1,86.9,775,Trent
10-01-2007,87.5,88.5,84.5,85.4,2680,Trent
11-01-2007,87,87,84.5,85.1,1864,Trent
12-01-2007,86.8,87.5,85.5,87.3,3495,Trent
15-01-2007,87.8,87.8,86.3,86.6,1320,Trent
16-01-2007,87.5,87.5,84.5,84.6,13971,Trent
17-01-2007,87.5,89.8,84.6,84.9,9526,Trent
18-01-2007,88.6,88.6,84.5,85.1,1766,Trent
19-01-2007,86.5,86.5,82,82.7,15437,Trent
22-01-2007,83.4,84,80.5,81.2,4531,Trent
23-01-2007,81.5,82.4,80,80.4,18267,Trent
24-01-2007,81.4,82,80.1,81.3,2382,Trent
25-01-2007,81,82.5,79.5,80.7,1925,Trent
29-01-2007,81.1,81.1,79.6,80.4,16751,Trent
31-01-2007,81.3,81.9,80.9,81.1,4233,Trent
01-02-2007,81.2,85.1,80.5,82,8273,Trent
02-02-2007,78.1,82,78.1,80.5,3212,Trent
05-02-2007,82.4,82.5,80.5,81.3,3372,Trent
06-02-2007,81.4,81.5,80,81,8508,Trent
07-02-2007,81,81,79.5,79.7,8112,Trent
08-02-2007,80,80.4,78.3,79.6,4728,Trent
09-02-2007,79.9,80,79,79.4,3461,Trent
12-02-2007,79.5,80,76,78,60804,Trent
13-02-2007,75.6,78.8,75.5,77.1,1790,Trent
14-02-2007,75.5,77.3,72.1,75.5,3206,Trent
15-02-2007,76,78,75,75,85697,Trent
19-02-2007,79,79,76,76.3,4786,Trent
20-02-2007,76.5,76.5,73,75,22175,Trent
21-02-2007,77.9,77.9,75,76.3,2513,Trent
22-02-2007,76.2,77.5,74.9,75,12509,Trent
23-02-2007,76,76,74.5,75,3462,Trent
26-02-2007,82,82,72.5,73.1,10620,Trent
27-02-2007,74.4,75.5,72.6,75,4464,Trent
28-02-2007,73.5,76,72.5,73.1,3889,Trent
01-03-2007,74.5,74.5,72.5,73.2,3897,Trent
02-03-2007,79,79,70.5,72.6,3005,Trent
05-03-2007,75,75,69.5,70.1,4097,Trent
06-03-2007,70.4,72.8,69,70.4,3937,Trent
07-03-2007,70,70.9,66,68.3,127449,Trent
08-03-2007,68,68.4,66,66.5,6568,Trent
09-03-2007,67,67.8,67,67.5,1962,Trent
12-03-2007,67.9,68.2,66,66.9,1416,Trent
13-03-2007,63.1,69.9,63.1,68.7,2452,Trent
14-03-2007,64.1,68.2,64,66.1,7165,Trent
15-03-2007,67.5,67.5,66.5,66.9,2134,Trent
16-03-2007,67.7,67.7,65.2,66,3147,Trent
19-03-2007,68.2,69,66.4,66.9,544,Trent
20-03-2007,67.7,68.2,66.5,67.6,1225,Trent
21-03-2007,66.8,68.7,66.8,68.3,498,Trent
22-03-2007,68.8,69.4,68,68.6,2341,Trent
23-03-2007,68.1,69,68.1,68.6,635,Trent
26-03-2007,66.1,69.9,66.1,68.3,1857,Trent
28-03-2007,66.5,68.3,66.2,68,3371,Trent
29-03-2007,67.8,68.4,67.6,68,13940,Trent
30-03-2007,68,68.9,68,68.3,2618,Trent
02-04-2007,68.9,68.9,67.2,67.5,1760,Trent
03-04-2007,68,68.5,67.5,68,999,Trent
04-04-2007,68.1,69.9,67.6,68.2,51819,Trent
05-04-2007,69.1,72,68.5,70.3,885,Trent
09-04-2007,72.5,72.5,69,70.7,8732,Trent
10-04-2007,70.6,72.5,70.6,71.3,3168,Trent
11-04-2007,72.5,72.8,69,72.5,3327,Trent
12-04-2007,72.3,72.3,70.5,71.4,540,Trent
13-04-2007,70.7,71.5,70.3,71,1685,Trent
16-04-2007,71.5,73,71.5,72.6,3106,Trent
17-04-2007,73,74,71.1,71.8,1316,Trent
18-04-2007,71.9,72,71.3,71.5,2503,Trent
19-04-2007,71.2,72.5,70.5,71.6,2210,Trent
20-04-2007,71.5,73.4,70.5,72.6,1730,Trent
23-04-2007,71.5,72.9,71.5,71.6,52532,Trent
24-04-2007,72.2,72.5,70.5,71.5,2325,Trent
25-04-2007,71.5,72.5,71.5,72.1,690,Trent
26-04-2007,72.9,73.4,72.1,72.6,1334,Trent
27-04-2007,71.6,72.5,71.6,71.7,577,Trent
30-04-2007,71.5,72.9,70.5,72.2,7436,Trent
03-05-2007,73,76.3,73,74.9,8337,Trent
04-05-2007,74.3,74.8,73,73.3,1995,Trent
07-05-2007,73.5,80,73.5,75.1,6572,Trent
08-05-2007,72,72,69,70,11631,Trent
09-05-2007,70.1,71.6,70,71.3,6875,Trent
10-05-2007,71.7,72,71.3,71.4,1987,Trent
11-05-2007,71.5,71.9,71,71.6,822,Trent
14-05-2007,72.9,73,70.9,71.2,1860,Trent
15-05-2007,71.4,75,70.8,73.1,2817,Trent
16-05-2007,79.8,79.8,73,74.9,2515,Trent
17-05-2007,76.9,76.9,73.7,74.5,2976,Trent
18-05-2007,74.5,74.9,73,73.9,2051,Trent
21-05-2007,74.5,74.7,71.3,73,27625,Trent
22-05-2007,72,72.9,71,71.2,2490,Trent
23-05-2007,75.4,75.4,70.1,71.6,4740,Trent
24-05-2007,73,73,71,72.2,1191,Trent
25-05-2007,70.1,73,70.1,72.3,3501,Trent
28-05-2007,71.1,72.5,71.1,72.3,1952,Trent
29-05-2007,72.3,73,71.6,72.4,2542,Trent
30-05-2007,73.1,73.1,71.5,71.7,2303,Trent
31-05-2007,72,72.4,70.6,71,4782,Trent
01-06-2007,70.7,72,70,70.5,1451,Trent
04-06-2007,70.4,72,70.3,71.1,2828,Trent
05-06-2007,71.8,71.8,70.1,70.6,1573,Trent
06-06-2007,71,71,70.3,70.7,2510,Trent
07-06-2007,70.8,70.8,69.4,70,3230,Trent
08-06-2007,70,70.9,68.8,69.1,3437,Trent
11-06-2007,70.7,71,69,69.1,852,Trent
12-06-2007,69,69.5,67.6,67.7,2618,Trent
13-06-2007,67.9,72.5,67.1,67.3,2155,Trent
14-06-2007,67.2,70,67,69.7,1312,Trent
15-06-2007,77.1,77.1,65.7,67.1,5578,Trent
18-06-2007,69.5,75,66.7,67.3,2864,Trent
19-06-2007,67.7,68.2,66.2,67.1,2756,Trent
20-06-2007,67.5,68,66.2,66.4,1731,Trent
21-06-2007,67,68.5,66,67.4,3947,Trent
22-06-2007,66.7,68,66.7,67.5,730,Trent
25-06-2007,67.5,69,66.8,68.7,1995,Trent
26-06-2007,67.8,71.4,67.8,70.1,88697,Trent
27-06-2007,71,71.5,70.1,70.6,3773,Trent
28-06-2007,70.2,72.5,70.1,72.4,4270,Trent
29-06-2007,72.5,73,70.7,71.7,14157,Trent
02-07-2007,71.1,71.5,69.1,69.9,1683,Trent
03-07-2007,70.2,71.5,69.5,70.5,16986,Trent
04-07-2007,70.7,72.9,70,70.1,13793,Trent
05-07-2007,71.2,71.2,70,70.2,4565,Trent
06-07-2007,71,72.5,70.2,72.1,8462,Trent
09-07-2007,72,73.5,71.6,73.3,11707,Trent
10-07-2007,73.5,73.9,72.1,73.1,7321,Trent
11-07-2007,73.7,73.7,72.5,73.2,2767,Trent
12-07-2007,73,79,72.6,74.6,27334,Trent
13-07-2007,74.7,75,73.5,73.9,4356,Trent
16-07-2007,72.3,73.7,72.3,73,1593,Trent
17-07-2007,73,74.3,72.1,73.1,6446,Trent
18-07-2007,73,73.4,72.5,72.7,5706,Trent
19-07-2007,73,74.5,72.6,73.2,2252,Trent
20-07-2007,72.3,73.4,72.1,72.7,20793,Trent
23-07-2007,71.5,73.1,71,72.9,4663,Trent
24-07-2007,71.8,73,71.8,72.4,7334,Trent
25-07-2007,72,72.5,71.5,71.7,5723,Trent
26-07-2007,71.6,72.2,71.5,71.7,3540,Trent
27-07-2007,70.5,71.3,70,70.5,3323,Trent
30-07-2007,70.1,71.2,70.1,70.5,11663,Trent
31-07-2007,74.8,74.8,69,69.3,8831,Trent
01-08-2007,69.7,69.7,67.6,68,6480,Trent
02-08-2007,68,69.5,67.5,67.8,4424,Trent
03-08-2007,67.6,70,67.5,69,4062,Trent
06-08-2007,67.5,69,67.5,68.8,2906,Trent
07-08-2007,68.9,69.5,68.3,68.5,808,Trent
08-08-2007,68.5,69.7,67.8,68.5,16442,Trent
09-08-2007,68.5,69.2,65.5,66.2,4980,Trent
10-08-2007,65,67.2,65,65.6,3543,Trent
13-08-2007,67,69.8,65.8,66.2,3840,Trent
14-08-2007,67,70,66.8,68.1,431859,Trent
16-08-2007,67,68.5,65.6,67.4,41458,Trent
17-08-2007,67,67.8,66,66,9773,Trent
20-08-2007,67,67,64.1,64.9,6553,Trent
21-08-2007,65,65.5,63.5,64,3775,Trent
22-08-2007,64,66,64,65.2,2745,Trent
23-08-2007,65,67,60.8,63.2,3833,Trent
24-08-2007,63.2,64.5,62.2,62.8,4560,Trent
27-08-2007,63,64.2,62.5,62.9,5785,Trent
28-08-2007,63.1,66.2,63,65.2,6367,Trent
29-08-2007,65,67.2,64.2,65.9,4188,Trent
30-08-2007,66,67.2,66,66.6,7834,Trent
31-08-2007,67.9,70,66.1,67.7,5933,Trent
03-09-2007,67.2,68.4,66.6,66.8,1286,Trent
04-09-2007,66.7,70.5,66.4,67,3903,Trent
05-09-2007,66.3,68.3,65.6,66.1,2497,Trent
06-09-2007,65.9,66.5,65.1,65.4,1169,Trent
07-09-2007,65.6,66,63.5,64,4393,Trent
10-09-2007,65.5,65.5,62.2,62.4,11514,Trent
11-09-2007,64.5,64.5,62,62.2,7899,Trent
12-09-2007,63.3,63.3,60,60.4,11237,Trent
13-09-2007,61,62,60.1,60.2,7551,Trent
14-09-2007,61.5,62.4,60.7,62,10819,Trent
17-09-2007,65.5,65.5,61,61.7,7858,Trent
18-09-2007,62.5,64.8,61.5,63.2,66913,Trent
19-09-2007,65,66.5,63.8,64.2,32002,Trent
20-09-2007,65.5,65.5,61.5,62,14244,Trent
21-09-2007,62.2,63,61.4,61.7,7506,Trent
24-09-2007,62.2,62.2,59.5,60,26175,Trent
25-09-2007,59,60.2,57.9,58.3,36170,Trent
26-09-2007,60,60,57.1,57.4,39979,Trent
27-09-2007,58.5,58.5,57,57.1,42085,Trent
28-09-2007,57.6,57.6,56.3,56.6,107402,Trent
01-10-2007,57,57,56,56.7,36085,Trent
03-10-2007,57.5,61.5,55.8,56.7,49447,Trent
04-10-2007,56.8,58.5,56.1,57.7,130326,Trent
05-10-2007,58,58.5,56.3,57.1,65423,Trent
08-10-2007,57.1,57.4,54.8,55,18105,Trent
09-10-2007,55,56,54.5,55.3,44004,Trent
10-10-2007,55.6,56.9,53.5,54.1,22579,Trent
11-10-2007,54.2,54.5,53.5,53.7,10419,Trent
12-10-2007,54,54,52.1,52.2,12650,Trent
15-10-2007,52.5,54.4,52.5,53.4,48579,Trent
16-10-2007,53.2,54,52.5,53,123278,Trent
17-10-2007,52.5,55.9,50.1,52.5,58558,Trent
18-10-2007,54.9,59.9,49.2,50.5,155146,Trent
19-10-2007,50.6,52.4,48.4,48.8,41438,Trent
22-10-2007,47.6,49.5,47.5,48.3,15711,Trent
23-10-2007,48.5,50.7,48.5,49.2,19245,Trent
24-10-2007,49.6,50,49,49.4,15052,Trent
25-10-2007,49.8,49.8,48.5,48.6,11890,Trent
26-10-2007,48.5,49,48.3,48.6,25886,Trent
29-10-2007,54,54,48.3,48.7,30899,Trent
30-10-2007,52,52,48.2,48.5,24671,Trent
31-10-2007,48.8,54.2,48.3,50.8,176009,Trent
01-11-2007,51.2,52,50,50.9,37362,Trent
02-11-2007,49.5,51.6,49,50.9,32190,Trent
05-11-2007,48.7,51.9,48.7,50.1,26900,Trent
06-11-2007,50.7,50.7,49,49.3,9893,Trent
07-11-2007,50.3,51.4,49.8,51,120151,Trent
08-11-2007,50.1,50.9,50,50.2,5707,Trent
09-11-2007,50.1,51,50.1,50.5,2404,Trent
12-11-2007,50,51,49.3,50.5,16626,Trent
13-11-2007,50.5,51.2,50.1,50.5,6953,Trent
14-11-2007,51,51.9,51,51.2,8909,Trent
15-11-2007,51.5,54.1,51.3,53.4,16720,Trent
16-11-2007,52.8,58.7,52.8,54.3,26408,Trent
19-11-2007,56.5,56.8,55.1,56.6,23646,Trent
20-11-2007,56.6,57.5,54.8,54.8,12878,Trent
21-11-2007,54.1,55,52.1,53.1,12309,Trent
22-11-2007,52,53.7,51.5,52.9,10560,Trent
23-11-2007,54.2,54.2,52.7,53.4,8363,Trent
26-11-2007,53.4,53.7,51.5,53.5,2888,Trent
27-11-2007,52.8,53.4,52.5,52.5,5993,Trent
28-11-2007,53,53.7,51.6,52,6113,Trent
29-11-2007,53,53.2,52.1,52.3,8110,Trent
30-11-2007,52.6,53.2,52.5,52.7,4147,Trent
03-12-2007,52.6,54,52.6,53.4,7624,Trent
04-12-2007,53.5,54.8,53.2,54.4,8747,Trent
05-12-2007,54.9,57.8,54,56.8,26462,Trent
06-12-2007,57.1,60.4,56.6,57.8,59233,Trent
07-12-2007,57.9,58,55.8,56.6,13458,Trent
10-12-2007,56.1,58,55.8,57.5,9358,Trent
11-12-2007,57.8,62,57.8,60.2,45595,Trent
12-12-2007,59.3,60.8,59.3,60.5,10700,Trent
13-12-2007,61,61.5,59.5,60.1,15274,Trent
14-12-2007,60.5,63,60,61.8,42124,Trent
17-12-2007,61.9,63,61.2,61.9,39713,Trent
19-12-2007,62.8,64,62.2,63,115092,Trent
20-12-2007,64,70,63,66.2,28328,Trent
24-12-2007,70.6,79.3,67.7,78.2,198765,Trent
26-12-2007,78.2,82.8,75.6,79.1,215925,Trent
27-12-2007,79.9,82,77.7,79.1,55471,Trent
28-12-2007,78.8,79.7,76,76.9,23243,Trent
31-12-2007,78.5,80.5,75,78.3,27570,Trent
01-01-2008,80.2,82,76,77,49834,Trent
02-01-2008,78.8,78.8,74.2,76.1,18934,Trent
03-01-2008,77.5,77.5,73,73.4,14029,Trent
04-01-2008,74,74.8,70.2,70.8,19803,Trent
07-01-2008,71.5,74.1,70,71.5,31958,Trent
08-01-2008,73,73,67.7,69.5,23324,Trent
09-01-2008,68.8,70.5,67.5,69.9,19091,Trent
10-01-2008,70.4,71.8,65.2,66.7,11806,Trent
11-01-2008,65.2,68,65,66.2,10155,Trent
14-01-2008,66.6,67,65,65.9,8845,Trent
15-01-2008,65,67,65,65.2,5245,Trent
16-01-2008,65,67.1,64,66.6,8720,Trent
17-01-2008,68,69.2,65.8,68.2,14047,Trent
18-01-2008,69.3,69.3,62.7,64.1,7087,Trent
21-01-2008,61.8,63.8,55,59.1,23083,Trent
22-01-2008,55.5,59,52.5,55.4,81263,Trent
23-01-2008,58,61.4,57.5,60,8856,Trent
24-01-2008,57.6,61.5,57.6,59.3,22569,Trent
25-01-2008,60,61.9,60,60.8,4441,Trent
28-01-2008,60,60.5,57.5,60.3,7092,Trent
29-01-2008,61,61,60,60,6214,Trent
30-01-2008,58.5,61,58,58.7,24676,Trent
31-01-2008,59.2,60.3,59,59.7,28295,Trent
01-02-2008,60,60,57.7,58.8,5669,Trent
04-02-2008,59.9,60,58,58.6,3946,Trent
05-02-2008,59.9,59.9,57.7,58.4,3994,Trent
06-02-2008,57.8,58.5,56.5,57,11630,Trent
07-02-2008,58,58,55.1,55.4,4206,Trent
08-02-2008,56.2,56.9,55.1,55.4,1153,Trent
11-02-2008,55,56,52.5,53.6,13060,Trent
12-02-2008,55.5,55.5,52,53.3,4986,Trent
13-02-2008,53.6,54.3,53.3,54,3115,Trent
14-02-2008,53.5,56.1,53.5,55.9,12839,Trent
15-02-2008,55.1,55.5,55,55.3,1985,Trent
18-02-2008,55.9,57.8,55.5,56,7576,Trent
19-02-2008,56.9,57.5,56.1,56.4,7809,Trent
20-02-2008,56.2,57,55.5,55.6,11021,Trent
21-02-2008,56.5,56.9,55.5,55.7,2727,Trent
22-02-2008,56,62.4,55.1,55.5,2918,Trent
25-02-2008,56.5,56.5,55.5,55.8,1975,Trent
26-02-2008,57,57,55.2,55.5,14318,Trent
27-02-2008,55.2,56.5,55.2,55.8,73009,Trent
28-02-2008,56.2,56.8,56,56.5,2756,Trent
29-02-2008,56,57,56,56.9,3003,Trent
03-03-2008,55.5,56,53.3,54.7,5077,Trent
04-03-2008,55,55,53.3,53.5,6397,Trent
05-03-2008,55.6,55.6,53.3,54,4199,Trent
07-03-2008,52.5,54.1,52.5,53.3,11421,Trent
10-03-2008,53,53.5,52.1,53.1,6193,Trent
11-03-2008,53.3,56.5,53.3,55.5,9246,Trent
12-03-2008,56.8,59.9,55,57.3,4754,Trent
13-03-2008,55,57,53.3,53.4,13365,Trent
14-03-2008,56,56,53.5,54.2,3918,Trent
17-03-2008,52.5,54,52.5,53.1,13450,Trent
18-03-2008,52.5,54.5,52.5,53.3,6824,Trent
19-03-2008,52.5,55.4,52.5,53.1,18646,Trent
24-03-2008,52.7,54.5,50.5,51.1,8025,Trent
25-03-2008,51.2,53,51.2,51.7,3190,Trent
26-03-2008,51,53.7,50.8,51.3,1451,Trent
27-03-2008,49.1,51.2,49.1,50.8,3471,Trent
28-03-2008,51.9,52,50.7,51.9,7401,Trent
31-03-2008,51.8,53.9,51,52.1,12480,Trent
01-04-2008,53.3,53.5,51.2,52.3,752,Trent
02-04-2008,53,54,52.5,52.5,728,Trent
03-04-2008,52.2,53.3,51.6,51.8,883,Trent
04-04-2008,50.2,53,49.2,49.7,8283,Trent
07-04-2008,50.6,50.6,49.7,49.9,2118,Trent
08-04-2008,50.3,51.4,49.8,50,5825,Trent
09-04-2008,50,50.5,49.3,49.9,14774,Trent
10-04-2008,50,50,49.3,50,1999,Trent
11-04-2008,50,50,49.2,50,3506,Trent
15-04-2008,51.2,51.2,49.3,50.7,915,Trent
16-04-2008,51,51.9,50,51.1,2541,Trent
17-04-2008,52.2,53.4,51.3,52.5,1801,Trent
21-04-2008,46.2,54.4,46.2,53.1,1660,Trent
22-04-2008,56,56.2,53.6,54,4271,Trent
23-04-2008,54,54,53.4,53.7,1663,Trent
24-04-2008,56.2,56.2,53.1,53.4,1658,Trent
25-04-2008,53.4,53.9,53.3,53.7,1082,Trent
28-04-2008,54.1,54.1,53.5,53.6,4197,Trent
29-04-2008,46.5,55.9,46.4,53.5,1046,Trent
30-04-2008,50.6,54,50.6,52.8,17977,Trent
02-05-2008,53.5,54,52.7,53.5,37428,Trent
05-05-2008,53,55,53,54.2,1784,Trent
06-05-2008,53.4,54.3,53.3,53.5,1679,Trent
07-05-2008,54.6,56,53.5,53.8,2144,Trent
08-05-2008,53.3,53.8,52.6,53.2,826,Trent
09-05-2008,53.9,53.9,52.6,52.7,1034,Trent
12-05-2008,52.7,61,52.7,53.8,5653,Trent
13-05-2008,54.7,55.2,53.8,54.1,3706,Trent
14-05-2008,53,53.9,52.3,53,1285,Trent
15-05-2008,53,53.4,52.4,52.7,1914,Trent
16-05-2008,53.4,53.4,51.8,52,2756,Trent
20-05-2008,51.8,52.5,51.6,52.3,5462,Trent
21-05-2008,51,53,51,52,1074,Trent
22-05-2008,51.6,52.5,51.6,51.9,438,Trent
23-05-2008,51.9,52.5,50.3,50.8,2317,Trent
26-05-2008,50,51.2,47.6,50.2,2883,Trent
27-05-2008,52.3,52.3,49.5,49.8,778,Trent
28-05-2008,50.3,50.5,50,50.3,2825,Trent
29-05-2008,54.4,54.4,50.2,51.4,1789,Trent
30-05-2008,51.5,51.8,50.6,51.7,56148,Trent
02-06-2008,50.2,51.9,50.2,50.8,877,Trent
03-06-2008,49.7,50.5,49.5,50,1646,Trent
04-06-2008,51.7,51.7,49.3,50,3716,Trent
05-06-2008,49.6,49.9,49,49.4,2358,Trent
06-06-2008,49,50.4,49,49.2,1126,Trent
09-06-2008,48.5,49,47.4,47.6,2566,Trent
10-06-2008,47.6,49.3,47,47.3,2573,Trent
11-06-2008,49,52.9,48.2,48.4,1407,Trent
12-06-2008,48.1,48.9,47.5,48.1,1459,Trent
13-06-2008,45.5,49.3,45.5,48,649,Trent
16-06-2008,47.7,49.7,47.6,48.1,1414,Trent
17-06-2008,48.2,50.4,47.6,49.3,2340,Trent
18-06-2008,48.4,50.4,48.4,49.5,2360,Trent
19-06-2008,48,54.9,48,51.9,11640,Trent
20-06-2008,50.4,52.4,50,50,5420,Trent
23-06-2008,49.5,55,48.1,48.7,1551,Trent
24-06-2008,48.8,50,47.5,47.8,1377,Trent
25-06-2008,45.1,47.5,45.1,47.1,1633,Trent
26-06-2008,47,48,47,47,2079,Trent
27-06-2008,47,48.1,47,47.6,5374,Trent
30-06-2008,47.5,47.8,45.8,47.2,11621,Trent
01-07-2008,47.6,47.6,44,44.5,2852,Trent
02-07-2008,46.8,46.8,42.1,43.4,3001,Trent
03-07-2008,43.2,45.5,43.2,43.7,1258,Trent
04-07-2008,42.3,44,42.3,43.5,1197,Trent
07-07-2008,43.9,45.9,43.8,45.5,2216,Trent
08-07-2008,46,46,44.7,45,99498,Trent
09-07-2008,45.1,47.7,45.1,46.3,1260,Trent
10-07-2008,47.2,47.4,46.5,46.7,52351,Trent
11-07-2008,47.1,47.9,46.8,47,77139,Trent
14-07-2008,48.3,48.4,46.3,46.7,1039,Trent
15-07-2008,45.3,47,45.3,45.9,636,Trent
16-07-2008,45.4,46.5,45,45,1383,Trent
17-07-2008,46,49,45.3,48.2,3115,Trent
18-07-2008,45,49.5,45,48.2,952,Trent
21-07-2008,47.5,48.8,46.8,47.7,1143,Trent
22-07-2008,46.6,49.4,46.6,49,1554,Trent
23-07-2008,48.5,50,48.5,49.4,16733,Trent
24-07-2008,47.5,51.4,47.5,49.1,553,Trent
25-07-2008,47.6,49.3,47,47.5,3021,Trent
28-07-2008,46.6,50,46.6,47.9,1228,Trent
29-07-2008,47.1,48,47.1,47.3,7105,Trent
30-07-2008,48,48,47.4,47.5,834,Trent
31-07-2008,47.3,47.8,47.3,47.8,12269,Trent
01-08-2008,47,48.4,47,48,1107,Trent
04-08-2008,48.2,49.4,48,48.4,538,Trent
05-08-2008,49,49,47.8,48.7,1375,Trent
06-08-2008,48.8,49.5,48.7,48.7,1228,Trent
07-08-2008,49,50.5,49,50,27697,Trent
08-08-2008,50,50,49.1,49.7,642,Trent
11-08-2008,49.5,50,48.7,49.9,3213,Trent
12-08-2008,49.5,58.5,49.2,54.5,276904,Trent
13-08-2008,51.3,56.4,51.3,53.7,79835,Trent
14-08-2008,53.6,53.6,52,52.2,14159,Trent
18-08-2008,52.5,52.8,50.8,51.3,6178,Trent
19-08-2008,51.3,52,50.5,51.1,6516,Trent
20-08-2008,52.1,52.8,50.3,51.4,6293,Trent
21-08-2008,50.9,51.7,50.6,50.9,3597,Trent
22-08-2008,49.9,52.3,48.6,51.8,5799,Trent
25-08-2008,51.5,52.3,50.2,51.2,3777,Trent
26-08-2008,51.3,51.6,50.5,50.8,1526,Trent
27-08-2008,51.3,52.2,50.7,52,4298,Trent
28-08-2008,52.1,52.5,50.9,51.1,2633,Trent
29-08-2008,52,52,51.1,51.2,2793,Trent
01-09-2008,51.5,52,51.3,51.6,3656,Trent
02-09-2008,51.8,52,51.1,51.6,1860,Trent
04-09-2008,51.8,52.5,51.6,52.1,1572,Trent
05-09-2008,51.6,52.2,50.7,52,1953,Trent
08-09-2008,51.8,52.1,51.7,51.8,1152,Trent
09-09-2008,50.5,52.3,50.5,51.3,1598,Trent
10-09-2008,52,52.8,50.8,51.1,51923,Trent
11-09-2008,51.5,51.7,50.1,50.4,1983,Trent
12-09-2008,51,51.3,50.5,50.7,1458,Trent
15-09-2008,48.8,50,48.1,48.3,2806,Trent
16-09-2008,48.5,49.5,46.4,48.8,2564,Trent
17-09-2008,48.1,50.5,48.1,49.6,3395,Trent
18-09-2008,46,49.5,45,49.2,1862,Trent
19-09-2008,48.7,50.5,48.5,48.6,23388,Trent
22-09-2008,52,52.8,48.5,48.6,2389,Trent
23-09-2008,48.9,48.9,47.3,48.2,2226,Trent
24-09-2008,48.5,49.2,48.5,48.8,778,Trent
25-09-2008,47.7,48.8,47.7,48,526,Trent
26-09-2008,51,51,47.7,47.9,2569,Trent
29-09-2008,47.5,47.9,45.5,45.8,2542,Trent
30-09-2008,42,45.5,42,44.6,3683,Trent
01-10-2008,45.1,46.5,45.1,45.6,820,Trent
03-10-2008,45.6,50.5,45,45.5,1324,Trent
06-10-2008,43.5,45.3,43,44.4,6932,Trent
07-10-2008,44.9,44.9,42.8,43.4,1938,Trent
08-10-2008,41.5,42.6,38.8,39.7,8046,Trent
10-10-2008,35,40,32.6,37.4,1508,Trent
13-10-2008,38,39.9,37.1,37.5,2645,Trent
14-10-2008,38.5,41,38.1,40,3297,Trent
15-10-2008,40.4,40.6,38,38.2,43072,Trent
16-10-2008,34.5,36.6,34.5,36.5,10113,Trent
17-10-2008,37.2,37.2,35.9,36.1,2533,Trent
20-10-2008,40.4,41.1,35.3,37.7,9813,Trent
21-10-2008,36.1,39.6,36.1,38.5,85699,Trent
22-10-2008,38.2,39,36.8,37.6,2079,Trent
23-10-2008,36.7,36.9,32.1,32.4,28575,Trent
24-10-2008,36,36,31.6,31.9,11388,Trent
27-10-2008,37,37,28,29.7,4357,Trent
29-10-2008,29.2,31.8,29.2,29.8,1135,Trent
31-10-2008,30.5,32.5,30,30.3,26983,Trent
03-11-2008,30,31.6,30,30.7,1619,Trent
04-11-2008,30.4,31.4,30,30.8,4137,Trent
05-11-2008,31.5,31.5,30.3,30.6,1254,Trent
06-11-2008,30,31,30,30.4,1070,Trent
07-11-2008,33.2,33.2,29,30.3,864,Trent
10-11-2008,30.4,31.2,30,30.2,2141,Trent
11-11-2008,30.3,30.4,29.8,30.1,2038,Trent
12-11-2008,30,30.9,30,30.1,780,Trent
14-11-2008,29.8,31,29.8,30,1397,Trent
17-11-2008,28.8,30,28.2,29.1,2665,Trent
18-11-2008,27.8,30,27.8,28.7,7028,Trent
19-11-2008,27.4,29.2,23.7,27.1,11481,Trent
21-11-2008,25.2,27,25.2,26.6,1398,Trent
24-11-2008,26.5,29.6,24.8,28,5082,Trent
25-11-2008,26.8,29.7,26.5,26.9,3150,Trent
26-11-2008,26,26.9,26,26.5,4583,Trent
28-11-2008,28.5,28.9,25,25.8,7097,Trent
01-12-2008,25.6,26.8,25.5,25.9,3574,Trent
02-12-2008,25,26.4,25,26,3795,Trent
03-12-2008,25,26.5,25,25.9,92931,Trent
04-12-2008,25.5,26.3,25.4,26,110316,Trent
05-12-2008,24.7,26.2,24.7,25.9,18808,Trent
08-12-2008,26.3,26.3,25.8,26,7474,Trent
10-12-2008,25.5,26.5,25.5,26.1,6955,Trent
11-12-2008,26.1,26.5,25.6,25.9,10102,Trent
12-12-2008,25,27,25,26.6,4739,Trent
15-12-2008,26.1,29.4,26.1,29,4307,Trent
16-12-2008,28.8,30.3,28,29.8,4638,Trent
17-12-2008,29.9,29.9,28.4,29,3659,Trent
18-12-2008,29.4,29.4,28,29,3723,Trent
19-12-2008,29,29.3,28.6,29,3832,Trent
22-12-2008,29,29.5,28.8,29,1626,Trent
23-12-2008,28,29.5,28,29.1,1911,Trent
24-12-2008,31,34.6,30.6,32.5,60237,Trent
26-12-2008,32.9,32.9,31,31.8,9426,Trent
29-12-2008,30.5,32.2,30.5,32.1,2144,Trent
30-12-2008,33,35,31.5,32.3,1535,Trent
31-12-2008,32.7,32.9,32,32.4,1280,Trent
01-01-2009,31.6,33.5,31.6,32.9,2793,Trent
02-01-2009,32.5,33.5,32.5,33.3,98244,Trent
05-01-2009,34,34,32.5,33.3,62541,Trent
06-01-2009,33.5,34.6,33.2,34,114840,Trent
07-01-2009,33,34,33,33.8,2247,Trent
09-01-2009,33.4,33.4,32,32.5,1745,Trent
12-01-2009,32.2,32.5,32.1,32.1,712,Trent
13-01-2009,32.1,33.4,32.1,32.5,875,Trent
14-01-2009,32.1,33.6,32.1,33.4,627,Trent
15-01-2009,32.1,33.9,32.1,33.4,1355,Trent
16-01-2009,32,33.3,32,33,4274,Trent
19-01-2009,32.6,33.5,32.5,32.8,328,Trent
20-01-2009,33,33,32.3,32.7,276,Trent
21-01-2009,33.5,33.5,32.1,33,99155,Trent
22-01-2009,32.3,33.4,30.9,32.1,4504,Trent
23-01-2009,31,32.1,31,31.6,1073,Trent
27-01-2009,31.7,32,30.6,31.5,233,Trent
28-01-2009,31,31.9,30.2,31.6,2042,Trent
30-01-2009,30.8,31.9,30.8,31.5,98301,Trent
02-02-2009,33.5,33.5,31.5,32,27558,Trent
03-02-2009,31,32,30.8,31.1,59939,Trent
04-02-2009,30.8,31.4,30.7,31,13797,Trent
05-02-2009,30.1,31.7,30.1,31,38382,Trent
06-02-2009,30,31.8,30,31,57515,Trent
09-02-2009,30.5,32.5,30.5,31.6,1636,Trent
10-02-2009,30.8,32.4,30.2,30.6,61498,Trent
11-02-2009,30.9,30.9,30,30.4,3304,Trent
12-02-2009,30.1,32.3,30.1,31.1,8205,Trent
13-02-2009,32,32,30.6,31.5,912,Trent
16-02-2009,30.6,32,30.4,30.7,3027,Trent
17-02-2009,30.2,31.7,30.2,31.5,3647,Trent
18-02-2009,30.2,31.5,30.2,31.4,1312,Trent
19-02-2009,30.8,31.4,30.8,31.3,613,Trent
20-02-2009,30.4,31.5,30.3,31.4,2565,Trent
24-02-2009,31,31,30.1,30.5,9993,Trent
25-02-2009,30.5,30.7,30,30.7,1917,Trent
26-02-2009,30.3,30.7,30,30.3,1026,Trent
27-02-2009,32,32,30.4,30.7,1473,Trent
02-03-2009,30,31,30,30.2,50774,Trent
03-03-2009,30,31,30,30.3,1358,Trent
04-03-2009,30.2,30.8,30.1,30.4,881,Trent
05-03-2009,30,30.2,30,30.1,1007,Trent
06-03-2009,30,30.1,29.7,30,2264,Trent
09-03-2009,29.5,30,29.5,29.9,2533,Trent
12-03-2009,30.2,30.2,29.6,30,2035,Trent
13-03-2009,30,30.4,29.7,30,73981,Trent
16-03-2009,30,30,28.5,29.1,24100,Trent
17-03-2009,28.7,29.8,28.5,29.3,18481,Trent
18-03-2009,29.9,30.2,29,29.8,52143,Trent
19-03-2009,30.1,30.1,29.5,29.7,1512,Trent
20-03-2009,29.6,30,29.6,29.8,1590,Trent
23-03-2009,29.4,30.5,29.4,30.4,3758,Trent
24-03-2009,30.1,30.7,30,30.4,1469,Trent
25-03-2009,30.4,30.8,30.1,30.4,1033,Trent
26-03-2009,30.3,31,30.3,30.6,1076,Trent
27-03-2009,31,32.2,30.5,32,11818,Trent
30-03-2009,31.4,32.2,31.2,31.3,1112,Trent
31-03-2009,30.5,33.3,30.3,33.1,1489,Trent
01-04-2009,31.7,33.2,31.7,32.8,485,Trent
02-04-2009,33.7,34.6,32.6,33.2,2009,Trent
06-04-2009,34.3,34.3,32.7,33.2,1999,Trent
08-04-2009,33.2,33.4,32.2,33,528,Trent
09-04-2009,34.8,34.8,32.5,33.2,1746,Trent
13-04-2009,32.9,33.8,32.9,33.2,1343,Trent
15-04-2009,33.3,39,33.3,36.3,22594,Trent
16-04-2009,35.5,37.9,32.7,33.1,3436,Trent
17-04-2009,34.8,34.8,31.8,32.4,2053,Trent
20-04-2009,33.8,34.8,32.7,32.9,1083,Trent
21-04-2009,32.1,33.8,32.1,33.2,895,Trent
22-04-2009,34.1,34.1,33,33,193,Trent
23-04-2009,33.5,33.5,32,32.5,1060,Trent
24-04-2009,32.5,33.4,32.5,32.9,1029,Trent
27-04-2009,33.7,35.4,30.6,31.7,7047,Trent
28-04-2009,31.8,32.6,31.4,31.6,843,Trent
29-04-2009,32.4,32.6,31.8,32,422,Trent
04-05-2009,31.7,33.7,31.7,33.5,1017,Trent
05-05-2009,32.9,33.9,32.9,33.5,1842,Trent
06-05-2009,34.1,34.3,33.4,34,3426,Trent
07-05-2009,33,38.7,33,37.2,26559,Trent
08-05-2009,36.6,39.3,36.2,38.3,5801,Trent
11-05-2009,37.4,38.6,35.7,36.1,1461,Trent
12-05-2009,33.6,36.8,33.6,34.9,2071,Trent
13-05-2009,34.3,35.4,34,35,2977,Trent
14-05-2009,35.7,35.7,34.3,35.1,1147,Trent
15-05-2009,34.5,37,34.5,35,1738,Trent
19-05-2009,38.5,41.5,37.5,39,9218,Trent
20-05-2009,37.5,42.4,37.3,41.7,4810,Trent
21-05-2009,41.7,45.4,41.5,44.2,5885,Trent
22-05-2009,43,48,43,46.1,14096,Trent
25-05-2009,47.1,49.5,47.1,49.1,2239,Trent
26-05-2009,48,49,46.1,46.7,1960,Trent
27-05-2009,49,49,46.4,47.3,2126,Trent
28-05-2009,47,52,47,49.5,4171,Trent
29-05-2009,50,51.4,49.2,50.9,9593,Trent
01-06-2009,48.4,51.8,48.4,50.5,3376,Trent
02-06-2009,54.2,54.2,48.3,50.7,3992,Trent
03-06-2009,54,54,51.1,53.2,3153,Trent
04-06-2009,52,53.5,51.6,52,1567,Trent
05-06-2009,52,52.8,50.5,51.8,2225,Trent
08-06-2009,52.9,52.9,49.7,50.1,2551,Trent
09-06-2009,49.6,50.1,49.2,49.9,1116,Trent
10-06-2009,51,52,50.2,50.5,4341,Trent
11-06-2009,48.4,50.7,48.4,49.2,2018,Trent
12-06-2009,49.2,51.5,49.2,51.1,3294,Trent
15-06-2009,50.9,51.2,49.7,50.4,1575,Trent
16-06-2009,49.1,50.5,49.1,50.2,1376,Trent
17-06-2009,49.8,51,49.1,50,3557,Trent
18-06-2009,50,51,48.6,49.7,81864,Trent
19-06-2009,50.5,50.5,49.3,49.6,2565,Trent
22-06-2009,49.8,49.8,49.1,49.1,1157,Trent
23-06-2009,48,49.2,48,48.2,1554,Trent
24-06-2009,48.1,48.8,47.4,48.5,2835,Trent
25-06-2009,47.8,49.8,47,47.5,2098,Trent
26-06-2009,49,49,46.6,47.5,3867,Trent
29-06-2009,47,48.9,46.3,47.3,746,Trent
30-06-2009,46.4,49,46.4,48.6,5557,Trent
01-07-2009,50,50,48,49.1,1191,Trent
02-07-2009,48.9,49.9,48.2,49.3,4194,Trent
03-07-2009,49.9,49.9,49,49.4,488,Trent
06-07-2009,49,49.6,47.6,48.2,1283,Trent
07-07-2009,48.1,50,48.1,49.6,2157,Trent
08-07-2009,49.7,53.3,48.1,49.6,55098,Trent
09-07-2009,49.8,50.5,49,49.5,4164,Trent
10-07-2009,48.1,50,42.6,49,4444,Trent
13-07-2009,48.2,48.4,46.1,47.2,1883,Trent
14-07-2009,47.9,48.5,47.5,48.1,853,Trent
15-07-2009,48.1,49.6,48.1,49,1838,Trent
16-07-2009,49.1,49.7,48,48.4,1493,Trent
17-07-2009,48.1,49.4,48.1,48.7,1527,Trent
20-07-2009,48.8,51.4,48.6,50.9,5153,Trent
21-07-2009,49.6,50.6,49.5,50.3,921,Trent
22-07-2009,50.3,51.5,49.9,50.6,4442,Trent
23-07-2009,50,51.2,49.6,50,3532,Trent
24-07-2009,48.7,50.4,48.7,50.1,1731,Trent
27-07-2009,50,50.4,49,50,3847,Trent
28-07-2009,49.5,51,49.5,50.1,5198,Trent
29-07-2009,49.5,50.3,49.5,49.9,6365,Trent
30-07-2009,49.2,50.3,49.2,49.6,10052,Trent
31-07-2009,50.5,52.5,50,51.2,4063,Trent
03-08-2009,50.7,50.7,50,50.1,1560,Trent
04-08-2009,50.5,51.5,50,51.4,4899,Trent
05-08-2009,51,51,49.8,50.3,5605,Trent
06-08-2009,49.7,50.8,49.7,50,2091,Trent
07-08-2009,52.2,52.2,49.5,49.7,2641,Trent
10-08-2009,49.3,54.3,49.3,50.7,4359,Trent
11-08-2009,49,52.4,49,50.3,14987,Trent
12-08-2009,49.1,50.9,49,50.1,593,Trent
13-08-2009,49.1,51.5,42,50.2,1163,Trent
14-08-2009,50,50.6,49.7,50,2231,Trent
17-08-2009,49.7,50.4,49.6,49.6,1178,Trent
18-08-2009,49.6,50.9,49.6,50.5,1753,Trent
19-08-2009,49.8,50.5,49.8,50.1,1197,Trent
20-08-2009,50,50.3,49.5,49.5,3414,Trent
21-08-2009,48.8,49.8,48.8,49.6,65260,Trent
24-08-2009,50,50,49.3,49.8,468,Trent
25-08-2009,49.2,50.5,49.2,50,1801,Trent
26-08-2009,50.1,54.1,50,53.3,11891,Trent
27-08-2009,54.5,58.4,53.5,56,19617,Trent
28-08-2009,55.9,57.3,54.5,56,6101,Trent
31-08-2009,54.5,56.7,54.2,56.3,3805,Trent
01-09-2009,55,57.5,54,55,8052,Trent
02-09-2009,55,56.5,55,55,2782,Trent
03-09-2009,55,56.5,55,55.8,2141,Trent
04-09-2009,55.1,56.3,54.5,55,2238,Trent
07-09-2009,55.7,57.7,54.7,57.3,5705,Trent
08-09-2009,55.6,59.5,55.6,56.5,10895,Trent
09-09-2009,57.3,58.2,56,56.1,4590,Trent
10-09-2009,56.2,57.4,55.2,55.8,5354,Trent
11-09-2009,57.5,57.5,55.1,55.4,2650,Trent
14-09-2009,56.4,59,55.2,56.9,4800,Trent
15-09-2009,56.2,60.5,56.2,59.8,16632,Trent
16-09-2009,61,66.7,60.8,63.6,53678,Trent
17-09-2009,64.5,65,60.1,60.9,14821,Trent
18-09-2009,60.9,63,60,62.5,24907,Trent
22-09-2009,61.9,67,61.8,65.5,30385,Trent
23-09-2009,67,67,63.8,65.7,18076,Trent
24-09-2009,64,66,62.2,64.7,10721,Trent
25-09-2009,64.7,65.8,64,64,4874,Trent
29-09-2009,64.1,65.6,63.6,64,6504,Trent
30-09-2009,65.5,65.5,63,63.4,4660,Trent
01-10-2009,63.4,64.4,63.2,63.5,10400,Trent
05-10-2009,61.5,64.2,61.5,64,10752,Trent
06-10-2009,64.1,65.1,61,64.6,7383,Trent
07-10-2009,63.8,67,63.8,66.3,17469,Trent
08-10-2009,66.5,67.9,64.3,67.7,6395,Trent
09-10-2009,67.1,68.8,66.5,67,3540,Trent
12-10-2009,65.5,67.8,65.5,67.3,44577,Trent
14-10-2009,66.5,70,66,69.4,13092,Trent
15-10-2009,69.9,70.3,66.8,67.4,4522,Trent
16-10-2009,70,70,67,67.9,3054,Trent
20-10-2009,68,68,66.5,67,7184,Trent
21-10-2009,67.3,67.3,65.5,66.3,1983,Trent
22-10-2009,65,65.9,65,65.6,5317,Trent
23-10-2009,63.6,68,63.6,66.1,9408,Trent
26-10-2009,65.3,67.5,65,65.7,2307,Trent
27-10-2009,63,65.8,63,65,2289,Trent
28-10-2009,65,65.3,61.7,63,3253,Trent
29-10-2009,62.5,64.8,61.9,64.2,3992,Trent
30-10-2009,63,66.5,63,66.4,5466,Trent
03-11-2009,67.5,79.6,62.6,62.9,6197,Trent
04-11-2009,62.6,66.3,61.4,65.3,5826,Trent
05-11-2009,67.6,67.6,64.2,67.1,8689,Trent
06-11-2009,67.5,68.5,65.6,66.3,1685,Trent
09-11-2009,66,75,65.5,73.3,105126,Trent
10-11-2009,69.5,75,69.5,71.4,23286,Trent
11-11-2009,71.5,78.9,70.3,73.3,26437,Trent
12-11-2009,71.5,75.3,71.5,74,9503,Trent
13-11-2009,73.4,77,73.4,74.6,11998,Trent
16-11-2009,74,76,72,73.1,3049,Trent
17-11-2009,74.4,75.4,73.3,74.7,93271,Trent
18-11-2009,75.5,76.9,74.3,76.2,10251,Trent
19-11-2009,77,78.8,75.4,78.2,22315,Trent
20-11-2009,76.2,82.5,76.2,80.9,30555,Trent
23-11-2009,79.1,83,79.1,81.8,14504,Trent
24-11-2009,82.1,82.5,81,81.2,3474,Trent
25-11-2009,81.5,82,80.5,81.1,2795,Trent
26-11-2009,80.7,81.4,80.2,80.7,3124,Trent
27-11-2009,83,83,78.6,81.1,10822,Trent
30-11-2009,82.4,83.8,81.7,82.1,20421,Trent
01-12-2009,82.5,83,81.4,82.3,5875,Trent
02-12-2009,81.5,83.4,76.6,82.6,7617,Trent
03-12-2009,83.4,83.4,81.8,83,4107,Trent
04-12-2009,83.7,85,82.7,84.2,7037,Trent
07-12-2009,84.4,84.5,82,82.4,4376,Trent
08-12-2009,84,84.4,82.2,84.1,5838,Trent
09-12-2009,84,87.3,83.2,86,20012,Trent
10-12-2009,86,87.6,81.5,87,11201,Trent
11-12-2009,89,90.5,85,88.3,32113,Trent
14-12-2009,89.5,89.8,87.1,87.8,4026,Trent
15-12-2009,87.8,88.9,85.3,86.2,5530,Trent
16-12-2009,85,88.2,84.9,87.2,12076,Trent
17-12-2009,87.2,88,86.3,86.9,1881,Trent
18-12-2009,85.9,88,84.4,85,2546,Trent
21-12-2009,85,87,83,86.5,4918,Trent
22-12-2009,89,99.7,84,87.1,6994,Trent
23-12-2009,88,88.7,86.1,88.1,4709,Trent
24-12-2009,87.6,88.8,85.1,85.6,2298,Trent
29-12-2009,88.7,98.5,85.1,88,10093,Trent
30-12-2009,90,91.1,87.2,90.8,15240,Trent
31-12-2009,90.6,91.4,88.8,90.4,18818,Trent
04-01-2010,90.5,90.8,88.8,89,10362,Trent
05-01-2010,90.4,91.2,88,88.5,4598,Trent
06-01-2010,89.5,89.5,86.5,86.8,4483,Trent
07-01-2010,86.8,86.8,84.4,85.8,4017,Trent
08-01-2010,85,86.5,84.6,84.9,2380,Trent
11-01-2010,85.7,85.7,83.6,84,53656,Trent
12-01-2010,85,85,81.3,81.9,11120,Trent
13-01-2010,81.2,83.9,81,82.5,97052,Trent
14-01-2010,84,84,82.6,83,2450,Trent
15-01-2010,83.9,84.5,82.6,83.5,32284,Trent
18-01-2010,83.5,84.2,82.1,83,2115,Trent
19-01-2010,82.2,84,82.2,83.5,3129,Trent
20-01-2010,83.4,84.9,82.6,83,2877,Trent
21-01-2010,82.5,85.5,82.5,84.1,2592,Trent
22-01-2010,84.2,84.2,82.5,83,2028,Trent
25-01-2010,83,84.5,82.7,83.3,58145,Trent
27-01-2010,82.1,83.2,80.8,81.7,5222,Trent
28-01-2010,80.9,81.6,80.1,80.9,53255,Trent
29-01-2010,80,81.3,79.3,79.8,5556,Trent
01-02-2010,79.8,81.1,79,79.8,751,Trent
02-02-2010,79.2,82.7,79.1,79.3,2507,Trent
03-02-2010,80,80,79,79,2388,Trent
04-02-2010,76.8,79.9,74.3,78.2,3097,Trent
05-02-2010,75.7,77.4,75.5,76,2362,Trent
08-02-2010,78,78,76.1,76.7,1364,Trent
09-02-2010,76.1,77.4,76,76.5,1282,Trent
10-02-2010,76.3,78,76,77.6,1052,Trent
11-02-2010,78.5,78.5,75,75.5,773,Trent
15-02-2010,77,77,74,76.1,1613,Trent
16-02-2010,76.1,79.9,75.5,78.5,4094,Trent
17-02-2010,79.9,79.9,78.1,79,1633,Trent
18-02-2010,79.4,85,79,80.2,3245,Trent
19-02-2010,79.4,80.7,78.5,78.6,2966,Trent
22-02-2010,78.5,79,76.6,78,2294,Trent
23-02-2010,78.5,78.5,77.5,77.7,184,Trent
24-02-2010,77.6,78.5,77.2,77.5,1503,Trent
25-02-2010,77.5,78.2,76.5,76.8,1558,Trent
26-02-2010,76,80.5,75.9,80,3882,Trent
02-03-2010,79,83.5,79,81.8,1929,Trent
03-03-2010,81.8,82.6,81.6,82.5,1339,Trent
04-03-2010,81.3,82.5,80.6,81.6,1546,Trent
05-03-2010,82,82,78.5,78.7,9202,Trent
08-03-2010,79,80.7,78.5,79.9,8211,Trent
09-03-2010,80.9,80.9,78.5,79,15345,Trent
10-03-2010,79,80.2,78.7,79.9,6877,Trent
11-03-2010,79.9,81,77.3,77.4,2471,Trent
12-03-2010,78.7,79,77.7,78.6,5198,Trent
15-03-2010,79,80,78.2,79.4,2312,Trent
16-03-2010,83.3,90.5,79.5,84.7,223496,Trent
17-03-2010,85.2,87.4,83.5,86.1,273026,Trent
18-03-2010,86.8,87.5,84.3,84.8,22773,Trent
19-03-2010,85,85.7,82.4,83,16659,Trent
22-03-2010,80.4,85,80.4,82.1,24497,Trent
23-03-2010,82.7,83.9,81.8,83,11894,Trent
25-03-2010,84.4,84.4,82.1,83,5998,Trent
26-03-2010,83.5,84.4,82.5,82.9,3999,Trent
29-03-2010,83,83,81.5,82,10591,Trent
30-03-2010,81.2,82.9,80.1,80.9,5526,Trent
31-03-2010,81.2,82.7,80.1,80.4,3703,Trent
01-04-2010,80.5,81.8,80.3,80.5,2472,Trent
05-04-2010,81.4,84,80.5,83.1,9289,Trent
06-04-2010,83.2,83.8,81.3,81.8,56217,Trent
07-04-2010,82.5,82.5,81,81.6,3984,Trent
08-04-2010,83,83,81,81.6,3755,Trent
09-04-2010,80.6,82.5,80.5,81.7,1546,Trent
12-04-2010,81.7,85,81.1,82.9,9656,Trent
13-04-2010,83.3,83.3,80.6,81.1,4874,Trent
15-04-2010,82,84.5,81.4,83,16187,Trent
16-04-2010,83.9,83.9,81.3,81.6,1553,Trent
19-04-2010,81.8,81.8,80.5,80.9,1437,Trent
20-04-2010,80.4,82,80,80.2,3947,Trent
21-04-2010,81.5,81.5,79.5,79.7,6407,Trent
22-04-2010,83,83,79.8,80.1,25041,Trent
23-04-2010,80.9,80.9,79.5,80.3,2706,Trent
26-04-2010,81,81.5,80,80.5,4106,Trent
27-04-2010,81,82.7,79.7,80,6446,Trent
28-04-2010,78.2,80.1,78.2,79.2,3375,Trent
29-04-2010,80.7,80.9,79.3,80.3,2752,Trent
30-04-2010,81.9,82,80,81.4,4979,Trent
03-05-2010,80.4,83.9,80,82.2,13364,Trent
04-05-2010,83,83.6,80.5,80.9,5610,Trent
05-05-2010,80,80.5,78.6,78.8,2562,Trent
06-05-2010,79.7,82.5,78,81.5,8240,Trent
07-05-2010,80,81,78.5,79.2,1521,Trent
10-05-2010,82,82,79.6,80.6,3639,Trent
11-05-2010,79.8,83.8,79.6,80,1703,Trent
12-05-2010,79.7,83,79.5,82.2,11566,Trent
13-05-2010,81.9,83,80.2,82.5,2895,Trent
14-05-2010,81.5,82.9,81,82.5,8752,Trent
17-05-2010,81.1,83,81,82.7,2118,Trent
18-05-2010,81.2,83,80.7,81.1,676,Trent
19-05-2010,80.4,81.8,79.2,79.4,2676,Trent
20-05-2010,79.4,81,79.4,79.6,12075,Trent
21-05-2010,77.1,82,77.1,81.3,6694,Trent
24-05-2010,81.5,82.9,78.1,82.1,4591,Trent
25-05-2010,82.8,82.8,79.5,80.8,9558,Trent
26-05-2010,80.5,83,80.1,82.6,15332,Trent
27-05-2010,81.2,82.4,81.1,81.8,51197,Trent
28-05-2010,83.8,84,81.5,81.8,2027,Trent
31-05-2010,81.5,82.8,80.4,80.7,2991,Trent
01-06-2010,80.5,82,79.6,81.1,1944,Trent
02-06-2010,82,82.9,80.5,82.5,3705,Trent
03-06-2010,81.8,88,81.8,87.5,23972,Trent
04-06-2010,84.8,87.5,84.5,86.4,4515,Trent
07-06-2010,84.5,85.6,83.7,85.1,2923,Trent
08-06-2010,83.5,86.9,83.5,86.1,4156,Trent
09-06-2010,86.8,86.8,84.6,85.1,1635,Trent
10-06-2010,85.1,86.5,84.3,86.2,2772,Trent
11-06-2010,86.5,88.4,84.7,87.7,8990,Trent
14-06-2010,87,94.8,87,90.8,55622,Trent
15-06-2010,90,90.9,88.5,88.7,6998,Trent
16-06-2010,88.2,90.4,88.2,89.1,5632,Trent
17-06-2010,89,89.3,88,88.1,2306,Trent
18-06-2010,88,89,88,88,1729,Trent
21-06-2010,89.3,89.3,88,88.4,13168,Trent
22-06-2010,87.6,89,87.6,88,2316,Trent
23-06-2010,88,91.4,88,91,10245,Trent
24-06-2010,90,91.4,89.5,89.8,2701,Trent
25-06-2010,89.5,89.5,87.5,88.5,2004,Trent
28-06-2010,89.6,89.7,88,88.6,2222,Trent
29-06-2010,88.5,89.6,88.4,88.9,912,Trent
30-06-2010,88.6,91.8,88.6,90.9,4238,Trent
01-07-2010,90.5,91.2,89.8,90,3703,Trent
02-07-2010,91,98,90.6,95.4,23492,Trent
05-07-2010,96,106.4,94,101.6,170089,Trent
06-07-2010,102.5,105.8,102.5,105.1,85323,Trent
07-07-2010,105.5,113.5,104,112.8,189403,Trent
08-07-2010,113,113,95.6,96.9,250314,Trent
09-07-2010,97,100.3,96.2,97,119770,Trent
12-07-2010,97.5,98.8,93.5,94.2,61700,Trent
13-07-2010,94,95,92.1,92.9,59831,Trent
14-07-2010,94,94.5,91.2,91.3,28578,Trent
15-07-2010,92,92.5,88.1,90,27051,Trent
16-07-2010,90.5,93.9,90,93.3,73559,Trent
19-07-2010,92.3,94.9,92.3,94,33801,Trent
20-07-2010,93.6,95.6,93,93.1,18362,Trent
21-07-2010,93.9,93.9,92.5,92.9,11125,Trent
22-07-2010,92.5,94,91.7,92.4,6616,Trent
23-07-2010,92.6,95.2,92,92.3,25779,Trent
26-07-2010,93.4,93.4,91.5,91.5,6834,Trent
27-07-2010,92.6,92.9,91.2,91.4,4703,Trent
28-07-2010,91.2,92.6,90.9,91.1,11880,Trent
29-07-2010,91.5,93.6,90.6,91.5,14662,Trent
30-07-2010,92,92.2,91.4,91.5,9783,Trent
02-08-2010,92,92,88.2,88.5,24307,Trent
03-08-2010,89,90,85.6,88.7,27856,Trent
04-08-2010,89.6,91.8,89,89.6,37457,Trent
05-08-2010,90.5,90.5,87.2,87.8,9730,Trent
06-08-2010,87.8,88.6,86.3,87.5,9707,Trent
09-08-2010,86.4,88.5,84.6,86.4,11583,Trent
10-08-2010,87.2,87.3,83.9,85.9,19580,Trent
11-08-2010,86,86.5,84.1,84.5,7148,Trent
12-08-2010,84,85.9,84,85.1,11492,Trent
13-08-2010,85,86.2,84.3,85.2,10927,Trent
16-08-2010,84.4,102.3,84.4,97.9,464531,Trent
17-08-2010,98.9,114.9,98.5,107,1583423,Trent
18-08-2010,107.9,112,103.4,105.2,701743,Trent
19-08-2010,105.8,106.7,100.1,103.2,324736,Trent
20-08-2010,103.5,106,102.3,105,134230,Trent
23-08-2010,106.1,109,105,106.7,129804,Trent
24-08-2010,106.9,106.9,101.8,102.6,59882,Trent
25-08-2010,102.7,106.5,101,103.7,113066,Trent
26-08-2010,104.8,107,101.5,102.3,165274,Trent
27-08-2010,102.9,105.6,101.8,102.5,42618,Trent
30-08-2010,103.5,104.5,101.5,102.7,25553,Trent
31-08-2010,103,103,100.3,102.5,62839,Trent
01-09-2010,103,106.4,103,105.9,93257,Trent
02-09-2010,105.5,109,104.8,107.3,96166,Trent
03-09-2010,107.5,117.3,106.5,113.1,340862,Trent
06-09-2010,115,119.7,114,116.8,212352,Trent
07-09-2010,117.8,117.9,110.1,112.6,69485,Trent
08-09-2010,110.8,116,110.8,113.5,157196,Trent
09-09-2010,114.5,119.5,113,115.2,213145,Trent
13-09-2010,116.3,116.7,113,115.7,73170,Trent
14-09-2010,116.5,116.5,112.6,115.2,35510,Trent
15-09-2010,115.6,117.8,114,114.7,43155,Trent
16-09-2010,115,116.7,111.2,112.5,24200,Trent
17-09-2010,113.6,116.5,113,114.8,98708,Trent
20-09-2010,115.9,116.2,111.6,113.8,38339,Trent
21-09-2010,113.9,115.7,110.1,111.4,26026,Trent
22-09-2010,112,112.5,107.1,107.9,36035,Trent
23-09-2010,109.2,109.2,105.2,106.6,29015,Trent
24-09-2010,106.4,107.4,103.6,104.2,23238,Trent
27-09-2010,105,111.4,105,106.9,139682,Trent
28-09-2010,107.9,107.9,104,104.8,28420,Trent
29-09-2010,105.5,107.9,105,106.7,46126,Trent
30-09-2010,105,107,104.1,105.2,27272,Trent
01-10-2010,106.8,108,105.1,105.6,61308,Trent
04-10-2010,106,107.2,104.5,104.9,22466,Trent
05-10-2010,104.4,106.2,103,103.3,138034,Trent
06-10-2010,104.5,105,103.2,104,11927,Trent
07-10-2010,104.6,106.5,103.5,104.4,41989,Trent
08-10-2010,103.5,105.6,100.7,101.8,25540,Trent
11-10-2010,102.5,103.8,101.5,102.1,9636,Trent
12-10-2010,101.5,105.8,100.8,103,36214,Trent
13-10-2010,103.7,105.5,102.9,103.7,20962,Trent
14-10-2010,104.5,105.2,103,104.2,12234,Trent
15-10-2010,103.6,104.4,101.2,101.9,10413,Trent
18-10-2010,100.2,102.7,99.9,101,8618,Trent
19-10-2010,100.7,104.3,100,101.9,19139,Trent
20-10-2010,101,102.3,98.1,99.3,9442,Trent
21-10-2010,102,102,98.8,99.9,18600,Trent
22-10-2010,100.7,100.8,96.7,98.2,16795,Trent
25-10-2010,98.2,106.9,98.1,105.4,71285,Trent
26-10-2010,106,109,104.6,105.3,145303,Trent
27-10-2010,105.5,106.7,101.1,102.4,56772,Trent
28-10-2010,103.3,105.4,100.8,101.5,14552,Trent
29-10-2010,102.2,103.2,99.1,101.5,23130,Trent
01-11-2010,101.2,103,100,101.1,18076,Trent
02-11-2010,102,102.8,100.5,101.6,6188,Trent
03-11-2010,101,102.6,100.7,101,5648,Trent
04-11-2010,102.3,102.3,100.6,101.3,5109,Trent
05-11-2010,102.9,102.9,101.3,102.5,4368,Trent
08-11-2010,102.1,106,99,104,19004,Trent
09-11-2010,103.5,104.6,102,102.9,7593,Trent
10-11-2010,102.9,105.5,101.8,103.3,16745,Trent
11-11-2010,103,104.9,99.5,101.4,27376,Trent
12-11-2010,104.8,104.8,98.9,99.7,16954,Trent
15-11-2010,101,104,98.5,99.1,31935,Trent
16-11-2010,100,100.8,96,97.5,16129,Trent
18-11-2010,96.5,98.8,95.1,96.3,17829,Trent
19-11-2010,96.1,97.1,92,93.1,8593,Trent
22-11-2010,93.9,95.5,92.5,95.1,9642,Trent
23-11-2010,94,94.6,92.5,94.1,9359,Trent
24-11-2010,93.1,96,92.2,94,10538,Trent
25-11-2010,95.5,98.9,93,94.6,5319,Trent
26-11-2010,94.7,94.8,86.7,90.4,31970,Trent
29-11-2010,90.5,90.8,87.3,90,18400,Trent
30-11-2010,88.6,90.9,88.5,90,30337,Trent
01-12-2010,91.2,93.3,90.2,90.9,12675,Trent
02-12-2010,93.8,93.8,90.3,91,5108,Trent
03-12-2010,89,92.4,84,86.7,6549,Trent
06-12-2010,86.8,90,86.5,87.9,29302,Trent
07-12-2010,88,89.4,86.6,88.8,7547,Trent
08-12-2010,89.2,89.9,87.3,87.5,4821,Trent
09-12-2010,87.5,88.5,86.3,87.5,19956,Trent
10-12-2010,87.2,89,87.2,87.6,5216,Trent
13-12-2010,88.3,89.8,87.5,88,37791,Trent
14-12-2010,89,89.6,87.9,88.7,49768,Trent
15-12-2010,89,89,87.5,87.8,5419,Trent
16-12-2010,88.3,89,87.5,88.4,3456,Trent
20-12-2010,87.5,89.8,87.5,87.9,10045,Trent
21-12-2010,87.2,89,87,88,6305,Trent
22-12-2010,87.2,89.1,87.2,87.7,2736,Trent
23-12-2010,88,88.8,87.2,88.2,2169,Trent
24-12-2010,87.3,88.7,87.3,88.1,2538,Trent
27-12-2010,89.8,89.8,87.8,87.9,1656,Trent
28-12-2010,88.4,98,88,91.9,260090,Trent
29-12-2010,92.5,93.8,90,93,36989,Trent
30-12-2010,93.5,96.9,92.5,93.6,281687,Trent
31-12-2010,94,96.9,92.1,96.4,89054,Trent
03-01-2011,96.6,97,94.5,94.8,11169,Trent
04-01-2011,93.1,95.9,92.5,93.8,6341,Trent
05-01-2011,93,94.9,92.3,92.6,5371,Trent
06-01-2011,93.2,93.8,89.2,90.3,3651,Trent
07-01-2011,92.5,93.5,88,88.3,5450,Trent
10-01-2011,87.6,89.8,87.4,88,8038,Trent
11-01-2011,87.1,90.9,87.1,88.7,4122,Trent
12-01-2011,87.8,89.5,87.1,88.3,6044,Trent
13-01-2011,87.4,96.2,87.4,87.8,8920,Trent
14-01-2011,86.9,89,86.9,87.9,2593,Trent
17-01-2011,87.1,90,87.1,88,7454,Trent
18-01-2011,89.4,90.5,87.7,89.7,10715,Trent
19-01-2011,88.7,92.5,88.7,89.8,7852,Trent
20-01-2011,89.9,89.9,88,88.5,2643,Trent
21-01-2011,88.5,89.6,88.5,88.8,2151,Trent
24-01-2011,88.4,90,88.4,89.5,2177,Trent
25-01-2011,90,92.9,90,90.5,18003,Trent
27-01-2011,90,90.9,86.2,86.9,11017,Trent
28-01-2011,85.5,88,81.9,84.8,23407,Trent
31-01-2011,84.5,85.5,82.5,84.6,5845,Trent
01-02-2011,83.8,86.3,83,83.9,6249,Trent
02-02-2011,84,84.5,82.5,82.9,5455,Trent
03-02-2011,82.6,84.5,82.6,83.9,1972,Trent
04-02-2011,83.3,84.5,82.5,82.7,1835,Trent
07-02-2011,82.7,84.5,82.4,83,2906,Trent
08-02-2011,82.6,83,80.5,80.9,5003,Trent
09-02-2011,80,80.5,75.2,76.8,4324,Trent
10-02-2011,76,77.9,75.3,77.2,2995,Trent
11-02-2011,77,82.5,75.8,79.3,11589,Trent
14-02-2011,82.5,84.7,79.5,83.6,7104,Trent
15-02-2011,83.4,84.6,81.4,82,4939,Trent
16-02-2011,82,83.8,81.5,82.4,101275,Trent
17-02-2011,82,84.5,82,83.4,37278,Trent
18-02-2011,82.4,84.5,81.5,82.5,27281,Trent
21-02-2011,81,84,81,83.2,897,Trent
22-02-2011,81.7,84.9,81.7,84.2,3190,Trent
23-02-2011,83.5,84.2,83,83,1741,Trent
24-02-2011,82.1,83.4,80.4,81.4,2719,Trent
25-02-2011,80.6,84.8,80.6,83.8,7548,Trent
28-02-2011,91.9,91.9,82.1,82.9,24264,Trent
01-03-2011,82,85.8,81.7,84.6,3848,Trent
03-03-2011,82.7,84.1,82.7,83,1815,Trent
04-03-2011,83,84,80.1,81.2,3129,Trent
07-03-2011,80.4,91,80.4,86.2,152006,Trent
08-03-2011,85.2,90.9,84,89.7,134637,Trent
09-03-2011,90.5,96.3,90.2,91.1,111764,Trent
10-03-2011,90.8,93.5,85,89.2,22597,Trent
11-03-2011,88.1,92.8,86.1,91.1,32067,Trent
14-03-2011,88.8,92.1,88.3,90.2,9406,Trent
15-03-2011,86,91.9,86,88.1,31679,Trent
16-03-2011,88.1,90.9,86.1,88.4,13024,Trent
17-03-2011,88.6,89.8,87.2,87.9,4593,Trent
18-03-2011,89.3,89.3,87.5,88.2,8055,Trent
21-03-2011,87.6,89.8,87.6,88.3,5372,Trent
22-03-2011,87.4,89,87.4,88.6,4768,Trent
23-03-2011,87.7,94.9,87.6,91.6,12454,Trent
24-03-2011,90.5,93.5,90,91.7,14430,Trent
25-03-2011,92.4,94.4,91.5,93.3,12739,Trent
28-03-2011,92.2,94.8,91.6,94.2,8518,Trent
29-03-2011,94,96.2,93.2,94.3,12568,Trent
30-03-2011,93.8,97.9,93.8,97.1,36191,Trent
31-03-2011,97.5,99,95.6,98.3,34873,Trent
01-04-2011,98.8,98.8,96.2,97.4,5957,Trent
04-04-2011,97,99,96.7,97.8,4203,Trent
05-04-2011,96.8,98.5,96.1,96.7,3603,Trent
06-04-2011,97.8,98,96.2,96.5,2821,Trent
07-04-2011,97.5,97.5,94.5,95.5,3629,Trent
08-04-2011,96,96.5,95,95.3,5890,Trent
11-04-2011,95.5,95.8,94,94.7,26401,Trent
13-04-2011,95,97,93.8,95.4,8737,Trent
15-04-2011,94.6,96.2,94,94.8,3800,Trent
18-04-2011,93.6,95.5,93.6,94,2731,Trent
19-04-2011,96.6,97.5,93.5,94,1794,Trent
20-04-2011,94,101.5,93.6,100.6,81065,Trent
21-04-2011,102.5,102.5,97.3,98.2,13266,Trent
25-04-2011,98.3,99,95.5,96.2,5437,Trent
26-04-2011,96.7,96.9,95.2,96.1,2639,Trent
27-04-2011,96.3,99.4,95.6,96.4,5082,Trent
28-04-2011,95.5,98.9,95.5,97.8,4896,Trent
29-04-2011,98.7,103,97.2,100.2,78469,Trent
02-05-2011,100.8,101.1,97.8,98.2,7120,Trent
03-05-2011,97.6,98.5,96.6,97.2,2843,Trent
04-05-2011,97.7,97.7,96,96.8,1771,Trent
05-05-2011,96.3,97.5,96.2,97,4108,Trent
06-05-2011,97,98.3,95.3,95.8,4631,Trent
09-05-2011,96.9,97.2,94.9,95.7,4504,Trent
10-05-2011,94.5,100,94.5,97.5,24300,Trent
11-05-2011,98.5,99.9,97.5,99.5,33824,Trent
12-05-2011,99.9,102.4,98.8,100.1,13819,Trent
13-05-2011,100.6,101,98.2,99.8,4257,Trent
16-05-2011,98.9,100.5,98.6,99.7,2608,Trent
17-05-2011,97.6,100.5,97.6,99.5,2813,Trent
18-05-2011,99.2,100.5,98.5,100,5815,Trent
19-05-2011,100.5,103.5,100,102.2,18963,Trent
20-05-2011,102,103,100,101.5,3406,Trent
23-05-2011,101.4,101.4,99.5,100.1,2414,Trent
24-05-2011,100,100.5,99.4,99.7,6527,Trent
25-05-2011,100,106.2,99.1,101.2,50153,Trent
26-05-2011,101.5,102,99.1,100,4156,Trent
27-05-2011,101,102,99.2,101.3,5162,Trent
30-05-2011,101,103.5,100.2,102.7,4638,Trent
31-05-2011,102.6,103.5,101.3,102.2,2020,Trent
01-06-2011,101.2,103,101.2,102,2372,Trent
02-06-2011,101,105.7,101,104.3,12732,Trent
03-06-2011,104.4,107.9,102.2,104.8,17882,Trent
06-06-2011,103.5,106.8,102.6,103.6,1347,Trent
07-06-2011,102.7,106.5,102.7,103.5,12685,Trent
08-06-2011,103,104.5,102.5,103.1,4028,Trent
09-06-2011,102.6,108.5,102.6,106.2,17231,Trent
10-06-2011,103.6,115.7,103.6,110.7,180264,Trent
13-06-2011,110,112.5,106.5,108.3,21109,Trent
14-06-2011,104.6,109,104.6,107.5,9566,Trent
15-06-2011,107.2,113.8,105.1,108.5,46441,Trent
16-06-2011,108,109.5,106.2,107.1,7681,Trent
17-06-2011,105.1,112,103,106.3,11965,Trent
20-06-2011,107.5,108.5,102.6,104.4,7939,Trent
21-06-2011,105,108.4,99.5,102.3,25249,Trent
22-06-2011,105.8,105.8,103.7,104.8,7381,Trent
23-06-2011,104.2,106.8,104,105.7,60034,Trent
24-06-2011,106,108.9,105.2,106.6,6498,Trent
27-06-2011,103.6,109.5,103.6,108.5,9508,Trent
28-06-2011,109.9,114.9,108.2,112.7,56582,Trent
29-06-2011,112.5,116.8,112.2,115.9,28652,Trent
30-06-2011,117,118.7,112.7,114.6,19943,Trent
01-07-2011,114.7,117.9,110.1,115.7,19441,Trent
04-07-2011,115.8,123.4,115.7,122.3,112903,Trent
05-07-2011,122.9,127.9,122.5,123.9,94621,Trent
06-07-2011,124,125.5,120.2,121.6,31861,Trent
07-07-2011,122.5,125,121.1,121.9,40818,Trent
08-07-2011,122.2,123.1,119.5,120.1,15985,Trent
11-07-2011,121.4,121.5,118,119.1,14556,Trent
12-07-2011,116,122.2,116,120.9,11456,Trent
13-07-2011,121.8,121.8,118.5,119.5,8094,Trent
14-07-2011,119.4,120.8,116.7,119.1,7126,Trent
15-07-2011,120,123.9,119.2,121.1,25676,Trent
18-07-2011,121.6,124.6,119.6,123.8,18562,Trent
19-07-2011,120.1,124.9,115.9,121.5,11436,Trent
20-07-2011,123,123.8,119.5,121.4,7512,Trent
21-07-2011,121.9,126.1,121.9,123.3,32218,Trent
22-07-2011,124.7,126.5,122.1,123.6,60530,Trent
25-07-2011,126.1,128,119.5,120.4,61812,Trent
26-07-2011,122,122.4,119,120.1,13227,Trent
27-07-2011,119,123.3,119,120.1,82524,Trent
28-07-2011,118.8,120.9,118.5,119.9,24863,Trent
29-07-2011,121.7,121.8,120,121.1,11541,Trent
01-08-2011,120,123,120,121.5,27072,Trent
02-08-2011,121.2,122,120,120.3,12885,Trent
03-08-2011,119.1,123,118.5,120.6,102594,Trent
04-08-2011,121.2,122.5,119,120.1,12812,Trent
05-08-2011,119.1,119.1,116.1,116.8,27714,Trent
08-08-2011,115.1,119,112.5,114.6,6103,Trent
09-08-2011,110.1,114.8,110.1,112.5,10369,Trent
10-08-2011,114.5,117.5,114,116.5,42139,Trent
11-08-2011,113.1,120.9,113.1,120,12164,Trent
12-08-2011,121,121.7,119.1,120.4,7505,Trent
16-08-2011,119,122,118.5,119.7,5599,Trent
17-08-2011,120.5,122.1,118.1,120.9,8544,Trent
19-08-2011,117,117,113.5,116.3,5932,Trent
22-08-2011,117,117,112.9,115.1,2447,Trent
23-08-2011,117,117,112.4,114.4,3506,Trent
24-08-2011,114.8,116.5,110.5,111,5909,Trent
25-08-2011,111,111.9,109.2,109.9,2686,Trent
26-08-2011,109.6,110.4,105,106.1,4545,Trent
29-08-2011,105.5,111,105.5,109.6,10756,Trent
30-08-2011,110.6,113.9,109.1,111.5,7961,Trent
02-09-2011,111.8,114.4,109,109.6,53566,Trent
05-09-2011,111,112,110.2,111.4,1778,Trent
06-09-2011,108.4,113.5,108.4,112.2,2400,Trent
07-09-2011,112,117.6,112,116.7,10507,Trent
08-09-2011,115,119,113.6,115.2,17338,Trent
09-09-2011,115.2,115.4,112.8,113.4,1030,Trent
12-09-2011,110.4,112.8,109.3,112,4975,Trent
13-09-2011,110.5,113.2,109,110.8,2253,Trent
14-09-2011,109.6,113.2,108.4,109.4,8120,Trent
15-09-2011,110,112.8,109.5,111,27041,Trent
16-09-2011,112,112.5,110,111,2044,Trent
19-09-2011,112,112,107.5,108.7,2270,Trent
20-09-2011,110,111.2,108.6,109.6,10427,Trent
21-09-2011,105.8,113,105.8,110.9,13030,Trent
22-09-2011,108,114.2,107.5,108.5,23114,Trent
23-09-2011,108.5,112.4,107.6,108.8,63569,Trent
26-09-2011,109,109.5,105,106,32182,Trent
27-09-2011,108,109.5,107,108,67345,Trent
28-09-2011,108.4,111,107.5,109.6,11663,Trent
29-09-2011,108.8,114.1,107.8,110.7,17380,Trent
30-09-2011,111,111,108.6,110,16123,Trent
03-10-2011,109.2,110,108,108.9,3410,Trent
04-10-2011,109.5,110,107.9,109,7931,Trent
05-10-2011,114,114,105.5,106.2,9135,Trent
07-10-2011,108,108.9,106.3,106.7,2114,Trent
10-10-2011,109.5,110.8,104.7,106.3,5915,Trent
11-10-2011,109,109,106.2,108.1,6441,Trent
12-10-2011,108.1,108.5,106,107.2,3058,Trent
13-10-2011,108,108.2,106.4,106.9,1145,Trent
14-10-2011,107,107.6,106.2,106.5,1095,Trent
17-10-2011,106.9,109,106.3,106.7,6031,Trent
18-10-2011,105.7,106.5,102.8,103.4,10285,Trent
19-10-2011,104.9,105,103.2,103.9,8190,Trent
20-10-2011,103.5,104.9,102.1,104,2687,Trent
21-10-2011,102.6,105,102.6,103.5,5771,Trent
24-10-2011,101.4,104.5,100.1,103.4,12201,Trent
25-10-2011,103.1,104,101.8,103.4,10560,Trent
26-10-2011,103.5,109,103.5,106.9,4338,Trent
28-10-2011,108.4,111.1,105.5,110.6,9483,Trent
31-10-2011,110.2,112,108,108.9,6254,Trent
01-11-2011,108,109.5,104,106.9,3664,Trent
02-11-2011,105.5,108.7,105.2,106.6,4284,Trent
03-11-2011,103.9,105.5,90.1,103.3,19003,Trent
04-11-2011,103.3,105.1,103,104.6,8451,Trent
08-11-2011,104.6,105,103,103.8,3271,Trent
09-11-2011,103.5,104,102.1,102.6,3153,Trent
11-11-2011,103.8,103.8,99.5,99.9,13802,Trent
14-11-2011,101.9,101.9,99.1,99.7,6942,Trent
15-11-2011,99.3,100.4,99.3,100,3756,Trent
16-11-2011,98.6,104.5,98.6,103.3,11977,Trent
17-11-2011,103.3,106.6,100.5,103.5,17643,Trent
18-11-2011,105.8,106.5,101.5,102.9,35079,Trent
21-11-2011,100.6,103.8,99.4,99.9,7016,Trent
22-11-2011,99.2,101.9,98.1,100.7,6702,Trent
23-11-2011,101.9,101.9,95.9,96.4,7358,Trent
24-11-2011,97.5,99.5,92.2,97.4,38428,Trent
25-11-2011,111.5,114,102,105.8,149072,Trent
28-11-2011,105.3,105.3,101.1,102.6,27041,Trent
29-11-2011,102,102,95.8,98.6,29991,Trent
30-11-2011,96.5,101.4,95,100,25139,Trent
01-12-2011,101.5,102.5,99,99.4,13132,Trent
02-12-2011,99.2,100.8,98.1,99.5,7440,Trent
05-12-2011,97.5,98.4,95.4,96.3,20714,Trent
07-12-2011,96,97.7,94.8,95.6,18277,Trent
08-12-2011,95,96,93.1,94.1,8387,Trent
09-12-2011,92.7,93.5,91.9,92.4,3862,Trent
12-12-2011,94,98,92,93.3,4903,Trent
13-12-2011,94.5,94.5,90.5,90.8,2580,Trent
14-12-2011,90.8,92.7,89.1,89.9,3973,Trent
15-12-2011,89,90,87.2,88.6,5452,Trent
16-12-2011,90,90,85.5,86.4,2597,Trent
19-12-2011,86.7,86.7,82.1,83.4,4305,Trent
20-12-2011,83.1,86.3,80.2,83.6,10519,Trent
21-12-2011,84.1,88.5,82.8,87.3,8343,Trent
22-12-2011,87,87.5,85.4,86.9,4141,Trent
23-12-2011,86,88.5,84.5,85.2,2418,Trent
26-12-2011,86.5,88.8,84.6,88.2,4001,Trent
27-12-2011,86.8,88,84.5,86.2,6623,Trent
28-12-2011,87.9,87.9,82.7,83.9,3448,Trent
29-12-2011,83.5,86.5,82.4,84,3764,Trent
30-12-2011,84.8,86,83.1,85.1,26482,Trent
02-01-2012,84,85,83.6,84.1,858,Trent
03-01-2012,85.9,86.5,84.5,85.1,2226,Trent
04-01-2012,84.5,86.2,83,83.9,1579,Trent
05-01-2012,84,84.8,82.7,83.2,3180,Trent
06-01-2012,84.7,84.9,80.1,81.1,64379,Trent
09-01-2012,84.9,84.9,81.7,83.2,12562,Trent
10-01-2012,83.4,85.4,82.8,83.3,9709,Trent
11-01-2012,85.2,89.1,84.3,84.9,47942,Trent
12-01-2012,83.7,85.4,80.6,83.5,5864,Trent
13-01-2012,82.8,86,82.8,83.7,5287,Trent
16-01-2012,84,84.8,81.7,83,5531,Trent
17-01-2012,83.8,85.5,83.5,85,6115,Trent
18-01-2012,85,86.8,83.1,83.8,4793,Trent
19-01-2012,85,86.6,83.3,85.1,25108,Trent
20-01-2012,85.8,86.5,83.5,83.9,6744,Trent
23-01-2012,84,86,83.1,85.5,9934,Trent
24-01-2012,84.2,90.3,84.2,89.1,26364,Trent
25-01-2012,90,92,88.2,90,13723,Trent
27-01-2012,87.5,91.1,87.1,88.3,5488,Trent
30-01-2012,88.4,88.8,85.3,86.4,126831,Trent
31-01-2012,87.1,88.1,86.4,87.6,3275,Trent
01-02-2012,88.1,88.1,85.9,86.5,53761,Trent
02-02-2012,88,97.1,87.4,92.8,62459,Trent
03-02-2012,93.5,96.6,92.6,94.2,35267,Trent
06-02-2012,94.4,95.7,91.5,92.9,19769,Trent
07-02-2012,94,95,87.7,91.9,72977,Trent
08-02-2012,94,94,88.1,89,16997,Trent
09-02-2012,89,91.6,88,90.5,41350,Trent
10-02-2012,91.7,93,90.3,91.7,15357,Trent
13-02-2012,92.1,93.5,91.3,91.9,6637,Trent
14-02-2012,90.9,96,90.4,94.1,9622,Trent
15-02-2012,94.1,97.9,93.5,95,11736,Trent
16-02-2012,94.2,96,90.9,91.5,44062,Trent
17-02-2012,93,94,92.1,93,9852,Trent
21-02-2012,93.5,94.3,93,94,8446,Trent
22-02-2012,94,94.2,90.8,91.3,22390,Trent
23-02-2012,92.9,93.3,90.5,91.5,4975,Trent
24-02-2012,91.3,92,89.1,89.7,4792,Trent
27-02-2012,88.6,89.8,87.5,88.4,6255,Trent
28-02-2012,89,91.8,88.6,91.1,2764,Trent
29-02-2012,90.3,95.8,90.3,94.7,35949,Trent
01-03-2012,92.6,94.9,92.6,94.5,5502,Trent
02-03-2012,94.2,96,92,93.1,3719,Trent
05-03-2012,92.5,92.8,91,91.4,1707,Trent
06-03-2012,91.7,93.4,89.4,90.8,3949,Trent
07-03-2012,91.9,91.9,87.8,90.3,54234,Trent
09-03-2012,88.7,93.9,88.7,91,1433,Trent
12-03-2012,92.3,92.5,90.2,90.7,51555,Trent
13-03-2012,92,94,91.2,92.3,11082,Trent
14-03-2012,92.2,96.5,91.8,93.4,14656,Trent
15-03-2012,94.8,96.5,91.8,92.7,9815,Trent
16-03-2012,93.4,96.9,92.3,95.1,20984,Trent
19-03-2012,93.4,96.5,92.5,93.4,5828,Trent
20-03-2012,92.6,94.8,92,93.6,8915,Trent
21-03-2012,94.3,94.8,93.5,93.9,2052,Trent
22-03-2012,94.1,94.7,92.4,92.8,2736,Trent
23-03-2012,93.5,93.9,91.4,92.2,5457,Trent
26-03-2012,90.2,93.2,90.2,91.7,8812,Trent
27-03-2012,91.8,94.9,91.5,94.2,9745,Trent
28-03-2012,93.2,94.4,91.6,93,134318,Trent
29-03-2012,91.6,94.2,91.6,92.5,132012,Trent
30-03-2012,92.8,96,92.7,95.2,23111,Trent
02-04-2012,95.8,95.8,94.2,94.7,2165,Trent
03-04-2012,95.9,96,93.2,93.9,3437,Trent
04-04-2012,92.9,94,91.6,91.6,104829,Trent
09-04-2012,92.5,93.4,91.5,91.7,2265,Trent
10-04-2012,91.2,92.2,90.5,91.1,76258,Trent
11-04-2012,90.9,92,90.7,91.1,1643,Trent
12-04-2012,91.5,92.4,91.3,91.6,114110,Trent
13-04-2012,91.7,93,90.4,91,3403,Trent
16-04-2012,91.8,91.8,90.4,91,814,Trent
17-04-2012,90.1,92,90.1,91.4,101665,Trent
18-04-2012,92.7,92.7,90.1,90.5,3519,Trent
19-04-2012,91,94.4,90.7,91.6,109700,Trent
20-04-2012,91,92.3,90.3,90.7,3385,Trent
23-04-2012,91.5,92,88.2,88.8,5002,Trent
24-04-2012,87,89.8,87,87.3,3740,Trent
25-04-2012,88.7,88.7,86.5,87.3,2250,Trent
26-04-2012,88,89.5,86.4,88.1,2103,Trent
27-04-2012,87.7,92.5,87.7,92.1,147782,Trent
30-04-2012,90.2,92.2,90.2,91.9,6209,Trent
02-05-2012,91.4,92,90.4,90.7,30986,Trent
03-05-2012,91.8,91.8,89.7,90.1,27433,Trent
04-05-2012,92.8,92.8,88.2,88.7,3001,Trent
07-05-2012,89,90.5,86.3,88.4,1996,Trent
08-05-2012,90,91.5,88.3,90.3,5976,Trent
09-05-2012,89.3,91,88,89.8,32091,Trent
10-05-2012,89.3,91.9,89,91.4,4459,Trent
11-05-2012,93.7,93.7,87.6,88,2717,Trent
14-05-2012,87.4,91.5,87.4,90.6,7178,Trent
15-05-2012,89.3,90.5,89.1,90.1,4863,Trent
16-05-2012,89.3,91.5,88.8,89.4,5636,Trent
17-05-2012,89.2,92.1,88.3,91,4607,Trent
18-05-2012,89.4,90.1,89.2,89.7,1217,Trent
21-05-2012,88.5,90,87.2,89.4,1244,Trent
22-05-2012,89.9,91.6,89.5,91.3,44652,Trent
23-05-2012,89.9,91.9,89.9,91.2,41625,Trent
24-05-2012,90.7,91.9,90,90.9,1374,Trent
25-05-2012,91,92.2,90.3,91,894,Trent
28-05-2012,91.2,92.5,90.5,90.9,1023,Trent
29-05-2012,93,94.5,90.6,91.4,8099,Trent
30-05-2012,90.5,93,90.5,92.3,2677,Trent
31-05-2012,90.7,94.9,90.5,91.9,5168,Trent
01-06-2012,91.7,94.4,90.5,91.2,4788,Trent
04-06-2012,92.2,92.2,89,90.2,1773,Trent
05-06-2012,90.3,91,87.5,88.1,2067,Trent
06-06-2012,89,90,87.6,89.2,7482,Trent
07-06-2012,90.2,90.3,89.1,89.4,1776,Trent
08-06-2012,89.6,90.5,88.2,89.2,2673,Trent
11-06-2012,89.7,90.9,89.7,90,3129,Trent
12-06-2012,89.1,91.4,89.1,91,1546,Trent
13-06-2012,90.6,92,90.3,91.4,1324,Trent
14-06-2012,90.5,92.2,90.5,91.8,1576,Trent
15-06-2012,91.7,92.7,90.5,92.3,2403,Trent
18-06-2012,92.1,93.4,91.5,92,2040,Trent
19-06-2012,91.2,91.7,90.8,91.1,10670,Trent
20-06-2012,91.6,93.3,91,92,3385,Trent
21-06-2012,92.9,94.6,91.6,94.1,5290,Trent
22-06-2012,93.5,96.3,92.5,95.4,6082,Trent
25-06-2012,95.8,97,92.1,93.5,3389,Trent
26-06-2012,93.1,94,92.1,93.1,2837,Trent
27-06-2012,92.7,94,92.3,92.6,889,Trent
28-06-2012,92.1,93.6,91,92.3,2044,Trent
29-06-2012,93.9,101.2,92.5,98.1,32913,Trent
02-07-2012,96.6,99.1,96.5,97.2,7199,Trent
03-07-2012,97,98,94.4,95.1,3317,Trent
04-07-2012,96,96.9,95.3,95.7,2165,Trent
05-07-2012,99.6,106.5,97.5,102.8,138189,Trent
06-07-2012,103.1,108.5,99.5,105.8,81479,Trent
09-07-2012,105.5,106,100.8,101.5,13131,Trent
10-07-2012,101.3,104,99,102.1,16725,Trent
11-07-2012,101.1,104.2,100.1,101.8,12396,Trent
12-07-2012,101.7,103.2,99.8,101.1,8169,Trent
13-07-2012,100.5,102.5,100,100.7,2359,Trent
16-07-2012,101,103,100.5,102.5,7669,Trent
17-07-2012,104.7,107.5,100.3,101.4,5182,Trent
18-07-2012,101.5,106.3,101.5,105.4,17458,Trent
19-07-2012,107.4,107.4,104.8,105.1,8907,Trent
20-07-2012,106,108.6,105.5,108.1,13781,Trent
23-07-2012,106.7,107.5,104.4,105.4,10940,Trent
24-07-2012,105.6,107.6,104,104.6,13453,Trent
25-07-2012,104.4,106.8,102.3,102.8,4112,Trent
26-07-2012,103.8,104.6,100.1,100.8,4326,Trent
27-07-2012,101.5,104.3,98.2,99,11130,Trent
30-07-2012,101.4,101.5,99.7,101.2,13466,Trent
31-07-2012,101.2,104.6,101.2,103,7378,Trent
01-08-2012,102.5,104.3,102.5,104,4119,Trent
02-08-2012,104,104.5,101.8,102.3,2263,Trent
03-08-2012,102.4,103.4,100.5,103,3308,Trent
06-08-2012,104.9,104.9,102.5,102.9,2286,Trent
07-08-2012,104,104,102.8,103.2,1368,Trent
08-08-2012,103.8,104,103,103,1407,Trent
09-08-2012,102.5,106.7,102.3,105.1,14616,Trent
10-08-2012,105.5,108,104,106.3,5150,Trent
13-08-2012,106.5,108.8,104.2,106,6345,Trent
14-08-2012,105.9,106.7,104.5,104.9,1919,Trent
16-08-2012,104.4,106.5,104.4,105.8,2505,Trent
17-08-2012,106.5,108.5,106.2,106.6,6143,Trent
21-08-2012,108.5,110,107.6,108.3,6765,Trent
22-08-2012,107.2,110,106.9,108.1,3150,Trent
23-08-2012,107,109.6,105.5,106,28511,Trent
24-08-2012,105.5,106.3,105,105.4,1475,Trent
27-08-2012,103.9,106.5,102.9,103.9,2896,Trent
28-08-2012,105.4,105.5,104.2,105,2530,Trent
29-08-2012,104,106.5,102.5,103,6277,Trent
30-08-2012,102.1,104.4,102.1,104,1507,Trent
31-08-2012,102.2,106.5,100.1,105.2,4620,Trent
03-09-2012,105.5,105.9,103.5,103.9,3244,Trent
04-09-2012,103.7,105,103.1,104,1004,Trent
05-09-2012,104.6,104.6,102.5,103,507,Trent
06-09-2012,102.5,105,102.3,102.9,1705,Trent
07-09-2012,104.4,105.4,102.3,103.5,2659,Trent
10-09-2012,108,108,103.5,105.3,2648,Trent
11-09-2012,105.5,106.6,105,105,16870,Trent
12-09-2012,104.9,106.5,104,104.8,2936,Trent
13-09-2012,104.7,106.7,104.7,105.3,2850,Trent
14-09-2012,106,111.5,104.9,108.5,14535,Trent
17-09-2012,112.5,124.4,112.5,113.6,104465,Trent
18-09-2012,114,114.8,111.4,113,16090,Trent
20-09-2012,110.3,114.1,106.3,109.1,46660,Trent
21-09-2012,112,114.7,107.6,108.9,70788,Trent
24-09-2012,109,112.8,104.3,110.4,39844,Trent
25-09-2012,109.8,115,109.8,113.8,69663,Trent
26-09-2012,113.9,116.5,111.7,114.4,43080,Trent
27-09-2012,115.1,119,113.3,116.4,31636,Trent
28-09-2012,116.6,119.4,114.2,117.3,18230,Trent
01-10-2012,116.3,119.2,116.3,118.7,6691,Trent
03-10-2012,119.8,119.8,115.2,116.3,6282,Trent
04-10-2012,117.9,119,112.1,115.9,10802,Trent
05-10-2012,116,117.1,112,114,12676,Trent
08-10-2012,114,115,112.9,114,5568,Trent
09-10-2012,115,115,113.2,113.4,2276,Trent
10-10-2012,114.4,114.4,111.8,112.4,2875,Trent
11-10-2012,113.3,115.9,111.7,115,6040,Trent
12-10-2012,115,115.6,113.2,114.6,3892,Trent
15-10-2012,114.6,117.6,113.7,117.2,10689,Trent
16-10-2012,115.6,118.5,114.4,116.3,51648,Trent
17-10-2012,116,117.7,114,114.4,7448,Trent
18-10-2012,116.4,116.5,113.2,114.2,6244,Trent
19-10-2012,115.8,115.8,112.5,113.1,8713,Trent
22-10-2012,114.7,115,112.1,114.5,4906,Trent
23-10-2012,114.4,115,113.3,113.8,1594,Trent
25-10-2012,115,115.9,113.5,115.5,26578,Trent
26-10-2012,116.9,120.6,111.2,112.7,26137,Trent
29-10-2012,113,113.5,111,111.7,3729,Trent
30-10-2012,112,112,108.7,109.6,3335,Trent
31-10-2012,109.7,113,108.1,111.3,4597,Trent
01-11-2012,111.3,112.2,109.9,110.8,5837,Trent
02-11-2012,112.4,114,112,113.7,9125,Trent
05-11-2012,113.9,115.5,113.4,114.7,6426,Trent
06-11-2012,115.4,117.2,114.5,116.4,9303,Trent
07-11-2012,116.5,117.2,114,114.5,6327,Trent
08-11-2012,112,116.3,112,115.3,3607,Trent
09-11-2012,115.9,116.8,113.7,115.1,4604,Trent
12-11-2012,116.9,117,112.6,114.5,2395,Trent
13-11-2012,116,116.5,113.7,115.5,1462,Trent
15-11-2012,115.4,116,113,113.5,4317,Trent
16-11-2012,113.6,113.7,110,111.2,10883,Trent
19-11-2012,111.2,112.5,110.5,110.8,105758,Trent
20-11-2012,109.3,113.5,109.3,112.6,9134,Trent
21-11-2012,112.6,116.8,111,115.2,10533,Trent
22-11-2012,118.5,118.5,114.1,115.7,4240,Trent
23-11-2012,114.6,116.8,114.5,115.3,2990,Trent
26-11-2012,115,117.4,113,115.4,21641,Trent
27-11-2012,115,119.4,113.9,115.7,27538,Trent
29-11-2012,117,120,116.8,117.6,19662,Trent
30-11-2012,117.6,125,117,121.9,16976,Trent
03-12-2012,123,125,121.2,124,23514,Trent
04-12-2012,124,125,120,121.7,15600,Trent
05-12-2012,122.8,132.7,121.6,127.4,91661,Trent
06-12-2012,131.5,132.8,125,127,93051,Trent
07-12-2012,128.6,130.6,125.5,128.2,57984,Trent
10-12-2012,127.9,128,123,123.9,25954,Trent
11-12-2012,126.2,126.2,121.6,122.4,9158,Trent
12-12-2012,122.6,123.7,121.6,122.1,8817,Trent
13-12-2012,122.4,124.4,121.7,122.3,7522,Trent
14-12-2012,121.5,122.2,119,119.9,7391,Trent
17-12-2012,120.4,122.5,120.2,121.9,7701,Trent
18-12-2012,120.7,124.6,119.1,123.6,8131,Trent
19-12-2012,123,124.5,121.1,122.4,6372,Trent
20-12-2012,120.6,125,120.2,123.8,9184,Trent
21-12-2012,122.2,123.5,119.1,119.7,5973,Trent
24-12-2012,117.6,121.5,116.3,121.1,4849,Trent
26-12-2012,120.8,130.4,120,126.9,20186,Trent
27-12-2012,128.1,128.7,125.1,125.6,8309,Trent
28-12-2012,124.7,133.4,124.7,128.3,43015,Trent
31-12-2012,129,133.3,127.3,130.8,67639,Trent
01-01-2013,130.9,133.8,130.3,131.8,10591,Trent
02-01-2013,132,132.8,130,130.4,9396,Trent
03-01-2013,131,133,130,131.7,11080,Trent
04-01-2013,131.5,134.4,130.6,131.9,9910,Trent
07-01-2013,132.3,133,129.4,130,5426,Trent
08-01-2013,129.9,130.9,127.5,128.2,7148,Trent
09-01-2013,130.5,130.5,127.1,127.8,3980,Trent
10-01-2013,128.1,131.4,127,129.2,6591,Trent
11-01-2013,128.3,132.2,123.4,128.1,4582,Trent
14-01-2013,129,135.9,125.8,126.6,3088,Trent
15-01-2013,128,128.6,125.3,126.4,3592,Trent
16-01-2013,126,128.7,121.2,122,20055,Trent
17-01-2013,124.7,124.7,118.2,119.7,47421,Trent
18-01-2013,121,121.1,118.4,119,2245,Trent
21-01-2013,118.8,121.5,118,118.9,2881,Trent
22-01-2013,120,122.5,115.9,117,37668,Trent
23-01-2013,117,117.9,115.4,117.1,8001,Trent
24-01-2013,109,117.7,109,113.8,11677,Trent
25-01-2013,113.4,116.8,113.2,114.7,4521,Trent
28-01-2013,115.1,116,112.2,115,8379,Trent
29-01-2013,114.8,115.4,113.1,113.6,2823,Trent
30-01-2013,113.7,117,113,116,18123,Trent
31-01-2013,113.1,117.8,113.1,114.8,3244,Trent
01-02-2013,115.8,120,113.2,114.5,4739,Trent
04-02-2013,114.5,116.5,113.7,116,9560,Trent
05-02-2013,115,117,113.5,116.6,3758,Trent
06-02-2013,114.6,117.4,114.6,116.5,2122,Trent
07-02-2013,115.2,116.8,113,113.8,2595,Trent
08-02-2013,114.6,114.6,113,113.4,1307,Trent
11-02-2013,113.5,114.1,112.8,113.2,1429,Trent
12-02-2013,113,114.4,110.7,112.6,3216,Trent
13-02-2013,113,115.7,113,113.7,2443,Trent
14-02-2013,112.8,115,112.8,114,2527,Trent
15-02-2013,112.8,119,112,117.1,4480,Trent
18-02-2013,115.8,116.5,114.7,114.8,1061,Trent
19-02-2013,115.9,118.4,113.5,114.5,7153,Trent
20-02-2013,114.6,116.5,112.8,113,3382,Trent
21-02-2013,112.5,113,109.9,111.6,7384,Trent
22-02-2013,112.9,116.4,109.6,113.3,4272,Trent
25-02-2013,114.5,114.5,112,112.7,943,Trent
26-02-2013,112,112,108.5,111.3,6656,Trent
27-02-2013,109.5,114.3,108.6,112.2,5855,Trent
28-02-2013,113.5,113.5,107,111.1,9458,Trent
01-03-2013,112,112.3,107.8,110.5,6358,Trent
04-03-2013,110,110,107.1,109.5,4677,Trent
05-03-2013,111,111,107.6,108.6,35665,Trent
06-03-2013,109.1,110.6,108.1,108.7,6765,Trent
07-03-2013,109,109,106.8,107.6,8613,Trent
08-03-2013,108.8,108.8,106.7,107.2,2867,Trent
11-03-2013,109.5,114.9,105.2,106.1,5361,Trent
12-03-2013,107.8,107.9,104.2,104.5,3039,Trent
13-03-2013,113.3,113.3,100.4,100.8,4512,Trent
14-03-2013,101,102.4,99.6,99.9,4060,Trent
15-03-2013,100.5,103,99.7,102.5,9819,Trent
18-03-2013,103,103,100.7,102.5,1241,Trent
19-03-2013,101.6,102.3,99.6,100.2,1825,Trent
20-03-2013,99,102.8,96.1,100.5,9346,Trent
21-03-2013,100.9,101.8,94.6,99.5,21527,Trent
22-03-2013,99.1,100.5,97.7,100,11735,Trent
25-03-2013,100.3,100.5,98.1,99.6,19399,Trent
26-03-2013,99.4,101,98.5,100,8216,Trent
28-03-2013,100,100.5,98.5,99.7,10485,Trent
01-04-2013,100,100.3,98.5,99.5,993,Trent
02-04-2013,99.5,100.4,98.5,100.1,4058,Trent
03-04-2013,100,102.9,98.1,100.6,178214,Trent
04-04-2013,99.5,101.7,97.5,101.7,444556,Trent
05-04-2013,100,101.1,99,99.8,1388,Trent
08-04-2013,100.2,101.5,99.5,100.8,1984,Trent
09-04-2013,100,101,97.9,98.9,9782,Trent
10-04-2013,98.5,99.9,98,98.9,146248,Trent
11-04-2013,100.7,100.7,98.1,98.5,627,Trent
12-04-2013,98.8,99.1,97.5,98.2,1668,Trent
15-04-2013,97.8,99.8,96.9,99.1,2470,Trent
16-04-2013,99.1,100,97.2,99.4,10811,Trent
17-04-2013,100,101.3,98,98.5,1947,Trent
18-04-2013,99.2,99.9,98.2,99.2,876,Trent
22-04-2013,100,101.1,99.1,100.2,3638,Trent
23-04-2013,102.5,102.5,98.2,99.8,1497,Trent
25-04-2013,99.8,106.1,99,104.1,8652,Trent
26-04-2013,101.9,105.9,101.9,103.6,3382,Trent
29-04-2013,103.4,106.2,103,105.7,5443,Trent
30-04-2013,103.4,109.5,103.4,107.5,7347,Trent
02-05-2013,110,111,106.5,108.9,7304,Trent
03-05-2013,108,109.8,105.8,109.3,2854,Trent
06-05-2013,109.1,110,106.8,109.3,3209,Trent
07-05-2013,109.8,112.4,108.7,110.3,8392,Trent
08-05-2013,110.7,111.5,107,109.2,7157,Trent
09-05-2013,107.6,111,107.6,109.7,7300,Trent
10-05-2013,110,110.5,107.8,108.5,6645,Trent
13-05-2013,109.2,109.2,104.6,105.4,1805,Trent
14-05-2013,106.5,109.9,103.5,108.6,5670,Trent
15-05-2013,106.9,110.7,106.9,109.9,6891,Trent
16-05-2013,109.9,110.5,108.5,109.1,2091,Trent
17-05-2013,107.6,109,106.7,108.4,14484,Trent
20-05-2013,107.2,109,106.6,108,3485,Trent
21-05-2013,107.1,111,106.6,110,8076,Trent
22-05-2013,111,111.5,107.4,108,2305,Trent
23-05-2013,95.1,108.2,95.1,107.1,9208,Trent
24-05-2013,109,109.3,103.5,104.9,2527,Trent
27-05-2013,103.6,108.5,103.4,107.4,2478,Trent
28-05-2013,106.1,108.5,106.1,108.1,1300,Trent
29-05-2013,108.5,109.6,104.1,108,11934,Trent
30-05-2013,107,109.2,106,107.9,4209,Trent
31-05-2013,107,108.4,105.5,107.6,4206,Trent
03-06-2013,107.8,108.5,104.2,105.6,1214,Trent
04-06-2013,104.1,107.9,104,105.6,1229,Trent
05-06-2013,104.5,106.1,103.4,103.9,1935,Trent
06-06-2013,104,105.7,102,105,4639,Trent
07-06-2013,104,105.5,101.4,102.2,4832,Trent
10-06-2013,101.1,103.5,99.6,102.6,5766,Trent
11-06-2013,102.4,102.9,99.6,100.2,2571,Trent
12-06-2013,99.2,102.8,98.7,102,4403,Trent
13-06-2013,101,102.2,99.5,101.9,2707,Trent
14-06-2013,100.6,102.9,100.4,102.6,2774,Trent
17-06-2013,104.5,104.5,100.2,101.8,2973,Trent
18-06-2013,101,102.5,100.3,101.4,5199,Trent
19-06-2013,100.4,103.8,100.4,101.7,27929,Trent
20-06-2013,101.6,101.9,100,100.7,2066,Trent
21-06-2013,100.1,101.5,99.5,100.2,1274,Trent
24-06-2013,98.7,100.7,98.7,99.5,1211,Trent
25-06-2013,98.7,99.5,98.2,98.9,2934,Trent
26-06-2013,98.9,99.2,97.5,98,1107,Trent
27-06-2013,99.5,102,97.7,99.5,13013,Trent
28-06-2013,98.5,100.9,98,99.4,155053,Trent
01-07-2013,99.4,100,98.4,98.8,978,Trent
02-07-2013,99,99.6,97.1,97.8,3405,Trent
03-07-2013,98.8,98.8,97,97.5,1646,Trent
04-07-2013,96.6,99.7,96.6,99,4011,Trent
05-07-2013,98,102.2,98,101.5,3831,Trent
08-07-2013,100,102.3,99.6,101.9,2001,Trent
09-07-2013,103,103,99.1,100.2,1341,Trent
10-07-2013,100.5,101.5,97.7,99.6,3690,Trent
11-07-2013,98.8,101.8,98.3,101.3,2641,Trent
12-07-2013,100.3,101.7,99.9,100.8,2119,Trent
15-07-2013,99.8,100.9,98,100.2,2450,Trent
16-07-2013,101,102.7,99.2,102.2,2928,Trent
17-07-2013,101.1,104.9,101.1,103.7,3782,Trent
18-07-2013,102.6,104,100.1,101,4943,Trent
19-07-2013,101.7,102.5,100.2,102.2,2224,Trent
22-07-2013,101,102.5,100.7,102,1601,Trent
23-07-2013,102,102.3,99.7,102,10185,Trent
24-07-2013,102.5,102.5,100,102,16185,Trent
25-07-2013,101,101.4,99.8,101,3260,Trent
26-07-2013,100.2,102,98.8,100.6,1938,Trent
29-07-2013,99.2,101,99.2,100.6,3269,Trent
30-07-2013,99.6,100.5,98.6,100,5090,Trent
31-07-2013,102.7,102.7,98.5,100.7,57911,Trent
01-08-2013,99.7,101,98.8,99.7,2733,Trent
02-08-2013,102.1,103,99,100.3,15078,Trent
05-08-2013,99.5,100.9,98.4,100.1,5697,Trent
06-08-2013,100.1,100.1,96.3,97.6,2700,Trent
07-08-2013,98.7,98.7,97,97.5,3430,Trent
08-08-2013,96.4,100.4,96.4,98.9,3476,Trent
12-08-2013,101.9,101.9,94.9,96.6,18699,Trent
13-08-2013,99.4,99.8,97.2,99.4,4531,Trent
14-08-2013,100.5,100.5,95.3,97,3080,Trent
16-08-2013,97.7,98.5,95.6,98,8010,Trent
19-08-2013,97.1,97.3,93.6,94.7,7082,Trent
20-08-2013,95,95.7,93.6,94.9,26043,Trent
21-08-2013,94.9,96,92.7,93.5,1351,Trent
22-08-2013,92.2,95.7,92.2,95.3,2180,Trent
23-08-2013,94,96.5,94,96.1,1522,Trent
26-08-2013,97,97.5,93.6,94.3,2592,Trent
27-08-2013,93.4,96,92.4,93.5,6485,Trent
28-08-2013,92.6,93.5,91.3,93,3664,Trent
29-08-2013,93,94.6,92.1,94.5,2334,Trent
30-08-2013,93.5,96.7,93.2,94.5,1807,Trent
02-09-2013,93.6,95.5,93,94.1,3230,Trent
03-09-2013,93.1,94.8,93,93.6,963,Trent
04-09-2013,92.7,94.8,92,94.5,1218,Trent
05-09-2013,94.5,94.8,93.9,94.4,526,Trent
06-09-2013,94,96.4,94,94.4,543,Trent
10-09-2013,95.8,95.8,94.2,94.8,1276,Trent
11-09-2013,94.1,96,94.1,95.7,1235,Trent
12-09-2013,94.5,98,94,94.5,4374,Trent
13-09-2013,95,98.6,94,94.4,158454,Trent
16-09-2013,94.5,96.4,94.3,95.5,2135,Trent
17-09-2013,95,95.6,94,94.7,875,Trent
18-09-2013,94.6,95.4,93.1,93.4,1587,Trent
19-09-2013,95,97.5,94,94,43853,Trent
20-09-2013,94.5,95.4,93.1,94.1,2398,Trent
23-09-2013,93.2,95,92.5,92.8,2072,Trent
24-09-2013,92.3,94,92.3,93.4,11807,Trent
25-09-2013,93,94,91.8,93,14294,Trent
26-09-2013,92.2,94,92.2,93.8,2608,Trent
27-09-2013,93,93.9,92,92.7,1418,Trent
30-09-2013,93.5,93.5,92,92.9,2207,Trent
01-10-2013,92.1,92.9,90.9,91.5,2756,Trent
03-10-2013,92,93.9,91.8,93.5,3333,Trent
04-10-2013,92.5,95,92.5,94.5,1299,Trent
07-10-2013,94.9,94.9,93.2,93.4,19881,Trent
08-10-2013,94.5,94.5,92.5,92.9,2302,Trent
09-10-2013,93,93.5,92.5,92.7,1824,Trent
10-10-2013,92,93,92,92.1,73106,Trent
11-10-2013,92.5,93,91.7,92.2,30021,Trent
14-10-2013,92.5,92.9,91.9,92.6,731,Trent
15-10-2013,92.7,93,91.6,92.2,3433,Trent
17-10-2013,92.9,93.2,90.8,93,19640,Trent
18-10-2013,93,93.5,92,92.6,36705,Trent
21-10-2013,93,93,92.4,92.9,4064,Trent
22-10-2013,91.9,93.2,91.9,93,14667,Trent
23-10-2013,93,93,92.3,92.6,1980,Trent
24-10-2013,92.6,93,88.9,90.9,10108,Trent
25-10-2013,91.3,92.5,91.3,92.1,1958,Trent
28-10-2013,91.5,92.5,91.2,91.5,998,Trent
29-10-2013,92,93,91.3,92.9,3580,Trent
30-10-2013,92.5,93,91.5,91.9,5654,Trent
31-10-2013,94.2,94.2,91,92.5,14083,Trent
01-11-2013,93,93,90.1,90.9,9460,Trent
05-11-2013,91.6,96,90.7,95,52601,Trent
06-11-2013,94.1,95,92.6,93.3,7402,Trent
07-11-2013,92.5,94,91,91.4,8379,Trent
08-11-2013,93,93.4,91.2,92.3,4324,Trent
11-11-2013,91.6,93,91.1,92.5,2786,Trent
12-11-2013,91.6,95.5,91.6,92.7,24219,Trent
13-11-2013,92.8,93.5,91.9,92.2,1839,Trent
14-11-2013,92.8,93.3,91.9,92.1,860,Trent
18-11-2013,92.5,92.9,91.6,91.8,1740,Trent
19-11-2013,93.8,93.8,90.5,91.2,3153,Trent
20-11-2013,90.5,95.5,90.5,94.9,9429,Trent
21-11-2013,95.5,97,93.3,95.2,33999,Trent
22-11-2013,96,111.4,95.1,102.9,112489,Trent
25-11-2013,102.7,104.3,100.1,100.7,10887,Trent
26-11-2013,99.1,103.5,98.5,99.3,15305,Trent
27-11-2013,99.2,101.9,99.1,99.3,4189,Trent
28-11-2013,101.5,101.5,99.5,100.2,2999,Trent
29-11-2013,100.2,109,100.2,104.3,28439,Trent
02-12-2013,105.4,107,103.5,103.9,5761,Trent
03-12-2013,104,107.5,104,105.2,9016,Trent
04-12-2013,104.7,106.5,102.8,103.8,4524,Trent
05-12-2013,104,105.1,101.6,103,10388,Trent
06-12-2013,102.3,104.9,102.3,104,6195,Trent
09-12-2013,104.3,105,101.8,103,4298,Trent
10-12-2013,103.5,103.5,100.7,101.2,3894,Trent
11-12-2013,101.1,101.8,99.4,100.9,4520,Trent
12-12-2013,100.1,103.3,99.5,101.5,3318,Trent
13-12-2013,100,102.5,100,101.1,1476,Trent
16-12-2013,101.9,101.9,99.6,100.1,1659,Trent
17-12-2013,98.9,108.9,98.9,106.4,36217,Trent
18-12-2013,113.3,126.5,112.5,117.9,736596,Trent
19-12-2013,119.2,119.9,115,116.2,84216,Trent
20-12-2013,116.1,125.3,115.1,120.9,128968,Trent
23-12-2013,121.9,124.5,121,123.3,52998,Trent
24-12-2013,123.3,124.6,120.5,121,34231,Trent
26-12-2013,120.2,122.5,118.9,120.2,14120,Trent
27-12-2013,119.5,125.5,119.5,123.5,62567,Trent
30-12-2013,125.4,128.5,124.6,126,102385,Trent
31-12-2013,131.7,134.1,125.2,126.5,156142,Trent
01-01-2014,125.8,126.5,122.4,122.9,32859,Trent
02-01-2014,122.9,124.8,120,120.6,28635,Trent
03-01-2014,120.1,120.5,116.6,119.8,26084,Trent
06-01-2014,119.6,121.5,116.6,117.4,19907,Trent
07-01-2014,117.7,121.4,117,119.6,22141,Trent
08-01-2014,120,120.4,116.5,117,14377,Trent
09-01-2014,116.4,118.4,114.2,115,13127,Trent
10-01-2014,113.9,114.4,111,112.5,25418,Trent
13-01-2014,115.8,118.8,111,116.4,82649,Trent
14-01-2014,115,116.5,111.7,113.2,28180,Trent
15-01-2014,113.4,115.5,112.2,114.1,14730,Trent
16-01-2014,113,115,113,113.2,3876,Trent
17-01-2014,113,114.6,110.5,113.4,8124,Trent
20-01-2014,113.5,113.7,111.2,111.7,6174,Trent
21-01-2014,112.3,113.5,110.5,110.9,4602,Trent
22-01-2014,109.8,112,108.2,109.4,8607,Trent
23-01-2014,110.5,111,108.1,110.1,6787,Trent
24-01-2014,109,110.4,107.5,108.4,5327,Trent
27-01-2014,107.5,107.5,105,105.4,3872,Trent
28-01-2014,105.9,108.9,105.6,106.6,4755,Trent
29-01-2014,108.2,108.8,106.7,108,4188,Trent
30-01-2014,106.1,109,105.5,108.3,7562,Trent
31-01-2014,108.5,110,107.5,108.6,4593,Trent
03-02-2014,109,109.2,106,107.1,2302,Trent
04-02-2014,106,107.4,104.4,105.6,3549,Trent
05-02-2014,106.4,108,104.3,106.7,3622,Trent
06-02-2014,106.2,106.8,104.5,104.8,3771,Trent
07-02-2014,105.1,106.1,103.5,103.8,2756,Trent
10-02-2014,107,107,103.2,103.8,1175,Trent
11-02-2014,103.5,104.5,102,103.5,3242,Trent
12-02-2014,104.1,105.3,102.5,103.7,2331,Trent
13-02-2014,104,104.3,102,102.3,43417,Trent
14-02-2014,101.9,105.8,101.9,103.4,15375,Trent
17-02-2014,105.5,105.5,101.2,102,3387,Trent
18-02-2014,101.9,103.5,100.5,101.5,5202,Trent
20-02-2014,101.7,102.8,100.6,101.5,1638,Trent
21-02-2014,101.8,102.7,101.4,102.3,3489,Trent
24-02-2014,101.4,102.4,100.5,100.9,3507,Trent
25-02-2014,101.4,101.9,100,100.2,2649,Trent
26-02-2014,100.6,101.4,100,100.4,2229,Trent
28-02-2014,101,101.6,99.2,99.7,4711,Trent
03-03-2014,99.8,102.9,99.2,99.6,22971,Trent
04-03-2014,101.8,101.9,99.5,99.7,6961,Trent
05-03-2014,100.5,101,99.3,99.8,5408,Trent
06-03-2014,100.4,102,100,100.5,11780,Trent
07-03-2014,100.7,101.4,100,100.1,6795,Trent
10-03-2014,99,104.5,99,101.9,31084,Trent
11-03-2014,104.5,106.5,102.1,103,52820,Trent
12-03-2014,103,104,101.2,101.9,6774,Trent
13-03-2014,102.3,102.8,100.8,101.1,4108,Trent
14-03-2014,101,102.9,99.8,100.4,23327,Trent
18-03-2014,99.4,101.8,99.4,100.8,24091,Trent
19-03-2014,100.7,100.8,98.6,99.7,8979,Trent
20-03-2014,100,100.7,99.6,99.9,2497,Trent
21-03-2014,98.9,100.4,98.9,100,13474,Trent
24-03-2014,107,107.8,103.8,104.8,80708,Trent
25-03-2014,104,105.3,102,103,24150,Trent
26-03-2014,103,103.5,101.8,103,19839,Trent
27-03-2014,103.1,103.1,101.6,102.3,1129241,Trent
28-03-2014,103.5,103.5,100.8,102.3,19759,Trent
31-03-2014,103.7,103.8,100,102.8,68206,Trent
01-04-2014,103,103.6,101.2,101.5,7451,Trent
02-04-2014,103,103.5,101.5,102,14603,Trent
03-04-2014,101.1,102.9,101.1,102.1,8621,Trent
04-04-2014,101.6,102.4,101.1,102.1,5220,Trent
07-04-2014,101.1,102.3,100.2,100.8,9831,Trent
09-04-2014,100.2,102.1,100.2,101.5,14532,Trent
10-04-2014,102,102,99.4,99.8,17285,Trent
11-04-2014,99.2,100.8,99,99.2,9634,Trent
15-04-2014,98.8,100,98.4,99.4,143328,Trent
16-04-2014,99.1,101.7,99.1,99.3,26410,Trent
17-04-2014,99.6,101,99,100.4,20069,Trent
21-04-2014,100.8,101.2,99.6,99.8,29660,Trent
22-04-2014,100.3,100.9,99.2,99.6,8627,Trent
23-04-2014,99.1,100.6,99.1,100.4,20875,Trent
25-04-2014,99.4,100.9,98.8,99.2,15812,Trent
28-04-2014,99.4,100,98.1,98.5,6365,Trent
29-04-2014,98.5,98.7,96.2,96.9,12774,Trent
30-04-2014,97.5,99.3,95.8,98.6,37443,Trent
02-05-2014,97.7,99.5,97.7,98.3,5764,Trent
05-05-2014,98.2,98.2,97,97.1,4095,Trent
06-05-2014,97.5,98.1,96.5,96.9,2384,Trent
07-05-2014,97.6,97.6,95.4,95.6,6418,Trent
08-05-2014,95.2,96.5,95.1,96.2,8553,Trent
09-05-2014,96.5,99.8,95.9,98.8,22837,Trent
12-05-2014,99,100,96.1,98.6,27047,Trent
13-05-2014,100.9,100.9,97.3,98,34649,Trent
14-05-2014,97.7,100,96.2,97,13424,Trent
15-05-2014,97.6,97.6,95,96,13335,Trent
16-05-2014,96.5,99,95.6,97.7,40624,Trent
19-05-2014,98,98.1,96.3,98,42661,Trent
20-05-2014,98.5,101.8,98,99.4,26711,Trent
21-05-2014,99.3,99.8,97.7,98.7,9082,Trent
22-05-2014,99.1,101,97,97.5,29537,Trent
23-05-2014,97.6,99.5,97.4,98,8887,Trent
26-05-2014,99.2,102.9,98.8,100.6,32875,Trent
27-05-2014,99.8,101.8,99.8,100.6,6148,Trent
28-05-2014,99.8,104.3,98.8,101.1,79231,Trent
29-05-2014,103.5,104.3,98.2,99.4,48624,Trent
30-05-2014,99.9,105.3,99.7,104.3,128264,Trent
02-06-2014,104.5,108.5,104,106.6,43317,Trent
03-06-2014,106.8,106.9,103.5,104.2,11752,Trent
04-06-2014,106.5,107.5,104,104.9,20651,Trent
05-06-2014,106.9,115.8,105.5,111,101661,Trent
06-06-2014,112,114,110,111.5,31925,Trent
09-06-2014,109,122.7,109,120.4,52484,Trent
10-06-2014,120,120.5,116.7,118.5,20135,Trent
11-06-2014,118.6,121.2,116,117.3,8732,Trent
12-06-2014,117.4,121,116.5,120,23297,Trent
13-06-2014,120.2,127.5,117.6,120.7,57645,Trent
16-06-2014,121.5,121.8,115.2,116.5,215745,Trent
17-06-2014,117,119.2,114.5,116.9,22608,Trent
18-06-2014,117.2,118.1,116,117,62585,Trent
19-06-2014,117.1,120,116.6,119,24906,Trent
20-06-2014,118.9,120.8,116.6,117.2,6508,Trent
23-06-2014,117.2,118,114.4,115.9,6534,Trent
24-06-2014,115,120,115,119,13667,Trent
25-06-2014,117.8,123,117.8,121.2,14666,Trent
26-06-2014,120.1,122.5,119.9,120.4,6865,Trent
27-06-2014,120.2,126.5,120.2,125.6,61513,Trent
30-06-2014,125.6,131,124,125.4,151082,Trent
01-07-2014,124.5,130.5,124.2,124.5,24331,Trent
02-07-2014,125.9,127.3,123.2,126.7,21560,Trent
03-07-2014,127.1,127.6,124.5,125,8460,Trent
04-07-2014,126.8,128.1,124.5,125.4,7773,Trent
07-07-2014,125,126.7,124.6,125.9,7950,Trent
08-07-2014,126.5,126.5,120.9,124.2,12181,Trent
09-07-2014,124.4,126,118.7,120.6,19424,Trent
10-07-2014,119.1,125,115.7,124,20524,Trent
11-07-2014,122.8,124.9,118.6,120.7,16614,Trent
14-07-2014,121.8,122.6,118.2,120,40401,Trent
15-07-2014,120,122.2,117.6,119,69977,Trent
16-07-2014,118.6,122.9,118.6,121.3,24843,Trent
17-07-2014,120.1,122.5,120.1,121.8,4606,Trent
18-07-2014,120.6,126,120.6,124.3,49771,Trent
21-07-2014,124.5,127.2,124.5,126.2,10472,Trent
22-07-2014,124.7,127.5,124.6,126.6,3666,Trent
23-07-2014,127.1,127.5,125.1,126.4,9242,Trent
24-07-2014,127,127,124.3,125.7,115166,Trent
25-07-2014,127,127.4,121.3,123.3,5263,Trent
28-07-2014,123.2,123.5,122.1,122.5,1635,Trent
30-07-2014,124.5,124.5,120.7,121.8,2569,Trent
31-07-2014,123.4,124.2,121.1,121.5,3527,Trent
01-08-2014,122.9,123,121.5,122.5,4479,Trent
04-08-2014,122.5,124.2,120.6,121.1,3923,Trent
05-08-2014,123.9,123.9,120,122.6,4786,Trent
06-08-2014,123.2,123.2,120,120.2,6702,Trent
07-08-2014,121.7,121.9,113.2,117.9,187587,Trent
08-08-2014,116,116,110.2,114.1,58632,Trent
11-08-2014,116.4,116.4,111.2,112.6,15017,Trent
12-08-2014,111.5,114.2,110.5,112.9,12817,Trent
13-08-2014,114,114,110.5,112.4,12780,Trent
14-08-2014,113,113.5,110.2,110.9,5985,Trent
18-08-2014,113.5,113.7,111,111.6,4710,Trent
19-08-2014,112.2,115,112,113,18620,Trent
20-08-2014,112,115,112,114.5,9998,Trent
21-08-2014,114.8,116.5,113.2,116,17432,Trent
22-08-2014,116,117.5,114.5,115.6,9077,Trent
25-08-2014,115.5,116.5,114.6,115.2,3447,Trent
26-08-2014,114.7,115.7,113.2,113.4,4750,Trent
27-08-2014,114.8,115.5,112.7,114.9,9275,Trent
28-08-2014,115.7,116,114,114,2755,Trent
01-09-2014,114.2,115.8,114.2,115.1,5599,Trent
02-09-2014,113.7,115.9,113.7,115.3,4942,Trent
03-09-2014,115.5,120.5,114.6,119.9,30406,Trent
04-09-2014,119.8,123,118,120.7,30809,Trent
05-09-2014,121.9,122.9,121.2,122.3,6323,Trent
08-09-2014,122.5,123,118.3,121,10927,Trent
09-09-2014,120.4,122.6,118.1,121.8,12524,Trent
10-09-2014,121,124.9,121,123.5,20257,Trent
11-09-2014,124,133.5,123.5,130.5,100271,Trent
12-09-2014,131.2,135.8,128,134.8,45639,Trent
15-09-2014,134.8,150.9,132.1,143.7,107163,Trent
16-09-2014,145.5,146.9,132.6,135.8,29577,Trent
17-09-2014,139.5,142.8,134,138.1,12502,Trent
18-09-2014,139.8,143,138.2,141.6,11658,Trent
19-09-2014,143,146.7,139,142,23770,Trent
22-09-2014,141.5,147.2,140,143,31751,Trent
23-09-2014,141.7,146,140,140.9,10629,Trent
24-09-2014,140.1,142,136.9,137.9,9099,Trent
25-09-2014,137.6,139.9,132.6,134.6,9236,Trent
26-09-2014,133.3,136,130.2,134.7,10872,Trent
29-09-2014,133.7,140.5,133.7,134.7,5134,Trent
30-09-2014,135,143.8,134.4,137.7,11350,Trent
01-10-2014,139.5,141.9,138.2,138.8,6617,Trent
07-10-2014,140.9,142,137,137.3,21873,Trent
08-10-2014,135.9,138.9,134.7,135.5,15462,Trent
09-10-2014,134.2,138.4,134.2,136.3,13983,Trent
10-10-2014,136.3,136.6,133.4,134.8,2221,Trent
13-10-2014,135,138.2,133.8,136.5,8439,Trent
14-10-2014,136.5,137.4,135.1,136.6,7521,Trent
16-10-2014,135.2,137.8,130,131,5588,Trent
17-10-2014,133.9,135.5,128.6,134.6,17432,Trent
20-10-2014,134.5,145.4,134.1,134.9,48789,Trent
21-10-2014,135.2,139.4,134.5,135.3,15898,Trent
22-10-2014,136.5,138.7,133.6,134.3,12456,Trent
23-10-2014,136,138.1,135.4,136.9,2660,Trent
27-10-2014,138,138,133.8,134.1,7415,Trent
28-10-2014,136,137.3,134.4,134.9,13865,Trent
29-10-2014,135.8,136.7,132.4,133.3,13067,Trent
30-10-2014,134,134.6,132.2,132.8,12738,Trent
31-10-2014,133.8,135.9,130.6,132.8,26279,Trent
03-11-2014,132.7,135,131.2,134.1,33915,Trent
05-11-2014,135,138.4,132.6,135,54403,Trent
07-11-2014,137.5,140.9,135.8,137.7,24286,Trent
10-11-2014,138.9,138.9,134.6,135.6,8010,Trent
11-11-2014,135,139.9,135,138,14536,Trent
12-11-2014,139.9,143.5,136.6,140.5,31767,Trent
13-11-2014,139.2,145.6,139.2,144.2,31938,Trent
14-11-2014,144.2,151.9,143.5,147.4,95339,Trent
17-11-2014,148,153.3,144.9,151.7,40569,Trent
18-11-2014,152,153.9,148.1,148.5,17266,Trent
19-11-2014,148.5,154.9,148.5,149.5,32460,Trent
20-11-2014,150.4,157.6,148.2,155.4,34290,Trent
21-11-2014,154,157.5,151,151.4,18431,Trent
24-11-2014,154,154,146.5,147.4,13414,Trent
25-11-2014,149.9,149.9,143.5,144.9,23928,Trent
26-11-2014,143.5,147.8,143.5,144.2,5525,Trent
27-11-2014,143.4,146.3,143.4,144.1,2675,Trent
28-11-2014,143.5,149.4,143.5,145.9,13237,Trent
01-12-2014,146,148.5,144.3,144.9,4190,Trent
02-12-2014,143.5,147,143.5,144.9,4596,Trent
03-12-2014,144.7,153.5,144.7,151.9,16490,Trent
04-12-2014,151.1,159.6,150.5,158.1,39652,Trent
05-12-2014,158.8,159,153.1,153.8,16986,Trent
08-12-2014,153,156.8,151.7,152.1,27949,Trent
09-12-2014,152.6,152.6,150,151.9,14300,Trent
10-12-2014,152,152.7,147.6,149.9,3190,Trent
11-12-2014,148.2,149.8,146,147.3,4330,Trent
12-12-2014,147.6,148.8,144.2,146,7398,Trent
15-12-2014,144.8,148,144,145.7,2849,Trent
16-12-2014,145.3,146.4,143.1,145.2,9235,Trent
17-12-2014,145.2,145.7,139.5,141,22833,Trent
18-12-2014,148.5,148.5,138,142.5,16112,Trent
19-12-2014,141.1,145.8,140.2,141.2,9204,Trent
22-12-2014,142,142,138.7,139.7,9976,Trent
23-12-2014,135.5,141.1,135.5,139.5,8299,Trent
24-12-2014,139,140.4,138,138.5,2980,Trent
26-12-2014,138.5,147.8,138.5,144.9,23744,Trent
29-12-2014,145,150.1,145,148.5,8191,Trent
30-12-2014,149,150.5,144.9,146.4,10595,Trent
31-12-2014,145.5,149.9,144.8,149,27589,Trent
01-01-2015,148.1,149.2,147,148.3,1657,Trent
02-01-2015,148.5,149.2,146,147,2538,Trent
05-01-2015,146.2,152,144.3,147.2,25268,Trent
06-01-2015,147,149.9,144,145.1,12652,Trent
07-01-2015,149.4,151.7,146.1,148.9,18323,Trent
08-01-2015,151.3,151.3,147,150.3,12962,Trent
09-01-2015,150.2,151,146.1,147.2,6636,Trent
12-01-2015,147.2,149.2,143.3,144.8,6156,Trent
13-01-2015,146.4,146.6,142,142.3,8812,Trent
14-01-2015,143.3,144.9,139,139.6,15591,Trent
15-01-2015,141.3,142.6,137.2,142,23706,Trent
16-01-2015,141.9,141.9,139,139.2,4494,Trent
19-01-2015,139.4,143.9,139.4,143.2,7026,Trent
20-01-2015,145.5,147.7,143.9,144.6,14765,Trent
21-01-2015,145.7,146.7,143,143.4,2506,Trent
22-01-2015,144.9,148.7,139.5,141.9,22280,Trent
23-01-2015,144.4,149.3,143,144.5,56334,Trent
27-01-2015,144.9,149.3,143.5,146.3,24867,Trent
28-01-2015,147,149.5,147,148.4,22889,Trent
29-01-2015,149,149,143.6,145,14831,Trent
30-01-2015,144,148.2,144,145.9,12681,Trent
02-02-2015,145.9,147.8,144,145.3,5405,Trent
03-02-2015,145.2,147.8,141,141.8,9581,Trent
04-02-2015,142.2,148.2,142.2,147.3,37805,Trent
05-02-2015,147.3,152.7,146.5,149.4,76422,Trent
06-02-2015,150.4,151.7,145.8,147.6,12840,Trent
09-02-2015,147.7,150,146,146.7,5005,Trent
10-02-2015,146.3,147.9,142.7,145.2,13213,Trent
11-02-2015,146,148.9,143.2,148.2,11007,Trent
12-02-2015,149,149.3,145.5,146.6,4163,Trent
13-02-2015,147.5,148,145.7,146.3,2153,Trent
16-02-2015,146.5,150.3,145.8,146.3,3358,Trent
18-02-2015,146.9,150.7,146.7,149.3,14803,Trent
19-02-2015,150,150.4,146,146.7,5534,Trent
20-02-2015,147.5,148.9,145.5,145.8,3311,Trent
23-02-2015,147.2,148.7,144.6,145.4,3943,Trent
24-02-2015,146.3,148.8,144.8,146.4,5182,Trent
25-02-2015,147,148.5,144,144.8,3696,Trent
26-02-2015,145.7,148,143,147.1,5195,Trent
27-02-2015,147.2,150.5,145.3,149.2,6890,Trent
02-03-2015,146.7,147.5,145.3,145.8,2772,Trent
03-03-2015,145.8,148.8,145.1,147,7312,Trent
04-03-2015,146.9,149.9,145,145.6,6996,Trent
05-03-2015,146.3,148.9,145.7,146.9,3689,Trent
09-03-2015,146,148,144.6,146,3908,Trent
10-03-2015,146.9,149,145.6,148,5275,Trent
11-03-2015,147.1,149.4,141.2,147.6,29705,Trent
12-03-2015,146.8,150.6,146.8,147.6,6978,Trent
13-03-2015,148.8,155,148,150.5,35176,Trent
16-03-2015,147.5,151.9,146.2,148.8,27370,Trent
17-03-2015,150.5,150.6,146.5,148.9,23574,Trent
18-03-2015,149.8,150.8,147,148.9,27773,Trent
19-03-2015,149,149,146.6,147.9,9231,Trent
20-03-2015,148.4,149.4,146,147.9,11457,Trent
23-03-2015,147.9,147.9,144.6,146.3,10205,Trent
24-03-2015,144.2,148.4,144.2,145.8,3488,Trent
25-03-2015,146.4,147,143,145.1,13973,Trent
26-03-2015,143.5,146.9,143.5,146.2,11986,Trent
27-03-2015,145.5,148.9,143,148,17712,Trent
30-03-2015,148,148.5,145.8,147.4,10602,Trent
31-03-2015,148.4,148.4,145.6,147,20296,Trent
01-04-2015,147.8,149.2,147.5,148.1,2369,Trent
06-04-2015,147.9,151.3,146.7,148.6,26431,Trent
07-04-2015,148.8,149.9,146.2,146.7,4972,Trent
08-04-2015,147.2,148.1,144.4,145,13421,Trent
09-04-2015,145.1,145.8,141.4,142.4,19501,Trent
10-04-2015,143,143.6,140.5,141.2,5619,Trent
13-04-2015,141.6,143,138.8,139.1,6257,Trent
15-04-2015,138.7,141.5,136.5,137.3,3339,Trent
16-04-2015,139,139.5,136,139,15573,Trent
17-04-2015,139.4,140.3,137.6,138.6,8169,Trent
20-04-2015,138.5,138.5,130.1,131.9,11282,Trent
21-04-2015,132.2,132.9,127.1,129.1,13501,Trent
22-04-2015,129.5,130.9,127.5,128.5,11264,Trent
23-04-2015,128.9,129.8,121.5,123.8,27344,Trent
24-04-2015,123.5,123.5,117.4,118.7,20558,Trent
27-04-2015,119.7,120,112,115.6,11050,Trent
28-04-2015,115.7,121.1,114.8,119.8,4957,Trent
29-04-2015,119.7,120.7,115.1,115.7,6606,Trent
30-04-2015,116.3,116.5,109.5,113.9,19378,Trent
04-05-2015,114.4,123.4,114,118.2,20191,Trent
05-05-2015,118.3,120.7,117.1,118.1,2634,Trent
06-05-2015,118.1,119.2,111.5,112.5,4638,Trent
07-05-2015,111.6,115.8,111.6,113.2,3977,Trent
08-05-2015,113.3,118.3,113.3,117.6,6072,Trent
11-05-2015,118.5,119.5,116.5,117.2,4406,Trent
12-05-2015,114.8,118.5,110.5,111.8,18447,Trent
13-05-2015,112.5,115,111.8,113.3,53427,Trent
14-05-2015,114.5,116.9,112.1,115.4,6419,Trent
15-05-2015,114.8,116.4,113.6,115.3,4540,Trent
18-05-2015,115,118,115,117.2,2363,Trent
19-05-2015,117.5,119.9,117.1,119,2282,Trent
20-05-2015,119.8,132.8,119.8,130,44171,Trent
21-05-2015,131,132.4,127.8,128.9,33901,Trent
22-05-2015,128.2,130,126.8,128.2,2781,Trent
25-05-2015,129.9,129.9,124.5,125.2,1703,Trent
26-05-2015,126.1,127.8,122.6,124.1,2384,Trent
27-05-2015,123.2,126.4,121.8,124.6,5457,Trent
28-05-2015,123,123.8,120.4,122.2,6532,Trent
29-05-2015,123,123.9,118.1,119.1,36095,Trent
01-06-2015,119.5,122.9,117.8,118.8,7051,Trent
02-06-2015,120.7,122.7,118,119.3,7765,Trent
03-06-2015,117.8,118,109.5,114.3,8195,Trent
04-06-2015,115.9,118.5,113,115.6,7907,Trent
05-06-2015,115.9,117.5,112.9,113.6,3850,Trent
08-06-2015,113.2,115.2,111.5,113.5,28065,Trent
09-06-2015,115,115,111.5,111.8,1585,Trent
10-06-2015,112.1,114.7,112,113.5,2407,Trent
11-06-2015,114.5,117.4,114,114.7,12417,Trent
12-06-2015,113,115.2,112.5,114.4,4576,Trent
15-06-2015,113.8,115.3,111.2,112.4,3287,Trent
16-06-2015,113.5,113.6,110.6,111.9,1908,Trent
17-06-2015,114,121.3,112.2,119.8,13670,Trent
18-06-2015,118.5,121.8,118,119.2,3813,Trent
19-06-2015,120,123,117.1,121.7,4676,Trent
22-06-2015,123,123,118.1,119,5026,Trent
23-06-2015,118.5,121,117.4,118,3778,Trent
24-06-2015,118,118.5,114.6,115,9353,Trent
25-06-2015,114.9,116.5,114,114.9,2663,Trent
26-06-2015,115.2,115.4,112.4,113.8,4109,Trent
29-06-2015,113,113.3,111.6,112.6,2597,Trent
30-06-2015,113.4,116.5,112,112.7,7738,Trent
01-07-2015,114,116.5,111,115.3,7575,Trent
02-07-2015,115.9,116.5,114.5,115.3,6387,Trent
03-07-2015,115.2,117,113.5,116.4,7036,Trent
06-07-2015,115,118.3,115,117.8,4106,Trent
07-07-2015,118.8,120.2,117.6,119.5,4317,Trent
08-07-2015,116.4,120.2,116.4,118.1,6076,Trent
09-07-2015,118.1,121.7,118.1,119.8,4604,Trent
10-07-2015,121.8,124.7,118.3,121.4,22154,Trent
13-07-2015,121.5,124.5,120,121.6,3128,Trent
14-07-2015,122.8,124,120.8,121.7,1247,Trent
15-07-2015,121.6,122.1,119.1,119.8,2792,Trent
16-07-2015,119.5,122.2,119.5,120.5,159397,Trent
17-07-2015,121,122,118.3,119.3,9040,Trent
20-07-2015,120,120.4,117.8,118.3,2360,Trent
21-07-2015,121.4,121.4,116.5,119,2260,Trent
22-07-2015,118,121,116.6,118.7,2156,Trent
23-07-2015,119.6,123.8,119.2,121.9,8568,Trent
24-07-2015,122.3,123.8,120,121.3,58472,Trent
27-07-2015,120.8,123,119.1,121.5,16831,Trent
28-07-2015,120,122,120,120.4,20020,Trent
29-07-2015,120.5,122,119.4,120.5,1346,Trent
30-07-2015,121,122.5,119.9,120.2,4575,Trent
31-07-2015,122.4,124.8,120.7,122.4,4017,Trent
03-08-2015,121.1,124,120.5,121.8,2676,Trent
04-08-2015,122.5,123.2,120,120.6,3627,Trent
05-08-2015,122.4,123,121.5,122.3,2067,Trent
06-08-2015,123,126.8,121.2,124.6,14822,Trent
07-08-2015,126.6,127.7,120.8,122.4,11387,Trent
10-08-2015,125,134.4,121.2,130.4,22679,Trent
11-08-2015,132.6,134.4,130.3,132.8,117741,Trent
13-08-2015,131,132,123.9,129.9,10929,Trent
14-08-2015,127.1,130.5,127.1,130.1,2218,Trent
17-08-2015,128.3,131,127.5,128.5,2928,Trent
18-08-2015,128.4,131,128.4,130.3,2605,Trent
19-08-2015,130.8,132.5,128.9,129.3,2224,Trent
20-08-2015,130,132,127.8,131.1,5314,Trent
21-08-2015,131.1,131.6,125.4,130.8,12067,Trent
24-08-2015,126.3,130.3,119.8,120.2,19118,Trent
25-08-2015,120.7,124.9,119,122.7,5150,Trent
26-08-2015,123,124,121.2,122.7,5548,Trent
27-08-2015,123,124,120.2,122.7,2468,Trent
28-08-2015,124.5,124.8,122.8,123.5,846,Trent
31-08-2015,127,127,122.5,123.6,39108,Trent
01-09-2015,123.6,125.6,122.5,124.6,199526,Trent
02-09-2015,124.6,125.5,124.5,124.5,4109,Trent
03-09-2015,123.8,125,123.3,124.5,3585,Trent
04-09-2015,123.1,125,122.3,123.4,14157,Trent
07-09-2015,123.5,124.1,117.5,118.1,3388,Trent
08-09-2015,120,121.7,117,118.4,1737,Trent
09-09-2015,119.5,120.8,117.5,119.4,1473,Trent
10-09-2015,118.2,118.2,116.1,116.7,788,Trent
11-09-2015,117.9,120.8,116.4,119.3,6139,Trent
14-09-2015,122,122,117.6,119.2,798,Trent
16-09-2015,119.6,125.9,118.1,124.1,73227,Trent
18-09-2015,121.2,130.7,121.2,128.3,8095,Trent
21-09-2015,128.2,132.5,126.5,129,5173,Trent
22-09-2015,129,129.9,123.8,125.9,10830,Trent
23-09-2015,124,130.3,124,129.3,5909,Trent
24-09-2015,130,133.5,126.9,131.7,11898,Trent
28-09-2015,130.7,132,127.5,128.8,2824,Trent
29-09-2015,127.1,129.5,127.1,128.7,6068,Trent
30-09-2015,129,134,125.8,130.3,12861,Trent
01-10-2015,131,131.3,128.1,129.4,1766,Trent
05-10-2015,129.3,132.4,128.9,131.8,6273,Trent
06-10-2015,131.7,132.4,131.7,131.7,5263,Trent
07-10-2015,131.7,132,129,130.3,2405,Trent
08-10-2015,131.4,131.4,129,130,3477,Trent
09-10-2015,131.3,136,129.1,133.7,12498,Trent
12-10-2015,133,136,131.3,133,3729,Trent
13-10-2015,132.8,136.1,132.1,135.2,4759,Trent
14-10-2015,136,138.5,134.1,136.4,33217,Trent
15-10-2015,134.8,137.9,133.5,134.7,4698,Trent
19-10-2015,138.1,141,137,137.8,9474,Trent
20-10-2015,138,139.4,135.2,137.9,5591,Trent
21-10-2015,136.7,140.4,136.7,139,3745,Trent
23-10-2015,139.3,141.4,138.2,139,15293,Trent
26-10-2015,139,142,138.1,140.7,68097,Trent
27-10-2015,139.1,140.9,138.8,139.6,1677,Trent
28-10-2015,139.4,140.9,138.1,139.5,2520,Trent
29-10-2015,140.1,141.7,139.5,140,2056,Trent
30-10-2015,142,142,139.5,139.5,1302,Trent
02-11-2015,138.9,140.5,138.1,140,3159,Trent
03-11-2015,140.3,143.5,140,142.9,5871,Trent
04-11-2015,141.8,144.6,140.2,142.6,7751,Trent
05-11-2015,140.9,143.9,140,140,11329,Trent
06-11-2015,140.1,141,140,140,10949,Trent
09-11-2015,140,140.6,138.1,140.1,5268,Trent
10-11-2015,140,140.5,140,140,4936,Trent
13-11-2015,142.5,142.5,138.1,139.2,2321,Trent
16-11-2015,138.1,143.3,137.4,142.6,4524,Trent
17-11-2015,142.3,142.8,140,140,1892,Trent
18-11-2015,141,143.5,139.9,142.6,4155,Trent
19-11-2015,142,143.5,140.5,142.9,2655,Trent
20-11-2015,142,143.9,140.8,141.7,2403,Trent
23-11-2015,141,143.3,141,142,2845,Trent
24-11-2015,142,148.1,140.9,145.5,5263,Trent
26-11-2015,147.5,154.1,146,153.1,17567,Trent
27-11-2015,153.1,157.5,148.3,154.8,47933,Trent
01-12-2015,161.7,164.6,155.6,157.2,31197,Trent
02-12-2015,157.2,159.9,154.1,156.5,3223,Trent
03-12-2015,157,159,155.2,157.9,2285,Trent
04-12-2015,155.7,157,151.1,154.8,7762,Trent
07-12-2015,156,156,152.1,155,4851,Trent
08-12-2015,155,155.2,152.1,153.3,1536,Trent
09-12-2015,154,154,150.1,152.5,6817,Trent
10-12-2015,152.4,155.5,151,155,2598,Trent
11-12-2015,154.9,155.7,150.5,151.3,2499,Trent
14-12-2015,153,153,148.1,150.8,3109,Trent
15-12-2015,151.2,153.7,147.2,152.7,3432,Trent
16-12-2015,152.2,152.9,149.5,151.2,881,Trent
17-12-2015,151.4,157.1,150.1,155.6,5739,Trent
18-12-2015,155,158.4,155,157.3,4471,Trent
21-12-2015,158.8,172.6,156.2,164.8,40824,Trent
22-12-2015,165.8,165.8,157.6,160,24674,Trent
23-12-2015,160,175.9,159.7,168.7,34966,Trent
24-12-2015,169.9,171,163.1,168.8,25954,Trent
28-12-2015,170,174.5,163.8,171.1,38646,Trent
29-12-2015,170.3,177.9,168.1,175.1,36055,Trent
30-12-2015,176,176.9,172,175.8,16157,Trent
31-12-2015,176,176,173.5,175,123633,Trent
01-01-2016,177.5,177.6,173.5,175.3,6896,Trent
04-01-2016,176.8,176.8,168.3,170.8,10739,Trent
05-01-2016,170.9,171,167,168.2,5760,Trent
06-01-2016,168.1,168.1,163.2,165.3,65767,Trent
07-01-2016,164,165.7,161.3,162.6,9532,Trent
08-01-2016,164.6,173,163.8,171.2,8550,Trent
11-01-2016,168.5,171.7,167.5,170.4,3999,Trent
12-01-2016,169.2,170.7,165.3,165.5,2009,Trent
13-01-2016,166.6,168.9,160.7,166.4,6446,Trent
14-01-2016,165.2,165.2,162,163.6,9186,Trent
15-01-2016,163.4,164.5,160,162.5,13178,Trent
18-01-2016,160.3,162.1,155.7,159.3,6712,Trent
19-01-2016,159,163,157.3,162.6,3610,Trent
20-01-2016,162,162,155.3,159.7,4824,Trent
21-01-2016,160,162.4,158,161.2,3153,Trent
22-01-2016,161,163.8,160.4,162,5775,Trent
25-01-2016,163.8,163.8,157.1,158.1,3377,Trent
27-01-2016,158.8,158.8,152.5,156.4,6160,Trent
28-01-2016,156.3,158.9,154,155.4,2265,Trent
29-01-2016,154.1,157,153.2,155.8,5127,Trent
01-02-2016,157.5,157.6,154.6,155,2419,Trent
02-02-2016,157.6,157.6,151.1,152.7,2335,Trent
03-02-2016,151.1,152,147,148.3,2011,Trent
04-02-2016,149.9,151,146.7,148,2866,Trent
05-02-2016,151.4,152.5,144.4,147.7,176701,Trent
08-02-2016,149.9,152.5,147.4,148.2,2606,Trent
09-02-2016,148.1,149.8,144.6,147.1,2250,Trent
10-02-2016,146.9,149.5,145.2,147.4,2485,Trent
11-02-2016,147.3,147.3,138.2,142.7,5656,Trent
15-02-2016,139.5,146,139.5,145.2,155269,Trent
16-02-2016,144.2,146,139,140.2,1214,Trent
17-02-2016,140.5,145,134.9,141.7,4481,Trent
18-02-2016,141.3,144.4,139.8,143,2211,Trent
19-02-2016,146.6,146.6,142.3,144.5,866,Trent
22-02-2016,144.6,145.5,142.1,142.7,649,Trent
23-02-2016,144.9,150.1,138.3,146.8,8561,Trent
24-02-2016,145,146.5,142.8,145.3,2074,Trent
25-02-2016,144,145.8,141.7,144.9,17962,Trent
26-02-2016,145.1,145.2,142.8,144,143862,Trent
29-02-2016,144.4,147,139.4,143,3740,Trent
01-03-2016,146,152.4,142.7,150,55585,Trent
02-03-2016,151,151.5,145.5,146.4,3728,Trent
03-03-2016,148.1,154.8,148.1,154.1,31349,Trent
04-03-2016,153.2,155,149.6,150.9,5812,Trent
08-03-2016,149.6,149.8,144.2,145.2,6265,Trent
09-03-2016,143.8,145.1,141,144.4,7366,Trent
10-03-2016,145.9,147.8,144.2,144.8,2492,Trent
11-03-2016,145,146.7,143.5,143.9,62921,Trent
14-03-2016,145.4,145.5,142.6,143.6,3172,Trent
15-03-2016,143.6,146.4,140.6,141.5,5097,Trent
16-03-2016,143,147.4,138.3,144.9,16941,Trent
17-03-2016,144.9,147.5,142.1,145.9,8932,Trent
18-03-2016,147.5,152,144.7,151,8702,Trent
21-03-2016,149.6,161.9,148.1,153.7,15329,Trent
22-03-2016,155.9,168,152.6,158.2,10945,Trent
23-03-2016,159.9,161,154.5,156.3,5797,Trent
28-03-2016,154.6,156.4,153.5,155.4,3841,Trent
29-03-2016,156,157.1,152.5,155.2,100556,Trent
30-03-2016,154.2,157,154.2,155.5,1832,Trent
31-03-2016,155.8,162.4,154.2,159.2,14767,Trent
01-04-2016,159.7,161.8,157.3,159.9,27008,Trent
04-04-2016,159,161.2,158.2,160,2755,Trent
05-04-2016,160,162.5,159.1,161.2,3272,Trent
06-04-2016,161.2,162.5,159.8,162.2,2165,Trent
07-04-2016,160.2,164,157.2,158.8,2160,Trent
08-04-2016,158.7,159.3,157.1,158.2,536,Trent
11-04-2016,158.2,172.4,156.5,167.6,34226,Trent
12-04-2016,166.9,170,162.6,169.6,13136,Trent
13-04-2016,167.2,170.8,165.2,169.2,5247,Trent
18-04-2016,167.2,168.9,163.6,166,7286,Trent
20-04-2016,165.9,166.7,161.2,163.3,2639,Trent
21-04-2016,164.1,165,159.8,161.3,3826,Trent
22-04-2016,161,163.7,159.5,163.1,22512,Trent
25-04-2016,162.1,164.7,162.1,163,7136,Trent
26-04-2016,163.6,169.5,161.5,165.9,15878,Trent
27-04-2016,166.9,170,164,164.5,2530,Trent
28-04-2016,164.5,169,162.6,166.4,1863,Trent
29-04-2016,168,172,164,169.9,4520,Trent
02-05-2016,171.4,171.4,166.6,170.1,112671,Trent
03-05-2016,172,174.7,169,170.8,148668,Trent
04-05-2016,172.6,172.6,170.1,170.6,92417,Trent
05-05-2016,170.9,172.4,169.2,170.5,6039,Trent
06-05-2016,168.5,171.4,168.5,170.5,1751,Trent
09-05-2016,171.4,171.4,170,170.5,1046,Trent
10-05-2016,169.9,172.5,169.9,171.1,2589,Trent
11-05-2016,168.1,173.4,168.1,170.1,4604,Trent
12-05-2016,170.2,176,170.2,174.4,8125,Trent
13-05-2016,174,181,172.8,179.6,11092,Trent
16-05-2016,180.5,180.5,175.8,177,3193,Trent
17-05-2016,177,178,176.1,177.1,2477,Trent
18-05-2016,177.1,177.5,175.1,176.1,21379,Trent
19-05-2016,176.1,178.3,174.9,176.4,5866,Trent
20-05-2016,176,178,175,176,6892,Trent
23-05-2016,176,177.5,173.5,175.3,2084,Trent
24-05-2016,176,177.2,175,176.3,41103,Trent
25-05-2016,176.3,187.9,175.3,180.9,112571,Trent
26-05-2016,184.3,184.3,174.6,176.6,23407,Trent
27-05-2016,178.1,185,175.1,179,14528,Trent
30-05-2016,178,178.8,173.4,174.1,4911,Trent
31-05-2016,174.1,176.9,160.3,163.5,42969,Trent
01-06-2016,163.5,172.4,163.5,169.1,20351,Trent
02-06-2016,170.5,174,169,170.1,9450,Trent
03-06-2016,170,172.4,168,168.2,5864,Trent
06-06-2016,170.5,170.5,167.5,168.9,2811,Trent
07-06-2016,169,172.3,168,170.5,26248,Trent
08-06-2016,172.5,172.5,168.5,169.1,659,Trent
09-06-2016,172.5,172.5,169,169.7,3838,Trent
10-06-2016,170.1,171,168,168.8,2052,Trent
13-06-2016,169.8,172,168,169.4,3853,Trent
14-06-2016,168.5,171.9,168.5,170.2,2697,Trent
15-06-2016,170.1,171.4,168,168.7,8808,Trent
16-06-2016,168.7,170.7,167.9,169.6,4832,Trent
17-06-2016,170,170.6,168.1,168.5,1668,Trent
20-06-2016,170,170.4,168.5,169.4,1286,Trent
21-06-2016,171,171,168,169.9,4929,Trent
22-06-2016,169.8,171,167,168,1697,Trent
23-06-2016,168.2,168.9,166.2,168.2,2194,Trent
24-06-2016,167.5,171.5,158,168.2,22792,Trent
27-06-2016,169.7,169.8,166.8,168.2,3694,Trent
28-06-2016,171,184,169.3,176.9,139034,Trent
29-06-2016,179,182.5,177.9,179.3,43151,Trent
30-06-2016,180.4,184.4,177.8,181.7,20639,Trent
01-07-2016,182.5,184,179.7,180.4,3415,Trent
04-07-2016,181.5,181.8,178.4,179.2,3240,Trent
05-07-2016,179.1,180,177.1,177.8,1568,Trent
07-07-2016,175.6,180.1,175.6,177,2903,Trent
08-07-2016,177,178.5,176,177.5,16220,Trent
11-07-2016,176,179.5,176,177.4,2271,Trent
12-07-2016,177.3,178.6,175.5,177.6,3018,Trent
13-07-2016,176.2,178.5,176.2,177,115856,Trent
14-07-2016,177.4,178,176,176.5,1531,Trent
15-07-2016,176.8,177.4,174.9,175.1,4900,Trent
18-07-2016,177,177,174.9,175.1,2815,Trent
19-07-2016,177,177,174.9,176.7,6114,Trent
20-07-2016,177.1,177.1,175,175.2,1497,Trent
21-07-2016,175.2,177,175,175.6,2479,Trent
22-07-2016,175.7,179.5,175.1,178.8,4694,Trent
25-07-2016,177,180.8,176,176.8,3015,Trent
26-07-2016,176.8,178,176,176.4,510,Trent
27-07-2016,177.5,178.9,177,177.8,1152,Trent
28-07-2016,176.2,185,173.2,179.9,12438,Trent
29-07-2016,182,185,178.2,183.1,101810,Trent
01-08-2016,184,188.5,181.5,185.7,133505,Trent
02-08-2016,186.5,187.7,185,185.1,3328,Trent
03-08-2016,185.9,185.9,184.6,185.1,2470,Trent
04-08-2016,185.1,187,185,185.1,2222,Trent
05-08-2016,186,186,185,185.1,3235,Trent
08-08-2016,186,188.8,185.4,187.2,2708,Trent
09-08-2016,187.5,189.4,185,185.2,3841,Trent
10-08-2016,185.4,186.7,185,185.1,3331,Trent
11-08-2016,186.4,190.9,185,188.4,8341,Trent
12-08-2016,190,192.6,186.3,189.8,10106,Trent
16-08-2016,189.7,194.4,189.5,189.9,8408,Trent
17-08-2016,191.8,192.8,189.1,192,19995,Trent
18-08-2016,192.5,193.4,191.6,192,2039,Trent
19-08-2016,192,193.2,191,191.7,4037,Trent
22-08-2016,193.5,193.5,192.1,192.6,11974,Trent
23-08-2016,191.1,194.1,191.1,192.7,3926,Trent
24-08-2016,192.4,196.3,190.2,194.6,3290,Trent
25-08-2016,195.4,203.5,195.3,200.6,10236,Trent
26-08-2016,203.8,212.6,201.6,207.5,16894,Trent
29-08-2016,210,210.8,201.1,209.8,7928,Trent
30-08-2016,210,220,205.2,214.9,129120,Trent
31-08-2016,218.2,219.9,213.7,217.6,6719,Trent
01-09-2016,217.6,219.9,217.1,219.6,12511,Trent
02-09-2016,219.9,227.7,218.9,224.7,33953,Trent
06-09-2016,227.4,242,225.2,239.8,41755,Trent
07-09-2016,241.5,244.4,235.3,235.6,32108,Trent
08-09-2016,235.6,237.5,233.9,234.2,12416,Trent
09-09-2016,235.3,237.3,233.3,234.5,11117,Trent
12-09-2016,224,249.8,223,241.5,302622,Trent
14-09-2016,241.8,244.5,237.5,239.8,81476,Trent
15-09-2016,239,240.3,227,230.8,94714,Trent
16-09-2016,237.9,237.9,224,225.7,95154,Trent
19-09-2016,229.5,234.4,224,224.4,127469,Trent
20-09-2016,225,229.9,218.5,219.5,84931,Trent
21-09-2016,219.5,221,213.6,214.8,98355,Trent
22-09-2016,220,220,212,212.5,100105,Trent
23-09-2016,216.6,217.5,211.1,212.1,73714,Trent
26-09-2016,210.1,215,210.1,212.2,49865,Trent
27-09-2016,215,215,210,210.2,64785,Trent
28-09-2016,210.5,212,208,209.7,68231,Trent
29-09-2016,210,212.5,205,209.1,153388,Trent
30-09-2016,205.3,217.7,205.3,213.5,117725,Trent
03-10-2016,213.5,224.8,212.1,223.1,182227,Trent
04-10-2016,225,228,220.9,222.6,115142,Trent
05-10-2016,223.7,224.4,218,219.3,86507,Trent
06-10-2016,220,222.8,214.6,216.9,61465,Trent
07-10-2016,218,219.9,214,215.4,25251,Trent
10-10-2016,216,218.9,212.5,214.1,32497,Trent
13-10-2016,212,222,209.6,214.5,117881,Trent
14-10-2016,214.5,215,208.5,210.4,45460,Trent
17-10-2016,208.5,215,208,208.6,40988,Trent
18-10-2016,214.4,214.4,208.4,212.1,30481,Trent
19-10-2016,212.4,214.3,209,209.5,30661,Trent
20-10-2016,211,211.4,206.6,208.5,66426,Trent
21-10-2016,210.1,210.7,205,205.5,61122,Trent
24-10-2016,209.8,209.8,202,203.1,60298,Trent
25-10-2016,203,209.9,201,203.9,112293,Trent
26-10-2016,201.2,203.7,198,199.1,83892,Trent
27-10-2016,198,199.7,195,197.8,72322,Trent
28-10-2016,195.1,204.8,195.1,199.4,129064,Trent
01-11-2016,201.5,209.6,201.5,207.4,60189,Trent
02-11-2016,206.7,206.7,200,200.7,36407,Trent
03-11-2016,203.1,205,201,202.1,48399,Trent
04-11-2016,204.9,204.9,195.1,195.8,76521,Trent
07-11-2016,200,202.1,194.4,195.3,30902,Trent
08-11-2016,196,209.5,195.1,201.8,362237,Trent
09-11-2016,185.4,201.9,185.4,198.7,114510,Trent
10-11-2016,203.5,205,197.1,199.5,35905,Trent
11-11-2016,200,204,191.1,191.9,43418,Trent
15-11-2016,192,195.4,186,191.6,67611,Trent
16-11-2016,192.8,194.8,186,193.4,45544,Trent
17-11-2016,195.2,195.2,188,189.2,63526,Trent
18-11-2016,189.2,192.3,185,186.5,37456,Trent
21-11-2016,185.1,188,182,182.6,36052,Trent
22-11-2016,183,187,181,184.4,25998,Trent
23-11-2016,185.3,186,181,183,22640,Trent
24-11-2016,181,185.8,181,182,24771,Trent
25-11-2016,182.2,185.5,180,181.7,57981,Trent
28-11-2016,181,185.2,180,181.5,56955,Trent
29-11-2016,183.6,187,180.1,182,56901,Trent
30-11-2016,184.1,185.1,179.1,180.3,117743,Trent
01-12-2016,183.9,183.9,178,178.7,673205,Trent
02-12-2016,178.8,183,175,177.9,78805,Trent
05-12-2016,179.8,203.7,175.7,199.5,1804413,Trent
06-12-2016,202,203.9,195,198.4,412704,Trent
07-12-2016,203,203.9,195.5,198.2,440948,Trent
08-12-2016,200.9,206,199.2,203.7,212102,Trent
09-12-2016,204,205.5,200.3,202.8,77017,Trent
12-12-2016,205.4,205.4,198.7,199.8,44273,Trent
13-12-2016,203.7,203.7,199.7,202.3,27075,Trent
14-12-2016,203.3,203.3,196.8,197.8,34668,Trent
15-12-2016,198,201.8,197,197.6,30942,Trent
16-12-2016,197.6,201.7,194.5,198.6,44537,Trent
19-12-2016,200.1,201.5,196,199.7,22856,Trent
20-12-2016,199.7,201,195,196.3,24959,Trent
21-12-2016,197.5,198.5,195.3,196.1,18327,Trent
22-12-2016,195.7,196.7,191.8,193.1,24467,Trent
23-12-2016,192.5,196.6,191.6,196.2,18827,Trent
26-12-2016,196.5,197.7,190.8,196,35364,Trent
27-12-2016,194.2,203.6,193.8,200,329467,Trent
28-12-2016,200,203.6,197,201.4,38956,Trent
29-12-2016,200,204,199,200.6,64169,Trent
30-12-2016,201.1,211,198.9,200.4,172787,Trent
02-01-2017,205,205.6,199.7,201.8,105462,Trent
03-01-2017,202,202.9,200.3,201,40370,Trent
04-01-2017,203.8,203.8,199.4,199.9,59122,Trent
05-01-2017,201.2,202.5,199.3,200.4,31333,Trent
06-01-2017,201.1,203.3,199.5,200,63576,Trent
09-01-2017,202,203.5,199.3,200.5,44668,Trent
10-01-2017,200,204,197.9,198.9,60131,Trent
11-01-2017,202,202,198.2,199.8,64851,Trent
12-01-2017,200.8,201,196.1,197,40493,Trent
13-01-2017,199,219.3,197.1,214,1456597,Trent
16-01-2017,215,215,208.5,213.1,160353,Trent
17-01-2017,214,215,210.3,211.6,78390,Trent
18-01-2017,214.9,214.9,210.5,212,136521,Trent
19-01-2017,212.7,214.9,209.7,210.7,83411,Trent
20-01-2017,209.5,210,205.7,206.8,48575,Trent
23-01-2017,205,213,204.2,210.1,70403,Trent
24-01-2017,215,252.1,214.2,245.9,2522192,Trent
25-01-2017,245,261.4,236.1,254.1,2100343,Trent
27-01-2017,253,253.9,242.4,244,638921,Trent
30-01-2017,244,250.4,234.4,242.4,497250,Trent
31-01-2017,240.6,245,236.1,238.8,248743,Trent
01-02-2017,239,245,232.1,239.4,176017,Trent
02-02-2017,243,259,237.5,251.5,716487,Trent
03-02-2017,252,254.8,248,251.1,130346,Trent
06-02-2017,252,254.4,241.6,245,117172,Trent
07-02-2017,247.5,263,246,257.4,677538,Trent
08-02-2017,259,269.4,259,261.6,1270148,Trent
09-02-2017,262,264,254.1,257,145263,Trent
10-02-2017,257,260,249,250.2,94434,Trent
13-02-2017,252.2,259.8,249.2,251.9,177836,Trent
14-02-2017,249.6,255.5,248.6,250.2,80196,Trent
15-02-2017,251.5,251.5,239.4,247.8,161789,Trent
16-02-2017,249.1,253.5,246.1,247,173539,Trent
17-02-2017,249.1,251,244.9,246.1,66358,Trent
20-02-2017,246,258.3,243.6,253.9,217991,Trent
21-02-2017,253.1,257,248.3,249.9,114659,Trent
22-02-2017,251.6,255.5,247.8,248.9,159080,Trent
23-02-2017,249,251.2,246,246.7,227469,Trent
27-02-2017,251,251.8,246,246.7,197857,Trent
28-02-2017,247.1,253.5,243,244.6,260866,Trent
01-03-2017,246.7,247.4,245,246.1,174702,Trent
02-03-2017,246.9,247,237.1,238.2,88744,Trent
03-03-2017,238.1,245.5,237,241.8,99345,Trent
06-03-2017,242.1,245,239.1,242.2,108241,Trent
07-03-2017,243.9,250.7,238.8,246.9,116886,Trent
08-03-2017,249.5,255.2,241,242.4,446255,Trent
09-03-2017,242,244.7,239.9,241,86704,Trent
10-03-2017,243.9,244.8,238.6,239.7,135554,Trent
14-03-2017,245,245,241,243.1,68601,Trent
15-03-2017,245,245.1,240.3,241.3,63108,Trent
16-03-2017,241.6,245,241.6,243.5,107637,Trent
17-03-2017,244.5,251,242,248.3,328003,Trent
20-03-2017,251.3,254.3,245.2,252,9647437,Trent
21-03-2017,255.1,256.6,242.5,247.6,463972,Trent
22-03-2017,245,247.5,240.5,244.3,150366,Trent
23-03-2017,241,246,241,242.9,122455,Trent
24-03-2017,244.9,247,240,241.1,100888,Trent
27-03-2017,242.9,243,235.1,240.3,184965,Trent
28-03-2017,241.2,248.4,240.3,246.3,142507,Trent
29-03-2017,247.3,255,242.1,249,216124,Trent
30-03-2017,248.5,259.8,247.1,256.2,230634,Trent
31-03-2017,258,270,254.1,266.7,574760,Trent
03-04-2017,269.5,276.6,268.1,271.9,870551,Trent
05-04-2017,272,274.6,268.4,271.7,280516,Trent
06-04-2017,271.8,271.8,267,268.9,159168,Trent
07-04-2017,267.5,272,266,267.8,210311,Trent
10-04-2017,274,274,269.3,271.1,163471,Trent
11-04-2017,271.6,272.8,268,269.4,118909,Trent
12-04-2017,270.2,271.5,262.1,265.4,85980,Trent
13-04-2017,267.1,274.8,265.3,269.5,133737,Trent
17-04-2017,268,272,263.9,265,134206,Trent
18-04-2017,266.5,269.9,261.5,263,57014,Trent
19-04-2017,264,266,260.6,263.7,39025,Trent
20-04-2017,266,267,261.1,261.9,42029,Trent
21-04-2017,263.9,270,262.8,263.8,50251,Trent
24-04-2017,263,267.2,258.2,259.6,76710,Trent
25-04-2017,261,263,257,257.8,72162,Trent
26-04-2017,258.1,259.8,254.1,257.3,63312,Trent
27-04-2017,258,260.1,253.6,254.5,67173,Trent
28-04-2017,255.6,256.5,248,251.4,63220,Trent
02-05-2017,251.4,255,248.5,249.8,60304,Trent
03-05-2017,252,256,248.5,251.7,84176,Trent
04-05-2017,251.7,258.8,251.3,254,51975,Trent
05-05-2017,255.9,258.9,249.6,257.5,70586,Trent
08-05-2017,254,260,251.9,255.6,60632,Trent
09-05-2017,255.2,257.5,252.1,255.2,98757,Trent
10-05-2017,258,258,252.6,254.2,40115,Trent
11-05-2017,256.4,259.6,253.6,257.1,85964,Trent
12-05-2017,258,258,253,253.8,51161,Trent
15-05-2017,253.8,254.4,250,252.8,61268,Trent
16-05-2017,254.5,257,248.6,250.9,65199,Trent
17-05-2017,251.6,252.9,250,250.5,26134,Trent
18-05-2017,250.1,251,246.6,247.6,31510,Trent
19-05-2017,248,250.9,240.5,243.9,57316,Trent
22-05-2017,247,248,240.5,247.9,107707,Trent
23-05-2017,248.5,248.5,238.9,245.5,94307,Trent
24-05-2017,245.1,246.7,238,239.4,30389,Trent
25-05-2017,241,246,238.6,243,49089,Trent
26-05-2017,244,248.5,240.7,247.3,137339,Trent
29-05-2017,245,248.6,236.1,247.7,171811,Trent
30-05-2017,245,248,242.6,243.8,26643,Trent
31-05-2017,245,249,239.3,244.2,116215,Trent
01-06-2017,245,248.4,243.3,244.2,48075,Trent
02-06-2017,246.7,252,243.8,247.9,163066,Trent
05-06-2017,250.1,256.7,248,251.9,354488,Trent
06-06-2017,253,255,249,249.8,79753,Trent
07-06-2017,252.4,253.2,249.3,251.5,65418,Trent
08-06-2017,252.8,252.8,247.1,248.1,56407,Trent
09-06-2017,250.5,252,247.4,249.8,51841,Trent
12-06-2017,251,255,248.5,254.2,82996,Trent
13-06-2017,253.8,257,251,255.4,68417,Trent
14-06-2017,253.7,255.4,251.6,253.8,61829,Trent
15-06-2017,254,255,249.1,250.4,226733,Trent
16-06-2017,250.9,253,245.6,247.7,60932,Trent
19-06-2017,249.5,250.2,244,246.1,62555,Trent
20-06-2017,247,249.8,245,246.8,82781,Trent
21-06-2017,247,248.6,242.5,243.3,57667,Trent
22-06-2017,245.1,246.5,242.8,244.5,50057,Trent
23-06-2017,243,245,241,242.2,34439,Trent
27-06-2017,243,243,234,235.9,64249,Trent
28-06-2017,234,237.7,234,234.9,247588,Trent
29-06-2017,235,242.4,233.1,236.9,240403,Trent
30-06-2017,235,239,227.4,237,166912,Trent
03-07-2017,241,241,235.2,240,192041,Trent
04-07-2017,240.5,241.7,236,236.8,69312,Trent
05-07-2017,239,239,236,236.8,102863,Trent
06-07-2017,237.8,245.5,236.1,244.8,1974942,Trent
07-07-2017,245.5,265.8,245.5,248.4,618680,Trent
10-07-2017,251,252.8,246,247.3,23095,Trent
11-07-2017,248,249,242,242.9,153694,Trent
12-07-2017,243.1,245.7,242.3,244.1,92987,Trent
13-07-2017,247,254,245.1,248.7,150479,Trent
14-07-2017,249.5,271.9,243.3,262.2,356692,Trent
17-07-2017,262,262,251.4,259.5,192806,Trent
18-07-2017,259,263.9,252.7,253.7,122100,Trent
19-07-2017,255.9,258.3,252,255.5,73322,Trent
20-07-2017,257.5,264,255.1,260.4,143729,Trent
21-07-2017,257.7,264,253.1,258.6,145878,Trent
24-07-2017,259.9,263,255.1,261.3,141158,Trent
25-07-2017,261,262,256.2,260.4,60181,Trent
26-07-2017,261,261.4,254,255.4,79045,Trent
27-07-2017,257.3,261,255.3,260,204064,Trent
28-07-2017,259,261,251.4,259.3,164607,Trent
31-07-2017,260.8,269.6,256.5,267.8,252007,Trent
01-08-2017,283,300,270.2,272.7,1563316,Trent
02-08-2017,273.8,280,262.6,276.1,351212,Trent
03-08-2017,276,282,271.2,278,388054,Trent
04-08-2017,280,284,273.5,279.3,212545,Trent
07-08-2017,283,284,278.9,281.8,169070,Trent
08-08-2017,283.7,283.7,275.3,277.2,109298,Trent
09-08-2017,279,279,273.1,274.2,255323,Trent
10-08-2017,276,276,262.3,267.3,159580,Trent
11-08-2017,260,270,259.9,266.3,49249,Trent
14-08-2017,263,281.5,263,276.9,117984,Trent
16-08-2017,280,280,270.5,272.3,105715,Trent
17-08-2017,278,281,270,271.9,105356,Trent
18-08-2017,273,273,264,266.4,73577,Trent
21-08-2017,268.9,272.5,267,269.7,48988,Trent
22-08-2017,267,290,267,280.1,1217640,Trent
23-08-2017,282,297.9,282,286.8,550499,Trent
24-08-2017,287.3,297,283.3,290.4,701936,Trent
28-08-2017,296,305.6,290.5,298,491177,Trent
29-08-2017,294,301,294,296.2,154107,Trent
30-08-2017,297.2,303,297.1,299.8,125246,Trent
31-08-2017,300,303.9,295.2,297.9,126078,Trent
01-09-2017,299.5,300,293,294.8,129090,Trent
04-09-2017,294,294,285.1,287.8,53368,Trent
05-09-2017,290.6,300.8,285.5,299.1,119344,Trent
06-09-2017,302,310.8,290,290.4,433973,Trent
07-09-2017,292.6,301.5,289,290.1,173251,Trent
08-09-2017,291,295,289,290.3,1046815,Trent
11-09-2017,292.5,297.7,290.5,294,95430,Trent
12-09-2017,295,304.9,292,300.9,209018,Trent
13-09-2017,300,303.7,291,292.7,140698,Trent
14-09-2017,293,298,291.6,294.5,65252,Trent
15-09-2017,294.9,295,289,290,78309,Trent
18-09-2017,290.5,294.8,290,290.7,50214,Trent
19-09-2017,293,326,291.1,311,1181982,Trent
20-09-2017,313.9,314,296.5,300,228595,Trent
21-09-2017,300.6,315.9,295,303.7,337378,Trent
22-09-2017,304.7,308,295.2,297.3,153512,Trent
25-09-2017,299.5,304.9,281.3,285.2,251693,Trent
26-09-2017,285,303,283.3,292.3,354903,Trent
27-09-2017,294.8,295.6,288,290,189511,Trent
28-09-2017,291.8,294.9,289,291.1,79741,Trent
29-09-2017,291.6,302.6,291.1,295.6,173543,Trent
03-10-2017,297,299.3,290,295.5,62222,Trent
04-10-2017,297.6,298.7,292.9,295.4,59152,Trent
05-10-2017,295.4,303,293.6,296.7,67117,Trent
06-10-2017,297,321,297,313.4,570736,Trent
09-10-2017,314.4,314.5,306.6,311.2,113908,Trent
10-10-2017,313,325,308.8,311.8,317218,Trent
11-10-2017,311.8,320.5,301,304.2,172260,Trent
12-10-2017,306.5,310.5,304.3,308.7,59360,Trent
13-10-2017,310,319,307.3,315.3,160434,Trent
16-10-2017,316,325.1,311,323.4,833367,Trent
17-10-2017,323.8,329,312.3,314,311186,Trent
18-10-2017,316,321.1,313.2,316.1,264262,Trent
19-10-2017,317.4,319.7,314,315.5,35927,Trent
23-10-2017,312,319.4,311.1,312.6,73883,Trent
24-10-2017,313,318.5,311.7,312.7,56953,Trent
25-10-2017,315.5,317.3,299.4,305.7,174939,Trent
26-10-2017,304.1,306.3,295.5,297.1,138381,Trent
27-10-2017,296.6,300,291.1,292.6,147786,Trent
30-10-2017,297,302.9,293,300.2,148193,Trent
31-10-2017,305,305.9,294.2,295.7,104984,Trent
01-11-2017,295.8,303.3,295.8,298.1,151346,Trent
02-11-2017,298.5,302.2,295.6,297.4,125734,Trent
03-11-2017,299.5,303.5,297.5,298.8,67762,Trent
06-11-2017,300,302,297.4,299.3,59243,Trent
07-11-2017,298.5,301.7,292.6,294.7,47687,Trent
08-11-2017,297.5,312.7,291.5,309.1,319406,Trent
09-11-2017,310,312,300,310,156421,Trent
10-11-2017,316,325,309,311.5,479545,Trent
13-11-2017,312,313.9,303,305.2,78743,Trent
14-11-2017,303.1,308.9,303.1,305.9,52905,Trent
15-11-2017,309,309,302,305.2,72247,Trent
16-11-2017,305.3,318,304,315.6,109507,Trent
17-11-2017,318,321.7,311.4,318.7,86902,Trent
20-11-2017,321,321,312.5,313.7,46908,Trent
21-11-2017,318,343,314.1,336.3,651357,Trent
22-11-2017,339.5,349.2,331,340.1,504989,Trent
23-11-2017,339.9,350,336,345.3,392890,Trent
24-11-2017,348.5,353,340.1,343.2,169599,Trent
27-11-2017,345,355,338,350.8,420239,Trent
28-11-2017,353.8,361,348.1,351.3,300173,Trent
29-11-2017,353,359.5,335.2,338.9,289780,Trent
30-11-2017,336,348,332.6,342.5,123188,Trent
01-12-2017,345.8,345.9,324.6,328.4,74288,Trent
04-12-2017,333.9,333.9,325,327.4,50064,Trent
05-12-2017,327,337.8,318.4,333.9,121145,Trent
06-12-2017,334,341.9,330.5,334.3,85667,Trent
07-12-2017,334.9,342,325.2,340,126731,Trent
08-12-2017,340,345,334,335.6,101185,Trent
11-12-2017,337.9,340.9,330,331.1,70043,Trent
12-12-2017,329.1,334,326,327.7,66675,Trent
13-12-2017,325.1,334.4,324.9,327,78230,Trent
14-12-2017,325.2,330,325,326.9,45083,Trent
15-12-2017,331,332.7,327,329.8,62757,Trent
18-12-2017,326.1,331.5,320.1,326.4,65211,Trent
19-12-2017,328,330.1,325.7,326.4,292054,Trent
20-12-2017,329,333.2,326,326.6,124237,Trent
21-12-2017,328,331,326,329.8,373096,Trent
22-12-2017,331,336,329,332.8,508062,Trent
26-12-2017,335,335,328,329.3,80107,Trent
27-12-2017,332,332.5,325.3,328.5,85401,Trent
28-12-2017,326,332,326,329.2,83899,Trent
29-12-2017,326.6,339,326.6,337.2,323073,Trent
01-01-2018,340,343,330,331.5,72655,Trent
02-01-2018,334.8,336.8,324.1,327.1,97284,Trent
03-01-2018,334.7,334.7,327.2,328.5,64624,Trent
04-01-2018,329,334.8,328,332.4,70436,Trent
05-01-2018,332.2,352.8,332.1,350.3,890540,Trent
08-01-2018,353.8,354.4,342.4,344.2,145863,Trent
09-01-2018,345,346,336.6,339.9,90794,Trent
10-01-2018,341.9,353,339.3,346.1,507594,Trent
11-01-2018,346,351,344.2,349.2,142530,Trent
12-01-2018,350,354,346.1,349.4,388733,Trent
15-01-2018,349,352,347.3,348.9,62360,Trent
16-01-2018,348.1,349.6,340,340.8,111552,Trent
17-01-2018,339,341.8,335,337.1,457739,Trent
18-01-2018,340.5,340.8,327,331.2,353308,Trent
19-01-2018,333,334,325.1,331,59497,Trent
22-01-2018,326.1,330.8,326,326.7,45390,Trent
23-01-2018,327,332,325,326.7,42940,Trent
24-01-2018,327.6,328.7,325,326.3,41339,Trent
25-01-2018,326.5,326.9,322,324.3,86812,Trent
29-01-2018,328,330,322.5,324.5,112448,Trent
30-01-2018,326,326,313.5,315.1,85448,Trent
31-01-2018,314.1,322,310,318.1,65564,Trent
01-02-2018,318.5,326.5,313.4,315.8,103002,Trent
02-02-2018,315,317.9,300,314.6,103034,Trent
05-02-2018,282.6,315,282,305.3,94633,Trent
06-02-2018,300.8,314,290.3,310.3,95296,Trent
07-02-2018,313.4,315.4,303.3,304.9,110474,Trent
08-02-2018,307.8,317.2,306,315.9,69345,Trent
09-02-2018,310,324.9,310,316.1,167595,Trent
12-02-2018,317,324.5,317,323.2,52954,Trent
14-02-2018,325,325,315.1,316.1,31466,Trent
15-02-2018,318,320,315.9,318.4,34574,Trent
16-02-2018,321,324.5,315.3,319.9,46395,Trent
19-02-2018,321,329.9,315,321.7,163537,Trent
20-02-2018,320,322.6,317,318.7,35696,Trent
21-02-2018,320.9,320.9,314,315.8,23353,Trent
22-02-2018,315.2,320.3,314,317.6,37941,Trent
23-02-2018,319.5,319.5,311.6,313,272172,Trent
26-02-2018,313,315.9,310,310.7,47284,Trent
27-02-2018,312,316.4,310,314.6,59259,Trent
28-02-2018,313.9,317.9,310.9,316.1,32803,Trent
01-03-2018,316,317.5,314.4,315,70314,Trent
05-03-2018,314.8,318.1,310,316.4,48302,Trent
06-03-2018,318,320,313,315.4,82386,Trent
07-03-2018,312.1,315,310,310.3,73840,Trent
08-03-2018,313,339.7,310,333.1,496117,Trent
09-03-2018,341,344.9,330.1,333,427035,Trent
12-03-2018,333,335.9,319,333.7,112525,Trent
13-03-2018,332,356,326.6,349.7,312939,Trent
14-03-2018,347.1,353.7,340.3,345.1,80644,Trent
15-03-2018,345,353,337.5,350.4,114291,Trent
16-03-2018,351.8,358,341,350.9,187628,Trent
19-03-2018,350,354,335,347.7,100399,Trent
20-03-2018,345,350,338,346.9,114364,Trent
21-03-2018,347,348,335.6,341.7,116102,Trent
22-03-2018,342,343,334.6,339.8,118004,Trent
23-03-2018,336.6,349,326.5,341.8,196088,Trent
26-03-2018,342,354.9,336.1,348.6,210744,Trent
27-03-2018,349.9,350.1,336.7,344.4,237507,Trent
28-03-2018,343,348.9,339.7,345.1,188311,Trent
02-04-2018,345,346,342,344,81436,Trent
03-04-2018,342,350.5,342,346.3,93050,Trent
04-04-2018,349,349,341.2,344.5,101330,Trent
05-04-2018,347.6,350.8,345,346,47892,Trent
06-04-2018,346.9,376.4,345,367.3,512041,Trent
09-04-2018,367.5,370.1,361,367.4,176063,Trent
10-04-2018,369,370.2,350.1,353.1,170291,Trent
11-04-2018,354,356,350,350.2,73738,Trent
12-04-2018,352,352,346.1,350.2,45258,Trent
13-04-2018,348,358.7,348,350.5,76654,Trent
16-04-2018,350.5,355.9,347.2,350.1,179682,Trent
17-04-2018,350.1,355,350.1,353.8,47991,Trent
18-04-2018,354,356,339,345.7,66311,Trent
19-04-2018,343.4,345.1,338.1,342.4,46343,Trent
20-04-2018,342,349,340.3,346.1,44344,Trent
23-04-2018,347.9,352,341.6,350.3,60830,Trent
24-04-2018,348.5,355.2,348.5,350.5,76941,Trent
25-04-2018,355,365,350,351.1,194486,Trent
26-04-2018,353.5,354.8,350,350.3,41479,Trent
27-04-2018,352.9,352.9,349.1,350.9,34064,Trent
30-04-2018,351.9,353.5,346.4,351.8,36002,Trent
02-05-2018,352,359.6,348,350.2,52814,Trent
03-05-2018,351.8,353.9,336.2,341,54953,Trent
04-05-2018,342,342,328,338.9,174010,Trent
07-05-2018,341,344.8,336.6,341.7,34641,Trent
08-05-2018,343,344.3,335,337,25805,Trent
09-05-2018,337,340,335.4,338.3,23050,Trent
10-05-2018,340,341.9,325.9,333.1,66203,Trent
11-05-2018,336.9,339.4,330,335.7,47839,Trent
14-05-2018,335.1,339,333.3,336.3,25096,Trent
15-05-2018,336,342.7,334.1,337.2,61418,Trent
16-05-2018,339.9,348.4,328.5,341.9,136938,Trent
17-05-2018,343.8,343.8,334,336.5,27348,Trent
18-05-2018,337,337,330.6,332.3,20006,Trent
21-05-2018,335,337.5,327.1,334.1,103843,Trent
22-05-2018,335,335,328,329.4,28067,Trent
23-05-2018,330.9,332,326,327.1,17358,Trent
24-05-2018,328,330.5,325,326.8,29797,Trent
25-05-2018,330,335,326.1,331.1,26643,Trent
28-05-2018,334,334,330,333.1,18018,Trent
29-05-2018,333.1,336,330.1,332.7,19294,Trent
30-05-2018,330.1,333.2,327.3,328.9,19010,Trent
31-05-2018,326.2,333,322.2,329.7,82070,Trent
01-06-2018,331.9,334,327,327.9,29039,Trent
04-06-2018,330,330,320.3,322.1,89874,Trent
05-06-2018,322,332,315,330,75625,Trent
06-06-2018,330,331,324.5,327.8,127241,Trent
07-06-2018,328.8,328.8,320,322,66398,Trent
08-06-2018,321,324.9,316.7,318.5,40340,Trent
11-06-2018,321,321,315.2,317.9,75943,Trent
12-06-2018,318,319.7,311,311.9,163014,Trent
13-06-2018,311.8,329,309.3,325.1,306662,Trent
14-06-2018,327,329.9,317.7,325.2,198472,Trent
15-06-2018,327,329,322,323.9,35335,Trent
18-06-2018,323.8,324.5,317.5,322.3,583864,Trent
19-06-2018,320.1,322.9,315.6,318.4,350006,Trent
20-06-2018,320,322.5,316.1,317.9,23176,Trent
21-06-2018,317.2,325,316,318.2,1452996,Trent
22-06-2018,320,320.9,316.2,317.3,23431,Trent
25-06-2018,317.3,322.1,311.9,313.3,41348,Trent
26-06-2018,313,322,306.9,313.5,765455,Trent
27-06-2018,315,315,308,310.6,43613,Trent
28-06-2018,310.2,310.2,298,300.2,73092,Trent
29-06-2018,300,306,294.8,302.3,59543,Trent
02-07-2018,304,315,302.4,312.8,212232,Trent
03-07-2018,313,314.7,308.1,309.7,66367,Trent
04-07-2018,308.1,315.4,305.3,312.4,92587,Trent
05-07-2018,314,314,309,310,38303,Trent
06-07-2018,310,314,306.2,310.1,53606,Trent
09-07-2018,310.1,323,309.3,320.9,102077,Trent
10-07-2018,324.5,348.8,323.2,340.6,376839,Trent
11-07-2018,339,358.8,332.9,350.7,368610,Trent
12-07-2018,356.1,378,337,341.9,1168685,Trent
13-07-2018,344.7,346.7,333.1,339.7,181066,Trent
16-07-2018,345,347.3,330,335.4,158565,Trent
17-07-2018,332.1,340,327,330.8,172594,Trent
18-07-2018,331,333.2,321,325.4,75278,Trent
19-07-2018,328,332.8,319.4,328.7,47797,Trent
20-07-2018,326.1,334.4,324.1,325.7,49153,Trent
23-07-2018,325.1,328,320.7,327.2,59653,Trent
24-07-2018,329,347,327.2,338,189229,Trent
25-07-2018,338.1,352,338.1,349.2,153758,Trent
26-07-2018,349.2,351.8,341.7,345,75902,Trent
27-07-2018,344,354.4,342.9,351.1,52848,Trent
30-07-2018,348,355,345.1,350.3,28990,Trent
31-07-2018,351,351,338.5,348.8,52001,Trent
01-08-2018,355.3,370,354,365.4,372080,Trent
02-08-2018,357,362,352.4,355.9,208048,Trent
03-08-2018,354.1,369,350,352.5,76549,Trent
06-08-2018,352.1,358,352.1,356.5,51861,Trent
07-08-2018,357.9,362.1,353.2,360.6,71600,Trent
08-08-2018,361.6,361.6,354.1,359.8,75728,Trent
09-08-2018,362,371.9,346.5,365.5,144524,Trent
10-08-2018,368,368,354.3,355.5,86623,Trent
13-08-2018,354.9,364.5,351.3,361.8,59700,Trent
14-08-2018,361.9,367,354.2,359,49949,Trent
16-08-2018,360.1,370,356.1,368,68311,Trent
17-08-2018,370.1,370.5,359.1,369.9,89477,Trent
20-08-2018,372,372.1,362.9,365,47175,Trent
21-08-2018,364,375,364,372.2,108460,Trent
23-08-2018,373,375,362.2,366,169385,Trent
24-08-2018,365,370.1,352.1,369.2,59662,Trent
27-08-2018,370,375,363.3,373.2,215053,Trent
28-08-2018,369.4,392.5,369.4,377.2,506284,Trent
29-08-2018,379.9,384.9,367.8,369.5,130326,Trent
30-08-2018,368.5,370.1,365.5,368.6,45388,Trent
31-08-2018,370,371,362.8,369.5,249994,Trent
03-09-2018,369.1,373.5,355.7,360.2,76470,Trent
04-09-2018,358.4,369.8,356,359.9,191822,Trent
05-09-2018,360,363,356,358.6,54493,Trent
06-09-2018,358,361.8,352.3,356.8,65356,Trent
07-09-2018,356.1,368,356,362.8,39515,Trent
10-09-2018,365.8,366.5,358.5,359.1,32744,Trent
11-09-2018,361.8,362.4,358.1,359.9,39186,Trent
12-09-2018,360,362.6,355.6,359.4,40472,Trent
14-09-2018,360.1,362.1,357.6,359.1,60096,Trent
17-09-2018,362.9,364.9,359,360.2,31535,Trent
18-09-2018,358.4,361.9,351.1,354.1,60266,Trent
19-09-2018,355,357.8,351.5,354.2,87862,Trent
21-09-2018,354.2,384.9,316.9,353,214045,Trent
24-09-2018,354,366.8,339.6,356.4,135763,Trent
25-09-2018,354.5,356.5,342,347.1,189456,Trent
26-09-2018,345.1,349.2,342.1,345.5,37527,Trent
27-09-2018,345.5,350,341.3,344.2,227328,Trent
28-09-2018,347,347.5,325,333.3,170982,Trent
01-10-2018,333,341,317,337,198510,Trent
03-10-2018,337,344.1,330.4,338.1,28668,Trent
04-10-2018,338,355.3,323,347.6,76541,Trent
05-10-2018,348,348,335.1,342.3,35701,Trent
08-10-2018,339,339.3,324.1,331.6,37361,Trent
09-10-2018,328.1,335.2,318.2,322.9,99359,Trent
10-10-2018,323,333.5,320.3,328.9,66304,Trent
11-10-2018,323,328.9,318.3,324.7,32087,Trent
12-10-2018,330,342.2,325.8,329.9,95107,Trent
15-10-2018,332,332,316.5,319.7,99507,Trent
16-10-2018,322.3,345,320.3,337.9,221906,Trent
17-10-2018,343,348,326.5,334,429010,Trent
19-10-2018,329,334.7,325,330.4,54918,Trent
22-10-2018,333.7,342,325.2,327.6,102240,Trent
23-10-2018,330,331.6,320.4,323,162829,Trent
24-10-2018,323.7,328.8,321,322.5,28723,Trent
25-10-2018,320.1,322.7,319.1,320,23657,Trent
26-10-2018,320.3,330,317,322.9,44172,Trent
29-10-2018,323.8,328,322.4,326.2,45297,Trent
30-10-2018,325.1,330.7,322.6,324.1,29561,Trent
31-10-2018,324.4,326.9,318.7,321.7,97184,Trent
01-11-2018,323.1,328,320.4,324.6,163841,Trent
02-11-2018,333,334.1,324.9,327.4,217577,Trent
05-11-2018,329,329,319,322.1,86555,Trent
06-11-2018,324.8,326.9,322,325.1,43668,Trent
09-11-2018,330,330,326,327.8,12227,Trent
12-11-2018,329.9,329.9,323.1,324.7,18473,Trent
13-11-2018,323.1,332.3,323.1,327.4,64084,Trent
14-11-2018,328,335,326,332.2,113959,Trent
15-11-2018,331.1,339,325.3,332.7,96420,Trent
16-11-2018,334,335.4,327.2,332,30648,Trent
19-11-2018,328.2,334,328,332,29385,Trent
20-11-2018,330,332.7,323.8,326.6,136557,Trent
21-11-2018,328,328,322.9,324,34258,Trent
22-11-2018,322.1,326.4,319.1,321.5,89765,Trent
26-11-2018,323.9,334,319.9,333,99956,Trent
27-11-2018,330,338.9,329.5,334.8,63278,Trent
28-11-2018,333.8,340,330.4,338.3,47072,Trent
29-11-2018,340,344,334,341.6,1201669,Trent
30-11-2018,344,345,333.1,335.1,133800,Trent
03-12-2018,335.1,337.8,326.6,328.6,177200,Trent
04-12-2018,328,334.9,325.3,332.4,46281,Trent
05-12-2018,332.9,334.5,328.5,332,317207,Trent
06-12-2018,332,332,323,324.3,142615,Trent
07-12-2018,323.5,326.5,321,324.4,35300,Trent
10-12-2018,323.3,323.9,319.9,320.3,139443,Trent
11-12-2018,319.3,338.9,315.1,334.8,58732,Trent
12-12-2018,335,341,334,339.9,177140,Trent
13-12-2018,339.7,367,334.7,349.8,65485,Trent
14-12-2018,352.9,358,345,349.8,57630,Trent
17-12-2018,346.3,360,344.9,353.1,86750,Trent
18-12-2018,352.9,355.8,346.2,348.7,111579,Trent
19-12-2018,348,352.5,345.7,348.4,247581,Trent
20-12-2018,349,353.5,347.9,349.2,43760,Trent
21-12-2018,351,357.9,338.6,352.7,71298,Trent
24-12-2018,353,353,340.7,347.4,46913,Trent
26-12-2018,348,348,340.5,345.6,20901,Trent
27-12-2018,350,352.4,339.9,345.6,49064,Trent
28-12-2018,345.4,366,344.2,361.4,468278,Trent
31-12-2018,361,372.6,355.9,362.3,150413,Trent
01-01-2019,362.3,365.7,357.4,362,75100,Trent
02-01-2019,360,362,351.4,355.1,39299,Trent
03-01-2019,354.6,354.6,347.9,350.1,22272,Trent
04-01-2019,348.2,353,343.9,349.5,46259,Trent
07-01-2019,354,354,346.6,351,567621,Trent
08-01-2019,348.2,356,348.2,355,27644,Trent
09-01-2019,351.6,357.2,349,350.2,299053,Trent
10-01-2019,348.6,356.3,346,354.1,38984,Trent
11-01-2019,354.7,358.9,348.6,355.6,315209,Trent
14-01-2019,352.1,359,349.7,357.9,37374,Trent
15-01-2019,358,359,353.6,356.9,25160,Trent
16-01-2019,355,356,349,353.8,42431,Trent
17-01-2019,350.3,356.5,348.7,355.3,32432,Trent
18-01-2019,353.1,361,351.5,359,44550,Trent
21-01-2019,365,373.2,361.4,366,234214,Trent
22-01-2019,363.6,368.6,360,365.3,23470,Trent
23-01-2019,365,366.7,357.2,359,337535,Trent
24-01-2019,360,360.5,352.1,356.3,97596,Trent
25-01-2019,358.9,361,346,348.8,27517,Trent
28-01-2019,347.1,349.1,338.9,347.2,32787,Trent
29-01-2019,346,351.7,340.2,342.6,272419,Trent
30-01-2019,342.1,355,339.1,353,70416,Trent
31-01-2019,349.2,358,346.3,354.1,83349,Trent
01-02-2019,353.5,360,350.1,352.4,22701,Trent
04-02-2019,350.1,353.6,347.6,352.1,39174,Trent
05-02-2019,353.3,366,349.1,359.8,297270,Trent
06-02-2019,354.5,360.3,350,357.5,85027,Trent
07-02-2019,354.6,361.1,351.9,354.3,233412,Trent
08-02-2019,352.1,354.9,348,348.9,76270,Trent
11-02-2019,348,348.5,340.3,342.7,50289,Trent
12-02-2019,342.7,344,340,340.7,81398,Trent
13-02-2019,340.2,349.2,340,344.1,191585,Trent
14-02-2019,345,345,340,342.4,63798,Trent
15-02-2019,342.3,342.3,333,333.1,92072,Trent
19-02-2019,324,334,322.3,331.3,45279,Trent
20-02-2019,330,333,327,331.1,60764,Trent
21-02-2019,331.3,332.1,325.1,331,32938,Trent
22-02-2019,331,331,326.3,328.5,128880,Trent
25-02-2019,328.1,328.6,325.6,326.9,35938,Trent
26-02-2019,325,328.4,320.1,323.4,350277,Trent
27-02-2019,324.3,332.9,322.5,330.2,58334,Trent
28-02-2019,332.6,332.7,324.3,325,105326,Trent
01-03-2019,328,338.5,323.9,336.5,51243,Trent
05-03-2019,338,352,338,345.4,133303,Trent
06-03-2019,347,350.8,327.8,339.5,196444,Trent
07-03-2019,342.8,342.8,333,333.5,292778,Trent
08-03-2019,332,339.5,327,335,139756,Trent
11-03-2019,339.4,342,333.1,340.1,251912,Trent
12-03-2019,344,363.8,338.7,359.8,205634,Trent
13-03-2019,359,380.1,351.7,367.9,221559,Trent
14-03-2019,369.3,381.5,362.7,376.4,182806,Trent
15-03-2019,379,400,365.1,388,199174,Trent
18-03-2019,387.7,394.5,373.5,383.4,133562,Trent
19-03-2019,383.4,383.5,372.2,374.7,112581,Trent
20-03-2019,372.9,374,365.4,369.8,39499,Trent
22-03-2019,366.3,371,361.1,363,57017,Trent
25-03-2019,357.2,362.7,355.3,360.4,54899,Trent
26-03-2019,358.3,382,358.3,374.8,296084,Trent
27-03-2019,376.6,380,370.6,375.5,245140,Trent
28-03-2019,376,376,365.1,367.5,73802,Trent
29-03-2019,366.8,368.5,357.3,361.9,92335,Trent
01-04-2019,363,365.4,356.3,357.7,48996,Trent
02-04-2019,356.6,366,355,363.9,240898,Trent
03-04-2019,368.9,372.7,354.1,357.4,578010,Trent
04-04-2019,356.5,357.4,343.9,348.6,197236,Trent
05-04-2019,350,356.9,348.1,352.8,39209,Trent
08-04-2019,350.1,352,340,343.8,99230,Trent
09-04-2019,343.8,349.9,340.2,346.3,59679,Trent
10-04-2019,344.2,353.5,344.2,347.2,220545,Trent
11-04-2019,347,356,347,353.4,67703,Trent
12-04-2019,352,356.5,350.1,353.4,20440,Trent
15-04-2019,350.6,359.3,349.9,352.2,144667,Trent
16-04-2019,356.7,360,350.9,357,107455,Trent
18-04-2019,354,364.7,350.1,359.8,179763,Trent
22-04-2019,355.2,361.6,351.8,360.3,111696,Trent
23-04-2019,359.9,359.9,354.9,355.5,14202,Trent
24-04-2019,358,358.3,353.6,355.1,25607,Trent
25-04-2019,355.1,359,353.3,357.5,68733,Trent
26-04-2019,358,358,352.9,355.2,149775,Trent
30-04-2019,363,369,354.9,355.7,323073,Trent
02-05-2019,357,368,354.5,365.9,185653,Trent
03-05-2019,365,390,362.1,384.3,614085,Trent
06-05-2019,377.7,395,370.5,375.7,244191,Trent
07-05-2019,375,379.8,369.5,370.2,45995,Trent
08-05-2019,368.8,384.8,366.1,380.6,123742,Trent
09-05-2019,382,385,364.9,369.7,93812,Trent
10-05-2019,372.7,374.5,368,370.4,390415,Trent
13-05-2019,374,374,359,361,47416,Trent
14-05-2019,361.1,376.9,355.7,373.9,142541,Trent
15-05-2019,376.5,380,360,360.5,42186,Trent
16-05-2019,361.1,372,361,367.7,38369,Trent
17-05-2019,366,376,363.7,366.6,50823,Trent
20-05-2019,368.9,377.8,362.2,368.9,76314,Trent
21-05-2019,368.7,374.5,362.2,373.2,934207,Trent
22-05-2019,373,385,370.5,382.5,185657,Trent
23-05-2019,387,388.4,375,376.6,278950,Trent
24-05-2019,375.3,379.9,368.2,375.8,119863,Trent
27-05-2019,372,377.9,370.6,374.2,114217,Trent
28-05-2019,375.8,383.8,370.6,374.8,45279,Trent
29-05-2019,373.2,381.5,373.2,377.2,34887,Trent
30-05-2019,377.2,388,377.2,383.3,89556,Trent
31-05-2019,383,393.3,382.3,392.1,428260,Trent
03-06-2019,396.9,416.7,391.6,412,445518,Trent
04-06-2019,412.5,425,408.9,412.1,248942,Trent
06-06-2019,414,420,400,403.7,108355,Trent
07-06-2019,405,412.8,397,403.5,48800,Trent
10-06-2019,408,412,399.3,401.7,50708,Trent
11-06-2019,400,404,399.9,402.6,42502,Trent
12-06-2019,404.5,404.5,388,401.2,197022,Trent
13-06-2019,398.2,402.7,390.1,392.8,159624,Trent
14-06-2019,395,399.5,392.5,394.6,52861,Trent
17-06-2019,396,396,383.5,391.6,238085,Trent
18-06-2019,391,400,390.7,396.3,161102,Trent
19-06-2019,396.2,418,396.2,414.9,443161,Trent
20-06-2019,415,418.1,402.5,414,138106,Trent
21-06-2019,414,416.3,405.6,408.9,34434,Trent
24-06-2019,413,431.4,403,426.1,331262,Trent
25-06-2019,424.8,448.9,423,431.8,425494,Trent
26-06-2019,429.9,439.4,426.3,432.4,356010,Trent
27-06-2019,440,447.7,434,445.4,303537,Trent
28-06-2019,448.7,449.1,434.6,441,175383,Trent
01-07-2019,448,462,442,454.2,334258,Trent
02-07-2019,462,464.7,454,458.6,217027,Trent
03-07-2019,460,460,450,454,122191,Trent
04-07-2019,456,456,446.1,449.1,132653,Trent
05-07-2019,449,453.8,438.2,439.7,95893,Trent
08-07-2019,436.4,442,414,426.6,148772,Trent
09-07-2019,428.4,450,423,441.9,257680,Trent
10-07-2019,440.3,449.8,431.3,435,706946,Trent
11-07-2019,438.5,453,437.3,449.4,146829,Trent
12-07-2019,450,459,447.1,453.6,288524,Trent
15-07-2019,458.2,463.8,443.3,446.1,80705,Trent
16-07-2019,447,448,439.7,445.7,40597,Trent
17-07-2019,446,452,445.6,449.2,108568,Trent
18-07-2019,449.9,452.4,446,450.1,123210,Trent
19-07-2019,452,452,434.6,440.2,106626,Trent
22-07-2019,440,440,420.1,425.5,72227,Trent
23-07-2019,422,424,415,419.5,76262,Trent
24-07-2019,418,420.9,400.1,415.2,89881,Trent
25-07-2019,412,418.9,403.1,409.6,86402,Trent
26-07-2019,409.6,411,403,407.8,49901,Trent
29-07-2019,405.3,409.6,398.1,404.1,51258,Trent
30-07-2019,406.1,414,391.8,401.2,94669,Trent
31-07-2019,408.9,408.9,394,397.7,35289,Trent
01-08-2019,405,427.2,402,421.2,667601,Trent
02-08-2019,419.9,449,410.1,443.2,375451,Trent
05-08-2019,436.9,454,427.7,445.1,240114,Trent
06-08-2019,449.5,452.8,442.3,444.2,302795,Trent
07-08-2019,447,450,436,437.9,41260,Trent
08-08-2019,438,441.9,430.1,433.9,246736,Trent
09-08-2019,435.9,454,432.1,447.1,105915,Trent
13-08-2019,451.5,454.5,445,448.6,128381,Trent
14-08-2019,450,451.4,440.9,444,414842,Trent
16-08-2019,446.4,476.6,440.3,467.3,632711,Trent
19-08-2019,468.4,475,460.6,471.7,1026637,Trent
20-08-2019,474.9,479,469.2,475.7,470194,Trent
21-08-2019,476.9,489.3,468.9,471.2,320944,Trent
22-08-2019,474.8,478,465,469.9,471274,Trent
23-08-2019,471.5,482.4,462.2,474.8,244769,Trent
26-08-2019,480,485,468,474.8,238760,Trent
27-08-2019,477.8,483.8,471.2,472.1,482526,Trent
28-08-2019,476.9,482,472.1,475.2,610145,Trent
29-08-2019,478.7,486,466.5,469.3,120446,Trent
30-08-2019,471,473.7,465.8,469.3,103550,Trent
03-09-2019,468.7,470.7,445.1,450.9,67999,Trent
04-09-2019,452.5,469.7,447.2,467.3,975967,Trent
05-09-2019,467.3,472,459.2,462.1,73188,Trent
06-09-2019,464,466,456.4,460.5,626440,Trent
09-09-2019,460,461.9,456.6,459.9,45317,Trent
11-09-2019,461.9,468,454.2,455.6,88529,Trent
12-09-2019,461,474.5,455,456.3,201056,Trent
13-09-2019,457,460,452.1,455.2,46570,Trent
16-09-2019,454.2,458,447,449,74459,Trent
17-09-2019,448,456,436,446.4,115852,Trent
18-09-2019,449.6,466.9,446.7,462.9,225320,Trent
19-09-2019,465.5,465.5,448.1,455.5,97870,Trent
20-09-2019,454.3,491.6,451,489.8,467886,Trent
23-09-2019,502.7,510,481.5,508,345769,Trent
24-09-2019,515,523.6,509,515.4,361445,Trent
25-09-2019,516.6,520,512,517.9,234480,Trent
26-09-2019,515.2,529,504,509.4,393177,Trent
27-09-2019,508.8,510,497,497.8,68032,Trent
30-09-2019,497.3,502.8,476,483.9,157886,Trent
01-10-2019,480.6,489.3,476,478.7,79281,Trent
03-10-2019,481.5,500,481.1,499.6,166739,Trent
04-10-2019,499.2,505,485.2,490,118615,Trent
07-10-2019,490.9,492,478,488.2,44818,Trent
09-10-2019,489.5,506.8,480.2,504.1,122255,Trent
10-10-2019,505.8,506.5,494.1,497.9,178112,Trent
11-10-2019,498.5,510,497.9,507.6,82764,Trent
14-10-2019,510.6,510.7,502.2,505.7,157195,Trent
15-10-2019,506.5,510,501.5,505,135526,Trent
16-10-2019,506,508.6,502.4,505.8,30341,Trent
17-10-2019,507,508,491.2,500.6,92914,Trent
18-10-2019,500.6,522.2,500.6,519.8,177961,Trent
22-10-2019,521,525.1,515.5,520.3,81390,Trent
23-10-2019,522,539,517.3,526.2,172278,Trent
24-10-2019,529,549,512.6,537.5,298536,Trent
25-10-2019,536.8,546,529.8,544,140932,Trent
27-10-2019,548.8,555,541,541,39630,Trent
29-10-2019,548.9,554.8,530,536.9,98901,Trent
30-10-2019,535,553,534.1,537.8,116461,Trent
31-10-2019,540,553.9,540,541.7,154082,Trent
01-11-2019,542.1,559,541,547.5,177483,Trent
04-11-2019,551.8,552.2,531.6,533.7,84217,Trent
05-11-2019,537.7,567.9,520,548.9,195548,Trent
06-11-2019,555,557.2,535,537.7,173245,Trent
07-11-2019,537.7,550,537.7,540.9,126492,Trent
08-11-2019,535,548.9,513.3,516.4,260854,Trent
11-11-2019,515,519.8,501.1,510.9,142753,Trent
13-11-2019,512.7,517,500,502.4,120026,Trent
14-11-2019,503.4,509.6,495.8,498.6,93999,Trent
15-11-2019,505,505.5,493,499.6,91939,Trent
18-11-2019,500,515,482.6,510.1,304042,Trent
19-11-2019,513,519.7,502.1,506.2,82304,Trent
20-11-2019,508.8,508.8,491.1,496.9,206455,Trent
21-11-2019,496.9,498.7,491,493,93824,Trent
22-11-2019,493.1,507,490.5,503.2,268733,Trent
25-11-2019,506.7,510,501,506.2,133306,Trent
26-11-2019,508.4,513,503.2,506,102419,Trent
27-11-2019,508,508,501.4,505.2,73094,Trent
28-11-2019,505,517.9,503.2,515.2,70188,Trent
29-11-2019,515,528.1,515,520.6,181290,Trent
03-12-2019,528,530,519.2,520.1,201737,Trent
04-12-2019,527.5,528,508,512.3,119520,Trent
05-12-2019,513,515,496.2,502.2,54481,Trent
06-12-2019,500,509.1,496,503.3,147064,Trent
09-12-2019,504.9,510,498,500.2,66489,Trent
10-12-2019,500.2,505,495,498.5,37965,Trent
11-12-2019,503,503,491,496.9,77663,Trent
12-12-2019,497,515,496.5,505.5,99177,Trent
13-12-2019,502.7,514.9,500.8,505.4,336658,Trent
16-12-2019,508,512.9,507.1,511.5,107043,Trent
17-12-2019,514,526.5,502,516.3,390685,Trent
18-12-2019,516.3,519.7,507.6,513.1,73609,Trent
19-12-2019,514,518.9,507.3,515.4,55026,Trent
20-12-2019,516,534.5,513,527.2,198512,Trent
23-12-2019,527,538.4,515.1,519.7,186297,Trent
24-12-2019,522.2,529.7,519,521.2,97210,Trent
26-12-2019,523.3,526.9,515.2,524.8,77993,Trent
27-12-2019,527.8,547.5,522,545.5,413584,Trent
30-12-2019,549.8,567.5,542,544.4,555919,Trent
31-12-2019,545.8,551.9,522.3,527.2,384577,Trent
01-01-2020,527,534.8,524,529.7,107849,Trent
02-01-2020,529.5,545.9,528.7,541.4,158640,Trent
03-01-2020,542.4,542.8,534,535.9,63423,Trent
06-01-2020,533,534.9,521.4,530,105970,Trent
07-01-2020,532,540.9,528.4,533,153960,Trent
08-01-2020,526.6,534.6,521.4,532,163181,Trent
09-01-2020,535,557.9,532,547.5,200543,Trent
10-01-2020,548.8,559,543,550.6,156788,Trent
13-01-2020,551,557.9,541,545.5,79458,Trent
14-01-2020,547.1,565,542.2,561.2,152033,Trent
15-01-2020,561.2,586.5,555,584,568486,Trent
16-01-2020,584.9,600,584,591.5,323010,Trent
17-01-2020,595.8,600,565.7,591.4,179399,Trent
20-01-2020,595,612,594.5,600.3,460984,Trent
21-01-2020,599.3,603.4,588.4,594.3,217977,Trent
22-01-2020,604,605,582.2,586.2,71955,Trent
23-01-2020,590.1,594.3,582.3,589.5,82621,Trent
24-01-2020,591.8,596,576.1,583.3,128325,Trent
27-01-2020,577,584.3,570,572.8,71115,Trent
28-01-2020,573.1,597.8,568,588,283284,Trent
29-01-2020,591.4,600,578,582.3,134349,Trent
30-01-2020,586.2,595,578.9,582,88967,Trent
31-01-2020,586,595,580,590.8,108209,Trent
01-02-2020,589.4,594.6,570.1,574.3,78102,Trent
03-02-2020,580.1,596.8,579.9,594.1,336150,Trent
04-02-2020,596.2,607,595,600.8,223685,Trent
05-02-2020,601.8,602.8,585,592.6,181054,Trent
06-02-2020,596,599,590.1,593.1,160852,Trent
07-02-2020,620,678.4,620,662.6,2595009,Trent
10-02-2020,665,701.7,642.2,695.8,1105421,Trent
11-02-2020,700.5,714.6,669.9,677,967825,Trent
12-02-2020,675.9,725,673.5,705.3,1234720,Trent
13-02-2020,708,742,702,734.4,875161,Trent
14-02-2020,736.6,764,712.6,758.3,1068329,Trent
17-02-2020,753,782.8,736.1,749.8,848055,Trent
18-02-2020,751,764.6,715.8,727.4,538830,Trent
19-02-2020,731.9,779,731.9,775.2,656923,Trent
20-02-2020,775.9,794,765,776.1,1076588,Trent
24-02-2020,775.9,803,767.1,796,543365,Trent
25-02-2020,792,804.7,760,764.1,464607,Trent
26-02-2020,755,762,735,738,580129,Trent
27-02-2020,733.1,748.7,728,734.1,283297,Trent
28-02-2020,714.9,760,680,737.2,741077,Trent
02-03-2020,750.5,778,723.2,731.8,370025,Trent
03-03-2020,735,754,720,726,338626,Trent
04-03-2020,735,736.7,673.9,683.7,752869,Trent
05-03-2020,695,706.7,680,684.9,323635,Trent
06-03-2020,660,699.8,649,693.8,416766,Trent
09-03-2020,675,680,621.3,660.4,588634,Trent
11-03-2020,664.5,698,645.2,659.5,349780,Trent
12-03-2020,620,635,567,597.2,936391,Trent
13-03-2020,530.5,650,530.5,600.5,876985,Trent
16-03-2020,570,588,530,572,669096,Trent
17-03-2020,566,580,525,536.9,560362,Trent
18-03-2020,540,552.1,457,489,863441,Trent
19-03-2020,451,483.4,422.1,470.9,1001487,Trent
20-03-2020,470.9,524.4,448.3,505.3,565163,Trent
23-03-2020,442,479.8,404.2,404.2,585178,Trent
24-03-2020,381.4,425,365,404.4,550687,Trent
25-03-2020,400,480,380.3,446.6,389470,Trent
26-03-2020,449.4,507,416.3,495.8,624724,Trent
27-03-2020,514,530,471.7,483.3,557690,Trent
30-03-2020,480,480,448.4,453.4,333640,Trent
31-03-2020,474.9,495,457,484.4,774405,Trent
01-04-2020,475.5,489.3,456,465.7,377302,Trent
03-04-2020,470,475.8,431.5,450.3,511693,Trent
07-04-2020,472,475.2,451.2,456.9,508663,Trent
08-04-2020,458,482,452.5,462.6,245975,Trent
09-04-2020,471.9,496.5,458.2,464.6,1338932,Trent
13-04-2020,467.1,467.9,433.1,453.9,683085,Trent
15-04-2020,455.6,464,448,454.4,1876617,Trent
16-04-2020,454.4,462.5,451,460.4,289907,Trent
17-04-2020,470,502,465.6,488.7,1153768,Trent
20-04-2020,490.4,507.4,473.6,478.4,398374,Trent
21-04-2020,470,479.9,457.6,473.5,273636,Trent
22-04-2020,468.7,478,460,473.6,341096,Trent
23-04-2020,475,504.6,475,498.9,1142421,Trent
24-04-2020,495,495,478.2,485.8,199181,Trent
27-04-2020,483,505.3,478.9,494,709739,Trent
28-04-2020,496,501,471.4,491.8,1299395,Trent
29-04-2020,489,497.5,483,487.1,209089,Trent
30-04-2020,494,509.9,492.2,505,935900,Trent
04-05-2020,490.1,495,471,477.6,269628,Trent
05-05-2020,482,487.3,474.6,475.8,327052,Trent
06-05-2020,479.7,487,451.6,470.5,751468,Trent
07-05-2020,470.4,475.3,464,465.4,214394,Trent
08-05-2020,474,474,456.1,459.8,243041,Trent
11-05-2020,462.7,466.6,449,450.6,209138,Trent
12-05-2020,454.4,458,443.7,448.7,127925,Trent
13-05-2020,458.7,462.6,447,450.8,1007655,Trent
14-05-2020,450.8,457,445.2,450.2,305826,Trent
15-05-2020,450.1,452.4,440,441.4,346808,Trent
18-05-2020,439,439.9,405.9,414.5,381082,Trent
19-05-2020,421.5,424.8,401.1,403.4,179668,Trent
20-05-2020,404,426.9,403.4,423.5,489186,Trent
21-05-2020,427,459.5,420.3,451.8,483249,Trent
22-05-2020,453.3,464.8,435.7,442.5,272172,Trent
26-05-2020,452,463,437.1,459.6,632168,Trent
27-05-2020,459.9,469.9,459.6,467.6,261854,Trent
28-05-2020,470,474.9,457.6,462.8,131364,Trent
29-05-2020,460,471,456.1,468.9,115784,Trent
01-06-2020,481,514,480,508,947807,Trent
02-06-2020,512.9,545,512,537.5,763829,Trent
03-06-2020,554,586.7,548.1,575.9,1426592,Trent
04-06-2020,573.8,584.9,548.5,556.1,953605,Trent
05-06-2020,560.5,583.6,551.1,579.3,343631,Trent
08-06-2020,585,590,560.7,564.4,471323,Trent
09-06-2020,564.4,573.6,551.4,556,213121,Trent
10-06-2020,550,562,540.1,542,209117,Trent
11-06-2020,542,544.8,523.3,528,224162,Trent
12-06-2020,500.6,524,491.1,516.4,692362,Trent
15-06-2020,519,537.9,506,511.2,230407,Trent
16-06-2020,526.9,530,511.3,521.5,359495,Trent
17-06-2020,512.6,531.9,510,524.4,156774,Trent
18-06-2020,521,537,521,527.4,152299,Trent
19-06-2020,532.6,575,528.7,569.9,682729,Trent
22-06-2020,573,597.3,558,586.4,490506,Trent
23-06-2020,594.8,687.7,578.1,657.4,2031603,Trent
24-06-2020,668,678,630,665.3,1708610,Trent
25-06-2020,657.6,697.5,633.1,686.1,1476229,Trent
26-06-2020,680,707,680,687.4,1419224,Trent
29-06-2020,680,694.2,641.4,651.6,640433,Trent
30-06-2020,652,662,606.6,615.3,470205,Trent
01-07-2020,615,635.5,610,614.4,366110,Trent
02-07-2020,616.1,630,606.9,610.5,164055,Trent
03-07-2020,614,624.7,613.6,619.5,165559,Trent
06-07-2020,624,634,621.2,630,498217,Trent
07-07-2020,634.1,634.1,622,630,331425,Trent
08-07-2020,630,644.1,622.6,627.8,306679,Trent
09-07-2020,626.6,633,618.5,621.7,184662,Trent
10-07-2020,628,635,618,628.9,324407,Trent
13-07-2020,625.1,627.5,608.6,613.5,693431,Trent
14-07-2020,615,632,607,629.8,1047616,Trent
15-07-2020,632.3,634.4,613,620.9,416744,Trent
16-07-2020,612.7,619.7,602.2,610.6,305410,Trent
17-07-2020,612.9,629.9,611,622.5,220560,Trent
20-07-2020,622.5,626.8,611,613.7,264071,Trent
21-07-2020,620,622,604.6,610.3,131927,Trent
22-07-2020,610.3,612,596.5,603.4,168754,Trent
23-07-2020,602.7,612,584,589.6,250725,Trent
24-07-2020,588.7,591.8,575,577.5,114237,Trent
27-07-2020,579.9,582.8,540.6,550.2,478235,Trent
28-07-2020,551.3,555.1,545.1,549.5,207540,Trent
29-07-2020,550,568.9,542,554.5,223755,Trent
30-07-2020,556.9,574.4,546.8,550.5,242203,Trent
31-07-2020,554.3,577.7,550.2,558.1,597677,Trent
03-08-2020,561.5,564.7,550.6,553.5,118226,Trent
04-08-2020,556,564.8,550.1,560.5,179419,Trent
05-08-2020,564.9,568.3,544.2,548.6,181575,Trent
06-08-2020,548.7,561,548.7,558.1,160486,Trent
07-08-2020,558.1,597.8,558.1,578.7,648885,Trent
10-08-2020,583.5,596.5,577,582.4,239688,Trent
11-08-2020,582.5,583.2,554,555.6,415248,Trent
12-08-2020,555.6,569.7,552,554.6,412643,Trent
13-08-2020,555.1,589.5,555.1,575.1,696313,Trent
14-08-2020,570,588,555.3,566.1,349866,Trent
17-08-2020,566,570,557.7,560.1,145067,Trent
18-08-2020,561,594.9,561,589.5,742841,Trent
19-08-2020,595.2,628.5,582.2,616.5,895461,Trent
20-08-2020,605,624.6,602.7,613.3,623528,Trent
21-08-2020,618,619.8,604,606.1,269741,Trent
24-08-2020,611.4,666,606,622.8,1639047,Trent
25-08-2020,626.4,665.5,624.4,646.7,1326281,Trent
26-08-2020,651.6,684,646.8,649.9,1608981,Trent
27-08-2020,653,672.8,647.1,648.8,1026246,Trent
28-08-2020,653,661,646,650.5,599641,Trent
31-08-2020,655.4,659.3,610.5,639.2,636917,Trent
01-09-2020,627.6,641.7,625,638.6,396263,Trent
02-09-2020,638.2,658,634.3,651.8,361767,Trent
03-09-2020,658,660.9,645,651.8,434219,Trent
04-09-2020,635,658.5,635,650,441470,Trent
07-09-2020,650,658.8,642.6,647.2,476964,Trent
08-09-2020,642.8,657.9,630.1,635.2,327992,Trent
09-09-2020,630,657.8,627,651.4,901731,Trent
10-09-2020,655.9,688.5,652.3,679.8,1118645,Trent
11-09-2020,680,705,667.4,695.3,1101971,Trent
14-09-2020,698.9,749,690.6,695.4,1791780,Trent
15-09-2020,700.1,755.6,700.1,747.9,2001624,Trent
16-09-2020,758.7,769,735.3,755.4,983695,Trent
17-09-2020,742.2,749.3,710,713.5,575002,Trent
18-09-2020,718,726.8,671,682,4548300,Trent
21-09-2020,687.2,694,641.6,649.3,1529079,Trent
22-09-2020,642.2,648,614,634.3,320614,Trent
23-09-2020,640,650,602,626.1,361754,Trent
24-09-2020,610.1,632,605.6,625.1,227266,Trent
25-09-2020,632,643.2,623.3,633,224220,Trent
28-09-2020,641,674.7,638.1,665.7,322362,Trent
29-09-2020,680,685,650,662.7,493294,Trent
30-09-2020,684,684,665.1,671.9,854301,Trent
01-10-2020,680,683,661.7,673.4,307408,Trent
05-10-2020,670,676,640,669.4,277740,Trent
06-10-2020,669.4,684,669.4,678.7,680272,Trent
07-10-2020,680,682.1,666.3,675.4,1716812,Trent
08-10-2020,674,698.9,673.1,690.3,1441647,Trent
09-10-2020,689.8,689.8,675,679.5,761422,Trent
12-10-2020,679.5,712.8,676.9,702,832552,Trent
13-10-2020,704.7,704.7,683,693,823729,Trent
14-10-2020,689.9,690.8,626.8,670.1,593606,Trent
15-10-2020,645,674.6,638.1,653.9,400907,Trent
16-10-2020,655.1,675,655.1,662.9,128647,Trent
19-10-2020,668.5,668.5,642.3,646.5,139154,Trent
20-10-2020,642.5,665,637.2,640.4,233194,Trent
21-10-2020,645.8,662.3,631.5,634.8,175206,Trent
22-10-2020,637.2,660.4,627,641.5,345248,Trent
23-10-2020,644,649,632.2,636.2,222264,Trent
26-10-2020,636.2,646.8,628,635.6,130781,Trent
27-10-2020,632,710.7,632,682.3,2609870,Trent
28-10-2020,701,704,672.7,682.6,1368760,Trent
29-10-2020,685.9,685.9,665.2,671.7,355369,Trent
30-10-2020,672,675.8,654.5,659.6,248941,Trent
02-11-2020,662.9,682,641,674.7,334551,Trent
03-11-2020,676.9,683.8,652,654.8,372368,Trent
04-11-2020,658.1,682.5,658.1,668.5,368310,Trent
05-11-2020,677.6,688,663.1,679.7,362789,Trent
06-11-2020,675.4,680,628,674.2,1129398,Trent
09-11-2020,677,692,672.1,681.3,1008651,Trent
10-11-2020,688,706.4,675.3,698.2,1375356,Trent
11-11-2020,725,779.9,692,703,5826723,Trent
12-11-2020,693,729.8,690,726,2162056,Trent
13-11-2020,722.2,758.5,720.5,751.5,2193815,Trent
17-11-2020,755,779.8,738,743.8,2020786,Trent
18-11-2020,744.1,766,741,763.3,1428310,Trent
19-11-2020,762,774,741.2,746.2,1264663,Trent
20-11-2020,749.8,775,726.1,759.8,1572077,Trent
23-11-2020,762,809,755.9,786.7,2661607,Trent
24-11-2020,786.7,800,755.4,773.7,2093324,Trent
25-11-2020,774,779.8,725,731.4,854113,Trent
26-11-2020,734.8,741,701.4,706.9,1218199,Trent
27-11-2020,713,739,695.3,720.3,22823095,Trent
01-12-2020,732.9,745.1,705.4,715.5,1754561,Trent
02-12-2020,714,717.5,685,691.3,1483703,Trent
03-12-2020,699.3,700.1,675,677.8,1172454,Trent
04-12-2020,680,691.4,668.5,677,818535,Trent
07-12-2020,680.9,698,672,693.4,805601,Trent
08-12-2020,701,708,683.4,688.4,782705,Trent
09-12-2020,684,698,680,683.2,1295116,Trent
10-12-2020,686.9,693.9,674,677,874525,Trent
11-12-2020,676,693,676,689.4,555016,Trent
14-12-2020,695,704.4,693,699.8,683921,Trent
15-12-2020,703.9,718,702,709.5,951521,Trent
16-12-2020,716.5,724,706,716.2,1410592,Trent
17-12-2020,721,721,698.2,701.2,1015681,Trent
18-12-2020,702,709.3,695.5,698.5,641194,Trent
21-12-2020,698,700.1,634.3,685.4,1041283,Trent
22-12-2020,670,694.8,662,692.2,457974,Trent
23-12-2020,692.2,694,678,680.7,512649,Trent
24-12-2020,683,691.7,675,684.8,1132681,Trent
28-12-2020,684,695,682,684.6,818791,Trent
29-12-2020,688,690,669,672.1,577636,Trent
30-12-2020,674.6,690.3,650,677.6,662060,Trent
31-12-2020,681.1,690,675.1,687.6,790143,Trent
01-01-2021,690.9,692,672,674.7,328829,Trent
04-01-2021,679,683.3,674,678.5,565557,Trent
05-01-2021,679.9,679.9,672,675,450769,Trent
06-01-2021,678.9,684.3,672,676.7,227409,Trent
07-01-2021,675.9,684.9,672.5,675.5,302941,Trent
08-01-2021,678,701,674.9,695.4,897082,Trent
11-01-2021,702.9,705.2,688.3,693.8,487073,Trent
12-01-2021,695,697,683,684.6,333187,Trent
13-01-2021,687.9,693,667,673.3,692189,Trent
14-01-2021,676.9,677,649,654.6,543503,Trent
15-01-2021,653.9,659,639.5,643.5,705409,Trent
18-01-2021,645.9,700,630,660.1,488034,Trent
19-01-2021,669,690.3,656.1,677.8,437784,Trent
20-01-2021,677,695,657,680,628236,Trent
21-01-2021,685,685,660.6,666.6,874465,Trent
22-01-2021,663,680,640.1,660.5,1258060,Trent
25-01-2021,666,677,652.8,670.8,410716,Trent
27-01-2021,663,672.8,653.4,659.2,390506,Trent
28-01-2021,650,677.2,647,659.3,472720,Trent
29-01-2021,657.1,662.6,585,621.6,946190,Trent
01-02-2021,629,650,625.1,641.2,580728,Trent
02-02-2021,641.9,682,641.2,665.8,732091,Trent
03-02-2021,673.5,690,664.1,680.6,642063,Trent
04-02-2021,680,680,662,669.7,426826,Trent
05-02-2021,679.2,692.1,668,688.5,1424089,Trent
08-02-2021,695.9,695.9,682,691.9,521522,Trent
09-02-2021,694.5,694.7,671.1,678.3,452702,Trent
10-02-2021,677,699,670,690.9,336479,Trent
11-02-2021,689,699,677.2,693.6,438577,Trent
12-02-2021,689,695,681.5,685.7,168139,Trent
15-02-2021,685.9,713,681,701.7,718300,Trent
16-02-2021,710.7,758,710,750.3,2095315,Trent
17-02-2021,749.2,778,730.3,768.4,1348015,Trent
18-02-2021,770,786.9,765.4,779,460573,Trent
19-02-2021,772,805,765.6,794,630929,Trent
22-02-2021,799.8,844.9,792,816.4,1665511,Trent
23-02-2021,824.9,833,780.5,785.5,417058,Trent
24-02-2021,784.1,799.6,763,785,301313,Trent
25-02-2021,794.8,825,788.8,819.3,729553,Trent
26-02-2021,800.1,823,786,808.7,1056061,Trent
01-03-2021,820,839.9,806.7,830.4,442822,Trent
02-03-2021,838,921.6,830.5,905.9,3800314,Trent
03-03-2021,923,923,891,910.9,1535060,Trent
04-03-2021,900,944.7,895.1,927.1,1173560,Trent
05-03-2021,925,935.8,877.1,881.4,751162,Trent
08-03-2021,886,909.5,880.1,884.6,462683,Trent
09-03-2021,890,944.5,888.1,905.8,1947228,Trent
10-03-2021,915,934,895.5,912.2,606764,Trent
12-03-2021,916.1,924.9,872.8,876.6,664299,Trent
15-03-2021,880,888.1,841.1,845.9,1045124,Trent
16-03-2021,838.9,865.9,838.2,849.3,779547,Trent
17-03-2021,853.6,860,820,822.6,477076,Trent
18-03-2021,834.9,846.7,818.5,823.2,400106,Trent
19-03-2021,819,827.3,776,799.2,1242150,Trent
22-03-2021,800.2,816.9,790.5,800,655786,Trent
23-03-2021,807,836.9,801.1,813.8,798486,Trent
24-03-2021,816.9,846,778.5,785.1,1406039,Trent
25-03-2021,789.1,805.1,745.8,758,1361204,Trent
26-03-2021,772,779.2,755.3,760.1,703225,Trent
30-03-2021,770,777.2,750.1,760.7,628414,Trent
31-03-2021,765.9,772.9,747.1,751.1,624642,Trent
01-04-2021,760,764.2,739.1,750.9,810538,Trent
05-04-2021,747,748.8,721.4,729.5,738836,Trent
06-04-2021,731.5,736.1,700,703.7,1267810,Trent
07-04-2021,700.1,733,694.5,722.1,1618249,Trent
08-04-2021,725.9,736.3,720.6,729.8,613211,Trent
09-04-2021,735,736,723.3,729.2,344873,Trent
12-04-2021,709.1,719.8,689,710.8,921660,Trent
13-04-2021,711.7,732.8,711.7,729.3,437329,Trent
15-04-2021,727,746,714.8,740.1,871200,Trent
16-04-2021,740.1,755.8,731,743.7,692021,Trent
19-04-2021,720,739.6,692.2,728.7,715142,Trent
20-04-2021,728.7,747.6,727.8,736.5,475888,Trent
22-04-2021,731.8,750,725,747.4,422465,Trent
23-04-2021,747,788,742,770.3,3507205,Trent
26-04-2021,780.9,787,761.9,780.5,824311,Trent
27-04-2021,786,794.5,776.5,784.2,853518,Trent
28-04-2021,790,792,762.8,772,593276,Trent
29-04-2021,779,789,768.6,775.9,589571,Trent
30-04-2021,776.6,790.7,761,776.7,1841225,Trent
03-05-2021,758,787,736.1,783.1,841965,Trent
04-05-2021,798,798,773,776.8,651087,Trent
05-05-2021,787.7,810,775.6,796.1,1229552,Trent
06-05-2021,797,800,763.8,778.2,665468,Trent
07-05-2021,785.9,785.9,743.4,752.8,513294,Trent
10-05-2021,754.8,766,746,747.8,434021,Trent
11-05-2021,742,775,742,763.2,823028,Trent
12-05-2021,758.6,776,755.1,770.1,414426,Trent
14-05-2021,770,783,758.3,772.6,541416,Trent
17-05-2021,772.7,814,760.6,795.2,1956412,Trent
18-05-2021,800,832.9,799.3,828.3,2275063,Trent
19-05-2021,835,855,812.1,819.5,1855576,Trent
20-05-2021,826.4,829.5,803.4,811.6,556669,Trent
21-05-2021,811,832.3,803,826.9,806206,Trent
24-05-2021,831.5,839,806,809.8,684641,Trent
25-05-2021,819.4,830.9,810.8,824.7,720336,Trent
26-05-2021,834.7,836.9,824,826,499153,Trent
27-05-2021,821,834.3,818.5,828.1,940317,Trent
28-05-2021,828.4,847.4,822.7,826.6,905813,Trent
31-05-2021,832,856.8,824.6,851.7,1296401,Trent
01-06-2021,857,862.8,833.4,840.2,697195,Trent
02-06-2021,836.5,855,833,853.2,826415,Trent
03-06-2021,853.2,863.9,847.2,854.8,404997,Trent
04-06-2021,852.8,863.3,847.5,852.1,781342,Trent
07-06-2021,851.1,874,845,857.5,463126,Trent
08-06-2021,857.5,869.4,848,865.9,370448,Trent
09-06-2021,869,873,841,844.9,465156,Trent
10-06-2021,854,884.9,838.4,876.9,1034717,Trent
11-06-2021,885,892.5,867.9,873.7,590610,Trent
14-06-2021,871,877.6,850.5,867.6,226622,Trent
15-06-2021,864,871.9,853.5,856.7,306451,Trent
16-06-2021,857,869.8,848.2,851.2,246452,Trent
17-06-2021,842,895,829,855.6,1820950,Trent
18-06-2021,863.9,864.9,840.2,849.2,1005831,Trent
21-06-2021,843,862.7,831.1,853.3,649897,Trent
22-06-2021,861,864.4,849,853,427455,Trent
23-06-2021,860,867.8,849,857.5,437812,Trent
24-06-2021,860,864.4,850,857,337562,Trent
25-06-2021,860,867.8,853.3,863.5,302991,Trent
28-06-2021,863,885.9,855.3,881.4,414235,Trent
29-06-2021,879,881,856.1,862.7,324166,Trent
30-06-2021,855.1,865.8,846.3,849.9,351060,Trent
01-07-2021,851.4,862,848,857.9,138698,Trent
02-07-2021,866.7,909.8,857.5,899.8,1945993,Trent
05-07-2021,909.5,921,896,902,1316486,Trent
06-07-2021,905,917.6,891.4,901.9,730080,Trent
07-07-2021,907.6,912.2,893.4,908.9,283658,Trent
08-07-2021,914.7,948,906,921.3,2179864,Trent
09-07-2021,921.3,924.5,900,905.3,507064,Trent
12-07-2021,910,924.9,895,899.3,576161,Trent
13-07-2021,907.9,936.7,900.9,926.8,842102,Trent
14-07-2021,931,936.1,914.3,918,684507,Trent
15-07-2021,921.3,928,899,902.8,439404,Trent
16-07-2021,911,911,878,879.9,569938,Trent
19-07-2021,877.9,879,860,870,759172,Trent
20-07-2021,869.9,869.9,838,861.4,754030,Trent
22-07-2021,867,925,865.1,920.5,1813383,Trent
23-07-2021,923,923,887.9,891.2,614666,Trent
26-07-2021,896.5,897,870.6,891.1,613423,Trent
27-07-2021,892,926,885.1,917,947007,Trent
28-07-2021,917,931.7,898.5,926.3,740399,Trent
29-07-2021,926.5,933.2,910.5,914.9,358868,Trent
30-07-2021,919.7,943,912,922.9,720404,Trent
02-08-2021,923.3,969,922.9,956.6,1342173,Trent
03-08-2021,965.9,965.9,934.1,938.8,572016,Trent
04-08-2021,947,952.7,920.8,928.9,335436,Trent
05-08-2021,930.6,939.9,898,915.5,1041009,Trent
06-08-2021,921.2,937,912.3,919.4,636462,Trent
09-08-2021,926.4,938.5,916.7,928.9,670460,Trent
10-08-2021,932.4,964.1,920.7,945.8,2198799,Trent
11-08-2021,921,930,852,900.5,2959134,Trent
12-08-2021,905.5,913.4,880.1,896.7,592714,Trent
13-08-2021,900.5,904,876.7,882.9,738531,Trent
16-08-2021,885,889.2,866,874.7,436930,Trent
17-08-2021,870,908.9,867,887.4,973907,Trent
18-08-2021,894.7,903.9,878.7,900.8,477749,Trent
20-08-2021,881.8,915,871.8,897.2,879721,Trent
23-08-2021,899.5,901.8,866.2,884.2,710233,Trent
24-08-2021,888.7,903,876.2,900.8,512709,Trent
25-08-2021,902.7,922.6,890.4,916.8,761172,Trent
26-08-2021,920,964.2,920,941.4,3121784,Trent
27-08-2021,945.7,958,940,948.5,638508,Trent
30-08-2021,955,1007,951,991.3,1981330,Trent
31-08-2021,995,1015,976,1006.9,968660,Trent
01-09-2021,1004.5,1036.7,988.2,994.4,861143,Trent
02-09-2021,999.4,1013.7,985.6,1000.5,600794,Trent
03-09-2021,1008.9,1017.7,984.2,995.7,454344,Trent
06-09-2021,1000.1,1023.9,995.7,1009.9,646921,Trent
07-09-2021,1009.8,1022,993.3,999,597743,Trent
08-09-2021,1001,1050,995,1033.9,2226426,Trent
09-09-2021,1038.6,1045.4,1010.3,1022.6,1228907,Trent
13-09-2021,1014,1027.7,998.3,1006.1,448685,Trent
14-09-2021,1010,1023.8,1000.1,1004,529047,Trent
15-09-2021,1005.8,1010,987,1001.8,635701,Trent
16-09-2021,1009.5,1010.5,990.2,995.8,286275,Trent
17-09-2021,1000,1000,964,982.5,562721,Trent
20-09-2021,971,1002.5,953,979.2,569477,Trent
21-09-2021,981.5,991.2,956.3,987.2,432370,Trent
22-09-2021,985,995,976,983.7,252879,Trent
23-09-2021,989,1031.8,986.1,1006.6,1207650,Trent
24-09-2021,1017.3,1025.4,978,987.6,834581,Trent
27-09-2021,995,1008,982.7,1003.3,314717,Trent
28-09-2021,1009,1020,994,1014,612126,Trent
29-09-2021,1014,1014,970,1009.6,415354,Trent
30-09-2021,1013,1041.6,1001.3,1025.9,941677,Trent
01-10-2021,1025.9,1090,1020,1044.4,3294173,Trent
04-10-2021,1053.5,1057.4,1020.8,1046.2,1043541,Trent
05-10-2021,1050,1068,1040.3,1049.9,675246,Trent
06-10-2021,1060,1097.8,1036.1,1044.6,1324497,Trent
07-10-2021,1059,1127,1055.1,1108.9,1988186,Trent
08-10-2021,1120,1120,1088.1,1103.4,439597,Trent
11-10-2021,1114.8,1140,1095.7,1103.2,681017,Trent
12-10-2021,1109,1143,1095,1133.6,1064340,Trent
13-10-2021,1125.2,1210,1103.6,1174.2,1433510,Trent
14-10-2021,1175.1,1184,1145,1154.5,563063,Trent
18-10-2021,1166,1180,1145.7,1154.3,571535,Trent
19-10-2021,1160,1174.6,1094.2,1116.7,832711,Trent
20-10-2021,1116.7,1138.2,1085,1111.4,574423,Trent
21-10-2021,1122.5,1123.7,1067.1,1080.4,470149,Trent
22-10-2021,1081,1112.7,1043.4,1050.9,814132,Trent
25-10-2021,1061,1085,1009.2,1020.7,772852,Trent
26-10-2021,1024,1054.3,1016.5,1041.5,999447,Trent
27-10-2021,1052.3,1072.3,1026.3,1033.9,476913,Trent
28-10-2021,1037.5,1044.2,1000,1005.7,495393,Trent
29-10-2021,1005.5,1038.1,989.5,1003.2,446580,Trent
01-11-2021,1014,1028.2,996.7,1024.7,539353,Trent
02-11-2021,1039,1068,1030,1037.5,1518927,Trent
03-11-2021,1097,1132.3,1075.2,1092.2,5869336,Trent
04-11-2021,1100,1103.4,1090.3,1094.3,141116,Trent
08-11-2021,1099.8,1115.9,1085,1100.6,1102344,Trent
09-11-2021,1100,1133,1094.1,1127.4,1034509,Trent
10-11-2021,1127,1133.9,1109,1124.4,503041,Trent
11-11-2021,1123.7,1155.7,1121.2,1147.2,979707,Trent
12-11-2021,1150.2,1160,1128.6,1149.2,502799,Trent
15-11-2021,1157,1173,1140,1157.2,724923,Trent
16-11-2021,1146.7,1202.7,1141.3,1190.4,1245041,Trent
17-11-2021,1189.9,1200,1145,1153.2,792324,Trent
18-11-2021,1155,1158,1095.5,1137.7,1003276,Trent
22-11-2021,1112.4,1139.6,1101.6,1112.8,724443,Trent
23-11-2021,1109,1126.7,1093.6,1111.9,1337545,Trent
24-11-2021,1111.2,1118,1090,1095.8,1045914,Trent
25-11-2021,1090,1099,1077.5,1092.6,602587,Trent
26-11-2021,1083,1091.9,1025,1041.7,904556,Trent
29-11-2021,1035,1056.9,992.4,1026.7,850287,Trent
30-11-2021,1025,1067.8,1002.8,1014.4,1075312,Trent
01-12-2021,1032.2,1038.6,1006,1024.2,839843,Trent
02-12-2021,1033,1044.9,1020.2,1031.4,904904,Trent
03-12-2021,1036.5,1036.9,1013.8,1021,661928,Trent
06-12-2021,1029.1,1029.1,989.1,998,373519,Trent
07-12-2021,1005,1036,995.2,1018,644619,Trent
08-12-2021,1036,1052,1018,1041,550648,Trent
09-12-2021,1050.6,1050.6,1027.6,1037.5,214644,Trent
10-12-2021,1040,1040,1025,1036,232075,Trent
13-12-2021,1040,1052.7,1028,1031.3,337088,Trent
14-12-2021,1025,1042.6,1000.8,1030.5,616598,Trent
15-12-2021,1035,1087,1030.5,1036.1,1671114,Trent
16-12-2021,1047,1053.6,1005,1031.2,1121604,Trent
17-12-2021,1031.2,1063.9,1013.2,1035.1,805803,Trent
20-12-2021,1030,1030,970.6,1007.9,852808,Trent
21-12-2021,1024,1034.7,1008.1,1018.4,377839,Trent
22-12-2021,1030,1064.5,1015.6,1044.9,843395,Trent
23-12-2021,1044,1056.9,1032,1042.2,577082,Trent
24-12-2021,1043.4,1052.8,1020.3,1041,288355,Trent
27-12-2021,1020,1068,1020,1051.1,834703,Trent
28-12-2021,1054.5,1059.1,1032,1034.8,335064,Trent
29-12-2021,1040.7,1050.9,1027,1038.5,252419,Trent
30-12-2021,1045.6,1045.6,1025.9,1032.9,607040,Trent
31-12-2021,1042.5,1069.9,1029.6,1065,452416,Trent
03-01-2022,1065,1065,1041,1054.6,363953,Trent
04-01-2022,1050,1067,1046,1056,258035,Trent
05-01-2022,1055,1081.2,1049.8,1070.9,741560,Trent
06-01-2022,1067,1089,1054.7,1080.4,408431,Trent
07-01-2022,1072,1095,1068.9,1085.2,482099,Trent
10-01-2022,1090,1094.8,1062,1072,604941,Trent
11-01-2022,1075,1124,1072.2,1119.2,861357,Trent
12-01-2022,1129,1150.5,1110,1145.3,741670,Trent
13-01-2022,1145.3,1187.7,1130,1182.9,682225,Trent
14-01-2022,1165.1,1200,1159.4,1164.9,744286,Trent
17-01-2022,1167,1187.9,1155,1158.3,501455,Trent
18-01-2022,1177,1177,1135.8,1144.3,543636,Trent
19-01-2022,1145,1212,1136.4,1167.6,1671916,Trent
20-01-2022,1165,1194.2,1160,1170,968296,Trent
21-01-2022,1169,1206.6,1142,1181.9,961910,Trent
24-01-2022,1179,1200,1091.3,1122,979818,Trent
25-01-2022,1092,1113.3,1050.4,1079.4,866941,Trent
27-01-2022,1060,1087.8,1001.4,1023,1611802,Trent
28-01-2022,1025.1,1042,1008.4,1018.3,1230291,Trent
31-01-2022,1018,1037.9,1018,1031.6,408254,Trent
01-02-2022,1032,1064.9,1031.6,1060.4,521498,Trent
02-02-2022,1060.4,1107,1049.9,1097.6,878597,Trent
03-02-2022,1098,1100,1077.4,1083.3,416753,Trent
04-02-2022,1086.2,1090,1052,1057.4,305527,Trent
07-02-2022,1060.2,1068.8,1025,1050.5,648493,Trent
08-02-2022,1054.8,1067.1,1035.4,1054,377585,Trent
09-02-2022,1064,1075,1053,1070.6,304759,Trent
10-02-2022,1076.5,1085,1055,1075.6,411046,Trent
11-02-2022,1085,1099.6,1055.4,1071.4,1656107,Trent
14-02-2022,1040,1055,1017,1036.3,536059,Trent
15-02-2022,1037,1086.5,1026,1081.6,619460,Trent
16-02-2022,1089.9,1092.4,1055.7,1061.5,343162,Trent
17-02-2022,1073.2,1073.2,1052.2,1062.8,287521,Trent
18-02-2022,1045,1065,1040,1045.2,205306,Trent
21-02-2022,1045,1054.8,1011,1035.4,576902,Trent
22-02-2022,1002,1058.4,1002,1049.6,714429,Trent
23-02-2022,1050,1084,1050,1054.3,393547,Trent
24-02-2022,1016.1,1037.2,980,1020.7,633017,Trent
25-02-2022,1060,1074.8,1029.7,1070.1,543759,Trent
28-02-2022,1030.1,1119,1030.1,1108.1,1102621,Trent
02-03-2022,1099,1117.7,1080.1,1105.1,661272,Trent
03-03-2022,1110,1135.7,1105.6,1131.2,645290,Trent
04-03-2022,1126,1126,1082.4,1095.5,653153,Trent
07-03-2022,1080,1080,1040,1064.2,372706,Trent
08-03-2022,1065.2,1091.6,1048.1,1078.1,461151,Trent
09-03-2022,1078,1155,1070.1,1143.8,757000,Trent
10-03-2022,1155.2,1164.4,1138.6,1149.8,557825,Trent
11-03-2022,1141.2,1181.8,1131,1168.8,476838,Trent
14-03-2022,1179.9,1207.5,1150.5,1167.1,614586,Trent
15-03-2022,1165.3,1181,1145.5,1158.3,400312,Trent
16-03-2022,1174,1191.5,1153,1171.3,486972,Trent
17-03-2022,1190,1284,1187,1262.1,4537229,Trent
21-03-2022,1282,1302.5,1251,1279.6,1520151,Trent
22-03-2022,1275,1298.5,1256,1286.4,713407,Trent
23-03-2022,1292,1314.6,1277.8,1300.3,713104,Trent
24-03-2022,1305,1310,1271,1276.9,453482,Trent
25-03-2022,1288,1288,1240.8,1261.3,662176,Trent
28-03-2022,1263,1290,1255,1279.6,939603,Trent
29-03-2022,1282.9,1283.3,1260.3,1276.2,539919,Trent
30-03-2022,1285,1285,1252.1,1257.1,366894,Trent
31-03-2022,1255,1284.9,1248.9,1275.5,755068,Trent
01-04-2022,1281,1295,1260.1,1268.5,491523,Trent
04-04-2022,1256.4,1309,1256.4,1294.7,762394,Trent
05-04-2022,1310,1335,1290.9,1319.2,1337792,Trent
06-04-2022,1323.6,1336.8,1301.3,1328.3,907711,Trent
07-04-2022,1336,1346.9,1300,1307.8,1038577,Trent
08-04-2022,1308.2,1319.6,1265.6,1269.7,874307,Trent
11-04-2022,1279.3,1291.5,1266.4,1280.9,509264,Trent
12-04-2022,1275,1287.9,1236,1250.5,845636,Trent
13-04-2022,1260,1262.8,1221.5,1232.8,742352,Trent
18-04-2022,1230,1248,1216,1223.5,395195,Trent
19-04-2022,1244.7,1278,1230.7,1248.5,1575212,Trent
20-04-2022,1251,1285.7,1251,1265.9,743805,Trent
21-04-2022,1279.9,1295,1260,1285.8,516906,Trent
22-04-2022,1283,1294,1265.5,1286.6,481960,Trent
25-04-2022,1255.3,1281.8,1230.1,1237.5,403163,Trent
26-04-2022,1248.8,1287.2,1245,1279.9,640781,Trent
27-04-2022,1240,1264.4,1215.1,1225,705547,Trent
28-04-2022,1196,1238.9,1181,1225.8,1076903,Trent
29-04-2022,1240,1249.2,1222.3,1228.4,439063,Trent
02-05-2022,1220,1231.9,1205.6,1220.2,488409,Trent
04-05-2022,1223.6,1234.9,1205.1,1213.3,489438,Trent
05-05-2022,1234,1242.9,1206.1,1212.4,464980,Trent
06-05-2022,1192,1199.8,1138.2,1146.8,840078,Trent
09-05-2022,1135.8,1151.5,1092.9,1103.9,873730,Trent
10-05-2022,1100,1112.1,1055,1060.2,663951,Trent
11-05-2022,1073,1075.6,1009.6,1045.9,805254,Trent
12-05-2022,1045,1045,982.9,1010.9,1433291,Trent
13-05-2022,1034.7,1054.5,1018.6,1032,467140,Trent
16-05-2022,1024,1045.1,1005.1,1039.2,536424,Trent
17-05-2022,1036.3,1079.9,1036,1075.6,438660,Trent
18-05-2022,1085,1100,1065.8,1085.1,623123,Trent
19-05-2022,1062.2,1074.9,1011.8,1036.7,1247443,Trent
20-05-2022,1044.6,1092,1044.6,1087,629720,Trent
23-05-2022,1092,1099,1060.4,1065.3,302084,Trent
24-05-2022,1070.9,1080.5,1047.3,1075.9,337854,Trent
25-05-2022,1080,1085.9,1026.5,1038,407027,Trent
26-05-2022,1043.4,1054.3,1004.4,1049,444559,Trent
27-05-2022,1053,1074.9,1045.5,1068.5,293538,Trent
30-05-2022,1087,1123.2,1077,1118.9,547836,Trent
31-05-2022,1115,1135,1109.3,1124.1,1673884,Trent
01-06-2022,1132,1145,1106.3,1109.5,521752,Trent
02-06-2022,1111.8,1124,1098,1112.9,433531,Trent
03-06-2022,1111.1,1145,1111.1,1129.3,843397,Trent
06-06-2022,1129,1138.5,1092,1104.8,620866,Trent
07-06-2022,1106,1106,1073,1084.9,284321,Trent
08-06-2022,1080,1098,1078,1087,469020,Trent
09-06-2022,1078,1091.8,1063.1,1084.3,557580,Trent
10-06-2022,1081,1120.1,1071.8,1113.3,859171,Trent
13-06-2022,1110,1111.6,1083.5,1086.7,514725,Trent
14-06-2022,1086.4,1092.3,1064.2,1069.5,495087,Trent
15-06-2022,1070.3,1108,1065.8,1094.9,882202,Trent
16-06-2022,1105.3,1117.6,1069.5,1078.1,387582,Trent
17-06-2022,1078.1,1084.7,1036.3,1043.8,753097,Trent
20-06-2022,1043.9,1058,1014.5,1048.8,518858,Trent
21-06-2022,1056.1,1069,1038.1,1050.3,1352719,Trent
22-06-2022,1050.3,1051,1009.3,1020.8,673346,Trent
23-06-2022,1023.5,1038,1012,1029.8,486409,Trent
24-06-2022,1040,1062.5,1034.2,1058.7,462900,Trent
27-06-2022,1080.9,1080.9,1041.3,1049.1,344510,Trent
28-06-2022,1050,1076,1030,1068.3,442089,Trent
29-06-2022,1059.6,1115,1042.7,1109.3,1397225,Trent
30-06-2022,1101,1113.3,1069.3,1074.2,529542,Trent
01-07-2022,1074.2,1088.1,1059.1,1073.6,555368,Trent
04-07-2022,1073.6,1122,1073.6,1118.2,736578,Trent
05-07-2022,1118.2,1134.4,1110.1,1120.4,635508,Trent
06-07-2022,1124.7,1175,1113,1172,835710,Trent
07-07-2022,1175.2,1187,1158.4,1170.6,291188,Trent
08-07-2022,1171.9,1210.8,1162.5,1204.3,954902,Trent
11-07-2022,1202.8,1222.8,1197,1207.4,877368,Trent
12-07-2022,1206,1212,1184.1,1196,583382,Trent
13-07-2022,1202.2,1212,1158.8,1205.6,325971,Trent
14-07-2022,1206,1216.9,1170.1,1179.3,453534,Trent
15-07-2022,1185.5,1214.9,1182.1,1210.7,315845,Trent
18-07-2022,1222,1237.7,1202.7,1208.6,980588,Trent
19-07-2022,1207.8,1218.3,1195.1,1202.3,491128,Trent
20-07-2022,1210,1233,1203,1209.5,604230,Trent
21-07-2022,1211.8,1229.2,1201,1220.6,476539,Trent
22-07-2022,1222,1266.9,1220.6,1243.8,942665,Trent
25-07-2022,1237.5,1245,1221.3,1232.6,381778,Trent
26-07-2022,1238.7,1247.8,1223.2,1231.5,331124,Trent
27-07-2022,1232,1258.6,1225.2,1254.4,532946,Trent
28-07-2022,1256,1271,1248.1,1258.8,504060,Trent
29-07-2022,1268,1276.9,1250.1,1268.6,656479,Trent
01-08-2022,1268,1305.5,1268,1301,793553,Trent
02-08-2022,1299.9,1312.5,1276.8,1308.7,502117,Trent
03-08-2022,1311,1326.8,1292,1308.8,393606,Trent
04-08-2022,1325,1325,1288.1,1316.8,393725,Trent
05-08-2022,1320,1323.7,1302.2,1315.9,242951,Trent
08-08-2022,1315.9,1333,1307.5,1318.7,438066,Trent
10-08-2022,1319.5,1331.9,1301,1311.3,313632,Trent
11-08-2022,1329,1359.7,1320.5,1340.2,1702218,Trent
12-08-2022,1347,1390.6,1332.7,1382.8,1159339,Trent
16-08-2022,1390.6,1454.4,1389.7,1410,1476050,Trent
17-08-2022,1410.3,1482,1410.3,1474.7,1594684,Trent
18-08-2022,1481,1522.5,1448.3,1455.5,1748382,Trent
19-08-2022,1464.9,1487.4,1388.7,1398.2,1284783,Trent
22-08-2022,1398.2,1416.8,1299.2,1314.1,3129067,Trent
23-08-2022,1309.4,1355,1283,1346.8,2092763,Trent
24-08-2022,1350,1353.9,1322.1,1344.9,633681,Trent
25-08-2022,1357.3,1373.4,1338,1359.4,1144010,Trent
26-08-2022,1366,1400.9,1363.1,1390.6,1047852,Trent
29-08-2022,1352,1368,1330.4,1360.7,575626,Trent
30-08-2022,1362.6,1416.9,1362.6,1407.3,1311053,Trent
01-09-2022,1394.5,1416,1391.6,1414,738051,Trent
02-09-2022,1419,1421.6,1388.1,1391.1,462018,Trent
05-09-2022,1390,1409,1384.7,1398.3,633249,Trent
06-09-2022,1405,1413.6,1386.5,1390,342940,Trent
07-09-2022,1389.9,1424.1,1386.1,1413.2,887074,Trent
08-09-2022,1427.9,1427.9,1404.1,1407.1,604853,Trent
09-09-2022,1414.5,1422,1371.9,1379.4,594999,Trent
12-09-2022,1385,1417.8,1385,1400.3,733357,Trent
13-09-2022,1407.7,1470,1405,1460.4,934852,Trent
14-09-2022,1444,1474.4,1428,1430.6,786238,Trent
15-09-2022,1444.3,1451.5,1426.1,1435.2,552868,Trent
16-09-2022,1439,1463.4,1409.7,1432.7,936253,Trent
19-09-2022,1433.4,1440,1385.5,1421.8,625902,Trent
20-09-2022,1427,1459,1427,1445.6,551632,Trent
21-09-2022,1451,1498.6,1446,1462,1496404,Trent
22-09-2022,1462,1493,1441,1486.8,878084,Trent
23-09-2022,1490,1491.9,1417.7,1433.7,743035,Trent
26-09-2022,1420,1428.8,1353,1409,877826,Trent
27-09-2022,1419.4,1443.4,1390,1396.1,599701,Trent
28-09-2022,1387,1409.5,1370.3,1388.2,341570,Trent
29-09-2022,1403,1409.2,1370.1,1397.7,513074,Trent
30-09-2022,1397.7,1430,1372.4,1420,721128,Trent
03-10-2022,1419,1425,1383,1389.8,487553,Trent
04-10-2022,1410,1436.9,1401.7,1431.5,669791,Trent
06-10-2022,1438.9,1454.8,1428,1447.4,572255,Trent
07-10-2022,1455,1480,1440.1,1450.8,633829,Trent
10-10-2022,1430,1451.8,1418,1431.9,532783,Trent
11-10-2022,1446.3,1459.7,1406.3,1423.1,670168,Trent
12-10-2022,1420,1439.9,1398,1422.3,402168,Trent
13-10-2022,1423,1438.6,1396,1401.7,286921,Trent
14-10-2022,1432,1432,1373.9,1379.6,441023,Trent
17-10-2022,1378,1387.4,1354.1,1378.3,418522,Trent
18-10-2022,1387,1436,1373.3,1428.9,651226,Trent
19-10-2022,1430,1447.7,1417.1,1424.2,451427,Trent
20-10-2022,1415,1431.6,1405,1425.5,439690,Trent
21-10-2022,1425.5,1443,1406.2,1431,458912,Trent
25-10-2022,1430,1442,1419.7,1434,244221,Trent
27-10-2022,1434,1470.6,1433,1463.1,441597,Trent
28-10-2022,1470.5,1478,1445,1459,325536,Trent
31-10-2022,1460,1543,1460,1527.9,2085522,Trent
01-11-2022,1545,1566,1522.8,1557.6,999663,Trent
02-11-2022,1565,1565,1517.2,1530.3,535001,Trent
03-11-2022,1511,1551.7,1503.9,1545.5,504000,Trent
04-11-2022,1549.8,1550.2,1495.6,1506,591976,Trent
07-11-2022,1517.7,1523.5,1486.5,1507.9,501244,Trent
09-11-2022,1507,1508.9,1495.2,1501.8,328444,Trent
10-11-2022,1495,1499.3,1459.6,1470.9,584753,Trent
11-11-2022,1472.1,1549.7,1395,1419.1,2812289,Trent
14-11-2022,1433.6,1441.6,1401.1,1427.1,1122597,Trent
15-11-2022,1424.1,1425,1406.1,1416.2,710092,Trent
16-11-2022,1416.2,1425,1387.1,1394.9,467953,Trent
17-11-2022,1396,1410.9,1379,1396.7,944775,Trent
18-11-2022,1403.7,1403.7,1371.9,1383.1,591196,Trent
21-11-2022,1379,1382.8,1358.7,1378.7,457376,Trent
22-11-2022,1380,1412.9,1380,1408.2,770340,Trent
23-11-2022,1408.2,1422,1400,1410.3,1390277,Trent
24-11-2022,1414,1434,1409,1429.5,602103,Trent
25-11-2022,1430,1448,1424.2,1432.4,541513,Trent
28-11-2022,1421,1444.9,1420.2,1439.2,290527,Trent
29-11-2022,1439,1462.5,1434.1,1457,476040,Trent
30-11-2022,1457,1479.8,1435.4,1471.7,960009,Trent
01-12-2022,1473.6,1479,1455.6,1464.1,392526,Trent
02-12-2022,1464,1477.4,1460.4,1468.7,286105,Trent
05-12-2022,1462.7,1481,1448.7,1475.6,462047,Trent
06-12-2022,1470,1488,1460.6,1475.8,501781,Trent
07-12-2022,1476.1,1483.1,1455,1463.4,233857,Trent
08-12-2022,1466,1466.5,1444.8,1458.1,325774,Trent
09-12-2022,1468,1468,1432.9,1458,381953,Trent
12-12-2022,1455,1456.5,1440.1,1449.6,266399,Trent
13-12-2022,1449,1459.9,1440.1,1443.5,392861,Trent
14-12-2022,1444.2,1460.6,1441.6,1451.4,247467,Trent
15-12-2022,1449.3,1460,1428.1,1436,383487,Trent
16-12-2022,1427.3,1432.5,1401,1407.3,505066,Trent
19-12-2022,1395,1424.3,1388,1418.1,467614,Trent
20-12-2022,1418.1,1421.3,1395.9,1412.4,270778,Trent
21-12-2022,1411,1420.2,1355.9,1366.4,585477,Trent
22-12-2022,1368,1380,1318.2,1332.5,879064,Trent
23-12-2022,1315,1335,1278,1284.4,1182635,Trent
26-12-2022,1290,1365,1281.5,1357.5,835478,Trent
27-12-2022,1358.7,1363.3,1328,1346.9,868094,Trent
28-12-2022,1345,1356.5,1334.6,1346.4,565769,Trent
29-12-2022,1341.1,1350,1308.3,1348.6,572355,Trent
30-12-2022,1355.4,1361.2,1340.1,1351.4,310890,Trent
02-01-2023,1358,1358.4,1332,1342.2,195562,Trent
03-01-2023,1342,1350,1330.1,1347.4,233893,Trent
04-01-2023,1346.1,1353.6,1300.1,1307.4,589604,Trent
05-01-2023,1312,1312,1272.3,1279.9,617568,Trent
06-01-2023,1281,1289.6,1236,1248.2,1046858,Trent
09-01-2023,1253.8,1255,1213.4,1219.8,852556,Trent
10-01-2023,1225,1235.2,1202,1223.7,588497,Trent
11-01-2023,1230.1,1235,1205,1210.7,680945,Trent
12-01-2023,1215,1242.5,1204.5,1209.5,566434,Trent
13-01-2023,1214,1218.4,1186.1,1205.4,819106,Trent
16-01-2023,1207,1216.5,1192,1197.4,372068,Trent
17-01-2023,1200,1200,1180.9,1193.1,528204,Trent
18-01-2023,1198,1232.3,1190.9,1222.8,802598,Trent
19-01-2023,1223,1223,1192,1198.3,334432,Trent
20-01-2023,1204.6,1207.5,1177,1182.3,373948,Trent
23-01-2023,1188.3,1189.3,1161.1,1177.3,485408,Trent
24-01-2023,1177,1208.6,1177,1202.8,1173927,Trent
25-01-2023,1205.9,1219.5,1185.1,1212.1,765489,Trent
27-01-2023,1212,1212,1155,1176.3,1368360,Trent
30-01-2023,1179.9,1190,1161.3,1180.4,932999,Trent
31-01-2023,1180.4,1204.4,1169.2,1196.6,965496,Trent
01-02-2023,1204,1265,1192.2,1216,1724393,Trent
02-02-2023,1215.1,1224.7,1196.7,1210.6,590000,Trent
03-02-2023,1217,1238.4,1209.1,1235.7,304320,Trent
06-02-2023,1241,1248.6,1213.9,1230.1,365009,Trent
07-02-2023,1232.1,1248.8,1206.1,1213.2,499648,Trent
08-02-2023,1212.1,1240,1210,1236.1,336510,Trent
09-02-2023,1290,1346.8,1264.1,1341.9,4103779,Trent
10-02-2023,1341.9,1352.6,1320.6,1328.8,820161,Trent
13-02-2023,1335,1335,1302.1,1306.5,338292,Trent
14-02-2023,1307.4,1325,1296.9,1320.6,316603,Trent
15-02-2023,1318.6,1352,1311.3,1347.5,821781,Trent
16-02-2023,1350,1371,1338.4,1363.1,584385,Trent
17-02-2023,1360,1378.9,1350.2,1360.7,535675,Trent
20-02-2023,1360.1,1363.9,1333.3,1343.9,390430,Trent
21-02-2023,1343,1357.5,1329.7,1338.1,575418,Trent
22-02-2023,1329,1352.5,1323.5,1343.9,556036,Trent
23-02-2023,1345,1345,1314.9,1328.2,347591,Trent
24-02-2023,1332,1342,1299.3,1305.6,409365,Trent
27-02-2023,1306.3,1307.3,1272,1288.9,419611,Trent
28-02-2023,1288.9,1307.7,1273,1278.2,907835,Trent
01-03-2023,1286.5,1309.9,1280.3,1291.5,467538,Trent
02-03-2023,1291.5,1306.8,1276.8,1285,299267,Trent
03-03-2023,1290,1312.9,1276.4,1304.9,568928,Trent
06-03-2023,1306.6,1333.6,1306.6,1325.4,566960,Trent
08-03-2023,1319.1,1348,1313.1,1342.6,521534,Trent
09-03-2023,1346.4,1366.9,1328.2,1335,625276,Trent
10-03-2023,1324.6,1345.5,1318,1341,391986,Trent
13-03-2023,1341,1357.1,1311.1,1324.1,698497,Trent
14-03-2023,1331.1,1351,1297,1337.8,626503,Trent
15-03-2023,1345,1360,1313.1,1321.3,343676,Trent
16-03-2023,1320,1345.1,1308,1336.4,475242,Trent
17-03-2023,1349,1359.9,1336,1356.2,440067,Trent
20-03-2023,1366,1366,1305,1344.5,605595,Trent
21-03-2023,1346.4,1353.8,1318.1,1321.6,318911,Trent
22-03-2023,1323.1,1349.5,1322.1,1329.5,344287,Trent
23-03-2023,1332.5,1352.4,1316.2,1345.2,388796,Trent
24-03-2023,1345,1345,1305,1310.1,316370,Trent
27-03-2023,1316.7,1342.9,1310.1,1328.5,456288,Trent
28-03-2023,1336,1338.5,1288,1291.2,474383,Trent
29-03-2023,1288,1341,1288,1335.9,508829,Trent
31-03-2023,1336,1389,1336,1375,675734,Trent
03-04-2023,1393,1393,1351.8,1357.4,401477,Trent
05-04-2023,1360,1373,1350,1364.8,212990,Trent
06-04-2023,1367,1378,1347,1367.3,343855,Trent
10-04-2023,1367.3,1373.2,1348.9,1358.7,357266,Trent
11-04-2023,1356.1,1370.9,1337,1354.2,235880,Trent
12-04-2023,1354.2,1367,1345.6,1363.3,177221,Trent
13-04-2023,1367.9,1384,1357.2,1361.8,378453,Trent
17-04-2023,1356,1368,1340.6,1363.3,375958,Trent
18-04-2023,1363.3,1373.4,1353,1361.1,502824,Trent
19-04-2023,1361,1371,1349.2,1359.4,212326,Trent
20-04-2023,1363.7,1398.5,1354.6,1393.7,611747,Trent
21-04-2023,1401,1405.8,1372,1383.4,600063,Trent
24-04-2023,1393.8,1396.1,1377.4,1384,327783,Trent
25-04-2023,1388,1388,1373.5,1381.3,153489,Trent
26-04-2023,1378.9,1388.7,1365.4,1373.5,509852,Trent
27-04-2023,1378,1387,1373.1,1382.3,422730,Trent
28-04-2023,1375,1375,1306.2,1367.8,1816275,Trent
02-05-2023,1370,1439,1369.1,1406.5,1312984,Trent
03-05-2023,1409.5,1414,1378.7,1390.2,515474,Trent
04-05-2023,1395,1407.7,1383.2,1405,244571,Trent
05-05-2023,1404.7,1427.5,1396,1416.8,317728,Trent
08-05-2023,1417,1429.9,1413.1,1421.5,319478,Trent
09-05-2023,1422.1,1448,1422.1,1433,824650,Trent
10-05-2023,1440,1454.4,1428.2,1440.7,469015,Trent
11-05-2023,1445.6,1475,1445.6,1471.4,456556,Trent
12-05-2023,1471.4,1490,1462.3,1486.2,326598,Trent
15-05-2023,1486,1518.4,1473,1511.3,496686,Trent
16-05-2023,1518,1529,1496.6,1500.2,481416,Trent
17-05-2023,1503,1513.2,1486,1505.6,469701,Trent
18-05-2023,1508.1,1517.8,1486.1,1490.7,245900,Trent
19-05-2023,1490.7,1498.6,1471.6,1493.1,468553,Trent
22-05-2023,1493.9,1507.2,1478.1,1496.3,276941,Trent
23-05-2023,1499.9,1512,1493.2,1503.7,368971,Trent
24-05-2023,1505,1505.1,1486,1498.5,362122,Trent
25-05-2023,1500.3,1519.9,1493.7,1515.3,475551,Trent
26-05-2023,1514.2,1533.7,1493.1,1530.2,415204,Trent
29-05-2023,1531.4,1544.5,1523.1,1537.9,347260,Trent
30-05-2023,1537.9,1561.9,1528.7,1558.4,341563,Trent
31-05-2023,1561.4,1595,1550,1560.5,1279601,Trent
01-06-2023,1564.9,1573.1,1550,1562.4,452507,Trent
02-06-2023,1566.6,1603.2,1560,1597.3,514635,Trent
05-06-2023,1595,1610,1587.6,1599.1,231024,Trent
06-06-2023,1605,1607.5,1584,1602.7,208474,Trent
07-06-2023,1605,1612,1586.8,1602.9,632805,Trent
08-06-2023,1609,1616.7,1583.4,1588.6,286923,Trent
09-06-2023,1594,1620.1,1589.9,1598.4,437123,Trent
12-06-2023,1598.4,1609,1584.6,1595.4,223661,Trent
13-06-2023,1602.4,1694.8,1598.3,1685.7,1634306,Trent
14-06-2023,1695.5,1730,1681,1711.2,1207550,Trent
15-06-2023,1716.3,1716.3,1680.6,1685.1,465902,Trent
16-06-2023,1685.9,1719.5,1680,1714.3,484881,Trent
19-06-2023,1714.5,1723.6,1699.2,1708.5,199840,Trent
20-06-2023,1710,1725,1695.1,1719.5,273300,Trent
21-06-2023,1724,1724,1691.9,1700.8,369391,Trent
22-06-2023,1700,1719.5,1696.3,1710.7,213389,Trent
23-06-2023,1710,1743.9,1694.7,1725,732596,Trent
26-06-2023,1726.9,1761.8,1711.3,1753.7,445964,Trent
27-06-2023,1766,1766,1737.6,1742.9,320512,Trent
28-06-2023,1760,1773.2,1749.5,1769.3,322724,Trent
30-06-2023,1775,1784,1759.5,1764.2,336262,Trent
03-07-2023,1774.9,1780,1745.9,1751.6,238418,Trent
04-07-2023,1751.6,1792,1731,1736.4,399795,Trent
05-07-2023,1745,1746,1702,1731.7,502769,Trent
06-07-2023,1731.7,1760,1723.4,1754.3,240874,Trent
07-07-2023,1749.3,1754,1696,1702.9,248389,Trent
10-07-2023,1715,1718,1669,1676.7,299305,Trent
11-07-2023,1676.7,1708,1673,1693.1,457955,Trent
12-07-2023,1697,1700,1668,1688,502653,Trent
13-07-2023,1691,1708,1658.8,1666,270100,Trent
14-07-2023,1672.2,1693.8,1657.5,1687.7,268107,Trent
17-07-2023,1696.5,1723,1675,1694.3,473571,Trent
18-07-2023,1704.7,1711,1673,1690.3,173675,Trent
19-07-2023,1699.8,1720,1688,1716.5,383674,Trent
20-07-2023,1720.1,1725,1702.2,1714.8,235107,Trent
21-07-2023,1706,1730.1,1701.2,1713.9,331260,Trent
24-07-2023,1725,1734.2,1702.1,1709.2,392933,Trent
25-07-2023,1709,1718.5,1692,1709.5,221128,Trent
26-07-2023,1720,1726.5,1704.1,1706.6,273042,Trent
27-07-2023,1706.6,1722.7,1697.7,1709.1,215362,Trent
28-07-2023,1713.6,1739,1690.6,1730.7,344569,Trent
31-07-2023,1739,1764,1731.1,1757.1,346064,Trent
01-08-2023,1760,1762.1,1701.9,1707.6,260609,Trent
02-08-2023,1707.6,1716.7,1678.2,1690.9,752736,Trent
03-08-2023,1689.5,1697.5,1670.4,1687.5,269065,Trent
04-08-2023,1699,1718.1,1690,1701,396908,Trent
07-08-2023,1710,1718,1677,1689.8,395041,Trent
08-08-2023,1680,1719.7,1674.4,1713.7,322580,Trent
09-08-2023,1721.9,1806.4,1703.1,1787.9,2491542,Trent
10-08-2023,1810,1915,1790,1895.5,4043720,Trent
11-08-2023,1893.8,1909.9,1876.4,1885.8,697959,Trent
14-08-2023,1885,1935,1860.2,1929.6,1480009,Trent
16-08-2023,1929,1967,1906.4,1956.6,1232266,Trent
17-08-2023,1965,1984.6,1960,1974.8,969098,Trent
18-08-2023,1979.2,2027.7,1956,1974,1571201,Trent
21-08-2023,1974,2018,1950.1,2000,1066063,Trent
22-08-2023,2000,2034,1999,2027.9,647887,Trent
23-08-2023,2035.8,2069,2027.9,2051,707284,Trent
24-08-2023,2067.8,2079.7,2036.6,2069.1,462418,Trent
25-08-2023,2062.1,2062.1,2000,2014,766297,Trent
28-08-2023,2027.1,2027.1,1990.5,2005.8,696730,Trent
29-08-2023,2010,2052.7,2001,2049.3,352814,Trent
30-08-2023,2068.6,2077.4,2047.4,2062.6,844098,Trent
31-08-2023,2064,2073.1,2043.5,2048.6,682000,Trent
01-09-2023,2059.7,2113,2040,2063.1,785674,Trent
04-09-2023,2074,2074.5,2020,2031.4,744599,Trent
05-09-2023,2035,2080,2028,2063.7,536090,Trent
06-09-2023,2072.2,2087.2,2051.7,2067.5,331114,Trent
07-09-2023,2073,2093,2055.7,2087.8,303430,Trent
08-09-2023,2100,2131.6,2067.3,2086.6,548262,Trent
11-09-2023,2094,2106.4,2077.8,2085.8,623499,Trent
12-09-2023,2094,2112,2033.2,2057.4,722560,Trent
13-09-2023,2061.5,2073,2012.4,2065.4,355761,Trent
14-09-2023,2051,2089,2048,2058.5,287994,Trent
15-09-2023,2073,2085.5,2051.1,2070.3,359579,Trent
18-09-2023,2073,2073,2047.7,2055.4,323336,Trent
20-09-2023,2052,2088.2,2022.5,2061.6,451829,Trent
21-09-2023,2063,2112,2035.1,2058.2,298279,Trent
22-09-2023,2069.5,2079.6,2049.7,2065.9,394776,Trent
25-09-2023,2080,2173.5,2041.1,2157.1,1841241,Trent
26-09-2023,2157,2185,2141.5,2151,1021206,Trent
27-09-2023,2143,2150.2,2090.9,2113.9,582180,Trent
28-09-2023,2122.1,2132,2045.8,2064.6,3956535,Trent
29-09-2023,2056.7,2091.1,2031.2,2080.2,767501,Trent
03-10-2023,2074.3,2086.3,2052,2059.1,543387,Trent
04-10-2023,2054,2056,2007.6,2022.3,551771,Trent
05-10-2023,2023,2058.2,2022.3,2047.6,461744,Trent
06-10-2023,2055.9,2091.9,2050.1,2072.1,444220,Trent
09-10-2023,2035,2089.5,2032.4,2079.1,487722,Trent
10-10-2023,2089.8,2089.8,2047.1,2050.8,351329,Trent
11-10-2023,2058.5,2114.8,2055,2101.3,729470,Trent
12-10-2023,2105,2107.8,2070,2077.2,285544,Trent
13-10-2023,2075,2109.7,2071.5,2084.8,321887,Trent
16-10-2023,2093,2117,2080.5,2107.7,446019,Trent
17-10-2023,2117,2117.6,2073.1,2079,373789,Trent
18-10-2023,2089.1,2090.4,2031.2,2049,432748,Trent
19-10-2023,2046,2074,2020,2060.6,350097,Trent
20-10-2023,2060.6,2060.6,2024.4,2036.2,353937,Trent
23-10-2023,2035,2041.2,1980,1992,488451,Trent
25-10-2023,2007.9,2007.9,1973.8,1993.3,512770,Trent
26-10-2023,1980,2041,1945,2031.1,966275,Trent
27-10-2023,2031.2,2143,2031.2,2122.1,999445,Trent
30-10-2023,2143.2,2143.2,2072,2119.8,483782,Trent
31-10-2023,2140.9,2165,2119.1,2154.7,749792,Trent
01-11-2023,2163.7,2209.3,2149,2197.7,1081257,Trent
02-11-2023,2210,2210,2175,2189.9,474395,Trent
03-11-2023,2195,2199,2180,2196.5,230437,Trent
06-11-2023,2196.6,2245.5,2188.7,2233.2,537580,Trent
07-11-2023,2234.5,2450,2181.7,2424,3419427,Trent
08-11-2023,2450,2503.9,2391.1,2452.9,2652822,Trent
09-11-2023,2453,2487.3,2438.2,2478.1,684007,Trent
10-11-2023,2477,2504.2,2454.1,2489.4,644072,Trent
13-11-2023,2495,2564,2485.4,2559.1,1131761,Trent
15-11-2023,2579.8,2579.8,2534.9,2553.2,599328,Trent
16-11-2023,2556.5,2558.2,2491.4,2544.7,766675,Trent
17-11-2023,2547.6,2613.7,2544.8,2576.4,717236,Trent
20-11-2023,2595,2637.3,2585.3,2622.8,568578,Trent
21-11-2023,2634.9,2652,2606,2613.8,519349,Trent
22-11-2023,2625,2647.1,2607.5,2627.2,395438,Trent
23-11-2023,2644.8,2664.5,2631.5,2655.1,398832,Trent
24-11-2023,2660,2668,2640,2649.7,325606,Trent
28-11-2023,2668.5,2683.5,2645.1,2671.8,535972,Trent
29-11-2023,2694,2720,2668,2676.4,460234,Trent
30-11-2023,2676.4,2809.8,2675,2787,2343154,Trent
01-12-2023,2787,2837.4,2752.4,2807.7,1049846,Trent
04-12-2023,2847,2867,2772.3,2816.9,685830,Trent
05-12-2023,2820,2898.5,2817.5,2874.8,676125,Trent
06-12-2023,2890.2,2912.5,2854.6,2867.9,487235,Trent
07-12-2023,2882,2918,2836.6,2845.2,961559,Trent
08-12-2023,2857.3,2887.3,2800.2,2841.3,688323,Trent
11-12-2023,2859,2907.4,2841.1,2881.4,577553,Trent
12-12-2023,2896.9,2909.9,2849.7,2883.6,462633,Trent
13-12-2023,2895,2974,2887.1,2963.5,887243,Trent
14-12-2023,2990.2,2995,2944.5,2984.8,425400,Trent
15-12-2023,3000,3024.6,2980.1,2989.8,682553,Trent
18-12-2023,2998.6,3001.5,2961.2,2971.5,646708,Trent
19-12-2023,2988,3013.6,2957,3000.8,533290,Trent
20-12-2023,3022,3025,2927.7,2949,713170,Trent
21-12-2023,2910,2969.9,2879.5,2955.2,631420,Trent
22-12-2023,2978.8,2982,2928.4,2965.5,518707,Trent
26-12-2023,2986.1,2992,2961.7,2970,315645,Trent
27-12-2023,2975.7,3059.7,2975.6,3010.8,584065,Trent
28-12-2023,3025,3045,3003,3026,503705,Trent
29-12-2023,3030.3,3060.4,3001.4,3055,430702,Trent
01-01-2024,3061.8,3067,2995.5,3002.1,421730,Trent
02-01-2024,3015.5,3017.9,2940.8,2995.2,408928,Trent
03-01-2024,3009,3107.9,2988.4,3058.4,714968,Trent
04-01-2024,3074,3108.5,3060.9,3067.9,299498,Trent
05-01-2024,3085.5,3096.6,3045,3065.6,258565,Trent
08-01-2024,3081,3083.2,3037.8,3044.6,303947,Trent
09-01-2024,3069,3143,3058.8,3115.5,723237,Trent
10-01-2024,3126.5,3190,3112.2,3173.6,951897,Trent
11-01-2024,3190,3213.2,3168.5,3175.8,485141,Trent
12-01-2024,3203,3241,3162.1,3212.2,597455,Trent
15-01-2024,3238,3238,3180.5,3193.3,381958,Trent
16-01-2024,3203.6,3224.9,3143.2,3166.1,370700,Trent
17-01-2024,3153,3184,3117.2,3147.9,420338,Trent
18-01-2024,3138,3185,3090,3151.8,439730,Trent
19-01-2024,3170,3218.8,3147.6,3210.1,406436,Trent
23-01-2024,3207,3225.8,3150,3164.2,344687,Trent
24-01-2024,3164.1,3241.3,3130,3222.8,339968,Trent
25-01-2024,3223.1,3252.5,3180,3231.8,489321,Trent
29-01-2024,3248,3295,3225.6,3246.4,604096,Trent
30-01-2024,3263,3275,3029.1,3055,1206541,Trent
31-01-2024,3054,3104.5,2992.3,3087,986931,Trent
01-02-2024,3089,3133.8,3061.6,3102.8,742113,Trent
02-02-2024,3130,3213.2,3108,3126.1,892545,Trent
05-02-2024,3175,3180,3006.7,3027.2,808544,Trent
06-02-2024,3025,3121.4,3021.7,3035,718388,Trent
07-02-2024,3080,3634.7,2955,3607.5,5846891,Trent
08-02-2024,3735.4,3937.4,3619.7,3842,7374486,Trent
09-02-2024,3800,3858,3667.1,3759.6,2001715,Trent
12-02-2024,3767.8,3834.7,3700.1,3802.1,1087518,Trent
13-02-2024,3785,3880,3767,3851.3,1288707,Trent
14-02-2024,3802.2,3950.5,3792.1,3921,725269,Trent
15-02-2024,3931.1,4006.9,3875.8,3952.7,964837,Trent
16-02-2024,3970,4036.3,3930.3,4024.6,736660,Trent
19-02-2024,4048,4099.8,4013.7,4047.2,374829,Trent
20-02-2024,4058,4074.2,4010.6,4025.9,468003,Trent
21-02-2024,4045.1,4047.1,3873.9,3894.8,614056,Trent
22-02-2024,3922,3966,3829.7,3954,1012228,Trent
23-02-2024,3950,3950,3868.5,3885.8,555204,Trent
26-02-2024,3875,3914,3824,3844.6,671311,Trent
27-02-2024,3864.8,3995,3841.8,3937.5,861671,Trent
28-02-2024,3940,3955,3885,3924.8,411252,Trent
29-02-2024,3931.5,3970,3782,3881.8,1235124,Trent
01-03-2024,3924,3929,3858.4,3901.3,645099,Trent
04-03-2024,3909.6,3936.8,3842.5,3919.8,291319,Trent
05-03-2024,3929.5,3935.9,3845.1,3852.3,549270,Trent
06-03-2024,3876.5,3893.9,3750.3,3872,1009678,Trent
07-03-2024,3890,3978,3840.3,3952.2,680535,Trent
11-03-2024,3982,4244,3900.1,4004.7,3757634,Trent
12-03-2024,4025.8,4078.6,3957.6,4008.6,899570,Trent
13-03-2024,4023,4038,3877.5,3944.1,968084,Trent
14-03-2024,3900,4105,3870.6,4081.1,723158,Trent
15-03-2024,4051.1,4145,3981.3,4063.9,1197832,Trent
18-03-2024,4063.9,4084,4005.9,4071.1,328538,Trent
19-03-2024,4080,4088,3943.7,3955.7,489357,Trent
20-03-2024,3971.5,4005,3843.3,3965.1,607192,Trent
21-03-2024,3965,4015.7,3957.7,4001.9,622994,Trent
22-03-2024,4010,4025,3922,3948.6,678055,Trent
26-03-2024,3885,3948.6,3866.1,3881.8,844731,Trent
27-03-2024,3882.5,3922.5,3867,3875.2,524636,Trent
28-03-2024,3875.2,3975,3875.2,3948,837624,Trent
01-04-2024,3975,3983.4,3869.1,3886.8,523250,Trent
02-04-2024,3900,3909.8,3873.3,3891.9,604885,Trent
03-04-2024,3885,3948,3843,3922.9,727717,Trent
04-04-2024,3950,4029,3915.1,4003.2,910922,Trent
05-04-2024,4009,4052.9,3912.2,3932.6,679916,Trent
08-04-2024,3932.6,3980,3923.6,3931.9,471027,Trent
09-04-2024,3959,3959,3894.9,3902.4,483412,Trent
10-04-2024,3929,4113.4,3904.2,4021.2,1107300,Trent
12-04-2024,4047,4114,4025,4053.9,776121,Trent
15-04-2024,3950.1,4066.8,3934.3,3969.2,597371,Trent
16-04-2024,3968,4033.6,3912.4,3988.2,577349,Trent
18-04-2024,3988,4177.9,3976.6,4087.1,1484951,Trent
19-04-2024,4088,4174.8,3964.1,4159,1180675,Trent
22-04-2024,4215.3,4304.8,4115,4168.6,1179181,Trent
23-04-2024,4215,4225,4140,4158.3,626656,Trent
24-04-2024,4158.3,4245,4158.3,4221.8,641190,Trent
25-04-2024,4250,4347,4195.7,4323.2,761557,Trent
26-04-2024,4340,4373,4293.5,4304.9,622336,Trent
29-04-2024,4359,4515,4052.4,4314.1,2349939,Trent
30-04-2024,4450,4670,4380.1,4409.9,4924865,Trent
02-05-2024,4409.9,4676.7,4395.1,4646.7,1998618,Trent
03-05-2024,4680.2,4680.6,4482,4523.7,1313008,Trent
06-05-2024,4555,4580,4480.3,4509.1,735051,Trent
07-05-2024,4532,4558,4416.9,4504,982212,Trent
08-05-2024,4499,4542,4470.4,4498.6,596788,Trent
09-05-2024,4512.8,4548.5,4381.3,4408,688477,Trent
10-05-2024,4433,4484.3,4401,4471.4,549717,Trent
13-05-2024,4475.7,4521.7,4358,4465.7,637292,Trent
14-05-2024,4471,4549,4448.3,4540.4,559577,Trent
15-05-2024,4550,4579.5,4509.2,4527,413777,Trent
16-05-2024,4530.1,4634.2,4530.1,4596.7,500593,Trent
17-05-2024,4600,4673,4555,4634.6,752254,Trent
21-05-2024,4690,4728,4623.7,4667.3,668195,Trent
22-05-2024,4680.3,4713.9,4545,4647,742788,Trent
23-05-2024,4653,4712,4608.1,4698.6,459499,Trent
24-05-2024,4708,4777.9,4654.1,4715.4,549566,Trent
27-05-2024,4759,4760.9,4650,4682,611635,Trent
28-05-2024,4697.9,4723.8,4600,4615.9,445558,Trent
29-05-2024,4650,4719.5,4600.1,4672.1,744694,Trent
30-05-2024,4669.1,4698,4602.2,4651.4,523206,Trent
31-05-2024,4665,4710,4498.9,4559.2,3005008,Trent
03-06-2024,4745.8,4745.8,4604.5,4662.2,450140,Trent
04-06-2024,4685,4685,4196,4538.2,1175204,Trent
05-06-2024,4684,4932.1,4524.3,4903.8,1231971,Trent
06-06-2024,4910.1,4928.6,4821.1,4878.5,512601,Trent
07-06-2024,4878.5,5010.4,4841,4964.6,488611,Trent
10-06-2024,5025,5047.4,4920,4969.5,417996,Trent
11-06-2024,5009,5010,4884.7,4906.6,512441,Trent
12-06-2024,4945,5089.4,4909.1,5028.1,954491,Trent
13-06-2024,5188,5188,4972.1,5023.9,932377,Trent
14-06-2024,5050.1,5294,5040,5245.6,1424125,Trent
18-06-2024,5299,5452,5205,5357.6,1247457,Trent
19-06-2024,5375,5402,5288.4,5356.8,707909,Trent
20-06-2024,5374.9,5422,5305.1,5337.2,516737,Trent
21-06-2024,5337.2,5353.9,5200,5266.4,638917,Trent
24-06-2024,5266.4,5440,5200,5395.8,543826,Trent
25-06-2024,5440.5,5459,5304.1,5338.8,559045,Trent
26-06-2024,5345,5395,5260,5363.8,578724,Trent
27-06-2024,5360,5387,5303.8,5329,900729,Trent
28-06-2024,5360,5509,5358.6,5479.9,970080,Trent
01-07-2024,5500,5555,5380,5515.7,544030,Trent
02-07-2024,5515,5568.6,5460,5535.9,428098,Trent
03-07-2024,5560,5577.8,5460.1,5494.1,355297,Trent
04-07-2024,5548,5620,5493.8,5597.5,440575,Trent
05-07-2024,5560,5644.5,5535,5619.9,362427,Trent
08-07-2024,5661.2,5665,5572,5594.3,273130,Trent
09-07-2024,5607.2,5634.6,5550,5592.9,313079,Trent
10-07-2024,5610,5626.5,5470.1,5568,425869,Trent
11-07-2024,5545,5663,5545,5635.3,578262,Trent
12-07-2024,5664.9,5696,5611.1,5651.3,476682,Trent
15-07-2024,5690,5755,5645.8,5675.6,498397,Trent
16-07-2024,5700,5725.5,5627.4,5647.3,641858,Trent
18-07-2024,5649.9,5660.3,5283,5308.5,1342486,Trent
19-07-2024,5308.5,5308.5,5106.1,5166.4,879290,Trent
22-07-2024,5110,5239,5083.6,5210.2,631260,Trent
23-07-2024,5210.2,5310.3,4955.7,5263.8,763626,Trent
24-07-2024,5285,5380,5263.1,5286.9,711861,Trent
25-07-2024,5274.9,5335.5,5226,5310,302964,Trent
26-07-2024,5360,5411.6,5325,5393.4,336310,Trent
29-07-2024,5415,5550,5365,5517.4,533654,Trent
30-07-2024,5550,5660,5520,5620.5,789712,Trent
31-07-2024,5625.1,5919.3,5625.1,5839,1671711,Trent
01-08-2024,5894,5894,5723,5770.8,767562,Trent
02-08-2024,5725,5805.9,5524,5538.3,560989,Trent
05-08-2024,5360,5424.4,5226.1,5346.9,1074769,Trent
06-08-2024,5355.1,5467.7,5194.6,5220.7,642644,Trent
07-08-2024,5289,5499.8,5274.6,5472.5,717292,Trent
08-08-2024,5515,5727.4,5490,5644.1,1183241,Trent
09-08-2024,5738.9,6373.9,5626.6,6275.4,6877196,Trent
12-08-2024,6303,6434,6277,6382.4,1889796,Trent
13-08-2024,6375,6443,6330,6381.7,651594,Trent
14-08-2024,6400,6452,6291.1,6438.4,885572,Trent
16-08-2024,6440,6548,6440,6502.4,1153478,Trent
19-08-2024,6575,6750,6522.3,6689.9,1827850,Trent
20-08-2024,6710,6819.7,6605.1,6793.9,1143592,Trent
21-08-2024,6800,6825,6740,6783.2,651691,Trent
22-08-2024,6825,7010.1,6790,6989.8,771279,Trent
23-08-2024,7020,7030,6911.8,6948.8,625160,Trent
26-08-2024,7000,7098,6907.9,6925.6,754901,Trent
27-08-2024,6970,6973,6779.3,6869.9,578002,Trent
28-08-2024,6990,7325,6950.3,7242.1,2358476,Trent
29-08-2024,7270,7292,7093,7170.7,836313,Trent
30-08-2024,7210,7274.8,7130.1,7158.8,1169809,Trent
02-09-2024,7179.3,7267.8,7111.4,7148.2,625283,Trent
03-09-2024,7179,7180,6995,7042.8,857908,Trent
04-09-2024,7043,7169,6950.1,7139.9,576206,Trent
05-09-2024,7169.9,7209,7090.3,7167.7,667571,Trent
06-09-2024,7184.9,7190,7060,7103.6,384793,Trent
09-09-2024,7104,7155.7,7048.1,7136.7,349967,Trent
10-09-2024,7156,7200,7095.5,7138,376043,Trent
11-09-2024,7161,7219.7,7107.7,7148.9,428437,Trent
12-09-2024,7198,7309,7142.9,7210.5,572357,Trent
13-09-2024,7248.5,7281.1,7200.1,7233.2,468707,Trent
16-09-2024,7270,7385,7211,7318.8,502100,Trent
17-09-2024,7415,7508.8,7325,7403.5,753643,Trent
18-09-2024,7435,7453,7245.9,7336,388287,Trent
19-09-2024,7456,7456,7183.6,7326.2,395523,Trent
20-09-2024,7350,7508,7281.9,7465.2,798170,Trent
23-09-2024,7521,7645,7464.2,7623.5,510496,Trent
24-09-2024,7640,7682,7580.6,7621.4,613798,Trent
25-09-2024,7618.3,7742,7569.6,7614.9,576171,Trent
26-09-2024,7724.9,7939.9,7710.6,7845.4,1712253,Trent
27-09-2024,7900,7938,7736.4,7833.7,11179751,Trent
30-09-2024,7814.8,7834,7483.8,7574.7,1117618,Trent
01-10-2024,7600,7647.5,7522.3,7612.7,559721,Trent
03-10-2024,7569.5,7654.5,7451,7487.9,741293,Trent
04-10-2024,7441,7456,7272,7353.3,938897,Trent
07-10-2024,7307.2,7503.9,7284,7449.5,854385,Trent
08-10-2024,7520,8073.4,7451,8042,2278240,Trent
09-10-2024,8089,8322.2,8035,8220.9,1260784,Trent
10-10-2024,8200,8271,8012,8028.9,606292,Trent
11-10-2024,8069,8308.8,7950,8235,800644,Trent
14-10-2024,8280.1,8345,8163.7,8191.9,417498,Trent
15-10-2024,8224,8260,8090,8124.3,460534,Trent
16-10-2024,8110,8133.1,7766.5,7805.8,900545,Trent
17-10-2024,7780.3,7880.1,7620.2,7719.7,997450,Trent
18-10-2024,7720,7800,7630.1,7768.1,571161,Trent
21-10-2024,7820,7850,7552.5,7606.6,662166,Trent
22-10-2024,7635,7666.5,7469.4,7497.4,610564,Trent
23-10-2024,7468,7585,7450,7511.3,505590,Trent
24-10-2024,7569.2,7640.4,7386.8,7488,448738,Trent
25-10-2024,7450,7511.2,7064.1,7361.5,590268,Trent
28-10-2024,7362.3,7429,7222.2,7307.9,419026,Trent
29-10-2024,7313.3,7446.1,7164.5,7410.3,359440,Trent
30-10-2024,7420,7428.8,7215,7252.5,481764,Trent
31-10-2024,7259,7273.9,7071,7128.4,742508,Trent
04-11-2024,7109,7150.3,6950,7063.8,681708,Trent
05-11-2024,7006,7078.5,6794.1,6968.4,1026360,Trent
06-11-2024,7024,7236,6801.1,6955.5,1142746,Trent
07-11-2024,6999,7015.3,6306.9,6505.5,4427899,Trent
08-11-2024,6550,6563.2,6270,6299,2523322,Trent
11-11-2024,6230.4,6620,6212.1,6480.7,2339199,Trent
12-11-2024,6520,6717.9,6500,6528.6,1258152,Trent
13-11-2024,6499,6619.7,6412.5,6498.3,758642,Trent
14-11-2024,6496,6550.3,6367.1,6463,620489,Trent
18-11-2024,6411.6,6453,6275,6301.7,828906,Trent
19-11-2024,6359.9,6579.9,6359.8,6423.9,674042,Trent
21-11-2024,6400,6519,6346.2,6460.5,1511541,Trent
22-11-2024,6459.9,6678,6430,6652.8,833104,Trent
25-11-2024,6799,6838.6,6690.1,6775,1490945,Trent
26-11-2024,6775,6810.3,6646.2,6669.4,476650,Trent
27-11-2024,6692,6909,6631.4,6845.1,784373,Trent
28-11-2024,6850,6886.5,6716.1,6743.2,813013,Trent
29-11-2024,6750,6820,6728.1,6795.4,720647,Trent
02-12-2024,6777.1,6898,6753.6,6805.3,446537,Trent
03-12-2024,6805.3,6864.6,6681.8,6841.4,842566,Trent
04-12-2024,6890,6920,6731.2,6823.8,899250,Trent
05-12-2024,6870,7075,6722,6970.1,1140361,Trent
06-12-2024,7050,7140,6930.1,7000,1088961,Trent
09-12-2024,6985,7025,6867.3,6949.7,825347,Trent
10-12-2024,6950,6960,6810,6878.1,579733,Trent
11-12-2024,6893.9,7100,6834.8,7063.3,1037764,Trent
12-12-2024,7046.2,7106.8,6980,7012.5,776145,Trent
13-12-2024,7000,7027.9,6870,7000.3,526964,Trent
16-12-2024,7000,7035,6942.8,7000.4,497823,Trent
17-12-2024,7000,7030,6891,6941.7,545205,Trent
18-12-2024,6935.8,7177,6848.8,7113.8,1201264,Trent
19-12-2024,6995,7184.4,6991.6,7092,660251,Trent
20-12-2024,7125,7188,6789.4,6831.6,768861,Trent
23-12-2024,6870,7070,6860.1,6946,783189,Trent
24-12-2024,6976,7079,6902,7007.2,486797,Trent
26-12-2024,7048,7075,6948.1,7063.7,440974,Trent
27-12-2024,7101,7234,7075,7118.3,530288,Trent
30-12-2024,7139.3,7145.1,6915.3,6954.4,960856,Trent
31-12-2024,6954,7146,6817.8,7123.4,915919,Trent
01-01-2025,7121,7179.8,7050,7068.1,412650,Trent
02-01-2025,7100,7336,7056,7321,706114,Trent
03-01-2025,7350,7493.1,7280.1,7307.7,940233,Trent
06-01-2025,7307.7,7338.6,6935.3,6998.4,942724,Trent
07-01-2025,7010.2,7085,6838.4,6874.3,601356,Trent
08-01-2025,6869.6,6873.5,6590.4,6699.1,1257939,Trent
09-01-2025,6719,6719,6572.2,6621.7,592991,Trent
10-01-2025,6601,6626,6480,6584.1,768200,Trent
13-01-2025,6462.7,6523.9,6155,6224.4,1068954,Trent
14-01-2025,6237.4,6317,6138,6161.2,1130732,Trent
15-01-2025,6200,6519,6164.7,6390.3,1463322,Trent
16-01-2025,6498,6498,6150.5,6211.6,1477566,Trent
17-01-2025,6217,6310,6080,6216.6,770051,Trent
20-01-2025,6210,6225,6074.1,6090,909757,Trent
21-01-2025,6090.6,6109,5723.3,5737,1553225,Trent
22-01-2025,5736,5748,5568,5626.4,1377528,Trent
23-01-2025,5620,5792.5,5605.1,5733.6,2106761,Trent
24-01-2025,5720,5755.1,5466.5,5490.5,1119070,Trent
27-01-2025,5477,5545.5,5350,5412.6,1186126,Trent
28-01-2025,5484,5538.9,5317.2,5455.1,1136463,Trent
29-01-2025,5495,5651.9,5415.7,5597.2,701998,Trent
30-01-2025,5600,5634,5456.8,5511.2,575077,Trent
31-01-2025,5569,5817.7,5527.8,5753.2,1029356,Trent
03-02-2025,6210,6232.5,6036,6135.1,1498258,Trent
04-02-2025,6170,6190,5653.5,5750.3,2602288,Trent
05-02-2025,5765.7,5906.2,5725.4,5750,1428644,Trent
06-02-2025,5845,5845,5245,5277.1,6021478,Trent
07-02-2025,5321.4,5517.8,5255,5454.4,2846965,Trent
10-02-2025,5460,5490,5170,5196.8,1529876,Trent
11-02-2025,5211.6,5250,5135,5228.4,1596380,Trent
12-02-2025,5228.4,5290,5113.3,5237.3,1313946,Trent
13-02-2025,5246.7,5378,5204.3,5256.8,986050,Trent
14-02-2025,5268,5325,5033.2,5117.4,888168,Trent
17-02-2025,5110,5159.3,4998.2,5096.5,1078162,Trent
18-02-2025,5100,5119.5,4928.3,4997.8,721122,Trent
19-02-2025,4960,5103.3,4940,4991.5,764148,Trent
20-02-2025,4960,5137.3,4951.5,5099.5,812700,Trent
21-02-2025,5088,5168,5023,5048.2,912164,Trent
24-02-2025,4998.6,5080,4928.3,5066,823625,Trent
25-02-2025,5090,5129.3,4936.3,4959.9,976304,Trent
27-02-2025,4951,4959,4770.1,4805.3,997906,Trent
28-02-2025,4760,4876.4,4715,4851.6,2178604,Trent
03-03-2025,4900.1,5023,4775,4946.9,1415550,Trent
04-03-2025,4898.9,5069.9,4865.7,4999.8,898723,Trent
05-03-2025,4987,5320,4987,5106.1,2128488,Trent
06-03-2025,5174.5,5174.5,4971,5069.5,1499675,Trent
07-03-2025,5075,5100,4985,4999.9,690809,Trent
10-03-2025,4990,4997.9,4787.8,4799.7,1217553,Trent
11-03-2025,4739.7,5045,4723,4995.5,1437957,Trent
12-03-2025,5010.6,5105,4960,5015.4,1026027,Trent
13-03-2025,5030,5107.9,4970.1,5022.4,860279,Trent
17-03-2025,5022.4,5179.9,5014,5150,856529,Trent
18-03-2025,5185.3,5285.4,5171.5,5260.3,994888,Trent
19-03-2025,5276.1,5299.9,5194.6,5230.9,957079,Trent
20-03-2025,5247,5275.6,5158.8,5221.6,759448,Trent
21-03-2025,5224.5,5293.5,5125.5,5150.1,1197537,Trent
24-03-2025,5150.5,5168.2,5044.8,5054.7,908085,Trent
25-03-2025,5121.5,5248.8,5066,5185.1,1461587,Trent
26-03-2025,5205,5410,5118.5,5322,1625697,Trent
27-03-2025,5359,5445,5335.8,5422.3,1670468,Trent
28-03-2025,5423,5526,5290,5325.2,1535964,Trent
01-04-2025,5350.9,5615,5334.2,5576.8,2260895,Trent
02-04-2025,5630.6,5702,5515.8,5682.5,1491897,Trent
03-04-2025,5630,5751,5610,5675.3,960710,Trent
04-04-2025,5688,5688,5544.4,5562.9,680922,Trent
07-04-2025,5006.6,5006.6,4488,4741,7644740,Trent
08-04-2025,4903,4964.1,4684.2,4767.2,3035242,Trent
09-04-2025,4767,4767.2,4605,4620.2,1598513,Trent
11-04-2025,4782.5,4830,4660.8,4780.6,1894062,Trent
15-04-2025,4879,4985,4830.5,4877,1587931,Trent
16-04-2025,4922,5049.5,4852,5035.5,1589998,Trent
17-04-2025,5052,5144,4954,5130.5,1464066,Trent
21-04-2025,5180,5374.5,5126,5360,1309441,Trent
22-04-2025,5379,5418.5,5300,5323,1166872,Trent
23-04-2025,5350.5,5382,5210.5,5329,970478,Trent
24-04-2025,5311,5399,5256,5323.5,1039905,Trent
25-04-2025,5334,5356,5105,5145,1030377,Trent
28-04-2025,5124.5,5252,5115,5209.5,982085,Trent
29-04-2025,5221,5510,5175,5391.5,1420743,Trent
30-04-2025,5435,5435,5120,5172.5,2709549,Trent
02-05-2025,5172.5,5268.5,5129.5,5148,756554,Trent
05-05-2025,5175,5382,5155,5370.5,1310015,Trent
06-05-2025,5381,5423.5,5210,5224,709414,Trent
07-05-2025,5145,5271,5142.5,5233,711009,Trent
08-05-2025,5233,5319,5179.5,5226.5,926044,Trent
09-05-2025,5063.5,5207.5,5063.5,5113,778167,Trent
12-05-2025,5330,5478,5225,5441,1203631,Trent
13-05-2025,5444,5456.5,5320,5326.5,728870,Trent
14-05-2025,5340,5412,5291.5,5362,557468,Trent
15-05-2025,5362,5630,5311.5,5577.5,1521892,Trent
16-05-2025,5594,5610.5,5545,5583,808195,Trent
19-05-2025,5610,5639,5530,5551,604580,Trent
20-05-2025,5604,5604,5433,5449.5,748551,Trent
21-05-2025,5450.5,5537.5,5370,5443.5,607763,Trent
22-05-2025,5441,5449,5285,5342,962354,Trent
23-05-2025,5405,5499.5,5403.5,5435.5,1127412,Trent
26-05-2025,5455,5536.5,5416.5,5526,640440,Trent
27-05-2025,5525,5633,5485,5573,1019222,Trent
28-05-2025,5587,5600.5,5535,5559,452258,Trent
29-05-2025,5570,5689.5,5568,5657,1192069,Trent
30-05-2025,5656,5728,5625,5643.5,1440608,Trent
02-06-2025,5681,5681,5570,5621.5,504095,Trent
03-06-2025,5646.5,5660,5568,5590,510323,Trent
04-06-2025,5590,5607,5481.5,5506.5,748937,Trent
05-06-2025,5539,5709,5516,5673,1212876,Trent
06-06-2025,5700,5806.5,5614.5,5777,1034577,Trent
09-06-2025,5818,5924.5,5764.5,5913.5,1377600,Trent
10-06-2025,5929,5955,5805,5814,683305,Trent
11-06-2025,5817,5838,5759.5,5776.5,545428,Trent
12-06-2025,5776.5,5838,5611,5627.5,974013,Trent
13-06-2025,5505.5,5617.5,5481,5590,711911,Trent
16-06-2025,5589,5695,5561.5,5679.5,605268,Trent
17-06-2025,5687,5702,5602,5626.5,529572,Trent
18-06-2025,5654,5759,5627,5735,864129,Trent
19-06-2025,5800,5800,5665,5723.5,886990,Trent
20-06-2025,5756,6030,5720,5897.5,10424185,Trent
23-06-2025,5850,6210,5830,6120,2271641,Trent
24-06-2025,6174,6205,6033,6057.5,1459591,Trent
25-06-2025,6090,6156,6080,6124.5,815696,Trent
26-06-2025,6123,6135,6013,6107,851467,Trent
27-06-2025,6119,6159,5982,6019.5,1935325,Trent
30-06-2025,6050,6261,5968,6217.5,2136461,Trent
