Date,Open,High,Low,Close,Volume,Company
03-07-2006,78.2,78.5,74.8,75.1,51234,Voltas
04-07-2006,77.6,77.6,73,73.2,33680,Voltas
05-07-2006,73.5,76.8,72.9,75,121412,Voltas
06-07-2006,73.1,76,73,74.7,20759,Voltas
07-07-2006,75.4,78.4,74.5,76.8,109380,Voltas
10-07-2006,76.8,78,76.5,76.9,29027,Voltas
11-07-2006,77.2,77.9,75,76.3,17023,Voltas
12-07-2006,74.5,76,73.8,75,18685,Voltas
13-07-2006,76.7,77,73.5,76,13500,Voltas
14-07-2006,75,75.5,74,75,14138,Voltas
17-07-2006,78.1,79.9,69.5,70.7,19402,Voltas
18-07-2006,73,73,67.8,68.2,53496,Voltas
19-07-2006,69,69.5,63.2,63.7,97577,Voltas
20-07-2006,67.7,68,64.8,65.1,88501,Voltas
21-07-2006,67,67.3,65,66.3,52205,Voltas
24-07-2006,64,66,61.7,65.2,16053,Voltas
25-07-2006,65.5,76.4,65.5,73.3,96926,Voltas
26-07-2006,74,81,73.5,78.2,353764,Voltas
27-07-2006,79,83,75.5,77,156653,Voltas
28-07-2006,78,79.5,75.1,76.2,39772,Voltas
31-07-2006,77.5,81.5,76.9,79.6,148460,Voltas
01-08-2006,78.1,79.9,77.5,78,27190,Voltas
02-08-2006,78.7,78.8,76.5,77.1,27748,Voltas
03-08-2006,77.7,80.8,77.7,78.3,54473,Voltas
04-08-2006,77.1,79.3,76.8,77.2,19071,Voltas
07-08-2006,78.3,78.3,76,76.3,15421,Voltas
08-08-2006,76.5,85.9,72.5,77.2,23991,Voltas
09-08-2006,79,79.5,76.5,78.6,27667,Voltas
10-08-2006,78.1,80.5,77.6,78.2,77565,Voltas
11-08-2006,78.6,79.8,78.2,79.4,33935,Voltas
14-08-2006,80,82.9,80,81,104011,Voltas
16-08-2006,82,84.4,81.9,83.3,104645,Voltas
17-08-2006,83.7,87.4,83,85.1,133059,Voltas
18-08-2006,87,87,84.1,84.7,66303,Voltas
21-08-2006,85.9,86.9,84.5,85.8,32083,Voltas
22-08-2006,86.8,87,83.5,84.3,33058,Voltas
23-08-2006,84.6,86,83.2,84.1,30889,Voltas
24-08-2006,83.5,84.5,82,83.5,75316,Voltas
25-08-2006,80,88.8,77,87.7,202881,Voltas
28-08-2006,88.5,94.5,87.6,92.2,288948,Voltas
29-08-2006,92.2,93.8,89.2,90.2,81985,Voltas
30-08-2006,90.5,91.3,88,88.4,35931,Voltas
31-08-2006,89.6,100.4,89.6,94.2,882934,Voltas
01-09-2006,95.1,98.2,94,94.5,417916,Voltas
04-09-2006,95.6,107,94.5,103.4,759650,Voltas
05-09-2006,104.7,106,99.3,100.1,585634,Voltas
06-09-2006,100.5,103,99.7,100.2,225497,Voltas
07-09-2006,100.5,100.5,97.3,98.5,314623,Voltas
08-09-2006,98,102,98,99.4,140906,Voltas
11-09-2006,100.4,101,96.6,97.1,96995,Voltas
12-09-2006,97.3,100.3,95.7,97.8,139011,Voltas
13-09-2006,98.8,104.4,98.5,101.4,277005,Voltas
14-09-2006,102.5,102.9,99.1,99.7,147938,Voltas
15-09-2006,100.5,105.7,99.5,103.2,335551,Voltas
18-09-2006,105.5,107,103.1,106,328747,Voltas
19-09-2006,107,109.5,104.2,105.4,396894,Voltas
20-09-2006,105.4,109.7,104,109.1,422528,Voltas
21-09-2006,110.2,111.1,106.2,107.4,262989,Voltas
22-09-2006,119,119,108.1,110.8,6318241,Voltas
25-09-2006,111.9,111.9,106.5,108.3,1882314,Voltas
26-09-2006,109,109.4,106.3,106.5,568146,Voltas
27-09-2006,107.5,107.5,103.5,104.8,724470,Voltas
28-09-2006,101.5,105.9,99,101.8,792980,Voltas
29-09-2006,104.5,107.5,101,103.7,1698354,Voltas
03-10-2006,107,107,101,101.3,516917,Voltas
04-10-2006,102.8,103.5,97.7,98.2,992964,Voltas
05-10-2006,102,102.5,99,99.9,1851558,Voltas
06-10-2006,101.2,101.2,99,99.5,485499,Voltas
09-10-2006,100,100,97.2,97.6,510000,Voltas
10-10-2006,98,100,97.2,97.8,315023,Voltas
11-10-2006,98.5,99,94.8,95.4,389149,Voltas
12-10-2006,96,100,93.2,97.7,631635,Voltas
13-10-2006,100,102,98.6,99.6,942222,Voltas
16-10-2006,101.3,101.3,98,98.4,340860,Voltas
17-10-2006,98,99.1,96,96.4,249694,Voltas
18-10-2006,96.7,97.6,95,95.7,269027,Voltas
19-10-2006,96.6,96.6,92.8,93.8,603030,Voltas
20-10-2006,94,95.3,90,90.5,868413,Voltas
23-10-2006,95.5,95.5,90.6,91.2,906856,Voltas
26-10-2006,92.2,97.5,91.3,96.5,1794591,Voltas
27-10-2006,94.5,98,94.5,96.4,968936,Voltas
30-10-2006,96.3,96.3,92.5,93,852563,Voltas
31-10-2006,93.5,95.8,92.7,93.3,667776,Voltas
01-11-2006,93.9,94.4,92.3,92.8,296014,Voltas
02-11-2006,93.7,100.8,93.1,99.9,3140316,Voltas
03-11-2006,100.8,116.7,100.8,110.1,15978246,Voltas
06-11-2006,111,111.7,105.9,106.3,3305981,Voltas
07-11-2006,107,111.5,104.7,105.2,3396981,Voltas
08-11-2006,106.8,109.4,103.5,105.4,3654436,Voltas
09-11-2006,106.3,106.4,103,103.6,1817930,Voltas
10-11-2006,104,111.5,104,108.4,6905610,Voltas
13-11-2006,109.4,109.7,106.2,106.6,1737540,Voltas
14-11-2006,107.5,107.5,102.6,103.5,3348361,Voltas
15-11-2006,104.4,106.7,99,99.6,2697064,Voltas
16-11-2006,100.6,101.8,97.1,97.8,1583620,Voltas
17-11-2006,99,101.3,97.6,98.4,1979438,Voltas
20-11-2006,98.6,100.7,96.1,100,1336360,Voltas
21-11-2006,101.5,108.6,99.1,106.6,4076311,Voltas
22-11-2006,107.9,110.4,106.1,106.8,2421372,Voltas
23-11-2006,107.9,107.9,104.6,105.7,1029937,Voltas
24-11-2006,105.5,105.9,102.1,103,1268411,Voltas
27-11-2006,103.9,110.4,103.4,109,2774404,Voltas
28-11-2006,107.1,110.2,104.1,107.8,2443687,Voltas
29-11-2006,108.7,114.2,108.1,110.6,5028263,Voltas
30-11-2006,112.5,113.2,109,110.4,1409320,Voltas
01-12-2006,111.5,111.5,108.1,108.6,837595,Voltas
04-12-2006,109.4,112,109,110.1,1292554,Voltas
05-12-2006,111.2,115.5,110.2,114.7,4246902,Voltas
06-12-2006,116,118.8,113.3,115.3,4763392,Voltas
07-12-2006,115,115,111.6,112.4,1251410,Voltas
08-12-2006,112.3,116.1,110.5,113,2083920,Voltas
11-12-2006,111.6,112.1,105.8,106.6,1120575,Voltas
12-12-2006,106.7,108.6,95.8,98.1,1623720,Voltas
13-12-2006,99.9,101,95.2,100.3,1511188,Voltas
14-12-2006,102.8,108.5,102,107.3,2422042,Voltas
15-12-2006,108,112.4,108,111.5,1454925,Voltas
18-12-2006,112,115,107.2,114.4,1706863,Voltas
19-12-2006,114,114.5,110.1,111.7,1316117,Voltas
20-12-2006,112.8,114.5,111.7,113.5,1077814,Voltas
21-12-2006,113,114,112.1,112.7,531728,Voltas
22-12-2006,113,118,112.1,117.2,2021931,Voltas
26-12-2006,118,120.4,115.7,116.3,1187761,Voltas
27-12-2006,116.8,117.9,113.3,115.1,714870,Voltas
28-12-2006,115.6,116,111.4,112.7,912185,Voltas
29-12-2006,112.9,116.9,112.9,114.5,1010824,Voltas
02-01-2007,114.8,116.9,114.4,114.9,752354,Voltas
03-01-2007,115.5,116,114,114.9,516301,Voltas
04-01-2007,115.8,115.9,113.1,113.6,438443,Voltas
05-01-2007,113.6,114.7,111.2,112.1,564420,Voltas
08-01-2007,112.3,112.9,108.1,109.2,591701,Voltas
09-01-2007,109.3,112.9,109,110.5,426585,Voltas
10-01-2007,100,111.5,100,108.9,372729,Voltas
11-01-2007,109.6,110.5,108,108.9,445010,Voltas
12-01-2007,109,111.9,108.8,109.8,1358473,Voltas
15-01-2007,111.3,111.3,108.1,108.6,520345,Voltas
16-01-2007,109.5,109.9,107.6,108.2,250692,Voltas
17-01-2007,108.9,114.8,108.5,113.5,2214256,Voltas
18-01-2007,114.5,116.4,109.8,111.8,1496337,Voltas
19-01-2007,113.5,113.9,110.3,111.5,491730,Voltas
22-01-2007,112,113,109.8,110.5,310359,Voltas
23-01-2007,109,109.5,102.5,103,2443500,Voltas
24-01-2007,103,103.8,99.8,100.3,2360439,Voltas
25-01-2007,101.3,104.6,101.1,103.8,3127245,Voltas
29-01-2007,104.7,105.2,103,104,1013463,Voltas
31-01-2007,104.5,107.4,102.8,103.4,1029045,Voltas
01-02-2007,104,104.8,101.6,102.9,493543,Voltas
02-02-2007,103.5,106,103.2,105.2,1349083,Voltas
05-02-2007,105.5,105.8,102.8,103.7,864564,Voltas
06-02-2007,103.9,104.2,102.7,102.9,276444,Voltas
07-02-2007,103.7,103.7,102,102.2,272620,Voltas
08-02-2007,102.7,103,100.1,101.8,603272,Voltas
09-02-2007,102.7,102.7,98,99.5,788012,Voltas
12-02-2007,100,100,94.8,97.9,992000,Voltas
13-02-2007,98,99.9,96.2,97.9,976426,Voltas
14-02-2007,98,98,91.8,95.1,1379674,Voltas
15-02-2007,96,101,96,100.1,1029640,Voltas
19-02-2007,102,104.7,101,102.3,1401158,Voltas
20-02-2007,103,103.9,99.7,100.2,447021,Voltas
21-02-2007,99.5,101.8,98.3,100.4,782852,Voltas
22-02-2007,96.5,101.9,96.5,100,1558698,Voltas
23-02-2007,101.8,101.8,93.5,94.4,1948120,Voltas
26-02-2007,96,98.4,94,97.4,1184294,Voltas
27-02-2007,97.6,99,96.6,98,531640,Voltas
28-02-2007,91.8,98,80.3,95,594853,Voltas
01-03-2007,95.1,98.7,94.3,97.7,755320,Voltas
02-03-2007,98.4,98.4,94.5,95.4,1417075,Voltas
05-03-2007,95,95,80.6,83.7,1346707,Voltas
06-03-2007,85,90,79,83.4,1294153,Voltas
07-03-2007,84,86.3,78,78.5,1162031,Voltas
08-03-2007,80,83.1,75.1,81.2,1758916,Voltas
09-03-2007,83.5,84.5,80.1,80.4,1885370,Voltas
12-03-2007,81,84.5,80.1,83.3,1374961,Voltas
13-03-2007,82.5,85.8,82.5,85,739300,Voltas
14-03-2007,84,84,77.3,82.1,420840,Voltas
15-03-2007,84,87.5,82.8,83.1,1074267,Voltas
16-03-2007,83.5,84,81.1,81.7,211846,Voltas
19-03-2007,82,83.8,82,82.4,615243,Voltas
20-03-2007,83.3,84,82.8,83.8,395969,Voltas
21-03-2007,84.6,84.6,83.1,83.8,232960,Voltas
22-03-2007,84.1,87,84.1,86.2,1002177,Voltas
23-03-2007,87.7,90,85.5,86.7,990688,Voltas
26-03-2007,87.7,89,87.5,88.5,713315,Voltas
28-03-2007,87.9,90.5,86,88.3,453203,Voltas
29-03-2007,88.6,89,84.1,85.1,619551,Voltas
30-03-2007,85,86.5,84.2,84.8,399053,Voltas
02-04-2007,83.6,83.6,79.4,79.7,546353,Voltas
03-04-2007,81,81.9,79.8,80.7,344580,Voltas
04-04-2007,81.7,84.2,79.4,83.8,2037130,Voltas
05-04-2007,84.5,84.5,82.1,82.2,719283,Voltas
09-04-2007,83,84.4,82,84.1,574738,Voltas
10-04-2007,84.2,84.9,82.8,83.4,330851,Voltas
11-04-2007,84,86.3,83.2,83.6,1250886,Voltas
12-04-2007,83.6,84.7,83,84,1004612,Voltas
13-04-2007,84,85.2,84,84.9,709218,Voltas
16-04-2007,85,88.2,85,87,1399851,Voltas
17-04-2007,87.7,87.9,86,86.3,472906,Voltas
18-04-2007,87,87,85.2,85.6,516473,Voltas
19-04-2007,84.3,85.9,84,85,312117,Voltas
20-04-2007,85.9,87.5,85.4,86.7,2898207,Voltas
23-04-2007,88.1,93.3,87.6,89.9,3027804,Voltas
24-04-2007,89.7,91.9,88.4,88.9,1816205,Voltas
25-04-2007,89.7,92.7,89.1,91.7,1818331,Voltas
26-04-2007,91.8,94.8,91.4,93.6,1496595,Voltas
27-04-2007,94.1,96.7,93.6,94.7,2274176,Voltas
30-04-2007,94.3,95.8,93,95,977364,Voltas
03-05-2007,85.7,98.5,85.7,97.9,1333472,Voltas
04-05-2007,98,98.8,95.5,95.9,858863,Voltas
07-05-2007,96.9,98,95.6,96.1,634119,Voltas
08-05-2007,96.3,96.9,93.1,93.5,830169,Voltas
09-05-2007,93,94,90.6,92.9,613170,Voltas
10-05-2007,93.9,94.5,92.3,92.9,473939,Voltas
11-05-2007,91.9,93.6,90.1,93.2,510178,Voltas
14-05-2007,93,105.1,92.1,96.8,1841193,Voltas
15-05-2007,98,99.6,96,97,2851092,Voltas
16-05-2007,97,97,93.6,94.2,1400173,Voltas
17-05-2007,94.9,95.9,94,94.9,930732,Voltas
18-05-2007,94.1,94.8,92.6,93.2,546343,Voltas
21-05-2007,93.3,94.5,91.6,92.1,636356,Voltas
22-05-2007,92.2,99.9,91.9,98.6,3127212,Voltas
23-05-2007,98.6,99,95.8,96.7,1757072,Voltas
24-05-2007,96.5,101.8,96.4,99.3,4911368,Voltas
25-05-2007,97.1,101,97.1,99.5,2785211,Voltas
28-05-2007,100.5,101,98.8,99.2,1016679,Voltas
29-05-2007,101,101,98,98.2,426831,Voltas
30-05-2007,99.9,100.5,96.1,96.9,1307716,Voltas
31-05-2007,97,98,94.6,95.3,1322785,Voltas
01-06-2007,96.5,98.5,96.2,98,1006107,Voltas
04-06-2007,98.6,99,96.2,96.5,569482,Voltas
05-06-2007,96.5,97.5,95.2,96.5,247094,Voltas
06-06-2007,96.5,97.5,93.5,94.1,838899,Voltas
07-06-2007,93,94.5,92.2,93,396273,Voltas
08-06-2007,92.1,93.9,90.5,91.5,466940,Voltas
11-06-2007,92.3,94,90.6,91.2,228606,Voltas
12-06-2007,91.2,92,86.6,89.3,609165,Voltas
13-06-2007,90,90.8,88.3,89.7,572014,Voltas
14-06-2007,90.6,96.2,90.3,95.7,1776670,Voltas
15-06-2007,96.8,97.7,91.6,93.7,473832,Voltas
18-06-2007,94,95.9,92,93.8,382415,Voltas
19-06-2007,95.5,97,90,96.6,606699,Voltas
20-06-2007,95.5,112.8,95.5,110.6,10030223,Voltas
21-06-2007,111,112.9,102.3,103.9,5039557,Voltas
22-06-2007,103.9,108.8,103.2,106.4,4017033,Voltas
25-06-2007,105.2,110.7,105.2,109.2,3312018,Voltas
26-06-2007,110,110.6,107.1,107.9,1340413,Voltas
27-06-2007,107.1,111,107.1,108.6,2977931,Voltas
28-06-2007,109.3,114.3,109,111.7,3911178,Voltas
29-06-2007,112,113.9,110.6,111.3,1935570,Voltas
02-07-2007,111.3,114.1,111.2,112.2,1141853,Voltas
03-07-2007,113,117.9,112,116.7,4408001,Voltas
04-07-2007,118.6,121.9,114.3,120.4,4574567,Voltas
05-07-2007,120,126.3,119.8,125.7,5619957,Voltas
06-07-2007,125,126,120.2,120.7,4359420,Voltas
09-07-2007,120.7,125,120.7,124.7,2131258,Voltas
10-07-2007,121,125.9,121,121.5,2172930,Voltas
11-07-2007,123,124.8,116.8,121.8,894408,Voltas
12-07-2007,122.9,123.9,121.6,122.2,869289,Voltas
13-07-2007,123,129.5,122.5,125.6,3351909,Voltas
16-07-2007,126,132.4,125.1,130.9,3266585,Voltas
17-07-2007,130,134.8,128.1,130.4,3078741,Voltas
18-07-2007,131,134.4,128.1,131.7,3078445,Voltas
19-07-2007,132,134.5,130.5,133.4,1077380,Voltas
20-07-2007,134.4,150.9,132.1,148.5,10185284,Voltas
23-07-2007,149,154,143.8,145.8,4375788,Voltas
24-07-2007,147.3,148.4,140.1,141.1,1968822,Voltas
25-07-2007,140.9,147.4,137.5,144.7,3857507,Voltas
26-07-2007,150,150,139.6,140.5,3784203,Voltas
27-07-2007,138,138.8,133.8,136.3,1735041,Voltas
30-07-2007,132.1,138.5,132.1,133.2,2556007,Voltas
31-07-2007,134,142.5,133.4,141.7,2203554,Voltas
01-08-2007,135,140.4,132.8,134.9,2876475,Voltas
02-08-2007,133.9,137.8,133.1,134.4,3719222,Voltas
03-08-2007,135,143.7,135,138.9,6747800,Voltas
06-08-2007,135,137,133.2,135.9,2987606,Voltas
07-08-2007,138.4,139.6,135.6,136.3,990578,Voltas
08-08-2007,138,142.4,136,139.7,1981459,Voltas
09-08-2007,142.8,143.9,135.7,137.2,2913540,Voltas
10-08-2007,133.6,135.8,129.5,134.8,1009011,Voltas
13-08-2007,137,139.4,136.2,136.9,830661,Voltas
14-08-2007,137.7,137.7,134.5,135.4,931553,Voltas
16-08-2007,132,132.8,127,130,1373459,Voltas
17-08-2007,150,150,119.8,125.6,2156771,Voltas
20-08-2007,130,134.7,127.8,128.9,636883,Voltas
21-08-2007,129.9,130,122.2,125.1,1322997,Voltas
22-08-2007,125.9,128.9,123.5,127.5,673040,Voltas
23-08-2007,129.5,132,126.5,127.6,1788312,Voltas
24-08-2007,127.7,131.5,127.6,130.4,608031,Voltas
27-08-2007,131,134.6,131,134.3,828711,Voltas
28-08-2007,134.7,135.5,132.9,134.1,811068,Voltas
29-08-2007,131,139.5,129,137.3,2449873,Voltas
30-08-2007,139,139.5,135.5,137.4,3039513,Voltas
31-08-2007,136.5,139.9,136,136.6,1295949,Voltas
03-09-2007,136.9,148.7,136.7,146.8,3892101,Voltas
04-09-2007,148.1,150.9,144.5,145.2,2496351,Voltas
05-09-2007,146.5,147.3,143.1,143.8,995074,Voltas
06-09-2007,143,147.8,142.4,145.6,842569,Voltas
07-09-2007,146.5,153.4,140.3,150,4293433,Voltas
10-09-2007,148.7,154.8,145,153.6,2250607,Voltas
11-09-2007,153.6,155.1,150,151.1,1238973,Voltas
12-09-2007,151.5,153.5,150.1,150.5,663181,Voltas
13-09-2007,150.9,157.5,150.5,156.3,2223111,Voltas
14-09-2007,160,160,151.4,152.4,1482175,Voltas
17-09-2007,152.7,154.8,151.1,151.9,737851,Voltas
18-09-2007,151.7,156.4,151.7,154.7,700294,Voltas
19-09-2007,156.7,159.7,155,157.6,1748555,Voltas
20-09-2007,158,165.8,155.5,163,2178889,Voltas
21-09-2007,163.7,164.7,160.1,161.3,1261970,Voltas
24-09-2007,162.1,164.1,160.1,162.5,1011620,Voltas
25-09-2007,156.1,163.7,150.1,159.5,532309,Voltas
26-09-2007,154.6,165,154.6,161.4,1585128,Voltas
27-09-2007,163.4,163.4,155.2,157.2,1647713,Voltas
28-09-2007,160.7,166.4,158,163.1,1354448,Voltas
01-10-2007,164.7,170.4,163,167.4,1763819,Voltas
03-10-2007,167.9,170,160.1,165,956116,Voltas
04-10-2007,162,174.9,162,172.3,2752635,Voltas
05-10-2007,171,173,164.4,166,1139117,Voltas
08-10-2007,169.8,169.8,158,161.4,2138187,Voltas
09-10-2007,160,167.3,157,165.8,1164076,Voltas
10-10-2007,169.5,171.9,165.1,167.7,877188,Voltas
11-10-2007,168.7,183.9,166.5,179.2,1802901,Voltas
12-10-2007,179,185,173.6,175.7,1697578,Voltas
15-10-2007,175,182,175,177.6,815050,Voltas
16-10-2007,179.7,186.5,175.5,183,1769765,Voltas
17-10-2007,169.9,177,160.1,175.9,1249168,Voltas
18-10-2007,179,180,160,163.9,2314321,Voltas
19-10-2007,164,167.5,151.6,159.6,1556305,Voltas
22-10-2007,158,161.1,150,157.5,937441,Voltas
23-10-2007,161.5,169.1,159.5,167.7,1232166,Voltas
24-10-2007,170,189.6,168,180.7,6339484,Voltas
25-10-2007,180,188.9,176.2,183.5,5315062,Voltas
26-10-2007,185,195.5,182.1,191.8,3676997,Voltas
29-10-2007,196,208,193.9,202.3,5162582,Voltas
30-10-2007,204,217.6,200,214.5,3875355,Voltas
31-10-2007,217,226,213.5,217.9,3068870,Voltas
01-11-2007,221.4,223.9,199.6,202.8,3499106,Voltas
02-11-2007,203,208.2,194,204.3,3105632,Voltas
05-11-2007,205,213.4,200.3,204.9,1437224,Voltas
06-11-2007,209,214.9,203.1,206,1558372,Voltas
07-11-2007,209.7,210.9,199.5,203,552157,Voltas
08-11-2007,196.7,204.6,195.7,198.7,1063248,Voltas
09-11-2007,200.5,203.8,195.1,198.9,144588,Voltas
12-11-2007,195.7,195.7,183,190.8,4927938,Voltas
13-11-2007,193.8,208,191.1,203.5,1693186,Voltas
14-11-2007,206,213.4,204.5,210.2,1678883,Voltas
15-11-2007,211,219.9,211,213.7,1917151,Voltas
16-11-2007,212,222.2,212,216.3,1319889,Voltas
19-11-2007,220.9,221.5,216,216.7,583160,Voltas
20-11-2007,214,216,210.1,210.9,1357621,Voltas
21-11-2007,212,217.3,204,205.7,998954,Voltas
22-11-2007,200.3,209.9,195.7,204.3,733131,Voltas
23-11-2007,209.6,221,205,219.9,2531881,Voltas
26-11-2007,225,237.8,222.1,235.7,2757257,Voltas
27-11-2007,235,238,227,230.7,1741744,Voltas
28-11-2007,232,243,231.5,235.3,2645745,Voltas
29-11-2007,239.9,239.9,224.1,225.7,1077401,Voltas
30-11-2007,229,247.3,228,243.2,1593287,Voltas
03-12-2007,248.9,265.4,241.5,261.8,2883473,Voltas
04-12-2007,263,268,248.1,251.3,4331698,Voltas
05-12-2007,254,260.4,252.9,257,1645219,Voltas
06-12-2007,260,260,246,248.6,1835016,Voltas
07-12-2007,252,252.5,233.4,236.7,3490236,Voltas
10-12-2007,244.7,247,235,244.7,1532465,Voltas
11-12-2007,247.9,255.6,245.7,249.4,2606836,Voltas
12-12-2007,246,257.3,237,253.4,1418768,Voltas
13-12-2007,246,254.9,244.3,245.6,820244,Voltas
14-12-2007,237.1,256.9,237.1,253.4,837632,Voltas
17-12-2007,250,259.1,236.1,242.3,2577141,Voltas
19-12-2007,245,249.9,241.3,246.7,1820035,Voltas
20-12-2007,247,248.7,235.5,237.8,928835,Voltas
24-12-2007,243,244.9,238.8,240.2,758271,Voltas
26-12-2007,241,248.9,238.2,245.8,1285138,Voltas
27-12-2007,248.5,248.5,238.3,240.3,5105700,Voltas
28-12-2007,240,244.9,239.5,241.7,555848,Voltas
31-12-2007,243,247.9,240.9,246.5,768677,Voltas
01-01-2008,248,254.4,239,249.7,1224816,Voltas
02-01-2008,253,253.9,242,252.1,1578931,Voltas
03-01-2008,245.1,260,245.1,254.2,1725386,Voltas
04-01-2008,257,259.7,250.1,254.9,1021768,Voltas
07-01-2008,255,255,247.1,248.9,641764,Voltas
08-01-2008,251,252.4,237.3,241.1,577818,Voltas
09-01-2008,240,243.9,236.2,238.6,614811,Voltas
10-01-2008,240.7,244.9,230,231.5,830164,Voltas
11-01-2008,233,241,229,238.5,719120,Voltas
14-01-2008,240,243.7,234.2,235.6,304770,Voltas
15-01-2008,236.9,255.8,235.2,246.6,1402589,Voltas
16-01-2008,231.3,252.9,231.2,248.8,758383,Voltas
17-01-2008,252,261,248,255.5,2165022,Voltas
18-01-2008,254.9,254.9,233.1,240.3,1162712,Voltas
21-01-2008,238,238,194,223.3,1985973,Voltas
22-01-2008,230,230,170.2,187.5,1693231,Voltas
23-01-2008,204,214.9,194.2,207.1,1052240,Voltas
24-01-2008,215,215,190.1,196.3,950578,Voltas
25-01-2008,208,212.8,199.3,210.1,1317928,Voltas
28-01-2008,205,222.6,192.1,219.9,1319586,Voltas
29-01-2008,224,224,210,211.5,689278,Voltas
30-01-2008,212,212,199,200.8,765445,Voltas
31-01-2008,208.5,208.5,179.5,192.5,3651338,Voltas
01-02-2008,194.1,203,181.2,198.5,2096178,Voltas
04-02-2008,204.9,210,199.1,206.1,2806920,Voltas
05-02-2008,205.4,211,201.2,204,569288,Voltas
06-02-2008,196,207.7,191,202.9,599604,Voltas
07-02-2008,205,209.6,192.1,195.2,1132560,Voltas
08-02-2008,197.3,200,187.6,196.3,561308,Voltas
11-02-2008,196,197.3,180,186.6,1214872,Voltas
12-02-2008,188,191,175,177.7,1871841,Voltas
13-02-2008,180,184.5,173.3,178.2,854703,Voltas
14-02-2008,184,193.5,183.1,189.1,1188621,Voltas
15-02-2008,185,200,184.2,196.4,1269114,Voltas
18-02-2008,201,208,198.5,201.6,1181721,Voltas
19-02-2008,205,206.4,202.1,205.1,758321,Voltas
20-02-2008,201,203,199,201.7,506041,Voltas
21-02-2008,203,208,199.7,203,567239,Voltas
22-02-2008,200,209,199,207.5,399896,Voltas
25-02-2008,210,212,200,208.6,818272,Voltas
26-02-2008,209.1,215,206,209.7,894827,Voltas
27-02-2008,210.5,216.7,210.5,213,874045,Voltas
28-02-2008,213.2,217.8,209.2,211.6,2900242,Voltas
29-02-2008,213,214,197,203.4,2144833,Voltas
03-03-2008,199,199,186.2,188.9,780839,Voltas
04-03-2008,190,193.5,173.9,183.5,1081729,Voltas
05-03-2008,185,190.9,176.2,184.4,629409,Voltas
07-03-2008,182,186.4,169,184.2,1024315,Voltas
10-03-2008,177,193,170.5,190.2,1146362,Voltas
11-03-2008,186.1,196.5,186.1,191.8,954771,Voltas
12-03-2008,195,200,184.9,186.6,399261,Voltas
13-03-2008,180,187,168.1,173.9,517123,Voltas
14-03-2008,180,181.4,170.6,177.2,1414732,Voltas
17-03-2008,164,170.1,158,159.9,657452,Voltas
18-03-2008,162,168.5,153.2,163,1022487,Voltas
19-03-2008,169.9,172,154.6,162.7,1104357,Voltas
24-03-2008,163,165.4,154.6,158.1,350266,Voltas
25-03-2008,162,171,158,168.6,1103114,Voltas
26-03-2008,169,181,167,178.3,642344,Voltas
27-03-2008,172,181,160.3,167.1,2380327,Voltas
28-03-2008,170.3,175.9,167.1,173.7,2554989,Voltas
31-03-2008,172.1,182.5,171,179.7,1673851,Voltas
01-04-2008,182.1,184.6,171,174.6,1079194,Voltas
02-04-2008,178,184.9,177,178.8,610524,Voltas
03-04-2008,180,181.3,175.3,176.9,369101,Voltas
04-04-2008,179,179,158.1,162,743773,Voltas
07-04-2008,168.4,168.4,158.1,162.5,590355,Voltas
08-04-2008,162.5,167.4,161,162,443360,Voltas
09-04-2008,160,165.4,160,161.1,435484,Voltas
10-04-2008,161.5,169.2,161.4,163,764005,Voltas
11-04-2008,166,166,161.5,162.5,619640,Voltas
15-04-2008,162,168.2,159.9,165.8,1340469,Voltas
16-04-2008,166.9,174.2,163.6,164.9,1566419,Voltas
17-04-2008,169,173.3,167.6,169.6,1552901,Voltas
21-04-2008,171.1,186.3,171.1,180.8,3424278,Voltas
22-04-2008,183,188,180.6,181.8,1503097,Voltas
23-04-2008,184.9,187,181.2,185.7,811314,Voltas
24-04-2008,188,189,179.2,180.6,636875,Voltas
25-04-2008,182.7,186,181,184.4,851353,Voltas
28-04-2008,186,191.8,185.1,187.2,1966396,Voltas
29-04-2008,189.8,192.9,184.2,192.3,1687450,Voltas
30-04-2008,194,196.6,190.1,191.7,993702,Voltas
02-05-2008,193.3,195.5,191,191.9,424593,Voltas
05-05-2008,193,197,189.1,190.5,1124618,Voltas
06-05-2008,188.5,191,184.1,188,768845,Voltas
07-05-2008,187,191.5,184.2,185.9,881696,Voltas
08-05-2008,185.9,186.9,178.3,179.7,620657,Voltas
09-05-2008,180,182.5,175.1,176.1,599634,Voltas
12-05-2008,173,179.7,166,173,557769,Voltas
13-05-2008,175.7,180.7,169,173.6,1017807,Voltas
14-05-2008,172,176.9,170.5,174.4,773201,Voltas
15-05-2008,176.2,182.5,166.5,168.1,1619791,Voltas
16-05-2008,169,169,160.4,163.4,3985425,Voltas
20-05-2008,163,165,157,157.8,2330293,Voltas
21-05-2008,156,161.6,154.6,160.2,4974115,Voltas
22-05-2008,160,165.4,157.6,162.6,4726259,Voltas
23-05-2008,163,165.4,156.5,158.1,1805549,Voltas
26-05-2008,156.9,159.8,148.2,150.5,2140367,Voltas
27-05-2008,152,153.5,145.3,146,838049,Voltas
28-05-2008,147,147.5,141.2,145.7,2074434,Voltas
29-05-2008,148,148,140.7,142.9,1920178,Voltas
30-05-2008,144.4,145.5,141.1,143.5,1607921,Voltas
02-06-2008,144,145,136.6,139.7,703536,Voltas
03-06-2008,135.8,144.8,134.1,143.8,1449088,Voltas
04-06-2008,144,144.2,129.2,132.4,1824723,Voltas
05-06-2008,133.1,136.3,132.3,134.5,1736111,Voltas
06-06-2008,135.6,147,135.6,144.6,3261648,Voltas
09-06-2008,140,147.5,134.3,142.9,2631929,Voltas
10-06-2008,143.9,143.9,133.7,136.4,1821865,Voltas
11-06-2008,138,145.8,137.5,144.9,1952933,Voltas
12-06-2008,142,149.5,136.3,147.9,1368952,Voltas
13-06-2008,148,151.5,143.1,144.7,888920,Voltas
16-06-2008,146.7,148,140.6,141.8,524665,Voltas
17-06-2008,140,148.5,140,147.9,771136,Voltas
18-06-2008,148.1,150,145.2,146.1,439322,Voltas
19-06-2008,142.2,144.5,137.2,138.1,559569,Voltas
20-06-2008,140,141,131.6,132.4,597570,Voltas
23-06-2008,130,131.5,122.1,125.7,1290310,Voltas
24-06-2008,126,129.6,122.9,125,765603,Voltas
25-06-2008,121.1,130,120.6,125.7,1886432,Voltas
26-06-2008,128.9,134.5,125,128.5,2692404,Voltas
27-06-2008,126.5,130.4,120,127.8,973267,Voltas
30-06-2008,130,130,121.2,123.8,744926,Voltas
01-07-2008,126,126.5,114.6,117.5,1079445,Voltas
02-07-2008,124.7,130.7,115,123.2,1888705,Voltas
03-07-2008,122,122.5,115.3,117.7,411129,Voltas
04-07-2008,118,124,115.3,122.8,488231,Voltas
07-07-2008,122.8,130.4,120.6,122.2,581987,Voltas
08-07-2008,120,126.6,116.2,125.9,870946,Voltas
09-07-2008,127.9,135.9,126.5,134,1315813,Voltas
10-07-2008,130,138.5,130,136.2,1470085,Voltas
11-07-2008,135.1,141.9,134,137,922258,Voltas
14-07-2008,139.5,141,133.7,136.8,522261,Voltas
15-07-2008,130.3,135,127,128.8,662710,Voltas
16-07-2008,129.7,130,117.1,121.1,1435913,Voltas
17-07-2008,129.7,129.7,119.5,123.7,759106,Voltas
18-07-2008,126,128.3,124,126.3,543836,Voltas
21-07-2008,128,130,121.7,124,378874,Voltas
22-07-2008,127,129.4,119.3,121.2,3852380,Voltas
23-07-2008,127,128.7,122.6,124.9,4279182,Voltas
24-07-2008,126.5,132.9,126.1,128.9,3841781,Voltas
25-07-2008,124.1,131.8,122,124.3,2204926,Voltas
28-07-2008,125.3,127,123.4,125.1,828384,Voltas
29-07-2008,124,125,121,123,1070879,Voltas
30-07-2008,125.1,127,124.1,125.6,555468,Voltas
31-07-2008,126,126.8,121.1,122.6,1465477,Voltas
01-08-2008,121,128.9,121,128.1,1201059,Voltas
04-08-2008,128,132,126.2,129.7,1231864,Voltas
05-08-2008,126,135.4,126,134.5,1826551,Voltas
06-08-2008,136,142.3,135,138.5,3763326,Voltas
07-08-2008,137.1,145.6,135.8,144.3,3095289,Voltas
08-08-2008,142,146.5,136.4,137.2,2258579,Voltas
11-08-2008,140.6,142.8,139,139.7,1282559,Voltas
12-08-2008,140,141,135.2,137.2,2020303,Voltas
13-08-2008,138,139.9,134.6,135.6,1734813,Voltas
14-08-2008,136,136,131.3,131.9,530063,Voltas
18-08-2008,133,133,130.5,131.4,429481,Voltas
19-08-2008,131,134,128.4,131.9,775393,Voltas
20-08-2008,133,134.2,130.8,132.3,367086,Voltas
21-08-2008,131.2,133,127.8,128.2,320728,Voltas
22-08-2008,129.4,129.4,126.1,127.5,261258,Voltas
25-08-2008,130.7,130.7,124.5,125.4,395047,Voltas
26-08-2008,149.9,149.9,122.4,124.8,387249,Voltas
27-08-2008,123,126,120.8,121.5,578266,Voltas
29-08-2008,121.8,124.8,121.6,123.8,570863,Voltas
01-09-2008,123.8,127,122,124.7,209541,Voltas
02-09-2008,123.5,133.9,123.5,133,1543996,Voltas
04-09-2008,132.4,136.8,131.2,135.2,1411431,Voltas
05-09-2008,131.5,133,126.4,131,1396213,Voltas
08-09-2008,135,137,132.6,134.1,1052047,Voltas
09-09-2008,130.2,135,130.2,134.2,862882,Voltas
10-09-2008,131.8,136.3,131.8,134.3,421054,Voltas
11-09-2008,130.1,134.5,127.4,128.5,392509,Voltas
12-09-2008,130,130.7,126,127,294725,Voltas
15-09-2008,124.1,124.5,119,122.7,321396,Voltas
16-09-2008,117.5,123,117.5,122.4,813443,Voltas
17-09-2008,123.9,127.1,120,120.5,1310879,Voltas
18-09-2008,117.5,121.5,112.2,118.7,700331,Voltas
19-09-2008,123,124.6,120.4,121.6,460537,Voltas
22-09-2008,123,123,117.5,118,355355,Voltas
23-09-2008,116.9,118,113.5,114.7,1161361,Voltas
24-09-2008,116.5,116.5,113,113.7,1414435,Voltas
25-09-2008,115,115,105.5,107.2,2062511,Voltas
26-09-2008,108,108,97.1,99.9,2646743,Voltas
29-09-2008,100,100.5,89.3,91.8,1953300,Voltas
30-09-2008,90,94,86,92.3,1978962,Voltas
01-10-2008,93.1,96.3,91.2,95.1,1125148,Voltas
03-10-2008,94.1,95.8,89.1,90.4,774548,Voltas
06-10-2008,88,89,81.8,83.9,663776,Voltas
07-10-2008,83.9,86.9,73.1,76.2,1512179,Voltas
08-10-2008,73.1,75,66,72.6,1652354,Voltas
10-10-2008,69,71.1,61,64.9,1390882,Voltas
13-10-2008,69.1,74,65,71.9,784116,Voltas
14-10-2008,74.9,80.2,74,76,1131456,Voltas
15-10-2008,74,75,67,68,494423,Voltas
16-10-2008,66,69.5,62.6,67,554188,Voltas
17-10-2008,69.1,72.1,64.5,67.5,1328879,Voltas
20-10-2008,68,71.2,67.5,69.2,586292,Voltas
21-10-2008,72,76.9,69.6,74.2,1003271,Voltas
22-10-2008,70,77,70,75.5,584640,Voltas
23-10-2008,73,79,71.5,74.8,1256318,Voltas
24-10-2008,73,73,65.6,68.1,1141720,Voltas
27-10-2008,66,70,49.2,63,752823,Voltas
29-10-2008,70,72.7,65.3,67.2,798047,Voltas
31-10-2008,70,77,62.4,73.6,1099476,Voltas
03-11-2008,76,81,73.5,77.9,1029226,Voltas
04-11-2008,78,83.9,75.1,81.4,907202,Voltas
05-11-2008,84.7,90.9,76.3,78.4,2039972,Voltas
06-11-2008,77.1,82,73,79.4,718773,Voltas
07-11-2008,78,80.6,74.6,76.7,577731,Voltas
10-11-2008,81.1,86,76.7,77.8,1109809,Voltas
11-11-2008,77,78.5,70.3,73,881125,Voltas
12-11-2008,72.1,72.4,69,71.6,1368537,Voltas
14-11-2008,72,75,67.1,69.1,994408,Voltas
17-11-2008,70.5,70.6,62.4,65.7,662540,Voltas
18-11-2008,63,67.5,63,66,563063,Voltas
19-11-2008,66,67.4,59,61.9,609894,Voltas
21-11-2008,59.1,59.3,54.2,57.2,559877,Voltas
24-11-2008,58,59.4,54.7,57.2,909626,Voltas
25-11-2008,59,61,50.3,52.6,1069618,Voltas
26-11-2008,50,54.9,49.5,51.9,1112423,Voltas
28-11-2008,51.9,51.9,49.5,50,447238,Voltas
01-12-2008,50.5,51.7,45.3,46.1,1174543,Voltas
02-12-2008,45.1,46.9,43.1,46.2,680855,Voltas
03-12-2008,46.5,48.3,45.6,46.1,846477,Voltas
04-12-2008,47,49.3,44.3,47.7,1746741,Voltas
05-12-2008,48,50.9,46.1,46.4,1098200,Voltas
08-12-2008,48.1,49,46.8,47.2,603617,Voltas
10-12-2008,47.8,51.3,46.7,50.3,979295,Voltas
11-12-2008,51,53.5,51,52,1187216,Voltas
12-12-2008,52.5,55.2,49,54.5,1611949,Voltas
15-12-2008,56,57.5,52.5,53.2,1318796,Voltas
16-12-2008,54,57.5,54,55.6,1754261,Voltas
17-12-2008,56,58,51,51.8,1115317,Voltas
18-12-2008,52.5,53.6,49.3,52.6,2003878,Voltas
19-12-2008,53,60,52.5,58.8,2932261,Voltas
22-12-2008,59.9,61.2,58.4,59.3,2598479,Voltas
23-12-2008,58.4,59.8,55.2,55.9,1872735,Voltas
24-12-2008,55.1,55.9,53.5,55.1,721620,Voltas
26-12-2008,55.5,56.8,52.5,53.3,878737,Voltas
29-12-2008,53.6,54.4,51.7,53.9,634520,Voltas
30-12-2008,54,58.5,53.6,57.6,1498327,Voltas
31-12-2008,59.8,62.4,58.1,60.4,2434600,Voltas
01-01-2009,61.9,63.2,60.7,61.2,1245501,Voltas
02-01-2009,62,64.1,59.7,62,2564850,Voltas
05-01-2009,63.1,64,60.6,61.9,1558536,Voltas
06-01-2009,62,65.5,58.8,61.7,3327673,Voltas
07-01-2009,63,63.8,52.7,54.3,1405067,Voltas
09-01-2009,54.4,54.8,51,53,1119661,Voltas
12-01-2009,53,53.6,49.3,50.8,1645881,Voltas
13-01-2009,50.3,52.4,46.3,48,1287965,Voltas
14-01-2009,49.5,50.5,47,48.3,834547,Voltas
15-01-2009,47,48,46.1,47.2,1534919,Voltas
16-01-2009,48,48.8,47.1,47.5,657401,Voltas
19-01-2009,47.1,49.1,47.1,48,1206181,Voltas
20-01-2009,47.9,47.9,46,46.3,789642,Voltas
21-01-2009,46,46.7,44.8,45.1,982890,Voltas
22-01-2009,45.7,46.4,42,42.4,1417671,Voltas
23-01-2009,42,42.6,39.1,41.1,2737694,Voltas
27-01-2009,41.3,43.5,37.8,38.8,2171166,Voltas
28-01-2009,39,42.1,39,41.6,1442437,Voltas
29-01-2009,42.5,43.7,41.7,42.6,1560435,Voltas
30-01-2009,42.3,43.9,41.5,43.2,1047221,Voltas
02-02-2009,42.7,44.7,42,42.4,691562,Voltas
03-02-2009,43,43.5,40.5,40.9,609860,Voltas
04-02-2009,41.5,41.9,40.1,40.5,462016,Voltas
05-02-2009,42,42,39,39.7,685040,Voltas
06-02-2009,40.5,43,39.3,40.3,1913626,Voltas
09-02-2009,40.8,44.8,40.7,44.1,2267223,Voltas
10-02-2009,44.5,45.9,43.9,44.2,1401213,Voltas
11-02-2009,43,46.8,42.7,46.3,1410516,Voltas
12-02-2009,45.5,47.3,45,45.2,745118,Voltas
13-02-2009,46,46.6,45.3,45.6,494438,Voltas
16-02-2009,45.9,46.2,42.6,43.1,588773,Voltas
17-02-2009,42.5,42.6,39.3,39.8,1912471,Voltas
18-02-2009,39.5,40.5,39,39.8,1524551,Voltas
19-02-2009,40,40.7,39.3,39.8,576271,Voltas
20-02-2009,39,39.5,37.8,38.1,1483923,Voltas
24-02-2009,38,40,36.5,37.1,2187811,Voltas
25-02-2009,37.9,38.9,37.5,37.7,1214673,Voltas
26-02-2009,38,38.4,35.9,36.2,2209110,Voltas
27-02-2009,36.5,37.3,35.1,36.8,837741,Voltas
02-03-2009,37,37,33.7,34.3,1653087,Voltas
03-03-2009,34.1,34.9,32.9,33.1,1496274,Voltas
04-03-2009,33.9,34.4,32.3,32.6,1944326,Voltas
05-03-2009,32.2,33.7,31.1,32.6,1702683,Voltas
06-03-2009,31.6,34.2,31.5,33.4,1696802,Voltas
09-03-2009,33.3,33.3,32.5,32.9,744317,Voltas
12-03-2009,33.5,34.3,32.2,32.6,523807,Voltas
13-03-2009,33.5,34.7,32.6,34.2,1572520,Voltas
16-03-2009,35,36.5,34.5,36.2,1445375,Voltas
17-03-2009,36.5,37.4,35.6,36.7,1785449,Voltas
18-03-2009,37,39.6,37,38,2468855,Voltas
19-03-2009,38.6,39.9,37.6,38.3,1379382,Voltas
20-03-2009,38.3,40.8,37.8,39.3,2857545,Voltas
23-03-2009,40,42.5,40,42,4762973,Voltas
24-03-2009,42.4,44.5,40.5,41.1,3414585,Voltas
25-03-2009,41.3,45.6,40.8,45,2587122,Voltas
26-03-2009,45.7,46.3,43.8,45.2,2575254,Voltas
27-03-2009,45.5,48,44.3,47.5,1962703,Voltas
30-03-2009,47,47,43.4,44.8,1152720,Voltas
31-03-2009,45,47,45,46.2,1096949,Voltas
01-04-2009,46.5,50.4,45.8,49.6,2255684,Voltas
02-04-2009,54.4,54.4,51.2,52.3,3133638,Voltas
06-04-2009,53.9,53.9,50.5,51.7,1276786,Voltas
08-04-2009,50,55.1,48.6,53.9,3051701,Voltas
09-04-2009,54.8,57,53.4,55.8,4573057,Voltas
13-04-2009,56.9,58.4,55,56.5,2882920,Voltas
15-04-2009,56,60.5,55.1,58.4,5608489,Voltas
16-04-2009,59.9,60.9,53,54,4135769,Voltas
17-04-2009,55.6,58,54.6,55.6,3768189,Voltas
20-04-2009,56.9,58,54.6,55.5,1890669,Voltas
21-04-2009,54.5,60.5,53.5,59.7,4504801,Voltas
22-04-2009,60,63.2,57,58.3,4513782,Voltas
23-04-2009,57.1,62.3,50,60.1,6889137,Voltas
24-04-2009,60.3,62.8,57.3,59.3,2914522,Voltas
27-04-2009,59.1,63.3,57.6,61.6,4471957,Voltas
28-04-2009,64,64.9,55.4,56.3,2320702,Voltas
29-04-2009,56.7,60.3,56.5,59.2,1817742,Voltas
04-05-2009,61,66.5,60.1,65.7,3515573,Voltas
05-05-2009,67,69.7,66.6,68.4,4078869,Voltas
06-05-2009,68.5,71.1,65.1,66.4,4136631,Voltas
07-05-2009,68,69.4,65.2,66.8,2698330,Voltas
08-05-2009,66.9,67.5,63.5,65.1,1659643,Voltas
11-05-2009,65.5,65.9,61.9,64.5,1765383,Voltas
12-05-2009,64,66,62.7,64.7,2071963,Voltas
13-05-2009,65.2,68.2,63.5,65.2,3609230,Voltas
14-05-2009,64.5,67.4,62.2,66.2,1572080,Voltas
15-05-2009,67,67.9,65.3,66.1,1209007,Voltas
18-05-2009,72,78.8,72,77.5,21840,Voltas
19-05-2009,83,96.9,75,83.9,9424666,Voltas
20-05-2009,85.5,97.7,84.5,96.1,5375046,Voltas
21-05-2009,97,103.2,90.1,90.9,3039586,Voltas
22-05-2009,90.1,96,90,95.1,2110052,Voltas
25-05-2009,97.7,97.7,92.5,93.5,1174223,Voltas
26-05-2009,95,101.3,86.4,88.4,4196993,Voltas
27-05-2009,91.1,95,90.3,94.3,2056608,Voltas
28-05-2009,95,96.2,92.5,93.4,2931119,Voltas
29-05-2009,95,100,93.8,98.4,4246028,Voltas
01-06-2009,104.8,119.8,102,118.2,11601581,Voltas
02-06-2009,122,128.4,118.2,124.8,10556346,Voltas
03-06-2009,127.9,131,120.6,126.4,5147486,Voltas
04-06-2009,125,131.8,123.5,130.2,3839481,Voltas
05-06-2009,132.1,133.6,123.3,125.2,2627252,Voltas
08-06-2009,126.5,133,120.5,125.7,5734979,Voltas
09-06-2009,128,144.4,122,141.9,11618853,Voltas
10-06-2009,142,145.8,136,139.5,6631800,Voltas
11-06-2009,140,144,135,139.5,3539928,Voltas
12-06-2009,141.4,143.7,128,133.2,3018745,Voltas
15-06-2009,135,136.5,120,121.3,3786940,Voltas
16-06-2009,121.2,129,118.1,126.7,4075984,Voltas
17-06-2009,127.5,131.5,120.1,121.7,3934643,Voltas
18-06-2009,120,123.5,105.1,118.8,4632808,Voltas
19-06-2009,120,123.4,114.7,120.4,2634047,Voltas
22-06-2009,121.7,128.9,121.5,124.4,3932730,Voltas
23-06-2009,124.8,126.8,120,123.7,2952627,Voltas
24-06-2009,124.8,129.4,123.7,127.2,2062477,Voltas
25-06-2009,128,135.5,128,129,5390134,Voltas
26-06-2009,129,133,129,131.7,2132303,Voltas
29-06-2009,132.9,134.4,129.5,130.5,1380090,Voltas
30-06-2009,131.2,132.8,123,125.1,2550664,Voltas
01-07-2009,126,126.3,118.8,123.1,1883205,Voltas
02-07-2009,124,126.3,121.3,125.2,1292730,Voltas
03-07-2009,124,131,121.6,126.9,1283137,Voltas
06-07-2009,130.1,131.5,108,119.2,3955448,Voltas
07-07-2009,119.5,131,118,129.9,4290808,Voltas
08-07-2009,129,129,121.9,123.2,2451939,Voltas
09-07-2009,123.5,127,119.7,120.6,0,Voltas
10-07-2009,121.3,124.5,118,119.7,2508682,Voltas
13-07-2009,116.1,119,111.5,115,1476846,Voltas
14-07-2009,116.9,122.5,116.9,121.2,2099984,Voltas
15-07-2009,122,125.5,122,124.2,1623960,Voltas
16-07-2009,126,128.8,122.1,123.7,1980276,Voltas
17-07-2009,125.4,131.5,124.6,130.1,2758780,Voltas
20-07-2009,132,133.9,129.3,131.9,1977460,Voltas
21-07-2009,133.4,142.7,131,140.6,6182668,Voltas
22-07-2009,142.4,143.5,133.2,135.7,3462275,Voltas
23-07-2009,137.8,139.8,135.4,139.3,1713564,Voltas
24-07-2009,140.9,142,136.1,141.4,1467857,Voltas
27-07-2009,142.8,143,138.1,140.7,1489899,Voltas
28-07-2009,141.5,142.3,137,140.9,1112263,Voltas
29-07-2009,140.9,146.4,137.1,140.4,3645692,Voltas
30-07-2009,140.4,143.6,136.1,137,3636276,Voltas
31-07-2009,138.8,145.9,138.2,144.2,3172659,Voltas
03-08-2009,146.1,146.5,141.6,144.2,2086661,Voltas
04-08-2009,145,145,138,140.2,1627003,Voltas
05-08-2009,140.2,146.4,138,145.5,2689770,Voltas
06-08-2009,145.5,149.7,140,143.1,5114624,Voltas
07-08-2009,140,143.4,135,137.1,2294144,Voltas
10-08-2009,139,140.4,128.2,131.3,1311550,Voltas
11-08-2009,132,137.5,128.8,136.6,1228938,Voltas
12-08-2009,134.9,135.6,130.5,133.3,1323826,Voltas
13-08-2009,135.5,139.4,135.1,138.9,1703592,Voltas
14-08-2009,139.3,143.9,133.7,143,2427104,Voltas
17-08-2009,141,141.5,137.1,138.5,2468632,Voltas
18-08-2009,139,143.7,137.6,142.2,1653033,Voltas
19-08-2009,143,144,138,139,1616482,Voltas
20-08-2009,140.2,143.8,139.1,142.6,987680,Voltas
21-08-2009,142,145.4,140.5,143.2,1499444,Voltas
24-08-2009,144,147.4,144,144.7,1859810,Voltas
25-08-2009,144.1,152.9,140.6,150.3,2660606,Voltas
26-08-2009,153.9,156,151.2,153,2924002,Voltas
27-08-2009,152.8,153.6,148.4,151.2,1824381,Voltas
28-08-2009,153.8,165,153.2,160.9,5767914,Voltas
31-08-2009,157.8,162.3,157,157.8,3054552,Voltas
01-09-2009,160,160.2,149.1,151,2020055,Voltas
02-09-2009,151,151,146.3,147.7,1400215,Voltas
03-09-2009,149.1,151,145,145.9,1302081,Voltas
04-09-2009,147.6,152.5,143.6,150.9,1548107,Voltas
07-09-2009,153,154,151,153.4,1197039,Voltas
08-09-2009,154,159.2,152.6,158,2772994,Voltas
09-09-2009,158,158.4,152.1,153.4,1164117,Voltas
10-09-2009,155,156.5,149.4,150.5,1288701,Voltas
11-09-2009,152,152.2,145.1,147,1243542,Voltas
14-09-2009,145,148.2,143.2,146.6,906971,Voltas
15-09-2009,148,153.5,146.8,152,1430728,Voltas
16-09-2009,154.5,155,150,151.1,1369998,Voltas
17-09-2009,153,153.7,149.6,151,964817,Voltas
18-09-2009,150.1,154.3,150.1,151.5,1383144,Voltas
22-09-2009,153.4,153.8,150.7,151.4,1119114,Voltas
23-09-2009,151.8,151.9,146.5,147.8,1344092,Voltas
24-09-2009,146.1,149.8,143.7,149.1,1586597,Voltas
25-09-2009,147.8,151,146.1,147,644729,Voltas
29-09-2009,149.2,150.4,145,145.7,1178354,Voltas
30-09-2009,147,149.5,144.5,145.4,1689341,Voltas
01-10-2009,145.4,146.5,144.5,144.9,1000497,Voltas
05-10-2009,142.9,149.4,142.9,147.5,2013098,Voltas
06-10-2009,149.5,155.9,149.5,154.9,6215351,Voltas
07-10-2009,156,158.4,152.3,153.9,3236849,Voltas
08-10-2009,154.9,159,152.4,156.9,3177504,Voltas
09-10-2009,158.5,161.9,155,158.1,4131694,Voltas
12-10-2009,158.6,163.3,156.5,162.3,2734691,Voltas
14-10-2009,163.3,169.4,162.3,168.1,3906942,Voltas
15-10-2009,174.8,174.8,162.5,164.6,1643363,Voltas
16-10-2009,162.2,167.4,161.1,164.4,1071710,Voltas
20-10-2009,168.8,168.8,163.1,164.9,788988,Voltas
21-10-2009,164.9,168.4,161.2,163,926941,Voltas
22-10-2009,163.2,163.2,155.8,156.8,655979,Voltas
23-10-2009,158,159.8,151.2,154.2,652758,Voltas
26-10-2009,154.4,157,151.4,152.7,457727,Voltas
27-10-2009,151,151,146,147.3,856741,Voltas
28-10-2009,147,150.5,140.2,149,874245,Voltas
29-10-2009,145.1,156.1,145,153.6,3326635,Voltas
30-10-2009,155,161,154.5,158.3,3095257,Voltas
03-11-2009,159,160.5,142.6,149.2,2152083,Voltas
04-11-2009,152,154.5,149.6,152.6,973454,Voltas
05-11-2009,153,155.6,150.6,154.8,896245,Voltas
06-11-2009,156.9,163.3,155,161.9,2178812,Voltas
09-11-2009,163,166.9,162.5,164.5,2078280,Voltas
10-11-2009,165.5,165.9,158.3,160,640970,Voltas
11-11-2009,161,168.9,160.2,168,1662550,Voltas
12-11-2009,168.9,174.8,167.6,171.6,2520609,Voltas
13-11-2009,172.6,174.2,170.1,172.7,1520221,Voltas
16-11-2009,175.1,177.8,173,174.2,1524333,Voltas
17-11-2009,174.2,179.8,172.2,176.8,2010573,Voltas
18-11-2009,176,181.4,176,177.5,1807891,Voltas
19-11-2009,178.1,180,169.6,170.7,1375348,Voltas
20-11-2009,170,180,168.3,178.1,1207569,Voltas
23-11-2009,180,181.6,172.5,175.6,1145272,Voltas
24-11-2009,177.8,179,172.8,173.9,1001375,Voltas
25-11-2009,174.7,175.7,173.1,174.6,585678,Voltas
26-11-2009,174.2,175.2,166.6,167.8,1387942,Voltas
27-11-2009,161.2,169.8,156.2,167.7,2430218,Voltas
30-11-2009,180,180,170,173.9,1326148,Voltas
01-12-2009,175.9,177.2,174,175.8,688975,Voltas
02-12-2009,176.8,178.8,174.4,177.5,510813,Voltas
03-12-2009,177.5,180.6,175,177.6,684140,Voltas
04-12-2009,177,178.2,171.4,172.8,740108,Voltas
07-12-2009,172.8,173,168.2,170.6,608750,Voltas
08-12-2009,171,173,166.4,172,506543,Voltas
09-12-2009,172,172,167.2,168,697834,Voltas
10-12-2009,169.4,169.4,164.6,165.2,911112,Voltas
11-12-2009,168,170,163,165.8,660689,Voltas
14-12-2009,170,176.6,166,170.7,1845011,Voltas
15-12-2009,172.5,172.5,167,168.1,614072,Voltas
16-12-2009,169.8,170,164.6,165.7,606058,Voltas
17-12-2009,165.7,167.8,163.3,164.4,542497,Voltas
18-12-2009,160.1,163.9,160.1,162.1,656459,Voltas
21-12-2009,161.2,166.5,161,163.1,804165,Voltas
22-12-2009,164,165.1,161.6,161.9,970264,Voltas
23-12-2009,162.5,171.2,161.9,169.5,1191901,Voltas
24-12-2009,171,174.2,166.6,170.6,1208433,Voltas
29-12-2009,170.6,173.3,170.5,171.2,432182,Voltas
30-12-2009,172.4,174.2,171.6,173.5,709038,Voltas
31-12-2009,174.6,175.9,172.1,173.3,919906,Voltas
04-01-2010,174,176.6,171.8,175.4,659990,Voltas
05-01-2010,177.8,177.8,173.6,175.1,1247982,Voltas
06-01-2010,176,180.2,173,178.9,1419089,Voltas
07-01-2010,178.9,185.3,177.3,184.1,2523865,Voltas
08-01-2010,184.4,186,180.2,181,1219163,Voltas
11-01-2010,182.9,183.9,176.6,178.7,740947,Voltas
12-01-2010,179,182.8,177,178.1,929940,Voltas
13-01-2010,177.8,187.2,175.7,185.5,1716786,Voltas
14-01-2010,186,188,182.7,184.3,882199,Voltas
15-01-2010,186.9,188.9,183.6,184.8,1288825,Voltas
18-01-2010,183.3,184.9,180.5,181.7,887589,Voltas
19-01-2010,181.7,188,181.7,186.5,1093153,Voltas
20-01-2010,189,189.4,174.7,183.3,1105306,Voltas
21-01-2010,183.7,183.7,177,178,813019,Voltas
22-01-2010,175,181.4,171,180.4,1032707,Voltas
25-01-2010,180.4,180.4,168.8,171.6,1378714,Voltas
27-01-2010,168.7,169.6,155,157.5,5055030,Voltas
28-01-2010,161.9,162.9,155.2,157.1,2426664,Voltas
29-01-2010,155.2,159.8,150.1,157.4,761236,Voltas
01-02-2010,157.8,161.4,154.6,158,1131172,Voltas
02-02-2010,161.3,163.8,155.5,159.1,1366633,Voltas
03-02-2010,161,166.5,158.9,164.3,1412380,Voltas
04-02-2010,164.5,166.5,158.6,159.6,1183731,Voltas
05-02-2010,153.2,156,151.1,154.7,1207827,Voltas
08-02-2010,150.4,158,150.4,153.9,977593,Voltas
09-02-2010,155,157.5,152.7,156.6,642318,Voltas
10-02-2010,158,164.8,157.7,162.9,1054788,Voltas
11-02-2010,164.6,165.5,158.3,159.9,1333798,Voltas
15-02-2010,161.5,161.9,157.7,159.9,483352,Voltas
16-02-2010,160.1,161.9,157.6,161,344928,Voltas
17-02-2010,161.5,163.4,159.7,160.5,415860,Voltas
18-02-2010,161,161,157.1,158.5,463269,Voltas
19-02-2010,157,157,151.6,152.7,869377,Voltas
22-02-2010,155,155.3,151.9,153,695313,Voltas
23-02-2010,153.5,154.4,148.5,152.8,863449,Voltas
24-02-2010,149.1,158,149.1,157.2,528214,Voltas
25-02-2010,158.5,159.1,151.9,153,552283,Voltas
26-02-2010,154.4,159,152.4,155.6,721710,Voltas
02-03-2010,159,164.2,156.3,162.7,1046822,Voltas
03-03-2010,163,165.9,163,164.7,673038,Voltas
04-03-2010,164.1,169.2,163.5,168.1,942751,Voltas
05-03-2010,168.2,172.8,167.3,169.3,1028883,Voltas
08-03-2010,171.7,172.3,164.1,168.6,1012359,Voltas
09-03-2010,167.1,169.5,165.3,166.2,399670,Voltas
10-03-2010,165.1,169.1,164.7,165.7,548701,Voltas
11-03-2010,171,172,166.1,170.1,538185,Voltas
12-03-2010,172,174.2,168,169.3,1172865,Voltas
15-03-2010,168.1,172,165.6,166,443755,Voltas
16-03-2010,167,168.6,164.6,167.8,956412,Voltas
17-03-2010,173,173,167.5,168.1,978297,Voltas
18-03-2010,169.1,171.6,167.1,170.4,768982,Voltas
19-03-2010,169.6,173.6,169.6,173,718539,Voltas
22-03-2010,169.4,177.8,168.2,176.7,1252423,Voltas
23-03-2010,177.9,179.7,175.8,177.2,1020998,Voltas
25-03-2010,177,178.3,175.8,177,440713,Voltas
26-03-2010,178,181.9,177.1,178.2,885260,Voltas
29-03-2010,179,179.8,174.7,175.4,304375,Voltas
30-03-2010,176,177.8,172,173.2,302099,Voltas
31-03-2010,174.2,179.7,173,176.5,960418,Voltas
01-04-2010,178.4,178.5,175.6,176.6,235755,Voltas
05-04-2010,180,182,176.3,179.5,420700,Voltas
06-04-2010,179.5,180.7,176.8,178.3,561299,Voltas
07-04-2010,178.3,179.5,176.3,177.5,331250,Voltas
08-04-2010,179.5,183.4,176.6,182.3,1698852,Voltas
09-04-2010,184.3,187.9,183.6,185.9,1646078,Voltas
12-04-2010,188.8,191.6,185.3,189.7,2084751,Voltas
13-04-2010,189.7,190.3,186.2,189.8,836517,Voltas
15-04-2010,190.4,191,182,182.9,1191459,Voltas
16-04-2010,172,182.4,172,180.6,1056674,Voltas
19-04-2010,180.5,181.6,175.2,180.6,515203,Voltas
20-04-2010,182.5,186.4,180.6,185.6,737683,Voltas
21-04-2010,186.2,187.4,183.4,184.3,419305,Voltas
22-04-2010,183.5,187.5,182.2,183.9,403921,Voltas
23-04-2010,184.7,185.5,181.6,182.7,221373,Voltas
26-04-2010,183,185,182.3,183.3,169546,Voltas
27-04-2010,182.5,184.7,179.6,180.5,247060,Voltas
28-04-2010,178,182.8,175.4,176.9,906712,Voltas
29-04-2010,180,180.5,177.1,179.1,608889,Voltas
30-04-2010,180,183.7,179.8,181,369625,Voltas
03-05-2010,180,182.4,177,177.9,325339,Voltas
04-05-2010,178.2,179.5,173.3,174.1,357892,Voltas
05-05-2010,170,174,168.8,173,831619,Voltas
06-05-2010,173.8,173.8,167.4,170.4,666029,Voltas
07-05-2010,168.8,173,165.2,171.3,1441743,Voltas
10-05-2010,172.1,178.9,171.1,177.7,433508,Voltas
11-05-2010,178.9,178.9,175.9,177.4,419511,Voltas
12-05-2010,178.8,181.5,177.4,179.7,687435,Voltas
13-05-2010,180.6,181.4,178,178.7,622485,Voltas
14-05-2010,178.7,179.5,175.6,177.8,436406,Voltas
17-05-2010,174.2,180,169.8,178.3,1237706,Voltas
18-05-2010,179,179,174.6,177.8,1309415,Voltas
19-05-2010,176,177.9,174.3,174.8,1011671,Voltas
20-05-2010,174.5,182.2,173.5,180.5,523692,Voltas
21-05-2010,178,178,172.7,175.2,647570,Voltas
24-05-2010,176.2,177.5,169.5,170.8,302409,Voltas
25-05-2010,169,169.4,157.1,162.3,932611,Voltas
26-05-2010,164.5,168.4,164.2,167.5,409907,Voltas
27-05-2010,166.3,171.7,164,171,482719,Voltas
28-05-2010,173.7,176.9,171.1,172.1,532785,Voltas
31-05-2010,177,181.6,174,180.1,2043970,Voltas
01-06-2010,180,184.5,178,180.6,1884973,Voltas
02-06-2010,180,184,179.5,183.4,896276,Voltas
03-06-2010,184.8,186.8,184,185.2,893860,Voltas
04-06-2010,184,186,181.3,185,828826,Voltas
07-06-2010,183,184.5,178.6,183.3,921921,Voltas
08-06-2010,183,187.8,183,185.4,1221298,Voltas
09-06-2010,186,190.9,185.4,189.9,748891,Voltas
10-06-2010,192,193,187.3,189.2,1161170,Voltas
11-06-2010,191.9,192.2,187.8,189.8,806731,Voltas
14-06-2010,189.8,191.4,186.6,188.3,893030,Voltas
15-06-2010,188.3,190.7,186.9,188,910994,Voltas
16-06-2010,185.3,189.5,182.8,183.7,1653442,Voltas
17-06-2010,184,190.7,182,188.8,1568257,Voltas
18-06-2010,190.4,192.9,188.5,189.6,1144764,Voltas
21-06-2010,192,198.7,190.1,196.9,1757583,Voltas
22-06-2010,196.8,203.4,195,201,3048939,Voltas
23-06-2010,201.5,205.2,199.5,202.1,1717717,Voltas
24-06-2010,203.7,205,200.3,201,1272018,Voltas
25-06-2010,200,201.5,194.3,196.2,1897092,Voltas
28-06-2010,195.5,200.5,194.5,197.2,1562618,Voltas
29-06-2010,197.2,199,195.3,197.1,408467,Voltas
30-06-2010,194.5,199,194.4,198.6,358542,Voltas
01-07-2010,197.7,201.5,195.5,198.7,901346,Voltas
02-07-2010,200,203.8,199.6,202,1536279,Voltas
05-07-2010,203.7,205.8,200.1,204.1,562089,Voltas
06-07-2010,203.2,204.8,202.3,203.2,199987,Voltas
07-07-2010,202.2,203.9,200.7,202.7,244292,Voltas
08-07-2010,203.7,209.8,203.2,204.6,1152700,Voltas
09-07-2010,205.5,207.5,205.4,206.6,477602,Voltas
12-07-2010,206.3,210.5,205.1,207.3,601971,Voltas
13-07-2010,206.3,209.6,206.3,206.9,534674,Voltas
14-07-2010,208,210,202.9,203.7,923785,Voltas
15-07-2010,203,205.4,202,202.9,453275,Voltas
16-07-2010,202.5,203.5,199.5,200.1,489388,Voltas
19-07-2010,199.5,202.6,196.7,201.2,890633,Voltas
20-07-2010,202.5,203.7,200.5,202,350997,Voltas
21-07-2010,203.4,203.4,201.2,202.2,339293,Voltas
22-07-2010,207.5,212,205.7,207.9,1786688,Voltas
23-07-2010,209.3,211.8,205.9,207,1236928,Voltas
26-07-2010,202,208.4,202,203.9,268011,Voltas
27-07-2010,203,207.9,203,205.2,810999,Voltas
28-07-2010,206.3,208.7,204.2,206.9,1323192,Voltas
29-07-2010,204.5,210.8,204.5,207.7,2652776,Voltas
30-07-2010,206.1,215.6,205.2,212.5,1857251,Voltas
02-08-2010,213,216.7,208.4,209.4,1267525,Voltas
03-08-2010,211,212.5,209.4,209.9,568867,Voltas
04-08-2010,209.8,212.6,208,208.8,442781,Voltas
05-08-2010,210.7,210.7,205,205.6,465650,Voltas
06-08-2010,205.6,213.6,205.6,212,775686,Voltas
09-08-2010,212,213.5,210.3,211.7,403755,Voltas
10-08-2010,211.7,212.5,208.8,210.2,482997,Voltas
11-08-2010,210,210.7,203.7,204.3,475884,Voltas
12-08-2010,200.2,204.4,199.3,200.4,943267,Voltas
13-08-2010,201,208.1,201,207,581401,Voltas
16-08-2010,209,209.3,203.1,204.8,263768,Voltas
17-08-2010,206,208,201.7,202.4,452599,Voltas
18-08-2010,204,205.4,202.4,203.9,320817,Voltas
19-08-2010,205,208.8,204.6,206.2,693015,Voltas
20-08-2010,206.9,208,203.5,206.3,324757,Voltas
23-08-2010,205.5,206.5,203.8,204.9,320763,Voltas
24-08-2010,204.1,206.7,202.6,204.3,336478,Voltas
25-08-2010,205.5,208.9,202,204,756843,Voltas
26-08-2010,202.5,207.9,200.6,206.6,755064,Voltas
27-08-2010,207.8,208.5,202.5,203.4,279845,Voltas
30-08-2010,206,206,201.5,204.1,175111,Voltas
31-08-2010,203,204,194.5,200.2,815665,Voltas
01-09-2010,203,206,200.1,204,376871,Voltas
02-09-2010,205,211.7,203.5,209.1,849552,Voltas
03-09-2010,210,214.8,208.9,209.5,757586,Voltas
06-09-2010,213.8,219.6,211.3,218.2,1284725,Voltas
07-09-2010,223.9,223.9,210.3,217.7,678843,Voltas
08-09-2010,217,223.1,215.6,218.7,964085,Voltas
09-09-2010,220,229,219,227.7,1704573,Voltas
13-09-2010,228.5,231,224.8,225.3,642095,Voltas
14-09-2010,229.9,229.9,223.4,224.9,652637,Voltas
15-09-2010,225,228.4,221.7,222.6,345687,Voltas
16-09-2010,221.5,225.8,218,219,853270,Voltas
17-09-2010,220,228,220,226.6,785362,Voltas
20-09-2010,225.9,238.3,225.5,236.3,2469094,Voltas
21-09-2010,238.1,239.8,230.5,232.6,988719,Voltas
22-09-2010,233,234,226.1,230.5,1265118,Voltas
23-09-2010,231,235,228.3,230.9,525857,Voltas
24-09-2010,230.3,233.9,228.2,233.1,853093,Voltas
27-09-2010,235.9,241,233.5,237.6,1531116,Voltas
28-09-2010,238,247.9,236.6,245.2,3446008,Voltas
29-09-2010,248.1,250,242.8,246.8,1549409,Voltas
30-09-2010,246.7,248.8,236.8,241.4,2923701,Voltas
01-10-2010,241.4,247.8,241.4,242.7,1161401,Voltas
04-10-2010,245.7,247.4,242.3,245.8,691231,Voltas
05-10-2010,245.8,247.4,240.3,241.1,705074,Voltas
06-10-2010,243.1,246.5,242,243.5,481940,Voltas
07-10-2010,244,257.4,239,241.2,3602970,Voltas
08-10-2010,244.9,245.8,236.6,239.2,690915,Voltas
11-10-2010,242.4,244.9,240.4,242.3,552187,Voltas
12-10-2010,244,245.9,238.4,240.3,302836,Voltas
13-10-2010,241.8,248.5,239.6,245.6,3073392,Voltas
14-10-2010,248.5,248.8,237.2,238.8,1796433,Voltas
15-10-2010,240.6,241.2,233.5,234.6,832736,Voltas
18-10-2010,235.9,237.5,228,235.8,710996,Voltas
19-10-2010,236.2,240.9,233.3,235.3,701351,Voltas
20-10-2010,234,235.4,229.7,231,427678,Voltas
21-10-2010,232.8,236.3,231.5,235.2,394751,Voltas
22-10-2010,236.1,241.8,236.1,238.9,778067,Voltas
25-10-2010,241,245,235.2,244.1,986390,Voltas
26-10-2010,244.9,245.7,237.4,241.1,1039150,Voltas
27-10-2010,239.1,247.4,234.4,246,2067295,Voltas
28-10-2010,248,253,238.4,241.3,3099446,Voltas
29-10-2010,244.8,248.8,240,245.2,691395,Voltas
01-11-2010,248,248.1,242.1,242.5,696286,Voltas
02-11-2010,242.5,243.2,238.3,239.5,620999,Voltas
03-11-2010,242,252.5,240.2,249.7,1029418,Voltas
04-11-2010,253.7,256.4,249.1,255.1,916706,Voltas
05-11-2010,259.6,259.6,252.4,253.3,69307,Voltas
08-11-2010,250.2,261.8,249.2,258.6,857234,Voltas
09-11-2010,260.7,260.7,255,259.1,471419,Voltas
10-11-2010,258,258.8,254.2,255.5,139610,Voltas
11-11-2010,256.2,262.4,251.2,252.6,715329,Voltas
12-11-2010,253,256.9,250.5,252.5,1174758,Voltas
15-11-2010,253,255.5,246.7,252.5,741463,Voltas
16-11-2010,252.5,254.9,247.3,248.6,533310,Voltas
18-11-2010,249.3,254.7,248.1,252.8,762698,Voltas
19-11-2010,256,256,245.1,246.8,1057629,Voltas
22-11-2010,248,249,242.1,246.2,419273,Voltas
23-11-2010,246,247.8,232.5,242,469517,Voltas
24-11-2010,242.8,247,241.1,243.2,513315,Voltas
25-11-2010,245,247,234.9,244.7,597467,Voltas
26-11-2010,241,246.5,230.2,244.3,664149,Voltas
29-11-2010,242.7,249,236.1,247.4,750779,Voltas
30-11-2010,248.1,248.1,240.1,243.8,519457,Voltas
01-12-2010,245,257.6,241.5,256.1,651300,Voltas
02-12-2010,259,259.9,250.4,252.7,443820,Voltas
03-12-2010,255,255,240.1,242.7,390793,Voltas
06-12-2010,244.8,246.9,241.5,242.6,222198,Voltas
07-12-2010,239.1,243.4,235,238.5,220405,Voltas
08-12-2010,237,237.1,231,233,390463,Voltas
09-12-2010,236,236,223.3,229.4,799075,Voltas
10-12-2010,234,235.4,224.2,231.4,611176,Voltas
13-12-2010,230.1,240.7,225.5,236.1,1244138,Voltas
14-12-2010,235,238.5,232.4,234.7,321320,Voltas
15-12-2010,235.1,235.1,223.1,225.8,435925,Voltas
16-12-2010,225,227,215.6,219.7,2313887,Voltas
20-12-2010,221.1,223,213.5,215.1,837549,Voltas
21-12-2010,217,220.8,215.3,219.9,604649,Voltas
22-12-2010,220,223.6,219.1,222.2,511740,Voltas
23-12-2010,222.9,225.4,220.1,220.8,260145,Voltas
24-12-2010,220,226,217.5,221.3,181783,Voltas
27-12-2010,221.8,222,217.9,219.4,142755,Voltas
28-12-2010,215.3,221,215.3,216.8,142568,Voltas
29-12-2010,216,217.5,213,215.6,403967,Voltas
30-12-2010,216.9,217,213.5,215.1,692208,Voltas
31-12-2010,215.6,219.7,214.1,217.7,1258577,Voltas
03-01-2011,219,226.4,218,225.7,963114,Voltas
04-01-2011,227.4,227.5,221.6,223,689487,Voltas
05-01-2011,223,225.6,219.1,220.7,399698,Voltas
06-01-2011,221.9,222.4,217.1,218.4,219599,Voltas
07-01-2011,218.9,218.9,212.8,214.6,313162,Voltas
10-01-2011,215.5,215.5,203.5,207.2,647657,Voltas
11-01-2011,207,214,204.6,210.4,769592,Voltas
12-01-2011,213.1,213.1,207.1,209.7,772038,Voltas
13-01-2011,210.7,211.7,207.1,209.2,327506,Voltas
14-01-2011,205.2,210.9,205.2,206.9,295592,Voltas
17-01-2011,207,207,201.5,204.3,193805,Voltas
18-01-2011,205,217.5,205,210,596192,Voltas
19-01-2011,212.9,213,208.4,209.8,180268,Voltas
20-01-2011,208.4,210.8,207,210,196197,Voltas
21-01-2011,208,214.8,207.2,211.2,290171,Voltas
24-01-2011,211,212.9,209.2,210.9,237581,Voltas
25-01-2011,211.4,217.4,210.1,215.5,669716,Voltas
27-01-2011,216,219.8,207,212.9,1614905,Voltas
28-01-2011,210,212,196.6,198.6,1552245,Voltas
31-01-2011,195.4,197,186.7,192,985047,Voltas
01-02-2011,194,194.3,185.1,187.2,2280302,Voltas
02-02-2011,186,190,184.8,187.9,1178555,Voltas
03-02-2011,186,186,168.9,181,4919276,Voltas
04-02-2011,180,190.8,171.1,172.9,3028886,Voltas
07-02-2011,172.9,174.8,170.1,171.1,878614,Voltas
08-02-2011,171,172.3,167,167.9,901586,Voltas
09-02-2011,167.9,171.4,159.1,162.8,758358,Voltas
10-02-2011,162.4,168,159.6,165.6,550571,Voltas
11-02-2011,168,171.8,158.5,170,782848,Voltas
14-02-2011,172.5,179.9,171.1,179,556108,Voltas
15-02-2011,183,184,175.1,176.8,903382,Voltas
16-02-2011,176.8,178.8,173.6,177.5,601606,Voltas
17-02-2011,178.7,179.2,175.1,177.3,359550,Voltas
18-02-2011,179,179.7,168,169.8,285938,Voltas
21-02-2011,169,172,165.6,171.1,334613,Voltas
22-02-2011,170,174.3,166.9,168.3,641349,Voltas
23-02-2011,168.1,172.8,163.4,164.1,676219,Voltas
24-02-2011,162.1,165.7,157.6,158.8,1323139,Voltas
25-02-2011,160,162.9,156.2,159.1,392235,Voltas
28-02-2011,160,167.9,160,164.6,1256023,Voltas
01-03-2011,166,168.5,163.8,165.3,869621,Voltas
03-03-2011,166.1,168.9,159.6,161.8,894107,Voltas
04-03-2011,162.5,164,155.8,157.3,1039015,Voltas
07-03-2011,157.3,159,153.1,157,533328,Voltas
08-03-2011,157,160.5,156.5,157.2,398299,Voltas
09-03-2011,158.1,159.8,157.2,157.8,337747,Voltas
10-03-2011,157.8,158.4,156,156.4,168034,Voltas
11-03-2011,155.7,157,149.4,150.9,1211262,Voltas
14-03-2011,150,158,147,156.9,1602310,Voltas
15-03-2011,155,155,149.7,151.6,558549,Voltas
16-03-2011,153,160,152.2,159,1643551,Voltas
17-03-2011,157,163.4,155.4,158.9,1353881,Voltas
18-03-2011,161.2,161.9,156.9,157.7,582506,Voltas
21-03-2011,159,160.9,153.1,155,371860,Voltas
22-03-2011,157,158.9,156,156.9,446698,Voltas
23-03-2011,156.6,162.7,155.1,162,1654424,Voltas
24-03-2011,162,167.2,162,165.8,1334495,Voltas
25-03-2011,166.5,174.7,166.5,171.7,3204173,Voltas
28-03-2011,173,174.8,168.7,170.3,2246120,Voltas
29-03-2011,170.8,174.9,170.7,173,761847,Voltas
30-03-2011,173,183,173,181.7,1495515,Voltas
31-03-2011,181,184.8,179.5,182.7,2621911,Voltas
01-04-2011,182.8,182.8,176.5,178.5,2828602,Voltas
04-04-2011,178,181.5,178,180.3,926742,Voltas
05-04-2011,181.5,187.8,180.1,184.6,1997273,Voltas
06-04-2011,186,188.7,184.1,185,2967593,Voltas
07-04-2011,186.5,186.5,181.2,182.3,828586,Voltas
08-04-2011,182,185,180.1,181.4,578857,Voltas
11-04-2011,181.3,181.3,175.1,175.9,555933,Voltas
13-04-2011,175.5,176.6,173.5,176.2,679951,Voltas
15-04-2011,176.3,179.3,172.6,175.2,564531,Voltas
18-04-2011,176.3,180.7,169.3,170.7,979212,Voltas
19-04-2011,172,173.8,168.2,172.3,608044,Voltas
20-04-2011,173.3,177.5,172.9,173.5,856512,Voltas
21-04-2011,175,177,173.8,174.7,419948,Voltas
25-04-2011,175.1,180.4,175,176.7,1074635,Voltas
26-04-2011,177,177.3,173,175.6,600022,Voltas
27-04-2011,175.5,177,173.3,174.2,280945,Voltas
28-04-2011,175.2,175.5,164.8,166.1,1685831,Voltas
29-04-2011,165.5,167.8,163,165.3,621714,Voltas
02-05-2011,167.3,169.8,163.7,168.3,1070413,Voltas
03-05-2011,171.4,171.4,163,164.1,398171,Voltas
04-05-2011,150.1,167.8,150.1,167,709109,Voltas
05-05-2011,167.7,168.9,165.1,168.2,602868,Voltas
06-05-2011,168.4,170.5,166.5,168.3,280171,Voltas
09-05-2011,168.4,170.5,166.7,167.6,336522,Voltas
10-05-2011,166.2,168.5,166.1,167.7,339242,Voltas
11-05-2011,168,172,166.5,170,232615,Voltas
12-05-2011,170.1,174.7,164.6,165.4,930712,Voltas
13-05-2011,166.6,167.5,161.3,165,499743,Voltas
16-05-2011,164.8,164.8,161.6,162.5,465229,Voltas
17-05-2011,163.1,163.9,159,161.7,671593,Voltas
18-05-2011,160,162.5,159.6,160.9,411460,Voltas
19-05-2011,160.9,162,151.2,152.3,1277865,Voltas
20-05-2011,153,164.8,147.1,161.7,3175511,Voltas
23-05-2011,161.5,164.9,159,164.2,1053311,Voltas
24-05-2011,164.9,165.1,162.1,164.6,422123,Voltas
25-05-2011,164.5,166,161.3,162.6,283660,Voltas
26-05-2011,162.5,168.2,162,163.4,564558,Voltas
27-05-2011,164.9,165.9,163.6,164.7,229371,Voltas
30-05-2011,165.5,168.6,165.5,167.5,379445,Voltas
31-05-2011,168,171.3,166,168.3,685664,Voltas
01-06-2011,169.5,170.7,166,168.6,440531,Voltas
02-06-2011,168,168,164.7,166.1,189372,Voltas
03-06-2011,165.7,167.5,164.1,164.8,164919,Voltas
06-06-2011,163.8,164.5,162.4,163.7,119359,Voltas
07-06-2011,163.7,166,163.1,164.1,229697,Voltas
08-06-2011,163.7,164.8,160.6,161.6,651260,Voltas
09-06-2011,161.6,163,160.9,162.3,247185,Voltas
10-06-2011,163.5,163.5,161.1,162.1,182602,Voltas
13-06-2011,162.1,162.6,160.8,162.2,73901,Voltas
14-06-2011,162.9,169.6,161.4,168.8,615428,Voltas
15-06-2011,169,170,162.9,164.1,633233,Voltas
16-06-2011,164.1,167.6,161.1,166.7,700182,Voltas
17-06-2011,166.7,168,164.1,165.9,546863,Voltas
20-06-2011,165.7,165.7,157,161.2,349867,Voltas
21-06-2011,162,163,158.7,159.6,436708,Voltas
22-06-2011,159.6,162.7,155.5,157.6,511871,Voltas
23-06-2011,156.1,157,153,154.8,1233574,Voltas
24-06-2011,154.8,158.9,154.8,158,576383,Voltas
27-06-2011,157.8,159.7,157.1,158.9,248363,Voltas
28-06-2011,161,162,159.1,161.1,488515,Voltas
29-06-2011,162,163.5,157,159.7,2587521,Voltas
30-06-2011,161.1,161.6,157.3,159.6,1662822,Voltas
01-07-2011,161,161.5,157.7,158.9,1121694,Voltas
04-07-2011,161.1,163.9,160,163.2,1899939,Voltas
05-07-2011,163.9,169.4,163.9,168.5,3210805,Voltas
06-07-2011,169.6,169.8,163,163.8,1660843,Voltas
07-07-2011,164,167.7,163.6,166.6,1158859,Voltas
08-07-2011,166.6,167.5,163.7,165.1,677594,Voltas
11-07-2011,164,164.3,161.2,161.6,519054,Voltas
12-07-2011,161.6,161.6,156.3,157.3,653841,Voltas
13-07-2011,160,160,157,158.8,295099,Voltas
14-07-2011,159.3,161.4,157.5,160.1,418452,Voltas
15-07-2011,160.1,162.5,159,160,331852,Voltas
18-07-2011,160.9,161.3,158.3,158.8,275798,Voltas
19-07-2011,158.3,161,158,159.7,547093,Voltas
20-07-2011,160,160.5,153.7,154.6,1113482,Voltas
21-07-2011,155.1,155.1,148,148.7,1505273,Voltas
22-07-2011,151,151,146.6,147.2,1402617,Voltas
25-07-2011,149.7,149.7,142,142.5,1803202,Voltas
26-07-2011,143.9,145.3,140.6,143.1,1905378,Voltas
27-07-2011,144.5,145.2,141.6,143.2,1379313,Voltas
28-07-2011,143,143.1,139.5,141.6,1604539,Voltas
29-07-2011,142.4,144.4,135.2,137.2,2052418,Voltas
01-08-2011,138,140.1,132.1,135.1,2234317,Voltas
02-08-2011,135,137,132.6,134.1,2111053,Voltas
03-08-2011,132.7,133.8,128.3,131.6,1119217,Voltas
04-08-2011,132,134.6,130.7,131.5,541749,Voltas
05-08-2011,125,132.4,123.5,131.5,1466783,Voltas
08-08-2011,128,135.5,125.6,133.2,1160519,Voltas
09-08-2011,127,132.7,127,130.1,1949718,Voltas
10-08-2011,131.5,134.4,126.1,133.6,852300,Voltas
11-08-2011,133,136.9,130.1,133.5,1087706,Voltas
12-08-2011,134.6,135.8,132.2,133.7,610921,Voltas
16-08-2011,132,136.9,130.1,133,961432,Voltas
17-08-2011,132.1,133.5,128,130.4,988136,Voltas
19-08-2011,126,128.5,115.2,116.9,2368834,Voltas
22-08-2011,119,124.7,111.5,115.2,1906691,Voltas
23-08-2011,116.2,119.6,113.2,114.3,2746473,Voltas
24-08-2011,117.9,117.9,113.6,114.9,1053095,Voltas
25-08-2011,114.9,116.3,111.8,112.5,1002024,Voltas
26-08-2011,111.8,112.7,108.2,110.6,635230,Voltas
29-08-2011,111.1,115,111,113.8,565131,Voltas
30-08-2011,115.4,117.4,113.1,116,564525,Voltas
02-09-2011,117.4,121.7,115.1,120.9,1064572,Voltas
05-09-2011,119.8,122.9,118.1,120.5,682404,Voltas
06-09-2011,119,120.7,115.2,119.7,777271,Voltas
07-09-2011,120.7,124.3,120,122,1727534,Voltas
08-09-2011,123,126.7,121.7,124.8,1680272,Voltas
09-09-2011,125,125.4,121.2,122.3,1093208,Voltas
12-09-2011,121.9,121.9,117.2,118.7,1312598,Voltas
13-09-2011,117,122.9,117,119,1183705,Voltas
14-09-2011,120.1,120.1,115.2,117.3,1395410,Voltas
15-09-2011,118.3,119.9,117.5,119.3,696129,Voltas
16-09-2011,120.6,125,118,123.4,1124936,Voltas
19-09-2011,124,124.6,118.4,118.8,1064690,Voltas
20-09-2011,116,120.9,115,120.2,782699,Voltas
21-09-2011,122,124.8,120.3,121.1,801259,Voltas
22-09-2011,120.5,121,118.1,118.8,731827,Voltas
23-09-2011,117.3,117.7,115.3,117.1,294609,Voltas
26-09-2011,117,119.4,115.4,117.8,417085,Voltas
27-09-2011,119.9,120.5,118.2,119.8,322888,Voltas
28-09-2011,120.9,122,119.3,119.9,755617,Voltas
29-09-2011,118,120.6,116.6,119.6,1113387,Voltas
30-09-2011,119,119.5,108.6,111.2,1510368,Voltas
03-10-2011,108.3,109,104.1,105,785831,Voltas
04-10-2011,104.5,107.5,102.2,103,902015,Voltas
05-10-2011,103.4,105.4,102.2,102.6,674951,Voltas
07-10-2011,103.1,108.7,103.1,104.8,1168192,Voltas
10-10-2011,104.8,106.5,100.4,101.9,1660340,Voltas
11-10-2011,103,104.4,99.5,100.7,1305165,Voltas
12-10-2011,101,101.4,99,100.4,2424536,Voltas
13-10-2011,101.4,105.4,101,102.2,3454628,Voltas
14-10-2011,102.9,105.9,102.2,105.5,1499246,Voltas
17-10-2011,106.4,107,103.1,103.5,1495740,Voltas
18-10-2011,102.7,102.7,98.4,99.3,1970333,Voltas
19-10-2011,99.9,101,99,100.1,1324757,Voltas
20-10-2011,99.3,100,98.3,99.6,791672,Voltas
21-10-2011,100.5,100.7,96.1,96.7,1353280,Voltas
24-10-2011,98.2,98.9,95.6,96,1157147,Voltas
25-10-2011,96.3,97,94.8,96.2,1049715,Voltas
26-10-2011,105,105,95.6,97.5,238495,Voltas
28-10-2011,101,102.8,98.7,100.6,2257946,Voltas
31-10-2011,100.7,101.9,99.1,99.8,1121441,Voltas
01-11-2011,99.6,101.5,97.6,98.8,523169,Voltas
02-11-2011,98.2,100.4,97.6,99,457252,Voltas
03-11-2011,98.2,100.5,98.2,100.2,445074,Voltas
04-11-2011,101.8,106,100.6,105.5,2144237,Voltas
08-11-2011,106.4,109.5,106,107.8,1805812,Voltas
09-11-2011,106,108.4,101.4,102.2,1486671,Voltas
11-11-2011,99.3,99.3,94.3,95.2,2669405,Voltas
14-11-2011,96.3,96.5,92,93.1,1036333,Voltas
15-11-2011,94.5,94.5,91.4,91.8,880958,Voltas
16-11-2011,92.1,94,89.1,90,1214986,Voltas
17-11-2011,90,91,88.1,88.5,980022,Voltas
18-11-2011,88.2,88.8,85.8,87,883706,Voltas
21-11-2011,87.8,87.8,82,83.4,707105,Voltas
22-11-2011,83.6,86,81.4,84.3,582216,Voltas
23-11-2011,84.3,85.7,82,84.1,698291,Voltas
24-11-2011,84.1,88,82.2,87.2,873915,Voltas
25-11-2011,87.2,91.3,85.8,89.6,896509,Voltas
28-11-2011,93.9,99,89.7,91,569727,Voltas
29-11-2011,79.9,95,79.9,91.8,466553,Voltas
30-11-2011,91.7,92.5,89.3,91.7,367339,Voltas
01-12-2011,93,95,88,91,712489,Voltas
02-12-2011,91.4,92.7,89.1,92,425055,Voltas
05-12-2011,92,92.3,90.5,91.3,298680,Voltas
07-12-2011,91.5,92.5,89.4,90,782370,Voltas
08-12-2011,89.7,90.9,87.2,88.1,599895,Voltas
09-12-2011,88.1,88.8,85.3,87.8,1381916,Voltas
12-12-2011,87.8,88.9,84.3,84.9,1196875,Voltas
13-12-2011,85,85.9,83.2,85,882613,Voltas
14-12-2011,85.1,88.4,83.3,83.8,1405463,Voltas
15-12-2011,84,84.7,81.3,83.2,764928,Voltas
16-12-2011,83.2,84.9,78.6,79.8,674178,Voltas
19-12-2011,78.5,79.8,74.4,78.7,619810,Voltas
20-12-2011,75.3,79.5,75.3,76,538240,Voltas
21-12-2011,76.7,78.6,74.5,75.9,732485,Voltas
22-12-2011,75.9,79.1,73.5,78.4,1462834,Voltas
23-12-2011,78.4,81.9,78.4,80.4,514529,Voltas
26-12-2011,80.4,82.9,80,81.1,267031,Voltas
27-12-2011,81.7,82.1,76.7,77.1,785726,Voltas
28-12-2011,87.3,87.3,74.1,76.1,612539,Voltas
29-12-2011,76.1,76.1,71.7,72.7,1436049,Voltas
30-12-2011,74,74,71.7,73.5,629913,Voltas
02-01-2012,73.5,75.4,72.3,75.2,351870,Voltas
03-01-2012,75.2,79.9,75,79.3,915060,Voltas
04-01-2012,79.2,80.7,77.3,78.9,619608,Voltas
05-01-2012,79,79.8,75.8,76.7,478245,Voltas
06-01-2012,74.1,78.5,73.8,76.3,801192,Voltas
09-01-2012,77,81.2,75.6,80.4,891522,Voltas
10-01-2012,81.5,83.2,81,82.6,1006948,Voltas
11-01-2012,82.4,84.8,82.1,83,816400,Voltas
12-01-2012,82.1,87,82.1,85.1,1652407,Voltas
13-01-2012,86.3,88.8,85.7,86.5,1048547,Voltas
16-01-2012,85.9,87.3,84.3,86.8,834020,Voltas
17-01-2012,86.6,92.8,86,92,2456092,Voltas
18-01-2012,94,94.9,81,82.3,10258588,Voltas
19-01-2012,82.5,89.5,77.7,88.3,7718279,Voltas
20-01-2012,90,93.3,88.5,92.1,5193540,Voltas
23-01-2012,92,94.9,91.1,92,1511071,Voltas
24-01-2012,91,96.3,89.6,95.3,2133508,Voltas
25-01-2012,96.2,98.4,95.3,97.3,3337809,Voltas
27-01-2012,100,100,94.1,95,2184324,Voltas
30-01-2012,95.3,95.3,89.9,90.8,1702761,Voltas
31-01-2012,91,97,90.2,96.4,1637376,Voltas
01-02-2012,96.5,97.8,94.2,95.7,2160907,Voltas
02-02-2012,96.8,98.2,93.8,95.1,2395606,Voltas
03-02-2012,95,95.3,92.4,93.5,1015212,Voltas
06-02-2012,95.3,104.3,94.5,103.4,6908155,Voltas
07-02-2012,110,110,98.8,99.5,3267274,Voltas
08-02-2012,98.5,100.8,96.5,97.3,2228775,Voltas
09-02-2012,97.8,101.9,96.7,100.8,2106821,Voltas
10-02-2012,100.8,104,98.5,100,2079018,Voltas
13-02-2012,101.4,101.4,97.1,97.7,1413663,Voltas
14-02-2012,97,97.4,93.3,94.6,3406253,Voltas
15-02-2012,93.3,119.4,93.3,117.7,31077732,Voltas
16-02-2012,118.3,119.9,110.8,111.6,8420853,Voltas
17-02-2012,113,114.3,107.1,108.5,6182399,Voltas
21-02-2012,110,119.2,108.5,114.6,11636349,Voltas
22-02-2012,115.9,117.4,100.7,103,8236901,Voltas
23-02-2012,97.3,113.3,97.3,111,8211697,Voltas
24-02-2012,112,113,107.2,108.5,3949940,Voltas
27-02-2012,113,113,100.7,104.6,4923575,Voltas
28-02-2012,109,110.4,105,108.5,3047931,Voltas
29-02-2012,110.4,115.7,108,109.9,5442023,Voltas
01-03-2012,110.1,114.5,106,113.4,4403862,Voltas
02-03-2012,115.4,121.8,113.5,116.3,8610827,Voltas
05-03-2012,115.9,116.2,110.4,111,2700195,Voltas
06-03-2012,111,114.5,106.3,107.6,2828141,Voltas
07-03-2012,106.9,109.2,104.5,108,3031701,Voltas
09-03-2012,110.9,117,110.7,116.1,3454277,Voltas
12-03-2012,119.7,127.3,117.5,126.6,9683157,Voltas
13-03-2012,129.3,132.6,127.5,129.9,7897901,Voltas
14-03-2012,131.4,131.8,127.1,128.2,3214499,Voltas
15-03-2012,128,130.6,124.2,125.3,2522426,Voltas
16-03-2012,126.2,132.9,125.1,129.4,5050630,Voltas
19-03-2012,130.5,131.8,121.7,122.7,3376223,Voltas
20-03-2012,122.3,126.3,119.4,122.4,3632414,Voltas
21-03-2012,120.6,125.5,120.6,124.8,3084383,Voltas
22-03-2012,126,129.3,119.4,121,4039938,Voltas
23-03-2012,120.5,123.2,113.8,116.1,5434067,Voltas
26-03-2012,116,116.2,107.7,109.3,4053550,Voltas
27-03-2012,111.2,113.7,109.6,110.4,3368266,Voltas
28-03-2012,111,112.8,105.4,106,2728029,Voltas
29-03-2012,105,110.7,103.5,109.5,4648019,Voltas
30-03-2012,110.5,113.1,109.5,112.3,1661498,Voltas
02-04-2012,112.8,114.7,112.5,113.4,1058258,Voltas
03-04-2012,115.5,120.2,115,118.7,3557395,Voltas
04-04-2012,119,122.2,110.5,121.2,4281112,Voltas
09-04-2012,121.2,123.3,118.1,121.2,2740288,Voltas
10-04-2012,119.5,122.4,117.1,117.9,1622388,Voltas
11-04-2012,117.2,118.4,114.9,115.5,1372303,Voltas
12-04-2012,116.2,120.3,116,118.3,1500843,Voltas
13-04-2012,120,121.1,115.7,116.2,1358134,Voltas
16-04-2012,115.1,117.5,114,116.4,1090237,Voltas
17-04-2012,117.1,119.7,116.2,119,1100449,Voltas
18-04-2012,119.9,121.2,116.5,117.1,914167,Voltas
19-04-2012,116.5,119.4,116.5,118.1,708210,Voltas
20-04-2012,116.1,118.5,115,115.2,665703,Voltas
23-04-2012,115.3,116.4,110.7,111.5,858478,Voltas
24-04-2012,112,116.4,110.7,115.6,1348907,Voltas
25-04-2012,116.3,117.2,111.6,114,1181669,Voltas
26-04-2012,114,114.7,111.2,111.8,868623,Voltas
27-04-2012,112.5,114.2,107.2,108.7,1114607,Voltas
30-04-2012,108.8,110.5,106.9,109.3,1528573,Voltas
02-05-2012,110,112.5,110,110.9,1101505,Voltas
03-05-2012,110.4,110.6,108.2,109.5,542076,Voltas
04-05-2012,108.5,108.8,106,106.9,783464,Voltas
07-05-2012,103.5,110,101.5,109.9,2462350,Voltas
08-05-2012,110.1,111.2,106.3,107.7,831685,Voltas
09-05-2012,109.5,109.5,105.1,106.6,789357,Voltas
10-05-2012,106.5,110.1,106.4,109.6,1142641,Voltas
11-05-2012,109.1,111,105.1,107.3,2247252,Voltas
14-05-2012,106.9,108.9,105.5,108.4,731969,Voltas
15-05-2012,109.5,112.5,106.7,110.7,1249863,Voltas
16-05-2012,109.4,111,103.3,106.1,2972301,Voltas
17-05-2012,105.3,107.6,98.4,99,2670182,Voltas
18-05-2012,97,98,93.7,96,3771576,Voltas
21-05-2012,96.1,99,96.1,98.3,1340004,Voltas
22-05-2012,100.8,100.8,94.7,95.7,1451038,Voltas
23-05-2012,95.7,96.4,90.7,91.2,1883421,Voltas
24-05-2012,92,92.4,88.6,90.5,2678462,Voltas
25-05-2012,91.1,103.4,91.1,101.5,13517631,Voltas
28-05-2012,101,108,99.6,107,7017805,Voltas
29-05-2012,105.7,107,101,102,4414218,Voltas
30-05-2012,101,102.2,97.7,98.3,4415096,Voltas
31-05-2012,97,101,96.3,100.2,2679401,Voltas
01-06-2012,99.6,102,96.8,97.4,1819619,Voltas
04-06-2012,97,97,93,94.7,2294337,Voltas
05-06-2012,96.7,98.1,95.2,95.6,1863775,Voltas
06-06-2012,95,99.5,91,99.1,2147077,Voltas
07-06-2012,101.8,103.4,99.9,103.1,3779534,Voltas
08-06-2012,103,104.9,102,104.3,2219124,Voltas
11-06-2012,105,111.4,104.6,108.3,5649063,Voltas
12-06-2012,107.2,108.9,106,107.2,3468870,Voltas
13-06-2012,107.3,107.3,103.1,104,2638389,Voltas
14-06-2012,105.5,105.9,99.8,101.2,1985341,Voltas
15-06-2012,102,103.2,101.5,102,1047513,Voltas
18-06-2012,103.4,105.8,101.1,102.1,1625395,Voltas
19-06-2012,102.6,102.7,98.7,100.2,1992645,Voltas
20-06-2012,100,102.8,100,100.4,1517035,Voltas
21-06-2012,101.2,103.8,100,103.2,3029410,Voltas
22-06-2012,101.7,102.9,101.1,102.1,1282488,Voltas
25-06-2012,102.8,104.8,100,100.4,1646819,Voltas
26-06-2012,100.7,102.2,100.2,101.1,925501,Voltas
27-06-2012,102.1,102.9,101,102,887309,Voltas
28-06-2012,102.7,103.2,101.1,102,1043529,Voltas
29-06-2012,103,106.4,102.6,104.7,2243264,Voltas
02-07-2012,105,108.3,104.9,107.2,1925167,Voltas
03-07-2012,108.1,108.9,106.2,107.4,945273,Voltas
04-07-2012,108,116.2,107.7,115.2,7384629,Voltas
05-07-2012,115.5,117.7,115.4,116.8,2865080,Voltas
06-07-2012,116.5,117.1,113.2,114.4,1624623,Voltas
09-07-2012,114.1,114.4,109.1,109.8,1352799,Voltas
10-07-2012,108.4,116.1,108.4,115,2910370,Voltas
11-07-2012,115,115.1,112.5,113,1021842,Voltas
12-07-2012,113,114.4,110.6,113.4,1124028,Voltas
13-07-2012,114.4,115.5,112.3,113.2,1154058,Voltas
16-07-2012,113.4,114.9,100.8,111.7,1214824,Voltas
17-07-2012,112.1,114.2,108.4,109,1142656,Voltas
18-07-2012,109,114.4,109,113.7,1861722,Voltas
19-07-2012,115.3,116.5,113.2,115.7,1790076,Voltas
20-07-2012,116.2,116.5,113,113.8,1007355,Voltas
23-07-2012,116,116,108.3,109.2,819708,Voltas
24-07-2012,110.5,111.5,105.7,107.3,1529111,Voltas
25-07-2012,107.6,108.4,105.3,105.9,1002574,Voltas
26-07-2012,106.4,108.3,100.1,101,1723673,Voltas
27-07-2012,103,104.9,98.5,100,1393442,Voltas
30-07-2012,100,105.1,100,104.7,1376613,Voltas
31-07-2012,104.7,106.7,101.7,106.3,2026880,Voltas
01-08-2012,101,105.6,101,104.2,4993713,Voltas
02-08-2012,101,107.9,101,107.1,5608228,Voltas
03-08-2012,106.9,106.9,103.6,105,1293493,Voltas
06-08-2012,106.1,108.3,104.5,107.2,1624193,Voltas
07-08-2012,108.1,110.9,107.6,109.4,2493180,Voltas
08-08-2012,110.8,111,108.1,108.8,1108765,Voltas
09-08-2012,109,109.8,106,107.3,1051071,Voltas
10-08-2012,106.5,107.5,103.3,105.2,1485619,Voltas
13-08-2012,105.1,110.1,104.2,108.9,1107911,Voltas
14-08-2012,107,112.6,107,111.3,2282099,Voltas
16-08-2012,112.2,113.5,111.2,111.8,1286393,Voltas
17-08-2012,112.1,114.8,111,112.7,1578311,Voltas
21-08-2012,113.4,114.5,110.1,112.6,947349,Voltas
22-08-2012,112,113.7,110.6,111.3,690543,Voltas
23-08-2012,113,116.8,111.7,116.4,3037661,Voltas
24-08-2012,119.9,119.9,113,113.5,3378777,Voltas
27-08-2012,113.2,114,109.2,111,1520574,Voltas
28-08-2012,110,112.2,108,110.6,1423924,Voltas
29-08-2012,111,112.4,109.6,110.8,977468,Voltas
30-08-2012,110.2,112.9,109,111.8,821270,Voltas
31-08-2012,111.2,112.2,109.6,110.2,736610,Voltas
03-09-2012,110.9,112.4,109.8,110.5,513231,Voltas
04-09-2012,111.2,111.8,108.8,109.7,841370,Voltas
05-09-2012,110.5,110.5,106.2,106.7,700185,Voltas
06-09-2012,109,110.5,105.1,109.5,1168886,Voltas
07-09-2012,111.2,112.5,110.5,111.6,864650,Voltas
10-09-2012,112.5,114.3,111.3,111.9,1066174,Voltas
11-09-2012,113.8,113.8,111.5,111.9,749229,Voltas
12-09-2012,112.4,116.4,111.9,113.9,2606188,Voltas
13-09-2012,115,115,111.2,111.8,856983,Voltas
14-09-2012,113.4,116.5,113,116.3,1563301,Voltas
17-09-2012,118.6,122.8,116.7,121.2,4118657,Voltas
18-09-2012,122.5,123,120.6,121,2133341,Voltas
20-09-2012,119.6,121.6,118.1,120.3,1471183,Voltas
21-09-2012,121,128.9,121,125.3,4312263,Voltas
24-09-2012,127.7,130.9,125.5,126.9,2595732,Voltas
25-09-2012,127.1,128.5,123.2,126.8,1321077,Voltas
26-09-2012,126.8,135.4,125.4,134.7,3959581,Voltas
27-09-2012,134.9,136.3,125.8,126.7,4515673,Voltas
28-09-2012,128,129.3,124.3,125,2206552,Voltas
01-10-2012,124,124.8,121.6,122.1,2459287,Voltas
03-10-2012,124.4,124.8,120.7,122.7,2199036,Voltas
04-10-2012,123,124.7,121,122.2,2186714,Voltas
05-10-2012,122.9,123.7,117.7,120.9,1809908,Voltas
08-10-2012,121,124.8,119.5,120.3,3259471,Voltas
09-10-2012,121,125.7,120.1,124.5,5166796,Voltas
10-10-2012,123.9,124.4,120.2,120.6,1476733,Voltas
11-10-2012,120.8,125.8,119.7,125.2,1845275,Voltas
12-10-2012,125.7,127.3,123.6,124.1,2061642,Voltas
15-10-2012,124.3,124.9,122.3,122.8,801222,Voltas
16-10-2012,123.9,123.9,118,118.6,955300,Voltas
17-10-2012,119.5,121.3,116.9,119.3,1404976,Voltas
18-10-2012,120,121.5,118.2,120.7,1202986,Voltas
19-10-2012,121.1,121.4,117.3,118.3,969607,Voltas
22-10-2012,117.8,118.6,114.8,115.3,1282564,Voltas
23-10-2012,115.4,115.8,111.9,112.5,1692104,Voltas
25-10-2012,113.7,115.5,111.6,115.1,2212015,Voltas
26-10-2012,115.1,116.5,112.6,113.8,1024917,Voltas
29-10-2012,114.7,114.7,110.8,112.1,753079,Voltas
30-10-2012,112.3,114,107.1,109.8,980195,Voltas
31-10-2012,111,111.8,108,110.8,846386,Voltas
01-11-2012,110.8,115.3,109.7,114.8,1276636,Voltas
02-11-2012,115,117.3,114.3,115.9,1316137,Voltas
05-11-2012,115,119,111.1,117.2,1921298,Voltas
06-11-2012,114.4,115,111.8,113.8,3090625,Voltas
07-11-2012,114.1,115.9,111.5,112.3,1729458,Voltas
08-11-2012,112,114.9,110.6,114,1337522,Voltas
09-11-2012,114.9,115.5,112.2,112.8,736286,Voltas
12-11-2012,113.1,113.9,111.2,112.5,617834,Voltas
13-11-2012,113,113.5,112.5,112.8,137031,Voltas
15-11-2012,111.4,112.5,108.9,109.5,988938,Voltas
16-11-2012,108.1,111,106.1,106.6,1147786,Voltas
19-11-2012,107,107.8,104.6,105.9,831768,Voltas
20-11-2012,106.9,107.8,101.9,102.4,1841268,Voltas
21-11-2012,103.1,104.8,100.9,103.9,1227518,Voltas
22-11-2012,106,106,101.5,103.5,1050330,Voltas
23-11-2012,103.6,104.2,101.5,102.1,1110072,Voltas
26-11-2012,102.6,104.2,102.5,103.8,868271,Voltas
27-11-2012,104,106.6,104,105.3,1567469,Voltas
29-11-2012,105.3,108.2,104.3,107.2,1216044,Voltas
30-11-2012,106.7,109.9,106.7,108.3,1478331,Voltas
03-12-2012,105.2,112,105.2,111.1,1237547,Voltas
04-12-2012,111.9,115.1,111.6,114.6,1828442,Voltas
05-12-2012,113,116.5,112.4,113.3,1971501,Voltas
06-12-2012,114,115.5,112,114.4,1087178,Voltas
07-12-2012,114,116.8,112,112.9,2637702,Voltas
10-12-2012,112.9,114.1,109.3,110.1,1484716,Voltas
11-12-2012,109.5,111.7,106.5,107.4,1315109,Voltas
12-12-2012,107,108.8,105.4,106.1,1532910,Voltas
13-12-2012,107,107.8,103.8,104.3,1401224,Voltas
14-12-2012,105.4,105.4,102.5,104.6,2015663,Voltas
17-12-2012,104.6,110.4,104.4,109,3424380,Voltas
18-12-2012,110.8,110.9,107.1,110.1,1964557,Voltas
19-12-2012,111.2,111.9,109.1,109.9,1313345,Voltas
20-12-2012,110,110,108,108.8,1144227,Voltas
21-12-2012,110.7,114,104.3,104.5,1886424,Voltas
24-12-2012,104,105.5,103.2,103.6,1613900,Voltas
26-12-2012,107,107,103.7,104.7,1236641,Voltas
27-12-2012,105.6,106,103.3,103.9,2698952,Voltas
28-12-2012,105,105.5,103.9,105.1,961322,Voltas
31-12-2012,105.8,106.5,104.6,105.9,1106006,Voltas
01-01-2013,106,107.8,106,106.8,1302458,Voltas
02-01-2013,107.5,109.3,107.2,109,1744268,Voltas
03-01-2013,109.6,110.6,108.5,108.9,1877255,Voltas
04-01-2013,109,109,106.4,106.9,2433752,Voltas
07-01-2013,105.1,107.7,104.7,105,2154205,Voltas
08-01-2013,105.1,108.7,104.2,108.3,3280252,Voltas
09-01-2013,109,110.5,105.7,106.4,3398949,Voltas
10-01-2013,107.4,107.9,105.2,106.2,1277543,Voltas
11-01-2013,105.3,107.2,103.5,104.1,1411644,Voltas
14-01-2013,104.6,105.8,103.3,105.5,1500667,Voltas
15-01-2013,106,106.8,104.3,104.9,1301868,Voltas
16-01-2013,104.9,107,102.5,102.7,2831211,Voltas
17-01-2013,102.6,103.4,100.4,101.3,2740526,Voltas
18-01-2013,101.8,102.8,100.1,100.7,2323769,Voltas
21-01-2013,101.3,102.2,100.7,101.3,1675439,Voltas
22-01-2013,101.9,103,98.3,98.6,2571802,Voltas
23-01-2013,99,99.7,96.1,97.7,2491678,Voltas
24-01-2013,98,99.8,95.4,96.6,2283504,Voltas
25-01-2013,96.5,98.3,94.5,97.6,1294512,Voltas
28-01-2013,98,98.8,96.5,96.9,968669,Voltas
29-01-2013,97.9,98.3,96.3,96.8,925778,Voltas
30-01-2013,96.7,97.9,96.3,97.1,878410,Voltas
31-01-2013,97.1,98.8,96.7,97.7,2419482,Voltas
01-02-2013,98.4,99.2,97.5,98.2,927762,Voltas
04-02-2013,98.8,99.5,96.4,97.7,1387065,Voltas
05-02-2013,97.9,98.5,95.8,98.1,1760520,Voltas
06-02-2013,98.4,99,96.6,97,876075,Voltas
07-02-2013,97,97.7,96.1,96.9,635633,Voltas
08-02-2013,97,97.1,94.8,95.5,637014,Voltas
11-02-2013,96.3,100,94.3,95.8,1858118,Voltas
12-02-2013,96.1,97.2,93.8,95,1814864,Voltas
13-02-2013,95.9,96.3,92.9,93.1,1196011,Voltas
14-02-2013,93.6,93.6,88.1,89,2220446,Voltas
15-02-2013,89,89,86.4,87.4,1555120,Voltas
18-02-2013,88,89.8,88,88.9,1555677,Voltas
19-02-2013,90,90.6,88.2,89.8,1469484,Voltas
20-02-2013,90,91.4,88.7,89.1,1001058,Voltas
21-02-2013,89.1,89.1,86.5,87.2,982644,Voltas
22-02-2013,87.2,88,86.2,87,1095393,Voltas
25-02-2013,87.1,87.9,83.1,86,1411273,Voltas
26-02-2013,85.6,85.7,82.8,83.5,1636487,Voltas
27-02-2013,84,86,81.8,84.7,1638716,Voltas
28-02-2013,86,86.3,77.2,79.1,4202981,Voltas
01-03-2013,79.5,82.5,78.9,81.7,1249653,Voltas
04-03-2013,81.8,82.7,79.2,82,1441754,Voltas
05-03-2013,82.4,83.3,82,82.6,915960,Voltas
06-03-2013,82.6,84.2,82.3,83.1,1814419,Voltas
07-03-2013,83.1,83.7,82.4,83,1107838,Voltas
08-03-2013,83.9,83.9,81.3,81.7,2205739,Voltas
11-03-2013,82,82.8,80.6,81.6,3421854,Voltas
12-03-2013,82,83.7,81.5,83.4,1730035,Voltas
13-03-2013,83.7,85.9,83,84.7,3758712,Voltas
14-03-2013,85,85.2,82.5,84.5,1738899,Voltas
15-03-2013,84.9,85.9,84.1,84.9,1252096,Voltas
18-03-2013,84,84.5,83,83.9,604286,Voltas
19-03-2013,84,84.4,81.7,82.2,1173065,Voltas
20-03-2013,82.2,82.4,77.6,78.6,1209147,Voltas
21-03-2013,79,80,75.2,76.1,1532076,Voltas
22-03-2013,76.1,77.1,73.2,76.3,1439130,Voltas
25-03-2013,77.5,78.6,74.5,75.1,784967,Voltas
26-03-2013,75.1,75.8,74.3,75.1,847631,Voltas
28-03-2013,75.3,76.9,74.1,75.4,1001942,Voltas
01-04-2013,75.6,79,75.6,78.4,1395625,Voltas
02-04-2013,78.7,79.6,77.8,78.4,1840652,Voltas
03-04-2013,78.1,80.9,76.7,77.9,1359944,Voltas
04-04-2013,77,77.5,75.4,75.8,774892,Voltas
05-04-2013,75.8,77.2,75.7,76.6,952029,Voltas
08-04-2013,76.9,77.1,75,76.2,606236,Voltas
09-04-2013,76.5,78.8,76.5,77.3,1724310,Voltas
10-04-2013,77.7,78.6,77,78.2,989373,Voltas
11-04-2013,77.3,79,77.3,77.6,693334,Voltas
12-04-2013,77,79.3,76.6,78.9,865206,Voltas
15-04-2013,79,81,79,80.3,1533763,Voltas
16-04-2013,80,81.1,79.3,80.9,978663,Voltas
17-04-2013,81.3,82,79.7,80.1,1242971,Voltas
18-04-2013,79.1,81.7,79.1,81.4,790596,Voltas
22-04-2013,82,83.4,81,82.9,933611,Voltas
23-04-2013,83.7,84.5,83,84,985255,Voltas
25-04-2013,84.2,86.9,84.2,85.7,2574414,Voltas
26-04-2013,85,86.4,83.6,84.1,687718,Voltas
29-04-2013,84,86,84,85,567324,Voltas
30-04-2013,85.5,86.1,84.2,85.3,799913,Voltas
02-05-2013,85.9,87.2,85.1,86.2,879043,Voltas
03-05-2013,86.1,86.8,84.5,85.7,1148116,Voltas
06-05-2013,85.5,87.2,85.4,86.8,624543,Voltas
07-05-2013,86.3,90.4,86.3,89.8,2137499,Voltas
08-05-2013,90.7,90.9,87.6,88.7,1224956,Voltas
09-05-2013,88.5,90.2,87.9,88.4,967792,Voltas
10-05-2013,88.9,89.5,88.4,88.7,391987,Voltas
13-05-2013,88,88.9,86.4,87,707028,Voltas
14-05-2013,86.5,87.4,85.7,87,426142,Voltas
15-05-2013,87.1,89.4,87.1,88.6,538200,Voltas
16-05-2013,89.4,90,87.6,88.1,667527,Voltas
17-05-2013,87.5,95.6,87.5,94.3,2604859,Voltas
20-05-2013,93.9,96.7,91.5,92.2,4485343,Voltas
21-05-2013,90,92,88.1,89,2748389,Voltas
22-05-2013,90,90,83,83.7,1432270,Voltas
23-05-2013,81.3,85,81,84.1,2570005,Voltas
24-05-2013,84,86.4,81.8,86,1415571,Voltas
27-05-2013,85,85.7,83.1,84.3,1410186,Voltas
28-05-2013,84.3,86.5,84.2,85.4,1007658,Voltas
29-05-2013,85,85.8,84.8,85.5,566541,Voltas
30-05-2013,84,86.8,83.8,85.1,2141490,Voltas
31-05-2013,84,84.6,82.8,83.8,934358,Voltas
03-06-2013,83,85.4,83,84.9,499143,Voltas
04-06-2013,85.2,86.3,82.5,83,1020863,Voltas
05-06-2013,82.1,84.2,82,83.6,660206,Voltas
06-06-2013,83.6,84.6,83.2,84,520255,Voltas
07-06-2013,84.7,84.9,81.4,81.9,718605,Voltas
10-06-2013,81.6,82.9,79.3,79.7,671844,Voltas
11-06-2013,79.1,82.4,77.3,81.6,1955912,Voltas
12-06-2013,81.8,83.8,81.1,83.6,1644094,Voltas
13-06-2013,81.7,83,79.7,80.9,1227394,Voltas
14-06-2013,81.1,82.9,81.1,81.9,433579,Voltas
17-06-2013,81.5,82.8,79.6,81.5,569844,Voltas
18-06-2013,82.4,83.5,81.8,82.2,794599,Voltas
19-06-2013,82.2,84.5,82,83.4,2041672,Voltas
20-06-2013,82,86.1,80.7,84,1537167,Voltas
21-06-2013,83,86.5,82.9,85.4,1953912,Voltas
24-06-2013,85,85.7,81.4,81.8,1696889,Voltas
25-06-2013,82,85,79.2,84.5,1833138,Voltas
26-06-2013,84.9,85,80.8,81,891167,Voltas
27-06-2013,81.3,82.3,78.4,78.8,2065936,Voltas
28-06-2013,79.1,81.9,79.1,81,1364454,Voltas
01-07-2013,81,83.3,81,82.9,683163,Voltas
02-07-2013,82.9,84.4,80.9,81.3,482528,Voltas
03-07-2013,81,82,78.7,79.2,774080,Voltas
04-07-2013,80,80.3,77.3,79.6,738355,Voltas
05-07-2013,80,81.3,78.5,79.6,766145,Voltas
08-07-2013,78.1,81.5,77.9,80.5,987736,Voltas
09-07-2013,80.1,82.8,80.1,82.4,835407,Voltas
10-07-2013,82.9,83.3,79.8,80.5,626035,Voltas
11-07-2013,80.8,84.9,80.8,83.9,1253551,Voltas
12-07-2013,84.3,86,83.2,84,953748,Voltas
15-07-2013,83.9,86.4,82.7,85.9,869195,Voltas
16-07-2013,83,84.9,82.2,84.3,950269,Voltas
17-07-2013,83.8,84.9,79.9,81,810831,Voltas
18-07-2013,80.6,84.5,80.4,83.7,858740,Voltas
19-07-2013,83.1,84.2,80.3,80.8,469385,Voltas
22-07-2013,81.9,82.5,80,81.7,346536,Voltas
23-07-2013,81.8,84.5,81.8,83.8,1022730,Voltas
24-07-2013,83,84,81.1,82.9,871689,Voltas
25-07-2013,81.9,85.5,80.7,84.5,1286772,Voltas
26-07-2013,85,86.9,82.5,83.4,1423970,Voltas
29-07-2013,82.5,82.9,80,80.4,711935,Voltas
30-07-2013,80.6,80.9,78.1,79.1,1214905,Voltas
31-07-2013,78.1,78.8,74.6,77.8,1119829,Voltas
01-08-2013,77.8,79.2,74.2,76.3,1142910,Voltas
02-08-2013,75.7,76,71.2,74.6,2167171,Voltas
05-08-2013,74.2,76.7,72,74.9,719858,Voltas
06-08-2013,72.8,74.5,72,72.7,783687,Voltas
07-08-2013,72.5,75.7,72.1,74.5,1405903,Voltas
08-08-2013,75.4,77.7,73.8,76.9,571524,Voltas
12-08-2013,77,78.5,74.6,76.1,549875,Voltas
13-08-2013,77.1,77.9,75.5,76.4,778697,Voltas
14-08-2013,74.4,74.4,71.3,73.3,1503205,Voltas
16-08-2013,73.4,73.9,69.5,70,846711,Voltas
19-08-2013,69,69.9,66.5,66.9,1073791,Voltas
20-08-2013,67,70.4,65.5,69.6,1413304,Voltas
21-08-2013,70.4,71.8,65.9,66.9,830110,Voltas
22-08-2013,66,69,66,67.8,747204,Voltas
23-08-2013,67.4,69.4,67.3,68,666619,Voltas
26-08-2013,69,69.5,66,66.9,1867610,Voltas
27-08-2013,67.9,68,65.4,66.2,774283,Voltas
28-08-2013,66.5,67.7,64.8,67,923718,Voltas
29-08-2013,67.8,68,66,67.7,598322,Voltas
30-08-2013,67.7,68.8,66.4,67,873370,Voltas
02-09-2013,67.1,69.3,66.8,68.9,1674001,Voltas
03-09-2013,69.9,70,63.5,64.1,1509299,Voltas
04-09-2013,64,65.8,62.5,64.8,996342,Voltas
05-09-2013,65.5,67.1,65.1,66,994590,Voltas
06-09-2013,66.5,66.8,65.1,66.1,2288973,Voltas
10-09-2013,66.8,67.8,66,66.8,1874102,Voltas
11-09-2013,67.1,69.5,67.1,69.1,4100794,Voltas
12-09-2013,70.1,73.2,70.1,72.1,3541215,Voltas
13-09-2013,71.8,77.2,71.5,76.7,2633481,Voltas
16-09-2013,77.9,78.5,73.3,74.6,1549929,Voltas
17-09-2013,74,74.8,72.9,74.2,467108,Voltas
18-09-2013,73.6,75.4,72.2,73.3,659617,Voltas
19-09-2013,74.8,76.5,74,75.8,1174536,Voltas
20-09-2013,75.5,77.1,72.3,75.1,1351138,Voltas
23-09-2013,74.8,74.9,73.1,73.9,708728,Voltas
24-09-2013,73,74.5,72,72.4,520093,Voltas
25-09-2013,72,73.6,71.7,73.3,510160,Voltas
26-09-2013,73,77.7,72.1,75.9,2501567,Voltas
27-09-2013,76.5,78.6,73,74.1,1688315,Voltas
30-09-2013,73.9,74.7,72.7,73.9,394967,Voltas
01-10-2013,74,76.4,74,76,567098,Voltas
03-10-2013,77,81.7,75.9,80.8,2408984,Voltas
04-10-2013,81.2,82.3,79.7,80.3,1738871,Voltas
07-10-2013,80.6,82,79.2,81.5,986605,Voltas
08-10-2013,82,82.7,80.1,80.5,1154447,Voltas
09-10-2013,80.5,87.2,80,85.2,2303367,Voltas
10-10-2013,86.5,87,83.8,84.4,1674203,Voltas
11-10-2013,85,85.8,83.7,84.5,1289230,Voltas
14-10-2013,84.4,86,83.1,83.5,1247466,Voltas
15-10-2013,83.6,84.7,81.1,81.5,707516,Voltas
17-10-2013,81,83.2,81,81.4,606489,Voltas
18-10-2013,82,83.9,81.9,82.6,1024732,Voltas
21-10-2013,82.9,87,82.7,86,2427442,Voltas
22-10-2013,86,87.4,83.7,84.8,1873734,Voltas
23-10-2013,85.2,85.6,81.7,83.5,826776,Voltas
24-10-2013,84,85.1,83.2,84.1,1181253,Voltas
25-10-2013,84,85.8,83.1,84.4,859546,Voltas
28-10-2013,84.2,86.5,83.6,83.8,1239826,Voltas
29-10-2013,83.6,85.5,82.1,84.9,1087347,Voltas
30-10-2013,84.3,88.2,84.3,87.4,2655875,Voltas
31-10-2013,88.1,90,87.3,89.2,3586969,Voltas
01-11-2013,89.9,92.5,89.6,91.3,2483004,Voltas
05-11-2013,91.1,94.2,89.5,93.3,2185373,Voltas
06-11-2013,94.2,95.9,90.8,91.8,4843450,Voltas
07-11-2013,91,92.4,86.3,87.8,1741158,Voltas
08-11-2013,86.8,89.8,86,87.5,823135,Voltas
11-11-2013,87.5,90.9,86.7,89.6,1744962,Voltas
12-11-2013,90.4,90.9,87.8,88.3,1194979,Voltas
13-11-2013,88.5,88.7,83.8,85.8,1157808,Voltas
14-11-2013,86.3,89.8,86.3,89.4,685181,Voltas
18-11-2013,89.2,90.8,88.4,90,1624237,Voltas
19-11-2013,90,93.5,89.5,92.9,2524682,Voltas
20-11-2013,93,93.8,90,90.7,1631295,Voltas
21-11-2013,90.7,90.7,87.2,87.9,1109371,Voltas
22-11-2013,88.5,90.8,88,90.3,2029363,Voltas
25-11-2013,90.6,93.8,90.6,93.3,1743241,Voltas
26-11-2013,93.9,96.4,93.7,95,3569097,Voltas
27-11-2013,97,99.5,96.5,99.1,5869607,Voltas
28-11-2013,100.8,116.4,100.2,111.1,29751360,Voltas
29-11-2013,111.5,112.8,108.8,111.1,7388530,Voltas
02-12-2013,111.9,112.5,110.1,111.9,3270706,Voltas
03-12-2013,111.5,115.7,110.6,114.1,6538413,Voltas
04-12-2013,115,115,111.8,112.3,2633714,Voltas
05-12-2013,113.5,118.7,113.5,116.6,5831561,Voltas
06-12-2013,116.8,117.8,115.5,116.5,1874453,Voltas
09-12-2013,119,120.3,117.5,118.8,2952841,Voltas
10-12-2013,118.1,124.7,114.8,123.7,6406819,Voltas
11-12-2013,123,123.7,114.4,117.6,6545655,Voltas
12-12-2013,117,119.2,114.1,117.3,5385410,Voltas
13-12-2013,116,116.7,112.6,113.5,3445000,Voltas
16-12-2013,113.4,115.8,112.9,114.7,1992818,Voltas
17-12-2013,115,116.7,113.3,114.4,2762568,Voltas
18-12-2013,113,117.9,112.1,116.5,4052177,Voltas
19-12-2013,117.3,117.8,111.7,112.8,3560483,Voltas
20-12-2013,112.8,115.5,111.8,114.8,2554978,Voltas
23-12-2013,114.3,116.8,113.3,114.1,3822772,Voltas
24-12-2013,114.7,118,114.3,117.1,4896481,Voltas
26-12-2013,117.6,121.5,117.2,118.3,5419183,Voltas
27-12-2013,119,119.9,116.6,117.1,1567825,Voltas
30-12-2013,117.8,118.6,116.1,117.1,1118828,Voltas
31-12-2013,117.5,117.8,114.3,116.1,1142582,Voltas
01-01-2014,116.7,118.9,116.4,117.9,1264048,Voltas
02-01-2014,118.5,120.9,115.1,116.4,2890430,Voltas
03-01-2014,116.1,116.8,112.3,114.6,1894828,Voltas
06-01-2014,115.2,122.3,113.5,121.1,3243954,Voltas
07-01-2014,122,123.3,119.6,120.8,4921168,Voltas
08-01-2014,121.5,121.9,116.2,116.8,3231748,Voltas
09-01-2014,117,117.7,111.6,112.1,2426309,Voltas
10-01-2014,112.7,113.2,106.6,107.3,3338769,Voltas
13-01-2014,108.5,108.7,103.5,104.9,3224814,Voltas
14-01-2014,105.6,108.3,104.2,104.9,2543840,Voltas
15-01-2014,105.6,109.8,105.4,108.9,2648864,Voltas
16-01-2014,108.8,109.9,105.6,106.1,1879612,Voltas
17-01-2014,106,107.5,103.1,103.5,1252591,Voltas
20-01-2014,103,109.7,102.8,108.8,2171491,Voltas
21-01-2014,109.8,110.7,106.6,107.3,2454227,Voltas
22-01-2014,107.7,108.3,105.8,107.2,1426315,Voltas
23-01-2014,106.2,109.9,106.2,108.6,2357719,Voltas
24-01-2014,108,108,104.1,104.5,1339551,Voltas
27-01-2014,103,103,98.4,99.7,1703177,Voltas
28-01-2014,99.1,101.9,96.9,101,2389834,Voltas
29-01-2014,101.7,102.7,98.6,99.1,1343693,Voltas
30-01-2014,97.8,107.4,97.1,106.4,8523008,Voltas
31-01-2014,107.6,109.3,104.3,106.1,3576814,Voltas
03-02-2014,106.4,108.6,105.1,106.3,2917941,Voltas
04-02-2014,105.3,109.2,104.1,108.2,2956592,Voltas
05-02-2014,109,115.5,109,114.9,7336763,Voltas
06-02-2014,116,118.7,115,116.5,4879049,Voltas
07-02-2014,117.8,119,115.5,118.8,2595518,Voltas
10-02-2014,119,122.1,118.3,121.4,3895108,Voltas
11-02-2014,121.4,121.9,118.4,119.1,2648596,Voltas
12-02-2014,119.1,124.9,119.1,124.7,5499834,Voltas
13-02-2014,125.4,125.5,117.8,118.4,3132240,Voltas
14-02-2014,118.9,120.4,115.1,118.9,2560265,Voltas
17-02-2014,119.6,121.9,118.3,121.3,2414689,Voltas
18-02-2014,121.3,123.5,119.8,122.4,3033544,Voltas
20-02-2014,121.5,122,119.5,120.5,1867382,Voltas
21-02-2014,120.6,124.4,120.6,123.8,2383531,Voltas
24-02-2014,123.8,129.2,123,128.7,5083639,Voltas
25-02-2014,130,130,126.6,128,2085589,Voltas
26-02-2014,128.5,132.4,126.9,131.8,3548053,Voltas
28-02-2014,132,134,131.1,133.4,2653557,Voltas
03-03-2014,133.5,136.2,132.9,135.3,4551889,Voltas
04-03-2014,135,141.8,133.7,141,3851884,Voltas
05-03-2014,141,142.5,138.2,139,3198698,Voltas
06-03-2014,140,147.4,139.1,145.7,5936812,Voltas
07-03-2014,146.9,148.8,142.6,144.2,4755544,Voltas
10-03-2014,143.3,147.8,142.4,143.3,3844105,Voltas
11-03-2014,143.9,145,140.2,142.4,2193842,Voltas
12-03-2014,142,144.3,139.2,141,1784700,Voltas
13-03-2014,141.8,144,135.4,137.4,2933071,Voltas
14-03-2014,135.3,142.5,133.1,141.9,2669219,Voltas
18-03-2014,143.4,147.2,142.5,144.8,3909046,Voltas
19-03-2014,145.9,149.5,144.7,148.9,3858094,Voltas
20-03-2014,148.8,150.8,147.3,149.4,4063767,Voltas
21-03-2014,150.3,152.5,149.4,151.7,3585557,Voltas
24-03-2014,153.5,154.6,151.8,153.3,1824027,Voltas
25-03-2014,153.3,159.4,152.2,157.5,3069386,Voltas
26-03-2014,157.8,162.8,157.8,159.2,3140756,Voltas
27-03-2014,159.8,159.8,154.6,155.2,2368448,Voltas
28-03-2014,156,162.7,152.4,161.9,4383728,Voltas
31-03-2014,163.4,164.2,160.5,160.9,3017785,Voltas
01-04-2014,161.3,161.7,157.3,158.5,3330882,Voltas
02-04-2014,159.2,165,157.8,163.1,3940817,Voltas
03-04-2014,164,166,159.7,162.2,3152873,Voltas
04-04-2014,162.3,163.1,159.7,160.8,1458529,Voltas
07-04-2014,161,161.3,155.7,158.8,1475562,Voltas
09-04-2014,158.3,164.1,158.3,163.5,2164661,Voltas
10-04-2014,164.6,170.6,162.9,167.1,3757863,Voltas
11-04-2014,168,173.5,165.4,166.5,4727215,Voltas
15-04-2014,166.5,168.4,162.8,163.9,2679691,Voltas
16-04-2014,164.7,166.7,156.2,157.4,2899330,Voltas
17-04-2014,157.9,168.5,153.7,167.2,7084638,Voltas
21-04-2014,168.7,173.8,167.6,172.4,3581451,Voltas
22-04-2014,172.5,176.5,171,173.4,3664763,Voltas
23-04-2014,174,174.8,168.3,169.9,3615547,Voltas
25-04-2014,170.6,173.2,161.2,168,2441371,Voltas
28-04-2014,168.6,169.3,163.3,164.2,2446996,Voltas
29-04-2014,165,165.4,156.2,157.4,2951561,Voltas
30-04-2014,158.5,160.3,148.3,156.4,3994449,Voltas
02-05-2014,158,160.7,154.6,156.9,1570353,Voltas
05-05-2014,156,160,154.2,155.3,2027751,Voltas
06-05-2014,155.5,156.7,151.6,154.5,2628661,Voltas
07-05-2014,153,158.2,153,155.9,3115563,Voltas
08-05-2014,157,159.7,154,155.4,2301901,Voltas
09-05-2014,154,167.8,154,165.4,3653629,Voltas
12-05-2014,167.6,173.3,164.8,170.3,2508738,Voltas
13-05-2014,170.3,178.9,168.9,176.5,3495622,Voltas
14-05-2014,176.3,182.5,175.4,178,2623054,Voltas
15-05-2014,178.2,180,171.9,175.7,2782138,Voltas
16-05-2014,177,188,175.4,178.3,3622062,Voltas
19-05-2014,179.6,209.4,179.6,205.9,5371063,Voltas
20-05-2014,208,208.9,194.8,196.7,2807987,Voltas
21-05-2014,198.3,198.7,187.1,188.3,3072177,Voltas
22-05-2014,191.5,195.2,185,188.3,3078163,Voltas
23-05-2014,189.8,193.8,187.6,189,2379677,Voltas
26-05-2014,190.5,195,161.5,179,4755462,Voltas
27-05-2014,180,180.5,169.6,172.8,3627020,Voltas
28-05-2014,173.7,179.5,173,177.6,3204589,Voltas
29-05-2014,180,184.4,177,179.9,2787066,Voltas
30-05-2014,188.2,189.8,183.2,186.7,3481073,Voltas
02-06-2014,188,194.9,184.9,193.6,2933488,Voltas
03-06-2014,195.1,201,195,200,4785562,Voltas
04-06-2014,201,206.4,198.5,205.6,3206405,Voltas
05-06-2014,206.7,217,202.4,215.7,5255369,Voltas
06-06-2014,217.9,221.4,215.9,218,3242469,Voltas
09-06-2014,221,223.9,218.4,219.2,2579460,Voltas
10-06-2014,220,224.9,213,222.3,3297713,Voltas
11-06-2014,223,227.8,216.9,221.8,4387712,Voltas
12-06-2014,220,226.9,217.3,223,3557798,Voltas
13-06-2014,224.5,229.5,216.1,220.3,3550172,Voltas
16-06-2014,219,227.3,208.9,226,3973428,Voltas
17-06-2014,226.8,232,221.2,227.8,3415890,Voltas
18-06-2014,229,233.5,221.7,227.7,2936077,Voltas
19-06-2014,229.7,230.8,216.6,218.2,3063656,Voltas
20-06-2014,219.8,222.7,213,215.2,2735144,Voltas
23-06-2014,216.3,218.7,210.3,213.5,2562760,Voltas
24-06-2014,213.8,227,213.8,225.4,3065999,Voltas
25-06-2014,227.2,227.2,220,221,2181701,Voltas
26-06-2014,222.8,224,213.5,215.5,2430472,Voltas
27-06-2014,215.7,220.3,212.2,218.9,2219060,Voltas
30-06-2014,219,221.7,216.4,218.1,2451001,Voltas
01-07-2014,219,222.4,217.2,218.7,2827445,Voltas
02-07-2014,220.9,224.7,220.2,222.4,3909753,Voltas
03-07-2014,222.7,224.5,217,217.8,1584131,Voltas
04-07-2014,216,219.2,210.4,215,3030523,Voltas
07-07-2014,215.8,219.3,212.6,217.5,2070996,Voltas
08-07-2014,215.3,217.5,193.7,199.2,3228207,Voltas
09-07-2014,200,208,190.8,200.4,5133835,Voltas
10-07-2014,200.6,213.6,193.2,201.5,4096172,Voltas
11-07-2014,199.9,202.4,181.6,185.5,4810649,Voltas
14-07-2014,183.7,192.4,180,188.7,2781895,Voltas
15-07-2014,190,204.4,190,202.9,3883236,Voltas
16-07-2014,204.8,205.3,197.2,202.7,1924515,Voltas
17-07-2014,203.7,212.4,202.8,211.8,3116038,Voltas
18-07-2014,210.7,210.7,204.4,208,1499674,Voltas
21-07-2014,209,211.4,204.3,205,1073193,Voltas
22-07-2014,206,210.5,201.1,202.9,1641959,Voltas
23-07-2014,203.8,205.9,196.4,201.4,1475177,Voltas
24-07-2014,200,200,192.1,193.8,3004483,Voltas
25-07-2014,193.1,195.4,185.6,188.1,2733865,Voltas
28-07-2014,188.2,192.3,186.1,189,1996413,Voltas
30-07-2014,189.5,194.9,186.1,194.2,2732346,Voltas
31-07-2014,194.3,196.5,190.1,192.3,1888085,Voltas
01-08-2014,188.6,194.4,188,190.8,1931719,Voltas
04-08-2014,192.4,203.4,191.6,201.4,2541852,Voltas
05-08-2014,202.8,203,196,197.4,1717209,Voltas
06-08-2014,197.4,201.8,195.6,199.5,4297418,Voltas
07-08-2014,200,211.2,199.7,209.5,5055925,Voltas
08-08-2014,205.5,205.5,196.2,197.7,2163319,Voltas
11-08-2014,199,206.2,198.6,205.2,1975130,Voltas
12-08-2014,206.1,207.9,202.8,207.1,1401929,Voltas
13-08-2014,207.5,211.8,198.3,203.3,3434176,Voltas
14-08-2014,212.3,222.8,209.2,221.2,10578537,Voltas
18-08-2014,222.9,239.2,221,237.4,11264790,Voltas
19-08-2014,238.5,239.4,229.5,232.8,4418943,Voltas
20-08-2014,230.4,241,230.4,238.7,4643339,Voltas
21-08-2014,240,242,237.4,240.2,3287183,Voltas
22-08-2014,243.3,245.4,236.1,237.3,2626890,Voltas
25-08-2014,238.4,239.6,230.6,231.5,2401470,Voltas
26-08-2014,231.4,242.5,229.1,240.6,3942979,Voltas
27-08-2014,243,244.6,238,241.1,2914310,Voltas
28-08-2014,242.7,245.6,237.2,244.7,3420436,Voltas
01-09-2014,247.7,252,246,249.6,2869727,Voltas
02-09-2014,250.7,252.5,245.6,247,2182282,Voltas
03-09-2014,248.7,252.3,245.2,248.3,2333837,Voltas
04-09-2014,248.6,249.9,244.1,248.1,1821886,Voltas
05-09-2014,248,262.9,247.6,260.2,5871156,Voltas
08-09-2014,260.6,266,256.3,263,3972728,Voltas
09-09-2014,262.8,265.4,259.1,261.4,1780042,Voltas
10-09-2014,260.9,271.2,258.6,266.3,4874382,Voltas
11-09-2014,267.6,269,262.6,264.4,2557561,Voltas
12-09-2014,264.5,268.3,256.7,258,2765021,Voltas
15-09-2014,256.5,256.5,244.3,246.9,3950236,Voltas
16-09-2014,246.8,248.7,231.1,233.4,6282166,Voltas
17-09-2014,235.3,242.9,228.2,242.1,3868049,Voltas
18-09-2014,241,248,238.1,247.1,2551834,Voltas
19-09-2014,247.8,249.7,236.2,238.7,5077258,Voltas
22-09-2014,236,244.7,233,240.9,2527348,Voltas
23-09-2014,238.6,240.5,230,230.8,2320569,Voltas
24-09-2014,232.1,233.6,218,222.4,3142961,Voltas
25-09-2014,223.1,227.7,218.6,221.7,2998514,Voltas
26-09-2014,219.4,242.1,219.1,238.7,4411669,Voltas
29-09-2014,239.2,244.3,236.8,240,2997231,Voltas
30-09-2014,237.6,247,237.6,241.6,3532385,Voltas
01-10-2014,239.2,244.7,238,243.4,1987790,Voltas
07-10-2014,241,244.8,230.6,232.4,1989337,Voltas
08-10-2014,232.4,237.2,227.9,231.2,2379095,Voltas
09-10-2014,234.4,239.9,233,237.6,2452276,Voltas
10-10-2014,235,235,225.2,226.8,1780030,Voltas
13-10-2014,225,239.3,220,237.5,2632889,Voltas
14-10-2014,239,239.5,232.2,233.7,2153534,Voltas
16-10-2014,231.3,233.5,218.9,220.5,2071325,Voltas
17-10-2014,220,231.9,220,230.1,3197236,Voltas
20-10-2014,234.8,238,229,231.8,1789663,Voltas
21-10-2014,232,237.8,231.5,233.3,1518627,Voltas
22-10-2014,236.4,243,235.4,242,2502941,Voltas
23-10-2014,243,243.7,240.8,241.7,233589,Voltas
27-10-2014,242.1,249.4,237.6,245.3,3126078,Voltas
28-10-2014,246,251.5,244.7,246.9,2237946,Voltas
29-10-2014,248.7,250.4,243.8,246.6,1621018,Voltas
30-10-2014,247,249.2,242.5,247.1,2668488,Voltas
31-10-2014,248.9,254,246.2,251.4,1809079,Voltas
03-11-2014,250.7,256.8,249.1,251.7,1562201,Voltas
05-11-2014,252.8,256.2,248.5,250.5,1337952,Voltas
07-11-2014,250,252.5,244.2,246.8,1660111,Voltas
10-11-2014,248,260.3,245.7,258.9,2939938,Voltas
11-11-2014,261.6,264,251.9,255.5,2364777,Voltas
12-11-2014,256.3,261,252.1,255.2,2027167,Voltas
13-11-2014,256.8,261.6,249.7,254.7,2686062,Voltas
14-11-2014,257,272.3,255,271.6,5920274,Voltas
17-11-2014,272,280,269.3,279.2,4570809,Voltas
18-11-2014,280,280.9,270.8,272.3,2312858,Voltas
19-11-2014,274,279.5,265.5,266.9,2922698,Voltas
20-11-2014,265.7,269.5,261,264,2029279,Voltas
21-11-2014,265.3,280.4,264.5,276.9,5603848,Voltas
24-11-2014,279.9,286.5,272.3,275.2,4303497,Voltas
25-11-2014,275.8,276,256.7,270.7,3729491,Voltas
26-11-2014,271,277.5,267,275.2,1862491,Voltas
27-11-2014,276,276.6,269.3,273.4,1599119,Voltas
28-11-2014,274,277.2,269.6,270.6,3083585,Voltas
01-12-2014,271.2,275,265.3,269.2,2131085,Voltas
02-12-2014,269,271,263.3,270.2,1362028,Voltas
03-12-2014,269.5,280,269.5,278.6,2043675,Voltas
04-12-2014,281.5,284.5,276.7,281.4,2276863,Voltas
05-12-2014,282.5,285.4,279.6,282.5,2287032,Voltas
08-12-2014,284.2,285,271.6,273.5,1747520,Voltas
09-12-2014,273.2,274.7,263.1,264.7,2947003,Voltas
10-12-2014,265,271.6,261.7,268.7,2726514,Voltas
11-12-2014,267.9,275.4,263.8,266.5,2932887,Voltas
12-12-2014,268.4,268.9,259,260.8,1497703,Voltas
15-12-2014,255.6,259,248.3,251.9,3067237,Voltas
16-12-2014,249.4,256,245.5,247.7,2359099,Voltas
17-12-2014,247,250.6,238.2,240.8,2045604,Voltas
18-12-2014,244.1,249.5,238.3,243.6,3527352,Voltas
19-12-2014,249,255.6,247.2,249.3,2441139,Voltas
22-12-2014,251,251.6,246.1,250.1,1432724,Voltas
23-12-2014,248.6,250.8,238.3,240.1,2108987,Voltas
24-12-2014,239,240,232.9,234.8,4939201,Voltas
26-12-2014,234.7,239.8,234.7,238,1259892,Voltas
29-12-2014,238.7,241.4,233.2,235.2,1866849,Voltas
30-12-2014,235.6,241.2,231.6,240,2235101,Voltas
31-12-2014,238,243.8,236.3,242.5,2211342,Voltas
01-01-2015,242.5,243.4,239.7,240.8,856386,Voltas
02-01-2015,239.2,248.4,239.2,245.7,2630409,Voltas
05-01-2015,246,251.2,244.1,245.9,1975993,Voltas
06-01-2015,244.4,244.4,235.2,237.4,1951719,Voltas
07-01-2015,236.3,238.9,227,229.5,2337628,Voltas
08-01-2015,233.8,244.7,233.7,243.4,2362344,Voltas
09-01-2015,246.8,246.9,242.1,246,1946824,Voltas
12-01-2015,246,248.3,243.1,245.9,1292914,Voltas
13-01-2015,245,247.3,239.8,242.1,2700501,Voltas
14-01-2015,242,248.5,241.6,247.8,4226479,Voltas
15-01-2015,249.1,254.9,245.4,253.5,4586490,Voltas
16-01-2015,252.2,257.8,249,255.5,4723648,Voltas
19-01-2015,255.5,259.8,251,252.8,1730618,Voltas
20-01-2015,253,257.4,252.7,253.8,2274423,Voltas
21-01-2015,253,257.7,251.3,256.3,1557715,Voltas
22-01-2015,255,264,250.2,253.1,2169145,Voltas
23-01-2015,254.8,259,252.2,256.8,1957883,Voltas
27-01-2015,258.1,263.8,255.3,261.2,2484973,Voltas
28-01-2015,261,274.9,261,274,4859650,Voltas
29-01-2015,274.9,277.5,270.9,276,1572737,Voltas
30-01-2015,277.2,278.5,265.5,268.6,1500375,Voltas
02-02-2015,265.6,268.4,261.7,266.3,988993,Voltas
03-02-2015,267.5,275.5,266.5,269.6,1408831,Voltas
04-02-2015,271.7,283,261.3,276.4,2745766,Voltas
05-02-2015,276.4,277.2,261,262.9,1557908,Voltas
06-02-2015,263.5,269.5,258.3,265.3,1337997,Voltas
09-02-2015,263.3,263.3,250.3,253.3,1320974,Voltas
10-02-2015,252.5,262.4,250.5,258.7,1249810,Voltas
11-02-2015,261,266.4,254.7,264.7,1636716,Voltas
12-02-2015,253,259,248.5,257.1,4874754,Voltas
13-02-2015,258,261.9,255.2,256.3,1441296,Voltas
16-02-2015,257.3,258,248.5,249.6,1802301,Voltas
18-02-2015,248.9,253.4,245.1,250.5,1989970,Voltas
19-02-2015,253.5,263,249.3,260.1,2377226,Voltas
20-02-2015,261,265,256.6,259.7,2018659,Voltas
23-02-2015,260.6,261.8,250,253.1,1739544,Voltas
24-02-2015,253,256,250.7,252.8,1993659,Voltas
25-02-2015,253.5,256.4,251.1,254.6,1885616,Voltas
26-02-2015,255.1,256.5,248.2,251.7,1709508,Voltas
27-02-2015,253.6,257.7,249.7,256.2,2712519,Voltas
02-03-2015,256,275.5,253.4,273.2,4998186,Voltas
03-03-2015,276,276.9,267.9,271.7,2096411,Voltas
04-03-2015,274.9,280.9,263.3,267.1,2884915,Voltas
05-03-2015,265.1,270.3,261.9,265.6,1208351,Voltas
09-03-2015,264,264.9,256,257.8,1080396,Voltas
10-03-2015,257.1,267.8,255.1,262,1693017,Voltas
11-03-2015,260,271.5,257.4,269,1578771,Voltas
12-03-2015,269.1,289.6,269,287.5,3649799,Voltas
13-03-2015,290,301.4,284.6,289,11904665,Voltas
16-03-2015,291.6,291.8,276.7,280.9,2813044,Voltas
17-03-2015,282,287.4,275.2,280.8,2624359,Voltas
18-03-2015,281,285.4,278.5,280.5,1822364,Voltas
19-03-2015,282.5,289.3,271.7,273.8,2639502,Voltas
20-03-2015,276,280.9,273.5,275.3,2443487,Voltas
23-03-2015,277.8,280.5,272.5,274.3,1339069,Voltas
24-03-2015,275,281.4,274.6,278,1840778,Voltas
25-03-2015,279,282.8,276.6,281.4,1946125,Voltas
26-03-2015,281,284,272.1,273.3,2849587,Voltas
27-03-2015,275.6,277.4,265.1,274.8,1450548,Voltas
30-03-2015,278.8,282.4,274.5,280,1079416,Voltas
31-03-2015,281.4,285.9,276.2,279.9,1344947,Voltas
01-04-2015,279.9,285,277.2,283.7,961772,Voltas
06-04-2015,286,288,279,284.6,1768320,Voltas
07-04-2015,286.2,295.5,280.6,293.1,2914809,Voltas
08-04-2015,295,301,291.4,294.4,3337319,Voltas
09-04-2015,295.5,299.5,290.7,293.5,2141273,Voltas
10-04-2015,294,307.7,293,306.1,3551955,Voltas
13-04-2015,307.9,310.3,302.2,303.4,2534441,Voltas
15-04-2015,303,309.8,296.5,300.5,2479661,Voltas
16-04-2015,300.5,302,289.4,292,1899870,Voltas
17-04-2015,292.3,299.3,290.6,295.2,1637036,Voltas
20-04-2015,294.2,295.2,282.4,288.4,1625832,Voltas
21-04-2015,288.2,298.5,287,292,1902639,Voltas
22-04-2015,292.1,297,284.2,286.6,2322220,Voltas
23-04-2015,288,291.8,286.6,289,1250570,Voltas
24-04-2015,289.4,290,277.8,279.9,1329835,Voltas
27-04-2015,280.8,281,258.3,265.5,2752267,Voltas
28-04-2015,266,278.4,262.6,275.4,1473227,Voltas
29-04-2015,276.3,277.4,271,273.3,1089030,Voltas
30-04-2015,272,284.7,268.6,281.1,2613720,Voltas
04-05-2015,281.9,286.3,281,284.6,867550,Voltas
05-05-2015,281,292.8,281,289,1465400,Voltas
06-05-2015,287,288.3,272,276.1,1766138,Voltas
07-05-2015,276,276,261.3,267.1,1521348,Voltas
08-05-2015,271,282.5,271,281.5,1546096,Voltas
11-05-2015,282.9,285.5,277.5,281.5,1470409,Voltas
12-05-2015,281,281.8,273.8,275.3,855977,Voltas
13-05-2015,276.9,282.4,270.4,280.1,2121973,Voltas
14-05-2015,281,284.3,276.8,281.7,1409749,Voltas
15-05-2015,284,294,284,290.7,2440949,Voltas
18-05-2015,292.8,295.8,291.8,293.9,1393084,Voltas
19-05-2015,294,298.6,290.8,294.1,1565215,Voltas
20-05-2015,296,297.9,294.1,295.3,994927,Voltas
21-05-2015,295.3,297.3,286.4,288.6,1640867,Voltas
22-05-2015,300.1,321,300.1,318.9,14060344,Voltas
25-05-2015,318.8,326.8,312.8,324.9,4248542,Voltas
26-05-2015,325,347.8,321.3,344.2,7061301,Voltas
27-05-2015,338,345.8,334.3,336.9,3963828,Voltas
28-05-2015,337.3,342.5,328.6,330.5,3939183,Voltas
29-05-2015,330,337.7,328.1,333,2461954,Voltas
01-06-2015,332,342.3,329.9,338,4668717,Voltas
02-06-2015,337.5,338.3,326.6,330.3,1978797,Voltas
03-06-2015,330,333.7,322.5,330.4,2236756,Voltas
04-06-2015,331.5,336.7,325.4,331.1,2142962,Voltas
05-06-2015,330.3,336.5,329.4,332.5,1464795,Voltas
08-06-2015,332,334.2,324.1,326.4,1208877,Voltas
09-06-2015,325.5,331.5,325.5,328.4,2064434,Voltas
10-06-2015,330,348.4,329.4,343.1,4401317,Voltas
11-06-2015,346,347.9,331.1,333.1,3037870,Voltas
12-06-2015,333.1,334.8,325.4,329.8,1608839,Voltas
15-06-2015,330.3,336.3,329.6,330.7,1133885,Voltas
16-06-2015,331.5,332.7,324.3,330.7,1499546,Voltas
17-06-2015,331.9,340.4,331.8,338.6,2823822,Voltas
18-06-2015,341,344.7,337.9,340.9,1407716,Voltas
19-06-2015,342.9,344.3,334.8,337.4,1094754,Voltas
22-06-2015,338.5,356.2,336.5,352.3,3173337,Voltas
23-06-2015,354,359.9,352.3,358.5,2856554,Voltas
24-06-2015,358.9,359,335.4,338.8,4438388,Voltas
25-06-2015,336.7,342.3,331.2,338.8,4670342,Voltas
26-06-2015,337.8,340.8,335,338,1517644,Voltas
29-06-2015,332.8,332.8,323.7,329,1887833,Voltas
30-06-2015,323,326,313.5,315.3,4053711,Voltas
01-07-2015,316.7,323.4,315,322.3,2906685,Voltas
02-07-2015,323.9,329,319.1,320.4,2383139,Voltas
03-07-2015,322.8,325.3,315.3,317,1978161,Voltas
06-07-2015,312,322.6,311.1,321.6,1342494,Voltas
07-07-2015,321.2,325.4,317,318.5,1224161,Voltas
08-07-2015,316,324,313.1,319.4,1710030,Voltas
09-07-2015,321.9,324.9,317.6,319.7,1510718,Voltas
10-07-2015,321.5,321.5,310.8,312.5,1559726,Voltas
13-07-2015,312.9,315.3,305.3,309.6,2008276,Voltas
14-07-2015,310.1,316,310,313.6,1714369,Voltas
15-07-2015,315,315.4,311.1,312.1,967181,Voltas
16-07-2015,313,316.9,312.7,314.6,1398621,Voltas
17-07-2015,316.6,318.5,313.7,314.8,1491274,Voltas
20-07-2015,315.8,317.4,309.4,314.6,1239103,Voltas
21-07-2015,315.3,317.3,306,308.4,1352194,Voltas
22-07-2015,310.3,311.9,306.1,308.2,1535520,Voltas
23-07-2015,308.5,317,307,315.9,2062816,Voltas
24-07-2015,316,320.4,313.1,317.6,2425511,Voltas
27-07-2015,316,316,303.1,304.8,1287335,Voltas
28-07-2015,305.1,309.3,301,307.3,1514187,Voltas
29-07-2015,309.5,315.2,308.3,312,2225133,Voltas
30-07-2015,313.3,315,306.7,313.1,1553060,Voltas
31-07-2015,315,323,313.1,317.6,2041003,Voltas
03-08-2015,318,321,316.8,318.6,1840369,Voltas
04-08-2015,319,323.8,314.4,320,2946100,Voltas
05-08-2015,321,328.1,320.4,325.1,2363619,Voltas
06-08-2015,326.3,330.4,322.8,327.6,2263421,Voltas
07-08-2015,327.9,329,316.3,317.6,1792348,Voltas
10-08-2015,316.6,319.8,303,305.4,2216198,Voltas
11-08-2015,306,310,302.7,305.3,1519542,Voltas
12-08-2015,304.2,0,0,305.5,0,Voltas
13-08-2015,298,307,293,304.2,2715476,Voltas
14-08-2015,302,317,302,315.3,2293045,Voltas
17-08-2015,313.6,322.1,311.1,314.6,1978816,Voltas
18-08-2015,313,318.4,303.8,304.6,1833406,Voltas
19-08-2015,303,308.8,298.6,306.4,1243817,Voltas
20-08-2015,304.9,304.9,293.4,296.6,3189239,Voltas
21-08-2015,291,294.4,283.2,288.9,2854277,Voltas
24-08-2015,280.3,281,250.8,264.4,5630357,Voltas
25-08-2015,264.5,276.7,245.7,272.5,3855557,Voltas
26-08-2015,273.9,274.6,262.3,270.3,2743623,Voltas
27-08-2015,274.3,282.7,270.6,280,2584747,Voltas
28-08-2015,282.2,292.8,280,287.1,2196436,Voltas
31-08-2015,288,288,271.7,273,2396140,Voltas
01-09-2015,271,275,248.5,255.5,3485736,Voltas
02-09-2015,257.1,264.6,255.2,258.1,2315773,Voltas
03-09-2015,260.5,267,256.5,264.5,2361335,Voltas
04-09-2015,265.7,265.7,248.1,253.7,2925080,Voltas
07-09-2015,255.3,259.8,248.6,253.6,1771556,Voltas
08-09-2015,255.5,264.8,249.2,262.7,1423110,Voltas
09-09-2015,266.9,269.3,260.3,263,1155101,Voltas
10-09-2015,258,259,253.2,255,1052085,Voltas
11-09-2015,258.4,259.5,254.1,255.6,1236863,Voltas
14-09-2015,257.6,259,253.1,257.5,688390,Voltas
15-09-2015,260,267.8,259.1,263.5,2060302,Voltas
16-09-2015,267.8,267.8,256.2,257.3,1602789,Voltas
18-09-2015,261.5,261.5,249.6,251.1,1845827,Voltas
21-09-2015,247.7,261,243,259.4,2837740,Voltas
22-09-2015,261.5,263.6,254.1,256.6,1870714,Voltas
23-09-2015,254,260.8,250.3,258.7,1112010,Voltas
24-09-2015,259.7,259.7,249.5,250.3,1330858,Voltas
28-09-2015,251.4,254.3,247.3,250.9,1149514,Voltas
29-09-2015,248.4,263.2,247.4,256.1,2446481,Voltas
30-09-2015,259,269.9,259,268.3,2579443,Voltas
01-10-2015,272,272.7,266.5,270.2,1884729,Voltas
05-10-2015,272.6,275.8,267.2,270.1,1225837,Voltas
06-10-2015,271.1,284.4,269.3,282,1916509,Voltas
07-10-2015,282,283.5,272,273.2,1498054,Voltas
08-10-2015,273.2,275,268.7,272.2,1140616,Voltas
09-10-2015,272.6,281,272.6,278.3,1520435,Voltas
12-10-2015,279.1,283,270.6,272.6,1124403,Voltas
13-10-2015,273.8,277.6,267.2,268.3,1636973,Voltas
14-10-2015,268,273.3,266.6,271.6,781551,Voltas
15-10-2015,271.8,277.3,270,276.4,1072560,Voltas
16-10-2015,277.7,285,274.2,284.8,1297271,Voltas
19-10-2015,283.7,286.8,281.5,284.4,953728,Voltas
20-10-2015,282,288.9,281.3,282.3,848794,Voltas
21-10-2015,282.9,289.4,281,288.2,1448857,Voltas
23-10-2015,292.6,292.6,288.3,289.1,1108251,Voltas
26-10-2015,291.2,297,287.6,295.4,1442385,Voltas
27-10-2015,293,296.7,283.7,290.8,3295659,Voltas
28-10-2015,288,294.9,286.5,292.7,1963391,Voltas
29-10-2015,292.3,299,289.8,297.2,1836362,Voltas
30-10-2015,296.4,296.4,280,283.5,2441818,Voltas
02-11-2015,281,284.9,274.3,278.3,1016176,Voltas
03-11-2015,279.7,286.5,278.8,285.7,859479,Voltas
04-11-2015,287.2,288.3,276.1,277.5,780470,Voltas
05-11-2015,276.8,279.9,271.8,274,971838,Voltas
06-11-2015,275,281.5,267.1,278.7,2720370,Voltas
09-11-2015,271,278,267.8,276.3,1145166,Voltas
10-11-2015,274.8,278.1,263.1,264.8,1125563,Voltas
13-11-2015,267.8,267.8,256.3,260,1944786,Voltas
16-11-2015,259.8,263.8,257.7,259.5,892113,Voltas
17-11-2015,260.6,266.8,258.1,260.2,1440555,Voltas
18-11-2015,260.9,262.5,252,253.7,1175273,Voltas
19-11-2015,256,262,256,260,1535979,Voltas
20-11-2015,261.5,275,261.5,271.5,2930930,Voltas
23-11-2015,271.6,273.7,266.9,271.7,1189891,Voltas
24-11-2015,272.1,274,268.4,270,897624,Voltas
26-11-2015,271,289.3,270,285.1,3304295,Voltas
27-11-2015,285.1,285.8,280,282.7,1434734,Voltas
30-11-2015,283.5,290.8,281.2,289.1,1862628,Voltas
01-12-2015,289.6,294.7,288.6,292.6,1434862,Voltas
02-12-2015,293.4,295.5,289.9,293.2,2057927,Voltas
03-12-2015,291.3,291.5,277.5,281.7,2003904,Voltas
04-12-2015,278.1,287.3,278.1,285.8,1116558,Voltas
07-12-2015,287.2,295.9,286.1,294.8,1236949,Voltas
08-12-2015,294.8,298.7,289.5,292,1733289,Voltas
09-12-2015,292,292,285,287,1159634,Voltas
10-12-2015,286,295.8,280.5,293.5,1216110,Voltas
11-12-2015,295,298.9,290,298.3,2024088,Voltas
14-12-2015,299.7,299.7,290.7,293,1704766,Voltas
15-12-2015,289.3,302.5,289.3,300.9,1817074,Voltas
16-12-2015,302.8,307.4,301.1,306.5,2305867,Voltas
17-12-2015,303.1,305.4,296.6,303.3,1769757,Voltas
18-12-2015,300.1,306.1,298.8,303.3,844159,Voltas
21-12-2015,304.1,309.6,303.2,305.7,1001751,Voltas
22-12-2015,305.7,310,302.4,303.6,882457,Voltas
23-12-2015,304.1,309.5,304.1,307.8,551644,Voltas
24-12-2015,308,312.7,305.9,311.6,976092,Voltas
28-12-2015,309.6,314.8,309.6,312.6,631006,Voltas
29-12-2015,312,313,307.8,311.8,913155,Voltas
30-12-2015,311,318.5,310,316.7,880525,Voltas
31-12-2015,316,327,315,324.3,1905851,Voltas
01-01-2016,324,324.5,316.3,319.3,674414,Voltas
04-01-2016,318.5,320,303.5,307.3,1083585,Voltas
05-01-2016,309,309.8,303.2,304.7,1104220,Voltas
06-01-2016,303.9,309.9,301.2,305.7,1090119,Voltas
07-01-2016,302.2,302.5,286.3,288.2,1851263,Voltas
08-01-2016,289.9,299.8,289.9,296.7,1362284,Voltas
11-01-2016,291.9,303.1,287.4,298.4,997085,Voltas
12-01-2016,298.7,302.9,285.3,287.2,1420695,Voltas
13-01-2016,290,293,276.5,288.7,1878302,Voltas
14-01-2016,282,293.5,280.2,288.7,1154298,Voltas
15-01-2016,290,294,278,280.4,719592,Voltas
18-01-2016,280,281,260.5,271.8,1576868,Voltas
19-01-2016,272.7,277.8,266.8,276.9,1336513,Voltas
20-01-2016,274.7,274.7,258.4,270,1499500,Voltas
21-01-2016,274,279.6,268.1,275.3,1050330,Voltas
22-01-2016,278.8,289,276.4,284.2,1495358,Voltas
25-01-2016,288.1,288.8,279.4,283.5,674239,Voltas
27-01-2016,285,288,281.5,283,761309,Voltas
28-01-2016,283,287.9,279.6,283.6,2349938,Voltas
29-01-2016,283.4,288.2,279.3,286.6,868857,Voltas
01-02-2016,289,292.5,284.7,286.8,773893,Voltas
02-02-2016,288,291.2,281.2,283.1,863037,Voltas
03-02-2016,280,281.2,257.6,277.2,1165348,Voltas
04-02-2016,275.4,282.4,269.1,274.2,1253460,Voltas
05-02-2016,277,281.8,274.1,279,823277,Voltas
08-02-2016,281,289.7,279.1,283,932270,Voltas
09-02-2016,280.5,283.8,275.5,280.7,767315,Voltas
10-02-2016,278.3,283,266.5,269.3,1412323,Voltas
11-02-2016,266.5,272.2,217.8,240.4,6020747,Voltas
12-02-2016,236,239,211,231,6579789,Voltas
15-02-2016,236.9,243.4,232.8,238.1,2109631,Voltas
16-02-2016,240,240,226.3,232.4,3280486,Voltas
17-02-2016,234,239,226.6,236,1502735,Voltas
18-02-2016,237,244.8,228.6,234.9,1751607,Voltas
19-02-2016,234.9,240.4,232.6,237.2,953278,Voltas
22-02-2016,239.3,241,234.2,238.5,758935,Voltas
23-02-2016,240,241.5,228.7,230,981972,Voltas
24-02-2016,227.6,235.8,224,232.9,1629980,Voltas
25-02-2016,233.5,236.5,217.7,223.6,2374952,Voltas
26-02-2016,226.2,228,222.3,225.6,1469586,Voltas
29-02-2016,226,229,220.8,223.4,1672583,Voltas
01-03-2016,224.5,234.4,223.5,231.9,1475137,Voltas
02-03-2016,236,245.4,236,243.7,1470631,Voltas
03-03-2016,245.1,247.7,241,244.4,1247044,Voltas
04-03-2016,246,248.8,242.6,245.7,906957,Voltas
08-03-2016,245,249.2,238,240.6,1152483,Voltas
09-03-2016,240.6,245.6,238.3,242.5,2332851,Voltas
10-03-2016,245,246,235.9,238,1346241,Voltas
11-03-2016,238,248,236.3,247.3,2810655,Voltas
14-03-2016,250,252.9,246.3,248.6,2087150,Voltas
15-03-2016,249.4,253.2,247.5,248.4,1579664,Voltas
16-03-2016,249.8,251.3,241.7,246.9,2017788,Voltas
17-03-2016,251,255.7,250,252.4,1721582,Voltas
18-03-2016,253,271.7,250.4,269.1,2694361,Voltas
21-03-2016,270.9,278.3,267,275.8,2120423,Voltas
22-03-2016,276,278,269.6,272.1,1677932,Voltas
23-03-2016,272,276.3,267.2,269.6,1490099,Voltas
28-03-2016,270.5,270.7,262.1,264.8,1016761,Voltas
29-03-2016,266,272,263.7,266.6,1049833,Voltas
30-03-2016,268,275,267.5,273.5,927523,Voltas
31-03-2016,273.1,279.9,269.6,278.1,1894855,Voltas
01-04-2016,279,286.9,275.9,284.9,1364868,Voltas
04-04-2016,285.7,289,280.5,281.5,1039418,Voltas
05-04-2016,280.8,284.9,272.8,274.1,1265871,Voltas
06-04-2016,275.6,279.9,272.3,277,1052615,Voltas
07-04-2016,277,280.5,269,270.6,1152454,Voltas
08-04-2016,270,273.5,266.7,271.9,1534935,Voltas
11-04-2016,272.5,276.6,270.5,275.4,1787070,Voltas
12-04-2016,276.6,281.4,275.3,277.9,1936994,Voltas
13-04-2016,280.5,284.9,280.5,284,1155338,Voltas
18-04-2016,288.3,295.9,286.4,293.6,3167911,Voltas
20-04-2016,296.3,305,296,302.4,4335544,Voltas
21-04-2016,305.5,305.7,297.1,298.8,2305881,Voltas
22-04-2016,300.6,303.5,296.2,297.6,1311321,Voltas
25-04-2016,297.7,301.4,289.5,293.1,1640105,Voltas
26-04-2016,292,298,291.3,296.8,1621305,Voltas
27-04-2016,298.5,303,297.3,301.9,1548843,Voltas
28-04-2016,303,303.6,293.5,294.7,1865698,Voltas
29-04-2016,295.6,298,289.7,293.5,1183505,Voltas
02-05-2016,293.5,298.5,289.8,296.4,948244,Voltas
03-05-2016,297,307.9,294.2,297.5,3002975,Voltas
04-05-2016,297.5,298,288.7,291.2,1109375,Voltas
05-05-2016,290,295.9,287.5,290,1669854,Voltas
06-05-2016,288.3,306.5,288.3,305.4,3573461,Voltas
09-05-2016,307.1,312,305,311,2551773,Voltas
10-05-2016,311,311,304.6,307.4,1174925,Voltas
11-05-2016,301.6,320.3,300.4,319.3,4045532,Voltas
12-05-2016,320.2,328.3,320.2,325.9,3567039,Voltas
13-05-2016,325,327.8,320.9,324.1,2064604,Voltas
16-05-2016,324.6,328.5,320.5,325.1,1689405,Voltas
17-05-2016,325.6,344.9,316.1,334.6,4753709,Voltas
18-05-2016,348.8,349,326.1,331.2,8199727,Voltas
19-05-2016,331.8,336.9,318.8,323.1,3049473,Voltas
20-05-2016,324,333.5,319.9,331.7,2368706,Voltas
23-05-2016,333.5,335.7,327.6,328.8,1586884,Voltas
24-05-2016,325.6,328.8,324.1,326.3,1266822,Voltas
25-05-2016,330.8,339,329.1,337.2,2652277,Voltas
26-05-2016,339,340.9,333.1,338.4,3199161,Voltas
27-05-2016,340.5,342,334.3,336.8,1918069,Voltas
30-05-2016,337.4,342.9,334.4,339.6,1030970,Voltas
31-05-2016,340,340.8,335,335.9,700811,Voltas
01-06-2016,336.1,342.3,329.7,333.4,1213913,Voltas
02-06-2016,332,340.9,332,339.3,970908,Voltas
03-06-2016,341,345.9,332.5,334.1,1592233,Voltas
06-06-2016,335.2,336.2,330.9,333.4,424664,Voltas
07-06-2016,334.9,340,331.9,336.7,714034,Voltas
08-06-2016,337.2,339.2,334.3,336.7,591729,Voltas
09-06-2016,338.8,341,333.5,334.9,765829,Voltas
10-06-2016,332,333,325.5,327.1,1219382,Voltas
13-06-2016,323,324,318.5,322.7,1151014,Voltas
14-06-2016,324,331.6,321.5,330.1,805228,Voltas
15-06-2016,331.9,332,326.6,330.4,905002,Voltas
16-06-2016,330.1,331,321.3,323.5,854803,Voltas
17-06-2016,327,327,316.7,319.8,1072955,Voltas
20-06-2016,315.3,322,315.3,321.1,1580991,Voltas
21-06-2016,323,325.4,321.8,323.3,951259,Voltas
22-06-2016,325,326.5,319.4,322.8,782654,Voltas
23-06-2016,321.1,323.9,318.7,321.5,774398,Voltas
24-06-2016,311,313.7,297.5,309.4,2104610,Voltas
27-06-2016,303.3,312.5,302.5,310.8,1023149,Voltas
28-06-2016,311.2,316.2,311.2,314,801912,Voltas
29-06-2016,317.7,322.9,316.2,319.8,1042469,Voltas
30-06-2016,323.8,323.9,319,322.3,1487910,Voltas
01-07-2016,322.5,324.4,316.9,317.7,904694,Voltas
04-07-2016,318.1,323.7,317.8,320.8,951754,Voltas
05-07-2016,320.4,327.6,320.4,325.2,1148350,Voltas
07-07-2016,328.3,328.3,313.8,315.6,1645583,Voltas
08-07-2016,316.8,317.5,311.7,314.5,1144337,Voltas
11-07-2016,316,319.7,315.2,316.4,1094093,Voltas
12-07-2016,317.9,320.5,317.2,318.3,685286,Voltas
13-07-2016,318.6,326,318.6,324.8,1598094,Voltas
14-07-2016,326,329.2,324.7,325.9,1303895,Voltas
15-07-2016,324,327.9,323,325.5,634496,Voltas
18-07-2016,328,329.9,322.8,324.4,827884,Voltas
19-07-2016,325.3,327.5,317.1,325.4,946520,Voltas
20-07-2016,326,336.5,326,334.6,2464770,Voltas
21-07-2016,337.8,339.8,334.1,335.4,1380113,Voltas
22-07-2016,334.8,338.5,330.4,334.8,1579757,Voltas
25-07-2016,335.5,337.7,328.7,336,801718,Voltas
26-07-2016,338,347.3,337.3,341.9,2035164,Voltas
27-07-2016,344.8,349.5,341.2,343.8,1549480,Voltas
28-07-2016,343.8,348.5,340.9,346.8,987748,Voltas
29-07-2016,347,354.9,344.7,349.6,910131,Voltas
01-08-2016,350,374.9,350,371.2,3665912,Voltas
02-08-2016,375,375.8,358.9,366.1,6290334,Voltas
03-08-2016,358.8,360.7,341.8,345.2,2751998,Voltas
04-08-2016,350.9,356.5,343,347.9,2223022,Voltas
05-08-2016,348.9,352,345.6,348.9,1923274,Voltas
08-08-2016,349.4,355.7,349.1,351.8,1354336,Voltas
09-08-2016,351.8,353.3,345.2,347.7,932563,Voltas
10-08-2016,348.5,352.6,343.7,348.1,1156783,Voltas
11-08-2016,348.7,362.5,345.2,360.3,3161164,Voltas
12-08-2016,362,367.6,361.2,365.8,3330018,Voltas
16-08-2016,367,373.4,363.6,371.9,2049020,Voltas
17-08-2016,369.3,374.3,363.6,366.4,1960202,Voltas
18-08-2016,369.4,369.7,364.5,365.8,674230,Voltas
19-08-2016,366.5,384.6,366.5,382.6,2529707,Voltas
22-08-2016,383,383,371.4,372.2,1987988,Voltas
23-08-2016,372.2,377.8,369.2,372.4,957444,Voltas
24-08-2016,370,389.9,370,388.2,2252690,Voltas
25-08-2016,389.9,390.1,378,379.3,2595970,Voltas
26-08-2016,381.8,393.5,380.2,391.8,2173621,Voltas
29-08-2016,392.5,395,386.1,391.4,1466993,Voltas
30-08-2016,394,396.5,391.1,394.8,1235418,Voltas
31-08-2016,395,401.8,389.4,390.3,1532132,Voltas
01-09-2016,392.8,393.8,385.1,387.4,1005027,Voltas
02-09-2016,388.4,391.9,387.3,390.5,1013529,Voltas
06-09-2016,394,395,389.2,391.9,1047007,Voltas
07-09-2016,392.6,396,389.8,391.3,802751,Voltas
08-09-2016,391.8,392.4,385.6,390.2,1303536,Voltas
09-09-2016,389.3,393.8,386.4,389.2,803476,Voltas
12-09-2016,381.8,389,372.6,374.5,737381,Voltas
14-09-2016,375,378.2,367.9,376.1,1654036,Voltas
15-09-2016,376.6,386.5,371.1,384.4,1055417,Voltas
16-09-2016,387,388.2,374,378.7,1287624,Voltas
19-09-2016,380,394,377.5,391.1,1304397,Voltas
20-09-2016,393,393,381.2,382.8,1004593,Voltas
21-09-2016,382.5,384.5,377.5,379.1,1363438,Voltas
22-09-2016,382.7,385.5,376.2,379.5,1332890,Voltas
23-09-2016,379.6,387.3,378.4,383,951856,Voltas
26-09-2016,380.1,383.5,375.1,378.3,1124060,Voltas
27-09-2016,379,385,378.9,381.5,808207,Voltas
28-09-2016,380.1,384,378.1,380.9,1096317,Voltas
29-09-2016,383.4,385.4,358.3,370.2,2285059,Voltas
30-09-2016,368.7,380.7,366,379.1,1423665,Voltas
03-10-2016,382.2,391.4,380.4,388.8,991323,Voltas
04-10-2016,389.9,400,386.4,397.2,922916,Voltas
05-10-2016,401.3,404.4,393.7,396.2,1788508,Voltas
06-10-2016,396.6,399.8,385,388.6,990117,Voltas
07-10-2016,387.2,391,381.6,388.8,673824,Voltas
10-10-2016,392,395,387.4,389.2,656590,Voltas
13-10-2016,387.1,388.5,376.3,379.8,1009060,Voltas
14-10-2016,379.1,400.8,378.3,397.6,1697163,Voltas
17-10-2016,400,405.5,390.9,392.8,1698535,Voltas
18-10-2016,392.4,402,392.4,399.5,1155659,Voltas
19-10-2016,400.5,406.4,394.7,401.9,1363962,Voltas
20-10-2016,403,406,395.1,396.4,1135724,Voltas
21-10-2016,396,398.9,390.2,394.9,717664,Voltas
24-10-2016,398.5,401.5,391.6,393.6,1138366,Voltas
25-10-2016,389.9,401.4,383.3,397.6,1426081,Voltas
26-10-2016,396.8,398.1,380.3,385.4,1122371,Voltas
27-10-2016,384,387.8,378.1,381.2,1126937,Voltas
28-10-2016,383,389,381.6,386.7,650491,Voltas
01-11-2016,386.6,388,381.4,385.9,731739,Voltas
02-11-2016,378.7,380,370.4,372.7,706340,Voltas
03-11-2016,369,373.3,362.3,364.9,813490,Voltas
04-11-2016,366.2,370.5,358.2,360.1,1100762,Voltas
07-11-2016,362.2,366.3,356.7,359.4,1185370,Voltas
08-11-2016,360.5,361.8,351.3,357,1125591,Voltas
09-11-2016,339.5,343,321.3,338.4,2657301,Voltas
10-11-2016,348,357.5,344,349.7,1186190,Voltas
11-11-2016,346.2,348.4,328.1,333.2,1700061,Voltas
15-11-2016,333,335,311.1,322.4,1505551,Voltas
16-11-2016,324,332.1,315.4,328.4,2298848,Voltas
17-11-2016,319,319.7,297.5,302.9,6767775,Voltas
18-11-2016,302,302.6,291.4,292.7,4264362,Voltas
21-11-2016,295,304,291.8,295.7,3918142,Voltas
22-11-2016,301,305,287.2,301.8,2767086,Voltas
23-11-2016,304.5,306.5,295.2,300.5,2023122,Voltas
24-11-2016,295.5,303,293.3,299.9,2248235,Voltas
25-11-2016,302,302.7,296.2,301,811050,Voltas
28-11-2016,300,305.8,296.7,301,1123572,Voltas
29-11-2016,301,311.8,300.1,307.9,1846523,Voltas
30-11-2016,312,317,309.1,315.9,1192481,Voltas
01-12-2016,319,319,308.4,310.1,824865,Voltas
02-12-2016,309,310.7,304,307.7,1160250,Voltas
05-12-2016,309.6,310.7,303.9,304.7,922044,Voltas
06-12-2016,307.5,309.9,300.5,305.6,1238205,Voltas
07-12-2016,306,313.4,300.6,311.4,2245422,Voltas
08-12-2016,317,330,314.5,325.9,2587201,Voltas
09-12-2016,324.9,330.8,320.9,326.9,1322050,Voltas
12-12-2016,325,326.8,317,319.1,705940,Voltas
13-12-2016,319.5,324.4,315.2,320.1,564836,Voltas
14-12-2016,321,326,320,321.9,1068792,Voltas
15-12-2016,316.5,325.2,316.5,322.7,562702,Voltas
16-12-2016,321.9,326.8,317,318.5,530449,Voltas
19-12-2016,318.3,320.5,315.2,319,1774884,Voltas
20-12-2016,318.4,318.9,307.2,308.3,1432895,Voltas
21-12-2016,307.6,312.1,304.1,310,567396,Voltas
22-12-2016,309,313.4,306.3,310.7,741648,Voltas
23-12-2016,309.8,321.7,300.7,316.2,1094247,Voltas
26-12-2016,315,315.9,305.5,308.7,701910,Voltas
27-12-2016,308.3,319.3,305.9,318,592542,Voltas
28-12-2016,318.2,322,315.7,317.5,626334,Voltas
29-12-2016,318.9,336.4,318.4,330.2,1845510,Voltas
30-12-2016,329.3,331,322.6,328.3,1143623,Voltas
02-01-2017,324.9,331.5,324.3,328.4,610013,Voltas
03-01-2017,330,335.4,326.9,332.7,731310,Voltas
04-01-2017,332.7,341.5,332.1,335.8,1356799,Voltas
05-01-2017,337.8,346,336.9,344.5,827752,Voltas
06-01-2017,346.4,347.9,334.6,336.5,1175458,Voltas
09-01-2017,336.9,343.5,333.4,341.9,1033270,Voltas
10-01-2017,340.4,347.4,337.6,344.4,1405832,Voltas
11-01-2017,345.9,349.4,342.3,342.8,710693,Voltas
12-01-2017,343.8,346,339.4,340.4,630487,Voltas
13-01-2017,342,345.4,341.1,343.7,688655,Voltas
16-01-2017,344.7,347,340.2,345.1,547333,Voltas
17-01-2017,347.2,348.5,342.1,344.9,496803,Voltas
18-01-2017,346,352.4,343.2,349.6,775480,Voltas
19-01-2017,351.9,356,350.2,352.2,945328,Voltas
20-01-2017,353.5,354.4,341.6,343,860199,Voltas
23-01-2017,341.8,344.8,336.4,338.2,552516,Voltas
24-01-2017,340,340.8,323,324.2,2596793,Voltas
25-01-2017,324,326.7,321.1,326.1,2568025,Voltas
27-01-2017,326.1,339.9,326.1,336.8,4456388,Voltas
30-01-2017,337.3,341.8,334.5,337.2,1631969,Voltas
31-01-2017,337,337.6,325.2,327,1612843,Voltas
01-02-2017,328.9,334.5,320.4,333.7,1862732,Voltas
02-02-2017,333.7,333.7,327.1,331.1,1355490,Voltas
03-02-2017,330.2,331.5,326.1,330.1,1466321,Voltas
06-02-2017,333,338.4,332,335.6,1812553,Voltas
07-02-2017,335.6,338.4,329.1,331.3,869077,Voltas
08-02-2017,331.7,336.2,330.1,334.7,1254426,Voltas
09-02-2017,336.7,345,336.4,342.7,3265744,Voltas
10-02-2017,346.2,350.4,344.6,346.7,1535831,Voltas
13-02-2017,347.6,348.8,332.8,339.9,1029954,Voltas
14-02-2017,342.3,345,336.4,342.9,906636,Voltas
15-02-2017,353.9,353.9,336.5,339.3,2442401,Voltas
16-02-2017,340.5,346.9,337.1,345.1,1585192,Voltas
17-02-2017,347.7,350.6,343,346,893333,Voltas
20-02-2017,345,351,344.2,349.8,1056213,Voltas
21-02-2017,350,364.5,349.8,362.8,2512131,Voltas
22-02-2017,366.4,366.8,352.3,354.8,2758303,Voltas
23-02-2017,355.3,363.8,354.4,356.8,1675341,Voltas
27-02-2017,358,372,358,366.8,2130688,Voltas
28-02-2017,366.8,374.9,364,373.5,1641378,Voltas
01-03-2017,373.4,381.5,372.3,378.1,2440853,Voltas
02-03-2017,381.9,382,368.2,369.8,1276606,Voltas
03-03-2017,370,373.4,366.3,371.8,771776,Voltas
06-03-2017,370.3,384.7,368.1,384,1948585,Voltas
07-03-2017,384.4,389.4,380.6,386.7,2272871,Voltas
08-03-2017,387,388,376.2,385.1,1287449,Voltas
09-03-2017,381.6,389,381.6,385.8,1197236,Voltas
10-03-2017,387,387.6,380,381,1028312,Voltas
14-03-2017,388,388,382.5,385,946705,Voltas
15-03-2017,385,393.5,384.2,389,2138757,Voltas
16-03-2017,392.9,393,387.3,390.1,1007968,Voltas
17-03-2017,391.4,393.2,385.1,388.5,1050542,Voltas
20-03-2017,389.2,392.3,386.6,390.4,978372,Voltas
21-03-2017,392,395,386.3,388.4,1145026,Voltas
22-03-2017,385,387.4,381.5,384.4,820270,Voltas
23-03-2017,388.9,388.9,382.7,386,2244578,Voltas
24-03-2017,387.5,392.2,387,388.2,699900,Voltas
27-03-2017,388.3,391.1,383.8,388,1096735,Voltas
28-03-2017,391,393,387.3,391.3,938344,Voltas
29-03-2017,394,415.6,393.7,413.3,5490967,Voltas
30-03-2017,419,424.8,412,413.4,9005493,Voltas
31-03-2017,414.4,416.2,410,412.1,1929752,Voltas
03-04-2017,415.9,418,412.8,413.9,2066051,Voltas
05-04-2017,415,419.6,414.1,415.1,1669848,Voltas
06-04-2017,413.4,415.3,409.5,413.1,1022311,Voltas
07-04-2017,413.1,416.8,408.8,410.1,2050518,Voltas
10-04-2017,410.4,413.7,407.2,411.8,642976,Voltas
11-04-2017,413.6,417,410.6,414.3,2274574,Voltas
12-04-2017,416,416,405.8,408.9,1518090,Voltas
13-04-2017,410.4,410.4,403.3,404.6,1305236,Voltas
17-04-2017,405.3,409.9,401.3,407.5,552471,Voltas
18-04-2017,409.7,415.9,406.2,407.8,1579604,Voltas
19-04-2017,409.5,415.9,407.9,414.4,1158457,Voltas
20-04-2017,415.4,420.4,412.1,419,2137845,Voltas
21-04-2017,422,423.5,410.6,413.8,1146672,Voltas
24-04-2017,416,418,412,415.3,1716410,Voltas
25-04-2017,419.8,421.3,416,417.6,1141951,Voltas
26-04-2017,420,420,406.6,411.8,1317050,Voltas
27-04-2017,413,415.3,407.9,409.5,895582,Voltas
28-04-2017,411,413.5,409,411.1,528444,Voltas
02-05-2017,414.8,419.5,410.2,415.3,1401263,Voltas
03-05-2017,415.3,418.8,413.6,415.6,614833,Voltas
04-05-2017,416.2,428.5,416.2,425.7,2791727,Voltas
05-05-2017,427.9,429,417.9,419.9,1670909,Voltas
08-05-2017,419.4,426,419.3,424.1,1454790,Voltas
09-05-2017,426.4,433.7,425,428.1,1733135,Voltas
10-05-2017,429,443.2,429,440.7,2301173,Voltas
11-05-2017,442,446,438.7,439.7,1081999,Voltas
12-05-2017,440,443,432.2,433.6,936331,Voltas
15-05-2017,436,436.4,430.1,431.9,696583,Voltas
16-05-2017,432,438.2,430.7,432.5,996780,Voltas
17-05-2017,435,435,427.3,430.2,686830,Voltas
18-05-2017,425.1,427,412.7,414.1,1231618,Voltas
19-05-2017,414.4,419.9,411,415.8,869457,Voltas
22-05-2017,420,420,413.9,415.7,633783,Voltas
23-05-2017,420,420,403.4,409.9,1795730,Voltas
24-05-2017,428,450.8,423.1,446.5,17793994,Voltas
25-05-2017,451,484,443.2,474.8,6345884,Voltas
26-05-2017,470.1,501.8,470.1,498.5,7060217,Voltas
29-05-2017,496.9,499.8,482.3,484.6,3146132,Voltas
30-05-2017,481.6,491,477.8,485.6,2205065,Voltas
31-05-2017,485.6,494,483.1,486.4,1405724,Voltas
01-06-2017,486.5,512.6,482.4,508.9,4560228,Voltas
02-06-2017,513.4,514,498.3,500.5,2365246,Voltas
05-06-2017,501,503,493.6,495,1025382,Voltas
06-06-2017,495,498.3,484.4,487,1495351,Voltas
07-06-2017,490,490,480.2,483.3,1913739,Voltas
08-06-2017,487.5,496.6,484.2,487.7,1991047,Voltas
09-06-2017,488,494.4,483.1,492.4,1047346,Voltas
12-06-2017,494,494,483.4,486.6,839096,Voltas
13-06-2017,487.9,493,484,491.6,1003567,Voltas
14-06-2017,488.7,494,482.3,491.5,971911,Voltas
15-06-2017,490,496.7,486.3,494.4,1103603,Voltas
16-06-2017,497.9,501.6,485.3,489.6,2190283,Voltas
19-06-2017,489,492,471.2,474.2,2123153,Voltas
20-06-2017,474.5,476.4,466.4,470.9,1711291,Voltas
21-06-2017,467.2,475,464.5,468.3,1052674,Voltas
22-06-2017,468.9,471.5,464.1,465.7,963813,Voltas
23-06-2017,465,466,449.5,454.3,1271328,Voltas
27-06-2017,455.3,457.4,442.7,446.1,939495,Voltas
28-06-2017,445.5,451.9,440.4,449.9,1006926,Voltas
29-06-2017,454,460.5,448.8,453.7,2525919,Voltas
30-06-2017,452.7,460,450.3,457.3,1121500,Voltas
03-07-2017,459.5,470.7,453.8,469,931791,Voltas
04-07-2017,469,469.5,460.7,463.4,1039319,Voltas
05-07-2017,462.4,479,461.7,475.8,1101536,Voltas
06-07-2017,479.6,479.6,469,470.8,968824,Voltas
07-07-2017,470.4,473.2,465.5,466.6,705657,Voltas
10-07-2017,463,469.8,463,467,130217,Voltas
11-07-2017,471,472,460.2,463.1,410364,Voltas
12-07-2017,463.7,475,462.8,473.6,1109015,Voltas
13-07-2017,476,486.9,472,484.8,1565828,Voltas
14-07-2017,487,489,480,482.9,1137145,Voltas
17-07-2017,485.7,486.8,480.3,483.8,595858,Voltas
18-07-2017,483,491,480.7,485.6,1241061,Voltas
19-07-2017,488,495.5,484.1,493.8,1122381,Voltas
20-07-2017,494,494.7,488.5,490.9,537286,Voltas
21-07-2017,492,501.4,489.3,499.7,1787299,Voltas
24-07-2017,500,505.3,494,502.3,958429,Voltas
25-07-2017,502.5,507.5,498.2,504.2,1689402,Voltas
26-07-2017,502,506.8,498.3,499.1,805173,Voltas
27-07-2017,501,520.8,498.2,515.9,2315891,Voltas
28-07-2017,513.9,516.9,507.4,510.8,1125651,Voltas
31-07-2017,509.2,511.7,502.3,504.3,769126,Voltas
01-08-2017,507,535,505,533.7,3099028,Voltas
02-08-2017,535.5,556,522.1,542.4,6316855,Voltas
03-08-2017,540.9,550,533,538.3,2375385,Voltas
04-08-2017,537.5,544.7,530.1,541.7,961460,Voltas
07-08-2017,545.8,546.3,535.1,536.9,784124,Voltas
08-08-2017,536.9,541.8,528.2,537.5,878858,Voltas
09-08-2017,533.2,537.4,524.4,527.6,896586,Voltas
10-08-2017,522.5,531.8,513.6,520.2,1088376,Voltas
11-08-2017,512,523.4,505.6,517.2,931742,Voltas
14-08-2017,516.1,556.5,516.1,554.2,2649764,Voltas
16-08-2017,554,556,540.4,542.5,1450555,Voltas
17-08-2017,544,553.3,539.9,543.4,1255237,Voltas
18-08-2017,541.8,541.8,530.2,537.7,675709,Voltas
21-08-2017,539.9,544.9,529.7,532.6,686697,Voltas
22-08-2017,532.6,534.3,522.4,524.9,973052,Voltas
23-08-2017,526,527.5,515.7,522,838053,Voltas
24-08-2017,525,525,517.8,521,953036,Voltas
28-08-2017,521,542.8,521,538.2,1969579,Voltas
29-08-2017,537.5,537.5,518.4,520.1,1688156,Voltas
30-08-2017,525,528.9,520.3,523.2,1053566,Voltas
31-08-2017,524,528.6,518.5,524.8,2169691,Voltas
01-09-2017,525.4,532,524.8,526.8,1188947,Voltas
04-09-2017,526.8,526.9,509.5,519.4,1233474,Voltas
05-09-2017,520.9,526.6,518.7,522.7,696199,Voltas
06-09-2017,519,528.8,516.7,526.3,585624,Voltas
07-09-2017,531,539.4,527.8,531.6,1207192,Voltas
08-09-2017,534.2,543.9,532.9,537.3,1196081,Voltas
11-09-2017,539,540.8,528.8,534.7,1030439,Voltas
12-09-2017,537.4,565,536.1,562.5,2593563,Voltas
13-09-2017,563,565,547.5,549.2,1605816,Voltas
14-09-2017,549.2,555,543.1,545.4,642754,Voltas
15-09-2017,542,547,533.1,544.8,1103473,Voltas
18-09-2017,548,558,547.5,552.1,898840,Voltas
19-09-2017,553,555.3,546.1,548.4,504747,Voltas
20-09-2017,550,554.8,545.5,549.2,652333,Voltas
21-09-2017,548.1,551.4,532,535.1,659982,Voltas
22-09-2017,531,531,512.2,515.3,1159434,Voltas
25-09-2017,517.2,517.2,496.6,509.7,1609372,Voltas
26-09-2017,507.4,520.8,502.2,518.7,1275397,Voltas
27-09-2017,520.1,525.2,509.3,512.6,1204430,Voltas
28-09-2017,513,515,494.6,501,1775294,Voltas
29-09-2017,502,510.9,500.1,506.1,1111845,Voltas
03-10-2017,506.7,525.9,506.7,523,1799838,Voltas
04-10-2017,524.6,526.9,518.6,520.3,629643,Voltas
05-10-2017,520.9,526.6,515.5,518.9,606330,Voltas
06-10-2017,520.3,534.4,519,528.6,1496005,Voltas
09-10-2017,528.2,529.3,515.1,520,563776,Voltas
10-10-2017,524,532.8,521.5,528.5,927705,Voltas
11-10-2017,531,541,515.1,522.5,2437073,Voltas
12-10-2017,529,536.5,521.6,535.5,1801073,Voltas
13-10-2017,539.3,540,531.1,532.5,796607,Voltas
16-10-2017,535,537.3,529.6,531.8,524070,Voltas
17-10-2017,531.8,542.6,529.3,539.2,1283028,Voltas
18-10-2017,539,545.9,536.2,537.5,490341,Voltas
19-10-2017,538.9,538.9,530.8,532.9,177470,Voltas
23-10-2017,535.5,545,533.4,543.9,1173130,Voltas
24-10-2017,543.9,544.8,531.8,538,589586,Voltas
25-10-2017,541.2,541.8,528.2,534.3,551428,Voltas
26-10-2017,532,536.1,529.5,534.2,669708,Voltas
27-10-2017,534.2,545,529.1,542.4,681482,Voltas
30-10-2017,544,561.5,544,559.8,1743507,Voltas
31-10-2017,558,572.2,552.1,567.6,1460525,Voltas
01-11-2017,570,572.7,558.4,561.8,592793,Voltas
02-11-2017,562,565,542,545.7,799902,Voltas
03-11-2017,548,557,546,549,725510,Voltas
06-11-2017,550,562,549.2,552.9,990471,Voltas
07-11-2017,556.9,559,541.6,547.9,442264,Voltas
08-11-2017,550,564.7,546.4,556.7,1650772,Voltas
09-11-2017,570,570,550.3,563.8,2117520,Voltas
10-11-2017,562,592.5,558.9,571.7,3234261,Voltas
13-11-2017,564.1,582.5,556.9,576.6,1525340,Voltas
14-11-2017,576.9,602,572.1,600,2462831,Voltas
15-11-2017,604.6,604.6,578.1,583.9,1279684,Voltas
16-11-2017,586.9,617.9,586.3,614.2,3247516,Voltas
17-11-2017,619,619.5,603.3,611.5,1133281,Voltas
20-11-2017,612.1,633.8,612.1,630.5,2116278,Voltas
21-11-2017,630.5,637.2,625.5,629.1,1101658,Voltas
22-11-2017,629.2,630.2,615.4,622.9,848723,Voltas
23-11-2017,627,631.5,615.1,624.8,778441,Voltas
24-11-2017,626,629.7,618.2,623.6,499364,Voltas
27-11-2017,619.9,652.2,617.6,649.1,2129856,Voltas
28-11-2017,647,648.8,633.3,636.5,870800,Voltas
29-11-2017,639,653.8,638.2,643.4,1309817,Voltas
30-11-2017,637.6,647.1,634.1,636.6,884638,Voltas
01-12-2017,633,639.5,611.7,616.4,1253644,Voltas
04-12-2017,619.1,621,604.7,610.4,693106,Voltas
05-12-2017,606,623.4,606,621,732058,Voltas
06-12-2017,620.3,620.3,598.2,599.8,1233072,Voltas
07-12-2017,599.7,620,586.6,617.3,2175719,Voltas
08-12-2017,617,627.9,616.1,625.8,929415,Voltas
11-12-2017,624.4,634.6,620.6,625.7,1109817,Voltas
12-12-2017,623.4,636.7,620.6,629.4,1360029,Voltas
13-12-2017,627.7,633,615.1,619.6,541225,Voltas
14-12-2017,619,624.2,606.5,617,713619,Voltas
15-12-2017,625,643.1,621.3,631.6,1642718,Voltas
18-12-2017,628.1,636,611.2,629.5,824581,Voltas
19-12-2017,631.4,637.3,629.3,633.4,648921,Voltas
20-12-2017,633,643.4,632.5,637.6,1480668,Voltas
21-12-2017,638.9,654,638,649.6,2116404,Voltas
22-12-2017,651.9,667.4,645.6,659,2152060,Voltas
26-12-2017,659,665.1,649.5,654.6,847460,Voltas
27-12-2017,654,672.7,650.1,668.6,1135117,Voltas
28-12-2017,670.1,675.3,652,656.2,2279651,Voltas
29-12-2017,659,670,653.2,655.9,893427,Voltas
01-01-2018,656,660.8,646.8,649,511241,Voltas
02-01-2018,650,658,642.1,647.4,751245,Voltas
03-01-2018,650.7,652.5,638.2,643.6,798896,Voltas
04-01-2018,647,650.8,636.6,645.7,1081080,Voltas
05-01-2018,649.5,658,644,646.4,1027065,Voltas
08-01-2018,646.1,652.8,636,638.7,899786,Voltas
09-01-2018,639.7,653.8,634.1,648.6,1307594,Voltas
10-01-2018,650,654.4,626.7,629.3,1116965,Voltas
11-01-2018,633.9,634.7,621.3,625.9,1177579,Voltas
12-01-2018,629,645.5,629,634,2080069,Voltas
15-01-2018,635.6,639,626.6,632.5,1014637,Voltas
16-01-2018,635,640,618.5,623.1,921801,Voltas
17-01-2018,625,634,611.8,628.3,1119332,Voltas
18-01-2018,629.2,631.1,595.2,600.5,1400130,Voltas
19-01-2018,603.6,620.7,602.1,618.2,1348469,Voltas
22-01-2018,615.1,626.9,611.2,625,1377160,Voltas
23-01-2018,621.6,635,617.1,625.6,2197060,Voltas
24-01-2018,626,629.4,604.5,611.1,1077221,Voltas
25-01-2018,611,619.8,605,615.1,830346,Voltas
29-01-2018,618,620.5,607,615.5,653176,Voltas
30-01-2018,612.5,612.5,605.4,609,1009788,Voltas
31-01-2018,609.7,616,600.8,605,1409431,Voltas
01-02-2018,605,611,597.1,607.1,1134949,Voltas
02-02-2018,600,601.4,568.1,572.6,1732350,Voltas
05-02-2018,565,600,555.2,596.1,1338482,Voltas
06-02-2018,574.1,594,562.5,586.1,874049,Voltas
07-02-2018,598,614.8,584.8,599.8,4412650,Voltas
08-02-2018,606,606.5,591.1,600.2,1511438,Voltas
09-02-2018,577,599.4,577,593.7,749611,Voltas
12-02-2018,595.3,609.9,590.4,592.5,1056620,Voltas
14-02-2018,597,606.2,594,601.8,807610,Voltas
15-02-2018,602.1,611,582,583.8,1410704,Voltas
16-02-2018,588.6,592.9,576,584.7,1359810,Voltas
19-02-2018,589,589,571.1,575.3,1107657,Voltas
20-02-2018,574.8,575,555.6,557.7,1719735,Voltas
21-02-2018,561.2,585.8,552,582.5,3319408,Voltas
22-02-2018,583,587,573.1,581.1,1992085,Voltas
23-02-2018,581,590.8,575,588.9,1932922,Voltas
26-02-2018,594.1,615.4,587.8,613.7,3006640,Voltas
27-02-2018,616.5,622.8,603.3,607.2,2434835,Voltas
28-02-2018,605.8,615,593.6,609.4,1203140,Voltas
01-03-2018,615,628.5,610.9,619,3773902,Voltas
05-03-2018,614.9,630,614.9,624.7,2560485,Voltas
06-03-2018,632,638.8,618.5,622.9,2662639,Voltas
07-03-2018,620,634.8,619,626.6,2265236,Voltas
08-03-2018,635,636.2,627.6,631,1668045,Voltas
09-03-2018,638,640,626.1,629.4,1181583,Voltas
12-03-2018,634,645,627.7,638.9,1810263,Voltas
13-03-2018,643.5,649.5,637.3,639.8,1700031,Voltas
14-03-2018,639,645,637,640.9,984998,Voltas
15-03-2018,643.5,644.9,635.6,640.4,1384611,Voltas
16-03-2018,641.8,644.9,622.4,627.2,1841603,Voltas
19-03-2018,631.7,633.5,616.2,620.9,822733,Voltas
20-03-2018,615.9,626,613.6,620.7,894158,Voltas
21-03-2018,619.4,625.9,612.3,613.4,1031312,Voltas
22-03-2018,614,618,606,614.6,897519,Voltas
23-03-2018,604.7,606,591.1,604.3,1327631,Voltas
26-03-2018,605,617.2,604.3,613.9,1401802,Voltas
27-03-2018,619,625,618,623.2,818027,Voltas
28-03-2018,621.7,625.8,617.9,620.9,1345369,Voltas
02-04-2018,625,640,622,638.5,1464913,Voltas
03-04-2018,638,654.5,629.3,647.9,2115452,Voltas
04-04-2018,654,658.7,613.3,618,3786573,Voltas
05-04-2018,630.5,635.2,623,631.2,1827047,Voltas
06-04-2018,633,638.3,624.4,631.8,1273774,Voltas
09-04-2018,638,638.8,632.2,634.6,995515,Voltas
10-04-2018,637.2,642.9,629.3,633.6,1024290,Voltas
11-04-2018,640,640,630.7,632.5,606508,Voltas
12-04-2018,632.9,641.5,625.5,638.8,1119748,Voltas
13-04-2018,642,645.5,635.4,638.1,1249604,Voltas
16-04-2018,632.6,648.4,631,647.1,1047119,Voltas
17-04-2018,646,648.9,633.8,637.5,851559,Voltas
18-04-2018,640.4,645.4,632.1,643,1594986,Voltas
19-04-2018,646,646,634.5,640.4,918780,Voltas
20-04-2018,635.3,640.9,633.1,635.9,1471042,Voltas
23-04-2018,635,664.7,632.3,654.6,2856205,Voltas
24-04-2018,655.9,656,636.2,638.8,1116832,Voltas
25-04-2018,639.7,645.5,633.6,637.7,1021947,Voltas
26-04-2018,638.9,640,624.5,629.9,1157190,Voltas
27-04-2018,634,637.2,628.1,635.7,798202,Voltas
30-04-2018,636.5,647.6,635,642.5,826570,Voltas
02-05-2018,643.9,643.9,625,628.1,564733,Voltas
03-05-2018,630,630,611.6,615.1,1108658,Voltas
04-05-2018,613.9,623.9,607,614.7,964694,Voltas
07-05-2018,618.8,635,616.6,627.6,1211109,Voltas
08-05-2018,626,632.1,618.3,620.2,1364773,Voltas
09-05-2018,621.4,625.9,613,614.8,676235,Voltas
10-05-2018,621,621,600.1,602,870436,Voltas
11-05-2018,603,620.8,603,618,1257437,Voltas
14-05-2018,614.5,616,594.4,596.2,1193579,Voltas
15-05-2018,595,604.7,581.3,597.8,1420733,Voltas
16-05-2018,597.8,597.8,582.3,591.4,1231251,Voltas
17-05-2018,596,597.3,580.1,583.2,1767964,Voltas
18-05-2018,550.6,566.9,531.1,551.8,18285567,Voltas
21-05-2018,552.8,555.9,536.2,543.7,2539158,Voltas
22-05-2018,545,557.9,534.3,550.8,1750504,Voltas
23-05-2018,550.5,552.5,543.6,544.8,1117372,Voltas
24-05-2018,547.1,550,524.4,531.5,2371320,Voltas
25-05-2018,533,539.9,526.9,537.7,2186624,Voltas
28-05-2018,543.1,561,540.3,557.5,1313655,Voltas
29-05-2018,556.9,558.6,538.8,543.5,1195089,Voltas
30-05-2018,538,552,535.2,548.4,1127560,Voltas
31-05-2018,549.8,551,537.4,540,1347553,Voltas
01-06-2018,539.5,544.4,528.3,532.9,860163,Voltas
04-06-2018,536.6,541,528.8,532.8,598601,Voltas
05-06-2018,532,535.2,513.5,518.2,1832843,Voltas
06-06-2018,509.8,533,505.5,530.4,3796941,Voltas
07-06-2018,534,534,520.1,523,1701945,Voltas
08-06-2018,520.6,532,514.5,529.8,2065278,Voltas
11-06-2018,532.3,538,523,524.7,1110895,Voltas
12-06-2018,523,534.7,520.1,533.3,1434827,Voltas
13-06-2018,535,539.9,520.4,524.7,1652739,Voltas
14-06-2018,526,531.4,524,526.2,701551,Voltas
15-06-2018,526,528.7,516.5,519.7,982058,Voltas
18-06-2018,518.8,524.4,512.7,521.1,863733,Voltas
19-06-2018,519,522.5,513,516.4,740949,Voltas
20-06-2018,517,526.7,517,523.2,944345,Voltas
21-06-2018,525.2,528,513,517.1,820102,Voltas
22-06-2018,516,521.4,507.7,517.4,1053470,Voltas
25-06-2018,516.5,521.2,509.4,515.1,1066173,Voltas
26-06-2018,512,532.8,493.1,529.3,4717208,Voltas
27-06-2018,530.4,546.7,520.6,535.3,2984948,Voltas
28-06-2018,531.9,538.9,502.1,511.5,3326253,Voltas
29-06-2018,518,525.9,509.1,523.8,2111937,Voltas
02-07-2018,521.3,525,513.5,515,1264522,Voltas
03-07-2018,514,528.5,511,526,1295642,Voltas
04-07-2018,523,534,522.1,525.4,1148342,Voltas
05-07-2018,528,528.7,513.6,517.1,846089,Voltas
06-07-2018,517,524.9,516.6,520.7,1102650,Voltas
09-07-2018,526,536.3,523.5,534.7,1129618,Voltas
10-07-2018,537,544.5,531,534.2,1179116,Voltas
11-07-2018,532.9,541.9,530.8,539.3,1024214,Voltas
12-07-2018,544,553,539,546.3,1528189,Voltas
13-07-2018,546.7,549.2,531,534.8,948812,Voltas
16-07-2018,535.7,538.6,526.1,529.1,778522,Voltas
17-07-2018,532.3,547.3,530,545.5,938627,Voltas
18-07-2018,549.9,549.9,531.4,537,937000,Voltas
19-07-2018,539,542.7,530.1,535.9,464289,Voltas
20-07-2018,536.5,557.9,530.2,553,1050986,Voltas
23-07-2018,565,575,557.7,573.8,2185529,Voltas
24-07-2018,577.9,589,576,585.2,2274342,Voltas
25-07-2018,587,587,566,570.5,1426281,Voltas
26-07-2018,574.9,578.9,564.4,568.8,2066139,Voltas
27-07-2018,569.9,584.5,563.4,574.2,975792,Voltas
30-07-2018,577,577.7,566.3,568,593437,Voltas
31-07-2018,565.1,572,561.3,568,876299,Voltas
01-08-2018,569,574.5,566,569.5,582499,Voltas
02-08-2018,572.3,579,561.1,573.1,1466081,Voltas
03-08-2018,571.6,583.3,570.1,574.7,1234771,Voltas
06-08-2018,582.9,582.9,572.7,577.9,770584,Voltas
07-08-2018,580,580.6,567.2,575.8,349767,Voltas
08-08-2018,579.7,600,572.5,592,3345450,Voltas
09-08-2018,595,603.4,590.4,593.2,1651139,Voltas
10-08-2018,595.9,627.4,591.2,621.1,5784459,Voltas
13-08-2018,619.3,632,604.6,620.9,2294997,Voltas
14-08-2018,620.2,621,610.1,613.8,1550915,Voltas
16-08-2018,612.9,616.6,605.3,607.9,1396753,Voltas
17-08-2018,608.1,625.5,608.1,616.3,1498617,Voltas
20-08-2018,618,630,616.6,620.7,1598541,Voltas
21-08-2018,620.9,623.5,610.1,612.6,697553,Voltas
23-08-2018,612.1,616,601,608.5,882972,Voltas
24-08-2018,607.5,627.8,605,612.5,2372163,Voltas
27-08-2018,614.5,625,610.4,623.6,1205346,Voltas
28-08-2018,625.9,634.8,615.6,629.6,1961333,Voltas
29-08-2018,627,636.9,623,627.4,1578658,Voltas
30-08-2018,629.1,633,621,623.7,2190793,Voltas
31-08-2018,622.1,629.4,612.5,614.8,922393,Voltas
03-09-2018,618.4,622.2,598.5,601.7,760491,Voltas
04-09-2018,600,610,596.3,600.7,1347621,Voltas
05-09-2018,598.7,604.7,570,588.5,1958179,Voltas
06-09-2018,589.7,598.5,577.5,596.3,1339924,Voltas
07-09-2018,598,603,586.7,599.4,849399,Voltas
10-09-2018,597.7,597.7,580,583.3,751831,Voltas
11-09-2018,584,589.8,572.2,575.6,971831,Voltas
12-09-2018,577.9,589.6,565.3,586,836403,Voltas
14-09-2018,594.8,622,590.5,617.3,2262200,Voltas
17-09-2018,610.1,611.8,594.7,598.7,1023584,Voltas
18-09-2018,599,599.9,575.5,578.7,1297992,Voltas
19-09-2018,583.5,584.4,564.4,567.9,1721437,Voltas
21-09-2018,570,576,549.9,562.9,1971129,Voltas
24-09-2018,569,574.9,555,568,698529,Voltas
25-09-2018,568,581.4,558.2,577.3,1036491,Voltas
26-09-2018,583,584.8,565,571.6,1144859,Voltas
27-09-2018,555,559.7,532,536.2,4577936,Voltas
28-09-2018,540,546.8,525.2,532.2,1450754,Voltas
01-10-2018,530.2,540.1,515,536.4,792956,Voltas
03-10-2018,531,545.2,522.6,529.7,1463072,Voltas
04-10-2018,522.5,531,508.5,515.5,1139340,Voltas
05-10-2018,515.4,518,500,506.5,1054183,Voltas
08-10-2018,505,507.7,472.3,479.2,1968318,Voltas
09-10-2018,480,487.7,476,484.7,1095066,Voltas
10-10-2018,489,519,485.3,515.6,1061550,Voltas
11-10-2018,500,514.2,486.3,498.3,1226218,Voltas
12-10-2018,500,518.4,500,510.4,733655,Voltas
15-10-2018,510,511.6,496.5,500.2,777013,Voltas
16-10-2018,506,516.6,502.4,508.7,677663,Voltas
17-10-2018,515,516.3,498.2,500.7,605510,Voltas
19-10-2018,492,510.4,489.5,507.2,1038482,Voltas
22-10-2018,509.9,512.3,498.5,500.9,549563,Voltas
23-10-2018,498,512.8,495,509.9,878249,Voltas
24-10-2018,512,528,510.7,524.8,1668478,Voltas
25-10-2018,520,529,514.5,526.7,1668379,Voltas
26-10-2018,523.3,530,503.6,507,941101,Voltas
29-10-2018,505,527.3,497.5,522.1,1133504,Voltas
30-10-2018,520.9,533.3,510.1,519.5,1163301,Voltas
31-10-2018,521,545,518.1,540.3,1775202,Voltas
01-11-2018,544.9,558.7,528.9,532.6,1650082,Voltas
02-11-2018,535.9,551,533.4,548.5,1590806,Voltas
05-11-2018,547.5,554.5,533.1,538.3,1997213,Voltas
06-11-2018,540,549,517.2,523.4,4859489,Voltas
09-11-2018,510,541.5,505.8,538.9,3357785,Voltas
12-11-2018,540,546.2,533.2,535.5,1052948,Voltas
13-11-2018,533.4,545,527.3,543.8,1036671,Voltas
14-11-2018,545,552,537.5,542.4,1078898,Voltas
15-11-2018,543.2,558.2,538.1,553,1322033,Voltas
16-11-2018,552.8,555.5,542,552.6,591046,Voltas
19-11-2018,552.6,567.8,550.1,561.7,1576273,Voltas
20-11-2018,558.2,570,543.6,547,1277292,Voltas
21-11-2018,548.8,564,547.6,560.3,709970,Voltas
22-11-2018,562,562.8,547.5,549.4,731163,Voltas
26-11-2018,549,562.5,541.2,559.3,858202,Voltas
27-11-2018,555.2,557.9,541.9,545.4,833265,Voltas
28-11-2018,549.8,551.3,534,536.5,1121781,Voltas
29-11-2018,538.6,555,538.6,552.8,1172042,Voltas
30-11-2018,554,561.6,547.1,554,1247505,Voltas
03-12-2018,555,562,548.4,556.7,909007,Voltas
04-12-2018,555,559.9,548.1,552.9,475903,Voltas
05-12-2018,545.3,554.5,542.1,551.7,768896,Voltas
06-12-2018,546,546.2,527.2,537.2,1390675,Voltas
07-12-2018,538,546.9,529.1,543.8,1600611,Voltas
10-12-2018,530.3,541.8,530.3,534.7,575162,Voltas
11-12-2018,525.9,556,525.9,552.8,1089579,Voltas
12-12-2018,559,570.2,548.1,569.1,2022689,Voltas
13-12-2018,571,574.9,558.2,568.7,1401052,Voltas
14-12-2018,565.1,582.8,561.7,578.8,1188909,Voltas
17-12-2018,580,590.5,565.2,567.7,2486280,Voltas
18-12-2018,566.6,571.1,558.4,561.4,1484453,Voltas
19-12-2018,565,579.5,561,573.2,2383638,Voltas
20-12-2018,569.8,582,564.8,576.9,1623344,Voltas
21-12-2018,580,580,567.2,570,1400954,Voltas
24-12-2018,569,569,551,555.2,1516765,Voltas
26-12-2018,554,554.9,540.6,549.6,1140324,Voltas
27-12-2018,555,555.8,545.1,551.2,2783701,Voltas
28-12-2018,554,557.2,549.3,551.3,1101215,Voltas
31-12-2018,554.6,561.5,551.2,553.5,1100958,Voltas
01-01-2019,555.8,558.2,551.3,555.5,547086,Voltas
02-01-2019,555.1,556.4,534.2,537.9,926605,Voltas
03-01-2019,536,544.1,533,536.4,1357716,Voltas
04-01-2019,538,541.1,527.6,536.2,1551273,Voltas
07-01-2019,540.8,545.4,538.5,541.8,877380,Voltas
08-01-2019,542.7,542.7,537.9,539.6,718834,Voltas
09-01-2019,544.2,544.2,531.3,535.2,769323,Voltas
10-01-2019,535.3,542.5,533.5,539.4,1070036,Voltas
11-01-2019,539,544,534.5,542.2,691132,Voltas
14-01-2019,541.3,545.4,538.2,540.7,562376,Voltas
15-01-2019,541.9,543.8,525.7,531.1,1562999,Voltas
16-01-2019,531.2,537.8,530.2,533.3,1219163,Voltas
17-01-2019,535.5,540.4,532.5,534.7,509792,Voltas
18-01-2019,535.5,537.8,532.3,535.2,371360,Voltas
21-01-2019,537.7,542.7,530.4,536.6,711696,Voltas
22-01-2019,535.4,544.4,526.1,540.2,1444834,Voltas
23-01-2019,540,542,531.4,532.8,424146,Voltas
24-01-2019,532.7,541.9,531.7,538.7,677637,Voltas
25-01-2019,543,543,531.1,532.5,750228,Voltas
28-01-2019,538,538,531.3,534.1,942490,Voltas
29-01-2019,533.4,544.5,528.5,541.4,1102180,Voltas
30-01-2019,540.6,544.1,532,541.6,572806,Voltas
31-01-2019,542.5,544,531.1,541.1,1406501,Voltas
01-02-2019,541.1,557.7,533,553.7,1915869,Voltas
04-02-2019,555.9,556,535.5,544,900993,Voltas
05-02-2019,543.9,546.5,532,533.6,810734,Voltas
06-02-2019,532.3,533.8,513.1,528.7,1691734,Voltas
07-02-2019,523.8,541.2,523.7,538.1,694326,Voltas
08-02-2019,536.3,540.9,530,531.6,735498,Voltas
11-02-2019,533.7,533.7,519.3,524.5,602314,Voltas
12-02-2019,527,528.8,520,522.3,316796,Voltas
13-02-2019,523.5,529.2,504,507.5,1455332,Voltas
14-02-2019,504,522.5,501.1,515,1431983,Voltas
15-02-2019,511,534.6,511,522,3136801,Voltas
18-02-2019,524.2,529.8,519,522.2,664220,Voltas
19-02-2019,519,528.8,515.6,524.1,604529,Voltas
20-02-2019,526.6,533.4,524.1,529.8,658574,Voltas
21-02-2019,530,536,526.4,533.1,1033996,Voltas
22-02-2019,527.5,532.8,524.1,531.3,739498,Voltas
25-02-2019,535,535,527,530.1,714560,Voltas
26-02-2019,529.9,539,525,537.5,1199389,Voltas
27-02-2019,537.7,557.4,536.8,543,1871732,Voltas
28-02-2019,545,570.5,541.5,566.6,3207480,Voltas
01-03-2019,568.3,577.9,563.3,575,2529959,Voltas
05-03-2019,572,601,572,597.3,2280910,Voltas
06-03-2019,605,605,591.6,598.3,1554217,Voltas
07-03-2019,599,601.6,591.2,593.8,1348466,Voltas
08-03-2019,590.1,596.6,588.1,593.7,949009,Voltas
11-03-2019,594,627.8,594,625.1,2785319,Voltas
12-03-2019,626.5,630.9,617,622.4,1765103,Voltas
13-03-2019,622.6,629.9,615.1,618.8,1225549,Voltas
14-03-2019,613.9,615.9,598.1,602.5,1829422,Voltas
15-03-2019,603.5,607,596.1,600,2575864,Voltas
18-03-2019,601,610.7,600,604.3,1547903,Voltas
19-03-2019,606,614,600.1,612.4,1168935,Voltas
20-03-2019,613.8,616,607.5,614.1,1171383,Voltas
22-03-2019,615,619.5,608.1,614.9,1486474,Voltas
25-03-2019,602.4,612.9,598.3,603,1529031,Voltas
26-03-2019,606,614.8,603.5,612.9,717467,Voltas
27-03-2019,617,627,615,623.8,1883340,Voltas
28-03-2019,625,633.5,622.4,626.3,2122939,Voltas
29-03-2019,629.8,633.7,625.8,629.5,839471,Voltas
01-04-2019,630.5,641.7,618.8,624.2,1610168,Voltas
02-04-2019,624.2,626.9,619.4,622.1,870335,Voltas
03-04-2019,622,633.5,614.6,616.7,1525542,Voltas
04-04-2019,617.8,625,600.8,605.1,1598159,Voltas
05-04-2019,609.7,613.3,605,609.4,1463341,Voltas
08-04-2019,612,624.5,607.5,612.2,1465527,Voltas
09-04-2019,616,618.8,607.2,609.3,966423,Voltas
10-04-2019,611.8,616.5,606.7,610.2,705154,Voltas
11-04-2019,610,620,609.2,617.1,1217205,Voltas
12-04-2019,616.9,625.6,616,620.5,1997945,Voltas
15-04-2019,623.4,628.3,618,621.8,1213990,Voltas
16-04-2019,625,628.3,622.2,623.9,1235077,Voltas
18-04-2019,625.2,626.9,609.5,614.9,986091,Voltas
22-04-2019,614.2,616,608.3,611.9,642804,Voltas
23-04-2019,611,625.5,609.4,622.3,1218136,Voltas
24-04-2019,622.2,623.9,612.9,616.9,929484,Voltas
25-04-2019,617.8,619.6,611.5,615.7,1151814,Voltas
26-04-2019,616.7,618,600.4,609,1200818,Voltas
30-04-2019,609.7,610.6,598.6,602.7,1014686,Voltas
02-05-2019,601,610.7,599,600.9,755660,Voltas
03-05-2019,606.7,621.4,601.3,603.5,2524534,Voltas
06-05-2019,601.7,611,597.9,606.1,1523450,Voltas
07-05-2019,609.3,611.5,599.7,601.5,702629,Voltas
08-05-2019,599,599,571.6,576.7,3342049,Voltas
09-05-2019,574,580.7,568.8,574.1,1911454,Voltas
10-05-2019,540,586,537.7,580.1,15335100,Voltas
13-05-2019,572.8,576.5,562,572.2,2410655,Voltas
14-05-2019,570,576.5,565,572,1110700,Voltas
15-05-2019,571.1,572,556.1,560,1201644,Voltas
16-05-2019,559.9,561.9,550.2,557.4,1385468,Voltas
17-05-2019,555.6,578,555.6,575.2,1517474,Voltas
20-05-2019,588,606.5,585,590,1591835,Voltas
21-05-2019,590.9,595,580,583.5,665339,Voltas
22-05-2019,582,593,579.5,584.3,801508,Voltas
23-05-2019,590,600,570.6,575.5,1153889,Voltas
24-05-2019,583,585,571.3,582.5,1231440,Voltas
27-05-2019,583.1,596.9,582.8,591.7,1807576,Voltas
28-05-2019,594.7,604.8,585.3,588.5,1543511,Voltas
29-05-2019,590.2,591.8,571,572.5,1016164,Voltas
30-05-2019,574.9,575.8,564.2,571.7,1765323,Voltas
31-05-2019,574.9,591,572,580.2,1750524,Voltas
03-06-2019,586,594.9,578,591.1,1448669,Voltas
04-06-2019,592.4,602,591,598.6,1706416,Voltas
06-06-2019,601.4,606.5,582.8,588.5,1179860,Voltas
07-06-2019,586.5,619,586.5,617.2,4487140,Voltas
10-06-2019,620.3,624.2,614.1,621.6,1742793,Voltas
11-06-2019,625.9,625.9,613.8,616,1251002,Voltas
12-06-2019,616.5,617,605.7,608.5,710028,Voltas
13-06-2019,606,617.5,606,613.7,1086238,Voltas
14-06-2019,613.7,615,604,605,501830,Voltas
17-06-2019,605.4,607.8,593.6,595.5,565022,Voltas
18-06-2019,592.5,603.4,592.1,600.4,505767,Voltas
19-06-2019,605,614,600.7,609.6,1529957,Voltas
20-06-2019,611,625,607.8,622,861837,Voltas
21-06-2019,622.5,625,612.2,623.9,850991,Voltas
24-06-2019,625,635.2,625,632.3,2595047,Voltas
25-06-2019,633.5,654.8,631.7,651,3052271,Voltas
26-06-2019,650,658.9,645.7,653.8,2290399,Voltas
27-06-2019,656,658.4,649,652.8,1017178,Voltas
28-06-2019,653.1,654.8,641.3,643.4,892615,Voltas
01-07-2019,645.4,662.5,637.6,655.7,2033669,Voltas
02-07-2019,656.5,658,639.7,644.9,1367356,Voltas
03-07-2019,647.8,647.8,635.5,640.9,1612988,Voltas
04-07-2019,640.6,642,633.6,635,1101415,Voltas
05-07-2019,635,637.5,612.9,615.7,1266998,Voltas
08-07-2019,591.2,610,591.2,603.5,1198675,Voltas
09-07-2019,606,607,587.1,596.4,1362713,Voltas
10-07-2019,600.3,601.1,589.1,591.3,1255603,Voltas
11-07-2019,592.4,595.6,583.2,591,1184002,Voltas
12-07-2019,591.2,600,584.5,588.7,1081772,Voltas
15-07-2019,589.2,590,580,587.2,719927,Voltas
16-07-2019,586.1,598.8,585.2,597,1354552,Voltas
17-07-2019,595.8,598.5,587,590.7,1123065,Voltas
18-07-2019,589.4,590,576.1,580.4,977805,Voltas
19-07-2019,582,585.5,571,578.2,1119667,Voltas
22-07-2019,583.4,585.5,568.8,582.5,746249,Voltas
23-07-2019,585,592.4,581.1,589.3,1471630,Voltas
24-07-2019,589.3,592.9,573.5,579.8,1310388,Voltas
25-07-2019,581.7,585,575.1,579.1,841225,Voltas
26-07-2019,575,586,572.3,583,1049787,Voltas
29-07-2019,575,582,566.2,573,895924,Voltas
30-07-2019,571.2,579.4,562.1,565.2,718830,Voltas
31-07-2019,560,585,557.4,583,1174505,Voltas
01-08-2019,580,612.6,580,607.9,4509641,Voltas
02-08-2019,602.9,615.4,601.2,611.6,2281570,Voltas
05-08-2019,605.3,605.3,596.4,601.7,1309474,Voltas
06-08-2019,597,620.9,597,617.8,1812209,Voltas
07-08-2019,617.7,624.4,594,606.3,2874311,Voltas
08-08-2019,602.5,608.4,590.6,597.8,1087109,Voltas
09-08-2019,601.8,616.5,600.2,605.6,1576382,Voltas
13-08-2019,606.3,611,579.1,585.1,1050836,Voltas
14-08-2019,586.2,598,586.2,591.8,577925,Voltas
16-08-2019,587.2,609.3,585.7,601.6,1585644,Voltas
19-08-2019,602.1,614.8,602,606.8,1063403,Voltas
20-08-2019,607,608.7,599.4,604.9,721901,Voltas
21-08-2019,605,610.3,588,592.5,667818,Voltas
22-08-2019,588,605.8,583.7,597.7,871276,Voltas
23-08-2019,593.7,615.2,586.4,612.7,900178,Voltas
26-08-2019,616,624.6,611,614.7,1729430,Voltas
27-08-2019,618,629.8,608.4,618.3,2144964,Voltas
28-08-2019,617.9,628,614.1,625.1,1491115,Voltas
29-08-2019,628,632.5,617.1,630.4,946709,Voltas
30-08-2019,634.7,644,623.5,640,963495,Voltas
03-09-2019,633.8,636,617.1,620,1622523,Voltas
04-09-2019,617.9,623.5,606.7,621.6,1033989,Voltas
05-09-2019,620,632.9,620,630.3,851765,Voltas
06-09-2019,632,634,624.1,629.5,720767,Voltas
09-09-2019,627.4,642.5,625.4,639.9,971792,Voltas
11-09-2019,645,645,630,633,1104689,Voltas
12-09-2019,633,641.3,628,635.1,846026,Voltas
13-09-2019,637,639.5,629.1,637.6,656224,Voltas
16-09-2019,632.9,639.3,629.1,634.5,481057,Voltas
17-09-2019,634,634.8,619.5,620.6,454845,Voltas
18-09-2019,622.2,633.9,619.9,630.7,741847,Voltas
19-09-2019,632,632,622.1,625.5,888625,Voltas
20-09-2019,625.4,673,619,667.4,2881448,Voltas
23-09-2019,681,705,665,670.7,2238926,Voltas
24-09-2019,673,674.8,661.8,665.6,1263674,Voltas
25-09-2019,663,679,661,668.8,1509527,Voltas
26-09-2019,673,684.7,664,678,1855352,Voltas
27-09-2019,678,686.3,672.8,682.4,1099157,Voltas
30-09-2019,685.8,686,671.3,679.6,795232,Voltas
01-10-2019,680,696.6,670.6,674.7,1523100,Voltas
03-10-2019,670,682,664.8,674.4,800102,Voltas
04-10-2019,674.9,680,653,656.1,703425,Voltas
07-10-2019,656.1,667.8,649.2,664.3,581861,Voltas
09-10-2019,663,685,657.8,681.6,823317,Voltas
10-10-2019,680.8,695.1,671.9,673.9,1835731,Voltas
11-10-2019,675.5,683.5,672.1,679.1,540939,Voltas
14-10-2019,679.1,686.8,672,673.6,424901,Voltas
15-10-2019,675,681.4,669,676,930809,Voltas
16-10-2019,678,679.3,660.8,671.7,1015112,Voltas
17-10-2019,672,678.7,670.2,676.5,460645,Voltas
18-10-2019,677.7,697,676.8,691.7,2069844,Voltas
22-10-2019,695,713,690,693.5,2026682,Voltas
23-10-2019,693.2,709.4,688.4,707.7,1289839,Voltas
24-10-2019,713.4,721.3,695.3,707.9,2334184,Voltas
25-10-2019,711.4,712.6,693.3,699.3,969161,Voltas
27-10-2019,707.9,707.9,702.2,703,145127,Voltas
29-10-2019,704,725.4,702.9,719.8,1350096,Voltas
30-10-2019,720,722,705.8,713,665826,Voltas
31-10-2019,715.9,719.6,705,708.5,1039303,Voltas
01-11-2019,709,709.7,694,695.7,683006,Voltas
04-11-2019,696,701.1,686,687.3,824519,Voltas
05-11-2019,689.5,689.5,674.7,679.5,808275,Voltas
06-11-2019,678,689.7,670.1,673.1,1918668,Voltas
07-11-2019,674.5,681.5,657.2,666.7,2729712,Voltas
08-11-2019,665.9,701.5,665.5,693.7,2998481,Voltas
11-11-2019,695,704.2,685,687.3,1485485,Voltas
13-11-2019,688,707,686.9,702,1885292,Voltas
14-11-2019,704.8,715,701.1,713.6,1722703,Voltas
15-11-2019,716,718.9,711,713.6,976238,Voltas
18-11-2019,713,719.4,708.3,714.5,817503,Voltas
19-11-2019,712.3,718.5,709,713.3,792191,Voltas
20-11-2019,713.3,719.6,703.9,708.4,968603,Voltas
21-11-2019,708,709.1,700.1,703.5,500782,Voltas
22-11-2019,707,707,689.6,693.9,1000521,Voltas
25-11-2019,694.9,705.3,689.4,702.2,1185057,Voltas
26-11-2019,704.5,708.7,698.6,700.9,1168954,Voltas
27-11-2019,702,706,692.7,701.4,1726476,Voltas
28-11-2019,704.9,714.2,697.7,710.4,841453,Voltas
29-11-2019,707.6,713,698.4,700.6,760393,Voltas
02-12-2019,696.6,0,0,700.5,0,Voltas
03-12-2019,695,702.1,688,689.5,700715,Voltas
04-12-2019,687.8,695.6,684.5,693.4,867371,Voltas
05-12-2019,696,707,690.8,696.5,1140638,Voltas
06-12-2019,696.4,696.4,674.6,690,2027624,Voltas
09-12-2019,688,690.8,677.9,679.9,992928,Voltas
10-12-2019,680,685.8,675,679.4,975416,Voltas
11-12-2019,682.5,683.2,670.5,680.3,1443699,Voltas
12-12-2019,681.2,695.6,681.2,693.2,951573,Voltas
13-12-2019,695,698.6,672.6,679.6,1896945,Voltas
16-12-2019,683.8,690.5,676.3,678.8,1289696,Voltas
17-12-2019,681.8,681.8,666.4,669.1,1457025,Voltas
18-12-2019,671,672.5,648.9,654.2,2308117,Voltas
19-12-2019,656,662,651.1,656,1294302,Voltas
20-12-2019,655.9,661.9,648.5,651.2,781139,Voltas
23-12-2019,651.1,656.6,639,654,1698997,Voltas
24-12-2019,657,658.9,650,652.4,663359,Voltas
26-12-2019,653,655,645.3,651.2,775166,Voltas
27-12-2019,653.3,654.7,646.7,648.5,862426,Voltas
30-12-2019,648,663.4,648,659.5,1729862,Voltas
31-12-2019,658.6,662.3,655,659.3,877219,Voltas
01-01-2020,659.3,663,651.4,653.3,820283,Voltas
02-01-2020,655,660.9,647.6,659.6,1167011,Voltas
03-01-2020,658,665,656.1,663.7,1224987,Voltas
06-01-2020,663,663,646.3,649.9,1162203,Voltas
07-01-2020,651.1,660,650.3,654.5,1007897,Voltas
08-01-2020,649,653.5,647,651.1,742490,Voltas
09-01-2020,655.3,689.2,655.3,684.3,2697590,Voltas
10-01-2020,688.5,691.8,682.2,687.5,1308124,Voltas
13-01-2020,687.5,696,686.1,693.5,815053,Voltas
14-01-2020,694.5,701,691.5,693.4,781087,Voltas
15-01-2020,692.3,697.8,683.7,695.3,622594,Voltas
16-01-2020,696,712,695.6,701.1,1010417,Voltas
17-01-2020,700,712.8,697.3,705.1,957742,Voltas
20-01-2020,707.4,715,696.2,700.3,857374,Voltas
21-01-2020,697,705,696,702.5,562545,Voltas
22-01-2020,703.9,704.5,692.1,695.5,503474,Voltas
23-01-2020,695.1,718,695.1,713.3,1523850,Voltas
24-01-2020,714.9,731,708.4,723.5,1865819,Voltas
27-01-2020,725,726,708.9,710.6,1111167,Voltas
28-01-2020,713,722.5,710.5,716.4,922232,Voltas
29-01-2020,716.4,718.4,704.6,707.8,738157,Voltas
30-01-2020,705,707.1,690.7,698.8,702379,Voltas
31-01-2020,703,709,691,694.2,605269,Voltas
01-02-2020,693.8,708.7,677,680.7,1017757,Voltas
03-02-2020,685,697.7,679.8,690.1,470633,Voltas
04-02-2020,699,702.6,682,700.2,1142197,Voltas
05-02-2020,699,715.4,688,694.4,1228520,Voltas
06-02-2020,697.5,697.5,677.2,683.3,1177640,Voltas
07-02-2020,684,707.9,671.5,701.5,5493326,Voltas
10-02-2020,702,702,667.1,682,2694224,Voltas
11-02-2020,686.4,706,681,683.3,1836835,Voltas
12-02-2020,687.8,688.5,677.6,682.3,581086,Voltas
13-02-2020,681.4,689,675,685.6,492340,Voltas
14-02-2020,688,693,683.1,687.9,442425,Voltas
17-02-2020,689.7,705,683.1,694.9,1473125,Voltas
18-02-2020,694.8,700.6,684.1,697.1,1369375,Voltas
19-02-2020,702.1,737,702.1,733.2,3317660,Voltas
20-02-2020,736,741,721.1,725,2105332,Voltas
24-02-2020,721.3,734,715.4,717.7,1618922,Voltas
25-02-2020,723.8,731.4,702,703.6,1873648,Voltas
26-02-2020,700,704.9,685.5,691.7,1172920,Voltas
27-02-2020,692,695.5,680,684.9,1033182,Voltas
28-02-2020,674.8,686.2,655.8,678.8,2034326,Voltas
02-03-2020,685.4,691.9,655.5,664.1,2029657,Voltas
03-03-2020,677,695.5,665.3,690.9,1720245,Voltas
04-03-2020,694,694.5,668.1,687,1076218,Voltas
05-03-2020,691.4,697,675.5,689.6,926538,Voltas
06-03-2020,669,679,656.6,673.7,1863719,Voltas
09-03-2020,655.8,665,635.2,646.1,2114146,Voltas
11-03-2020,650,655,634.3,641,1400635,Voltas
12-03-2020,620,628.7,587.3,621.4,1982482,Voltas
13-03-2020,564,664.2,559.3,655.7,1944092,Voltas
16-03-2020,635,635,598.1,602.6,1650559,Voltas
17-03-2020,613,626.6,590.1,595.4,1616607,Voltas
18-03-2020,600,607.7,570.2,576.1,1338187,Voltas
19-03-2020,536,566.4,527,548.2,1240528,Voltas
20-03-2020,555,585.7,555,564.8,1768226,Voltas
23-03-2020,527,539.5,475.6,488.7,780947,Voltas
24-03-2020,498.3,526.4,472.4,478.4,1601386,Voltas
25-03-2020,485,504.2,448.8,486.6,2021443,Voltas
26-03-2020,489.6,522.4,474.3,504.5,2100154,Voltas
27-03-2020,523,523,474.3,490.6,1874009,Voltas
30-03-2020,471,486.2,449.7,465.1,1456146,Voltas
31-03-2020,471.3,492.5,463.5,476.9,1173010,Voltas
01-04-2020,472.6,485.6,464.1,471.3,1766499,Voltas
03-04-2020,474.1,478.9,460.5,472.6,845750,Voltas
07-04-2020,484.3,501.9,477.8,484.6,1934898,Voltas
08-04-2020,481,522.9,476,482.7,2355745,Voltas
09-04-2020,487,515.8,481.4,508.9,2806295,Voltas
13-04-2020,511,511.4,482.5,505.1,1902965,Voltas
15-04-2020,508,538.7,508,515.9,4126644,Voltas
16-04-2020,519,533,509.2,521.3,3313118,Voltas
17-04-2020,531,545.6,514.5,523.6,3034515,Voltas
20-04-2020,522.6,530.8,517.6,521.4,1976278,Voltas
21-04-2020,515,515,491.4,499.2,2136475,Voltas
22-04-2020,500,507.6,484.5,503.4,2662295,Voltas
23-04-2020,507,513,498,508.2,2472830,Voltas
24-04-2020,500,505,485,487.2,1697960,Voltas
27-04-2020,490.2,499.7,485,490.8,1763246,Voltas
28-04-2020,494.4,501.7,492.2,496.8,1946332,Voltas
29-04-2020,497,498.7,489,491.4,2104533,Voltas
30-04-2020,495.2,517.5,495.2,505.4,2950356,Voltas
04-05-2020,496,496.5,461,466,2361976,Voltas
05-05-2020,475,481.9,432.3,438.4,4163943,Voltas
06-05-2020,442.8,463.9,427.5,458,7211439,Voltas
07-05-2020,460,469,439.2,442.2,7364497,Voltas
08-05-2020,455,460,445.2,456.4,3964299,Voltas
11-05-2020,458.1,472.7,457.6,469,2289089,Voltas
12-05-2020,467.5,474.2,457.3,460.2,3635085,Voltas
13-05-2020,475,481.8,452.9,464.2,5154441,Voltas
14-05-2020,458.9,472.5,453.5,457,2959038,Voltas
15-05-2020,460,466,448.5,462.1,2668682,Voltas
18-05-2020,463.5,464,438.3,441.6,2151407,Voltas
19-05-2020,448,453.5,432.1,436.3,2322033,Voltas
20-05-2020,437.5,460,434.2,454.4,2101111,Voltas
21-05-2020,456,466.7,454,461.4,1951289,Voltas
22-05-2020,461.8,467,445,450.3,2146202,Voltas
26-05-2020,456.2,457.4,446.5,449.8,2168721,Voltas
27-05-2020,452.9,466,448.1,464.6,3177254,Voltas
28-05-2020,471.4,489.9,466,486.8,4568798,Voltas
29-05-2020,485.9,493.6,477,480.2,4002732,Voltas
01-06-2020,506,544.8,506,539.8,13522328,Voltas
02-06-2020,546,561.4,537,557.7,6145186,Voltas
03-06-2020,560,580,559.7,567.8,5072390,Voltas
04-06-2020,569.1,576,553.9,566,3964557,Voltas
05-06-2020,570,582.9,564.5,579.8,2673077,Voltas
08-06-2020,582.1,587.5,553.9,560.6,3575846,Voltas
09-06-2020,563,572,544.3,547.9,3370752,Voltas
10-06-2020,550,559,545.2,553.5,2440281,Voltas
11-06-2020,555.2,563.7,546.4,555.7,2045531,Voltas
12-06-2020,540,558,536.9,553.7,2597897,Voltas
15-06-2020,555.5,565.5,544.1,547.2,2479492,Voltas
16-06-2020,557,560.8,540.1,549.6,1328342,Voltas
17-06-2020,548,556.7,543.7,545.7,1447933,Voltas
18-06-2020,544,548.4,539.2,544,1356539,Voltas
19-06-2020,546,550.6,539.4,548.7,1743956,Voltas
22-06-2020,552,557.7,548.5,552.2,1920661,Voltas
23-06-2020,555,565.7,544.9,547.5,3162672,Voltas
24-06-2020,551.9,553.5,533.3,538,2362782,Voltas
25-06-2020,537,555,534,552.1,2386551,Voltas
26-06-2020,554,557.3,542.1,545.4,1517204,Voltas
29-06-2020,547,547,534.7,536.7,890246,Voltas
30-06-2020,539.1,548.9,539,546.5,1906467,Voltas
01-07-2020,547.9,549.9,539.3,542.5,1093657,Voltas
02-07-2020,545,564.8,544.1,562.2,3237452,Voltas
03-07-2020,567.5,570,552.3,559.1,2949710,Voltas
06-07-2020,563,570,557.1,566.5,2351312,Voltas
07-07-2020,566.5,576.9,553.9,574.9,3243445,Voltas
08-07-2020,576,578.5,560,562.6,1671088,Voltas
09-07-2020,563,565,556.2,560.8,969170,Voltas
10-07-2020,555,567.4,555,562.6,1528875,Voltas
13-07-2020,567.8,567.8,548.5,553.6,1777304,Voltas
14-07-2020,550.5,552,541.6,547.9,1037780,Voltas
15-07-2020,549,556,541,544.3,1492400,Voltas
16-07-2020,545,552.2,529.6,550.1,1535926,Voltas
17-07-2020,555,581,554,576.6,4421703,Voltas
20-07-2020,581.9,602,580.1,597.5,6125949,Voltas
21-07-2020,600.6,609.5,594.6,597,2867914,Voltas
22-07-2020,600,605.5,590.1,595.6,2165035,Voltas
23-07-2020,596.6,611.5,593.7,595.6,3225989,Voltas
24-07-2020,594.5,599.9,590,593.6,1107084,Voltas
27-07-2020,598,598,576.4,589.8,1516271,Voltas
28-07-2020,586.7,589,573.8,580.9,1990105,Voltas
29-07-2020,583.7,598.5,583.7,589.5,2261187,Voltas
30-07-2020,591.3,598.9,587.4,595.3,1600973,Voltas
31-07-2020,595.3,603.5,590.7,598.4,1600492,Voltas
03-08-2020,596,600.8,591.5,595.7,829512,Voltas
04-08-2020,596,615,596,610.8,4325090,Voltas
05-08-2020,610.8,617.3,598.7,605.2,2377095,Voltas
06-08-2020,608.1,611.9,601,603,699794,Voltas
07-08-2020,600,603,592,593.9,962440,Voltas
10-08-2020,594.6,597.8,585.6,586.9,1450821,Voltas
11-08-2020,588.6,617.8,588.1,608,4885536,Voltas
12-08-2020,607.9,616,602.4,604.7,1732637,Voltas
13-08-2020,608,621,606.4,618.6,3252490,Voltas
14-08-2020,624.9,632,603.6,615.5,6952257,Voltas
17-08-2020,624.8,637.8,619.4,629.1,3060818,Voltas
18-08-2020,630.1,647,628,644.8,3147600,Voltas
19-08-2020,644.8,653.9,638.3,649.6,1599340,Voltas
20-08-2020,642.8,675,642,669.5,3416323,Voltas
21-08-2020,673,682,656.4,659.3,3590282,Voltas
24-08-2020,663,673.3,658.5,661.7,1588775,Voltas
25-08-2020,667,673.5,652.5,655,1866852,Voltas
26-08-2020,659,662,645.8,648.8,1709643,Voltas
27-08-2020,653.9,668.9,650.4,662.9,2761029,Voltas
28-08-2020,670.8,670.8,659,661.9,1319829,Voltas
31-08-2020,665.3,669,630.2,634.8,1523639,Voltas
01-09-2020,642.4,649.5,629.8,635,1508638,Voltas
02-09-2020,630,645.2,625.6,642.5,2215210,Voltas
03-09-2020,645,662,644.3,657,1765544,Voltas
04-09-2020,655,662.8,640.3,645.8,1796732,Voltas
07-09-2020,653,654.6,637.4,646.1,1184659,Voltas
08-09-2020,639.9,650.5,634.8,637.8,931344,Voltas
09-09-2020,633,654,632,650.3,938355,Voltas
10-09-2020,654.9,658.3,643.5,649.2,931218,Voltas
11-09-2020,645,662,643.7,656.5,2298703,Voltas
14-09-2020,662.4,699.6,662.4,685.6,7328223,Voltas
15-09-2020,692.5,692.5,678,679.4,1471023,Voltas
16-09-2020,682,694.7,681,686.8,2536636,Voltas
17-09-2020,687,698.8,683.1,693.7,1970679,Voltas
18-09-2020,698,713.5,676.3,679.5,4978082,Voltas
21-09-2020,678.7,689.3,661,670.5,1981392,Voltas
22-09-2020,670.2,673.8,645.2,657.9,1483652,Voltas
23-09-2020,661,676.6,653.5,666.4,1906520,Voltas
24-09-2020,660,665,647,650.1,1025236,Voltas
25-09-2020,652.1,674,639.4,670,1899653,Voltas
28-09-2020,670.1,693,667.3,689.1,1929822,Voltas
29-09-2020,696.9,698.7,677.7,683.6,1354183,Voltas
30-09-2020,688,688,671.3,680.4,1087796,Voltas
01-10-2020,688,691.3,676.2,678.2,1437719,Voltas
05-10-2020,680.3,685.9,663.6,668.9,1173860,Voltas
06-10-2020,672.3,680.6,667.2,672.2,1379493,Voltas
07-10-2020,670,680,666.4,677.3,865419,Voltas
08-10-2020,684,694.3,680.6,692.3,3122244,Voltas
09-10-2020,695.4,698.5,679.2,689.5,1543798,Voltas
12-10-2020,690.5,692.6,675.3,677.6,1013535,Voltas
13-10-2020,680.2,682,663.9,666.6,831311,Voltas
14-10-2020,663,675,656.4,672.3,1817988,Voltas
15-10-2020,676.5,677.8,664.7,672.4,1253742,Voltas
16-10-2020,688,704.1,683,700.5,8434698,Voltas
19-10-2020,706.1,708.1,685.4,688.7,5541962,Voltas
20-10-2020,686.5,700.8,680.3,698.3,2012244,Voltas
21-10-2020,698,710.9,695.3,706.4,2258403,Voltas
22-10-2020,700,718.5,699.3,709.6,2919678,Voltas
23-10-2020,711,721.5,703.2,705.6,2261140,Voltas
26-10-2020,705.6,708.5,687.1,689.6,1972928,Voltas
27-10-2020,693.1,704.8,691.1,701.5,1833977,Voltas
28-10-2020,704.4,717.6,700.4,703,2602439,Voltas
29-10-2020,699,707,689.6,702.6,1068690,Voltas
30-10-2020,705,711.9,701,705.6,936323,Voltas
02-11-2020,707.5,723.7,696.1,720.5,1946398,Voltas
03-11-2020,725.7,733.2,706.5,710,3240943,Voltas
04-11-2020,709,727,706.5,724.1,1761718,Voltas
05-11-2020,729.2,744.4,719.1,741.6,3231294,Voltas
06-11-2020,741.6,768,733.3,753.4,7249946,Voltas
09-11-2020,765,803.9,756.8,790.6,4404761,Voltas
10-11-2020,801,801,759.6,764.7,3421267,Voltas
11-11-2020,767,767.4,744.5,760.7,2547685,Voltas
12-11-2020,761.4,763.2,746.4,755.2,2298770,Voltas
13-11-2020,755,761.8,748.7,758.6,1751357,Voltas
17-11-2020,764,776.6,755.8,774.7,2420896,Voltas
18-11-2020,775.9,781.6,766.7,770.9,2172489,Voltas
19-11-2020,767,786,765.5,774.1,2409458,Voltas
20-11-2020,779.8,782.7,765.4,770.3,1123473,Voltas
23-11-2020,774,782.9,756.9,760.4,1927096,Voltas
24-11-2020,765,781.7,760.4,778.4,1624446,Voltas
25-11-2020,784,786.3,748.4,753.4,1721308,Voltas
26-11-2020,756.1,772,755,769.1,1564927,Voltas
27-11-2020,773.4,820.8,766.4,806.6,5821482,Voltas
01-12-2020,812.2,812.2,790.5,794.5,1395992,Voltas
02-12-2020,794,810.3,790.1,802.2,1847689,Voltas
03-12-2020,806,819,802.7,808,2474465,Voltas
04-12-2020,810,826.8,809.5,820.6,1672137,Voltas
07-12-2020,821.5,829.9,807,809.1,1184293,Voltas
08-12-2020,817.9,820,804,809.3,1299313,Voltas
09-12-2020,810,821,806.1,808.1,1327059,Voltas
10-12-2020,808.1,815.7,801.2,814.3,1008656,Voltas
11-12-2020,814,820.9,800.6,804.9,1054806,Voltas
14-12-2020,806.1,814.9,804.2,808.1,619636,Voltas
15-12-2020,810,835.4,805.3,829.5,2713917,Voltas
16-12-2020,835,844.5,822.2,838.5,1721453,Voltas
17-12-2020,839,845,820.4,823.3,2044709,Voltas
18-12-2020,825,837,819,828.8,3405788,Voltas
21-12-2020,823,828,778.6,783.9,1509775,Voltas
22-12-2020,778,800.8,768.4,798,1180855,Voltas
23-12-2020,797.5,824,793.8,821.3,1349719,Voltas
24-12-2020,826.7,828.5,808.1,811,1223847,Voltas
28-12-2020,818.8,821.2,810,816,969800,Voltas
29-12-2020,818.5,822.5,809.1,814.4,811343,Voltas
30-12-2020,820,821,810.1,819.8,897917,Voltas
31-12-2020,815.1,828,812.1,825.7,1017539,Voltas
01-01-2021,827,834,820.1,831.5,808694,Voltas
04-01-2021,834,848.7,832.1,846,1512530,Voltas
05-01-2021,842.1,854,830.6,837.4,1362402,Voltas
06-01-2021,837,877.7,834.3,869.3,3129336,Voltas
07-01-2021,871.1,888,869,881.5,1624468,Voltas
08-01-2021,882,909.4,881.5,902.2,1928335,Voltas
11-01-2021,900,917.9,881.2,914.3,1396688,Voltas
12-01-2021,905,922.6,898.5,903.2,1251253,Voltas
13-01-2021,906,912.8,882.1,896.8,1246019,Voltas
14-01-2021,900,926.9,897,912.2,2750870,Voltas
15-01-2021,914.7,917.9,881.6,887.6,1837146,Voltas
18-01-2021,886,903,876.5,890.9,1870909,Voltas
19-01-2021,893.2,912,892,909.1,1230079,Voltas
20-01-2021,910.5,918.9,901,912.7,899024,Voltas
21-01-2021,935.1,995.6,935.1,955.3,8498938,Voltas
22-01-2021,950.3,969.6,917,934.1,3000159,Voltas
25-01-2021,943.5,960,913.2,940.7,2577271,Voltas
27-01-2021,941,944.5,907.9,913.5,2090928,Voltas
28-01-2021,909.9,942.8,901.6,933.4,3133218,Voltas
29-01-2021,940,945.9,897.3,908.1,2489069,Voltas
01-02-2021,906.1,949.4,903.1,938.3,1777339,Voltas
02-02-2021,946,998.6,944.9,987.9,3424514,Voltas
03-02-2021,997.2,1029.9,990,1004.5,3255375,Voltas
04-02-2021,1002.8,1022,998.1,1003.4,1704896,Voltas
05-02-2021,1010,1040.9,989.5,1001.2,3672736,Voltas
08-02-2021,1005,1045.5,1004.2,1040.4,2191241,Voltas
09-02-2021,1040.4,1089.8,1040,1079.6,4814340,Voltas
10-02-2021,1070.1,1096.1,1056.9,1091.1,3676383,Voltas
11-02-2021,1080.3,1111,1080.3,1103.2,2211263,Voltas
12-02-2021,1099.7,1132,1060.3,1079.2,7728222,Voltas
15-02-2021,1090,1095,1052.3,1058,2114945,Voltas
16-02-2021,1065,1074.9,1026,1037.7,3350162,Voltas
17-02-2021,1027,1049,1019,1032.1,2577679,Voltas
18-02-2021,1030,1030.4,1003,1017.3,2117985,Voltas
19-02-2021,1014.5,1034,992.2,1001.5,2213605,Voltas
22-02-2021,1001.5,1015,984.9,990.8,1828675,Voltas
23-02-2021,994,1021.4,979.1,1015,2104866,Voltas
24-02-2021,1020,1024.8,1008,1012.9,756165,Voltas
25-02-2021,1021.1,1054.7,1017.6,1048.7,3011002,Voltas
26-02-2021,1048,1054,1009,1018.2,2392792,Voltas
01-03-2021,1023.2,1062.7,1022,1043.8,1860778,Voltas
02-03-2021,1051,1072.5,1044.2,1067.7,2157106,Voltas
03-03-2021,1080,1081,1065,1073,1405770,Voltas
04-03-2021,1062,1091.9,1056.3,1072.5,1622921,Voltas
05-03-2021,1072,1073.9,1029.2,1031.6,1706023,Voltas
08-03-2021,1043,1058,1033.1,1049.6,1281013,Voltas
09-03-2021,1055,1058,1031.2,1040.9,1052726,Voltas
10-03-2021,1045,1070,1042.1,1061.6,1464757,Voltas
12-03-2021,1065,1084.9,1045.8,1053,2306876,Voltas
15-03-2021,1060.5,1080.7,1052,1058.8,2024792,Voltas
16-03-2021,1065.1,1068,1025.2,1030.7,1963903,Voltas
17-03-2021,1025.2,1028,998.1,1000.4,2668629,Voltas
18-03-2021,1018,1021.9,968.7,987,2393287,Voltas
19-03-2021,981.3,988.5,962,980.3,2822224,Voltas
22-03-2021,986,1013.3,971,999.7,2454881,Voltas
23-03-2021,1006.8,1012,992.4,1001.3,1436324,Voltas
24-03-2021,998,1012,982.1,984.8,1713520,Voltas
25-03-2021,992,992,953.7,958.6,2392229,Voltas
26-03-2021,967,987.3,967,979.5,1435329,Voltas
30-03-2021,995,1005,982.1,993.3,1582960,Voltas
31-03-2021,999.8,1011,990.1,1002,1451482,Voltas
01-04-2021,1012,1015.2,1002.1,1006,803202,Voltas
05-04-2021,1006.8,1007.9,960.6,976.7,1567700,Voltas
06-04-2021,981,985.7,964.1,974.8,1757333,Voltas
07-04-2021,980,1018.2,977.8,999.6,3176468,Voltas
08-04-2021,1010.1,1016.8,1000,1004.3,1155524,Voltas
09-04-2021,1005,1026.8,1002.6,1006.2,2638817,Voltas
12-04-2021,998,998,940.6,950.3,2490045,Voltas
13-04-2021,957.5,969.9,946,958.3,2632686,Voltas
15-04-2021,958.5,960.9,939.1,947.7,1724373,Voltas
16-04-2021,948.1,969,943,957.1,1473891,Voltas
19-04-2021,936,960,918,956.8,1917671,Voltas
20-04-2021,967.8,974.4,935.1,941.5,1557074,Voltas
22-04-2021,948.9,952,933.2,938.6,1212213,Voltas
23-04-2021,940,956.7,934.1,938.9,1414300,Voltas
26-04-2021,947.6,950.1,940.7,946.2,768299,Voltas
27-04-2021,948,980.9,941.6,976.4,1780973,Voltas
28-04-2021,985,987,955,962.2,968227,Voltas
29-04-2021,970,989.5,964,967.1,1409106,Voltas
30-04-2021,960,977.8,955,957.2,1402209,Voltas
03-05-2021,952.1,962.3,935.7,958.7,1537101,Voltas
04-05-2021,965,973,955.1,964.1,1382842,Voltas
05-05-2021,972,994,965,971.5,2475761,Voltas
06-05-2021,974.9,989.3,965.4,984.4,1414622,Voltas
07-05-2021,990.7,990.7,963.4,969.6,1349654,Voltas
10-05-2021,970,978.7,961,967.9,1269133,Voltas
11-05-2021,961,1015.7,961,1010.3,4308932,Voltas
12-05-2021,1024,1024,961.6,972,6210373,Voltas
14-05-2021,979,1014.9,963,999.4,5310861,Voltas
17-05-2021,1002,1002,953,983.7,2982266,Voltas
18-05-2021,990,1013.3,985.1,1007.8,2184245,Voltas
19-05-2021,1009,1033.9,1008.5,1020,3546439,Voltas
20-05-2021,1022,1029.8,1000.6,1008.9,1148149,Voltas
21-05-2021,1010,1016.7,992.9,999.9,1326970,Voltas
24-05-2021,1002,1011,992.3,996.6,1269160,Voltas
25-05-2021,998,1006.6,985,988.2,1013810,Voltas
26-05-2021,990,995.5,975.1,989.3,1367362,Voltas
27-05-2021,995,1001.8,985.3,996.4,1095556,Voltas
28-05-2021,1001,1008.8,997.8,1000.5,833874,Voltas
31-05-2021,1007,1015,998.2,1007.3,1462881,Voltas
01-06-2021,1010.4,1019.9,1006.2,1013.2,619320,Voltas
02-06-2021,1010.9,1038.9,1008.3,1034.4,1335354,Voltas
03-06-2021,1042,1118.7,1037,1111.6,7137481,Voltas
04-06-2021,1113,1125,1098,1104.5,2581739,Voltas
07-06-2021,1110,1118.9,1093.9,1096.8,1434539,Voltas
08-06-2021,1104,1104,1070.1,1071.6,1399870,Voltas
09-06-2021,1078.5,1078.5,1042.9,1046,1252919,Voltas
10-06-2021,1047.9,1059.7,1045.1,1055.2,736352,Voltas
11-06-2021,1062,1062.9,1038.6,1046.2,906539,Voltas
14-06-2021,1042,1046.6,1020.5,1043.1,840209,Voltas
15-06-2021,1049.7,1068,1046,1061.7,1330771,Voltas
16-06-2021,1061,1061,1022,1028.2,1371401,Voltas
17-06-2021,1023.2,1042.9,1012.8,1030.3,1285561,Voltas
18-06-2021,1040,1040,1002.2,1029.3,1970955,Voltas
21-06-2021,1017.5,1022.5,1007.1,1019.2,554484,Voltas
22-06-2021,1027.9,1030.3,1018,1020.2,680836,Voltas
23-06-2021,1027.8,1046.2,1018.8,1030.8,1429584,Voltas
24-06-2021,1035,1037,1019.3,1023.6,831155,Voltas
25-06-2021,1025.4,1038.2,1023.6,1030,921741,Voltas
28-06-2021,1032.5,1061,1032.5,1042.6,2182272,Voltas
29-06-2021,1048,1051.5,984.4,1028.4,2482160,Voltas
30-06-2021,1033,1035.9,1015.6,1022.5,1197559,Voltas
01-07-2021,1024,1025.4,1012,1013,516926,Voltas
02-07-2021,1017,1017,997.2,1013.9,693139,Voltas
05-07-2021,1018.2,1024.5,1012.8,1014.6,508998,Voltas
06-07-2021,1016.4,1028.2,1009.8,1012.6,623245,Voltas
07-07-2021,1012.6,1016.7,1003.2,1005.5,779189,Voltas
08-07-2021,1012,1024.8,1006.3,1011.7,806471,Voltas
09-07-2021,1012.8,1018.6,1003,1015.4,455681,Voltas
12-07-2021,1019.1,1028,1013.8,1017.4,636041,Voltas
13-07-2021,1026,1037.9,1016.9,1033.5,1640918,Voltas
14-07-2021,1040,1044.8,1027,1030.7,2198061,Voltas
15-07-2021,1034.4,1048.8,1032.1,1042.7,1116917,Voltas
16-07-2021,1044,1062,1038,1051.1,1298053,Voltas
19-07-2021,1044.8,1053,1032,1039.1,827048,Voltas
20-07-2021,1039.1,1040.9,1004.7,1026.8,438676,Voltas
22-07-2021,1037,1055.9,1026,1049.2,922809,Voltas
23-07-2021,1056,1056,1043.1,1045.4,432660,Voltas
26-07-2021,1040.3,1047.9,1025.1,1027,686849,Voltas
27-07-2021,1033.8,1048,1018.6,1020.1,876669,Voltas
28-07-2021,1020,1025.4,1009,1016.5,632463,Voltas
29-07-2021,1022,1033.2,1019.1,1031.3,574940,Voltas
30-07-2021,1031,1065,1026.8,1059.2,1246800,Voltas
02-08-2021,1068.9,1079.9,1050.5,1053.5,1268790,Voltas
03-08-2021,1054,1061.8,1033,1035.4,1343934,Voltas
04-08-2021,1042.8,1048.4,1028.2,1032.7,944451,Voltas
05-08-2021,1038,1049,1025.2,1045.3,856289,Voltas
06-08-2021,1049,1073.9,1036.1,1047.9,3538945,Voltas
09-08-2021,1052.2,1053,1020,1024.7,814718,Voltas
10-08-2021,1023,1028.4,990.9,998.2,1383048,Voltas
11-08-2021,996.5,1003.4,955.7,1000.5,3056763,Voltas
12-08-2021,1005.1,1008.7,982,986.2,988482,Voltas
13-08-2021,986,999.4,979.3,985.9,681794,Voltas
16-08-2021,975.1,991.1,968,988,1180167,Voltas
17-08-2021,990,996.5,978.7,989.4,760961,Voltas
18-08-2021,989.4,997.2,983.6,988.6,530954,Voltas
20-08-2021,985,989.8,969,977.7,752256,Voltas
23-08-2021,981.7,984.1,960.7,972.9,886416,Voltas
24-08-2021,975,980,963.1,973.7,1074080,Voltas
25-08-2021,969,977.2,955,960.2,1684223,Voltas
26-08-2021,965,973.8,955,957.4,1303680,Voltas
27-08-2021,957.4,990.5,957,985.4,3120205,Voltas
30-08-2021,981.2,998,981.2,986.4,821765,Voltas
31-08-2021,988.6,1001.9,987.1,995.9,1194523,Voltas
01-09-2021,1009,1049,1004,1045.8,4136191,Voltas
02-09-2021,1050,1098,1046.3,1085.4,3411153,Voltas
03-09-2021,1086,1097,1082,1089,1442027,Voltas
06-09-2021,1089.6,1137.7,1089.6,1123.2,3228416,Voltas
07-09-2021,1126.8,1208.3,1126,1187.3,8872964,Voltas
08-09-2021,1194.7,1217.9,1178,1206.6,4224233,Voltas
09-09-2021,1201.1,1219,1196,1213.1,2068928,Voltas
13-09-2021,1206.3,1220,1200.5,1213.1,1098804,Voltas
14-09-2021,1218.7,1234,1213.3,1227.8,2076578,Voltas
15-09-2021,1228.5,1248.2,1228.1,1242.2,1946221,Voltas
16-09-2021,1248.6,1252.6,1233.5,1248,1276950,Voltas
17-09-2021,1257.4,1259,1234.7,1254.2,1342750,Voltas
20-09-2021,1250,1252,1216.6,1221.1,1405843,Voltas
21-09-2021,1229,1236,1211.7,1224.9,836075,Voltas
22-09-2021,1225,1245,1225,1238.6,861920,Voltas
23-09-2021,1245,1265,1241.1,1248.6,625566,Voltas
24-09-2021,1249.3,1256.8,1223.3,1228.8,1267241,Voltas
27-09-2021,1240,1240,1204.6,1218.2,739560,Voltas
28-09-2021,1220,1223.4,1189.6,1209,664613,Voltas
29-09-2021,1207,1223.8,1197.5,1205.2,696580,Voltas
30-09-2021,1206.8,1242.8,1206.7,1218.1,1757392,Voltas
01-10-2021,1217.8,1220.6,1200,1215.3,765614,Voltas
04-10-2021,1215.3,1233,1206.7,1227.3,526778,Voltas
05-10-2021,1225,1256.5,1215,1250.3,1207112,Voltas
06-10-2021,1256.8,1269.5,1223.6,1229.9,1637172,Voltas
07-10-2021,1231,1291,1229.2,1283,2199106,Voltas
08-10-2021,1293.5,1297.4,1266.2,1281.4,1849583,Voltas
11-10-2021,1282,1319.2,1274.8,1303.7,987429,Voltas
12-10-2021,1300,1314.4,1293,1298.4,556746,Voltas
13-10-2021,1300.7,1324.9,1300.7,1310.9,546360,Voltas
14-10-2021,1323.9,1330.4,1310,1324.9,698768,Voltas
18-10-2021,1335.8,1347,1317.7,1337.7,1040171,Voltas
19-10-2021,1347,1356.9,1292.5,1305.5,761312,Voltas
20-10-2021,1300,1301.9,1243.6,1247.6,1278748,Voltas
21-10-2021,1234.2,1239.8,1161.2,1192.1,3270210,Voltas
22-10-2021,1185.2,1200,1152.8,1177.1,1383292,Voltas
25-10-2021,1178.1,1197.9,1146.5,1189.1,1198644,Voltas
26-10-2021,1199,1202.7,1173.8,1193.2,693503,Voltas
27-10-2021,1195.3,1202.7,1177,1180.8,477583,Voltas
28-10-2021,1178,1189.6,1151,1155.3,536155,Voltas
29-10-2021,1155.3,1222.9,1143.2,1204.6,2516853,Voltas
01-11-2021,1201,1249,1200.2,1245.4,1590433,Voltas
02-11-2021,1249.5,1254.2,1211,1221.1,542396,Voltas
03-11-2021,1221.2,1223.6,1198,1210.4,461077,Voltas
04-11-2021,1212.6,1227,1212,1220.1,50958,Voltas
08-11-2021,1224,1244,1217.8,1239.9,790144,Voltas
09-11-2021,1242.8,1269.7,1242.1,1252.1,1989568,Voltas
10-11-2021,1251.6,1260,1237.6,1247.6,312238,Voltas
11-11-2021,1251,1266,1235.5,1248.9,579476,Voltas
12-11-2021,1255.5,1274.9,1253.6,1264.4,569624,Voltas
15-11-2021,1276,1282,1264.3,1267,591556,Voltas
16-11-2021,1271,1271,1229,1231.7,1089946,Voltas
17-11-2021,1231.7,1243.2,1221,1235.5,751036,Voltas
18-11-2021,1233,1261.9,1225,1235.2,1489052,Voltas
22-11-2021,1234.1,1241.4,1173,1185.4,758527,Voltas
23-11-2021,1182,1213.2,1170.9,1206.3,479994,Voltas
24-11-2021,1207.4,1216.4,1184.5,1199.6,227763,Voltas
25-11-2021,1192.5,1205.9,1185,1201.4,281801,Voltas
26-11-2021,1190,1197.6,1159,1164.3,1002955,Voltas
29-11-2021,1159,1190,1131.3,1177,745724,Voltas
30-11-2021,1177,1242.2,1169.1,1201,1468977,Voltas
01-12-2021,1202,1226.4,1198,1222.7,699953,Voltas
02-12-2021,1231,1239.5,1218.6,1230.4,768558,Voltas
03-12-2021,1232,1255,1229.2,1246.6,584599,Voltas
06-12-2021,1250,1253.7,1223.6,1226.3,571239,Voltas
07-12-2021,1230,1260,1218.7,1254.5,1350166,Voltas
08-12-2021,1258.8,1272,1246.5,1253.1,779432,Voltas
09-12-2021,1253,1265.5,1242.2,1250.8,302045,Voltas
10-12-2021,1250,1262.2,1244.5,1250.8,454867,Voltas
13-12-2021,1242.5,1257,1230.7,1233.5,495195,Voltas
14-12-2021,1231.7,1237.8,1219.2,1230.9,328231,Voltas
15-12-2021,1233.9,1237.3,1206,1211.8,381061,Voltas
16-12-2021,1220,1227.5,1208.5,1217.8,270117,Voltas
17-12-2021,1218,1219.9,1174.5,1198.3,709756,Voltas
20-12-2021,1180.5,1192,1146,1164.6,556369,Voltas
21-12-2021,1175.3,1195,1160,1174.1,411848,Voltas
22-12-2021,1176.6,1196.4,1176.6,1189.5,328821,Voltas
23-12-2021,1197,1213,1187.5,1209.8,409221,Voltas
24-12-2021,1209.8,1209.8,1185,1196.5,427611,Voltas
27-12-2021,1192,1206.8,1183.9,1195.8,298790,Voltas
28-12-2021,1198.2,1220,1198.2,1207,355696,Voltas
29-12-2021,1207,1216.8,1178.5,1201.3,771379,Voltas
30-12-2021,1203.2,1216.6,1193.4,1198.8,844604,Voltas
31-12-2021,1203,1240,1199.5,1219.2,1199325,Voltas
03-01-2022,1225,1241.7,1225,1233.2,431395,Voltas
04-01-2022,1240.1,1251.6,1222.8,1245.5,877718,Voltas
05-01-2022,1245.5,1254.6,1239,1249.5,433601,Voltas
06-01-2022,1240,1256.4,1230.2,1249.8,590712,Voltas
07-01-2022,1245,1287.5,1245,1270.9,2129901,Voltas
10-01-2022,1275,1281.4,1251,1253.8,835334,Voltas
11-01-2022,1253,1257.1,1238.6,1247.1,621165,Voltas
12-01-2022,1252.9,1283,1246,1275.3,1001889,Voltas
13-01-2022,1283.8,1288.2,1256.6,1270.9,591489,Voltas
14-01-2022,1273,1317.3,1262.7,1303.7,1513277,Voltas
17-01-2022,1310,1313.2,1283.1,1285.8,535555,Voltas
18-01-2022,1286,1303.4,1256.9,1262.7,964807,Voltas
19-01-2022,1260.2,1274.8,1250,1255,662199,Voltas
20-01-2022,1255,1263.8,1247.4,1253.7,522908,Voltas
21-01-2022,1230,1237.3,1185,1192.3,1756285,Voltas
24-01-2022,1186.7,1199.9,1160.1,1187.5,1469411,Voltas
25-01-2022,1185,1203.2,1170.7,1190.9,757354,Voltas
27-01-2022,1190,1197.8,1155,1185.6,1011654,Voltas
28-01-2022,1189.9,1204.5,1149.6,1157.2,929704,Voltas
31-01-2022,1165.5,1193.8,1157.7,1183.3,849622,Voltas
01-02-2022,1195,1205.2,1169.7,1183.2,635360,Voltas
02-02-2022,1183.2,1217.5,1183,1214.7,546576,Voltas
03-02-2022,1219.5,1230.9,1204.2,1220.3,628333,Voltas
04-02-2022,1220.4,1245,1218.9,1234.7,712330,Voltas
07-02-2022,1234.8,1239.9,1213.4,1224.2,280046,Voltas
08-02-2022,1222.1,1247.9,1190,1198.8,1207465,Voltas
09-02-2022,1202.4,1236.1,1200.9,1224.1,695568,Voltas
10-02-2022,1223.1,1242.7,1213.8,1238.8,379632,Voltas
11-02-2022,1228,1228,1183,1192.3,816198,Voltas
14-02-2022,1157,1185.3,1138,1170.3,1128739,Voltas
15-02-2022,1160.1,1200,1150.1,1194.1,1210341,Voltas
16-02-2022,1199,1219,1174.1,1211.3,1219588,Voltas
17-02-2022,1217.3,1224.9,1202.1,1219.5,461866,Voltas
18-02-2022,1214.1,1258,1213.9,1252.5,1862152,Voltas
21-02-2022,1254,1265.6,1236.1,1243.7,2071927,Voltas
22-02-2022,1210,1244.4,1205,1239.2,939324,Voltas
23-02-2022,1236.6,1263.9,1228.5,1239,860375,Voltas
24-02-2022,1209.1,1225,1182,1196.9,1490663,Voltas
25-02-2022,1210.3,1257,1204.3,1252.3,2202043,Voltas
28-02-2022,1235,1269,1220.7,1263.2,1039455,Voltas
02-03-2022,1254.8,1262.6,1220.5,1231.2,882993,Voltas
03-03-2022,1238,1251.7,1183.6,1197.2,1195271,Voltas
04-03-2022,1187.5,1204,1152.2,1174.9,1310047,Voltas
07-03-2022,1155,1163.7,1123.7,1148,984612,Voltas
08-03-2022,1140,1160.9,1100,1153.6,1533085,Voltas
09-03-2022,1168,1187.7,1140.3,1158.4,1912229,Voltas
10-03-2022,1193,1200,1175.5,1178.7,1040850,Voltas
11-03-2022,1175,1211.1,1170,1202.9,801340,Voltas
14-03-2022,1210,1210,1177.8,1191.5,1450003,Voltas
15-03-2022,1195,1224.5,1193.7,1212,1294926,Voltas
16-03-2022,1229.8,1289.6,1223.3,1270.8,2210899,Voltas
17-03-2022,1303,1325,1290.1,1296.4,3769942,Voltas
21-03-2022,1311,1314.8,1282,1288.7,1587721,Voltas
22-03-2022,1288,1288,1238.1,1283.3,1856642,Voltas
23-03-2022,1296.6,1340,1295.2,1304.9,2544861,Voltas
24-03-2022,1303,1304,1266.1,1276.2,1415928,Voltas
25-03-2022,1277,1294.8,1243,1249,1504572,Voltas
28-03-2022,1255,1257.9,1218,1231.6,1591299,Voltas
29-03-2022,1243,1252,1228.7,1247.3,887754,Voltas
30-03-2022,1258,1273.4,1245,1268.7,787930,Voltas
31-03-2022,1274,1274,1243.4,1245.4,939480,Voltas
01-04-2022,1245,1264.7,1244,1260.9,440336,Voltas
04-04-2022,1258.6,1281,1255,1276.8,744419,Voltas
05-04-2022,1291,1324.7,1278.5,1315,1996418,Voltas
06-04-2022,1320,1328.6,1295.5,1322,1222732,Voltas
07-04-2022,1322,1347.7,1291.6,1301.2,2230037,Voltas
08-04-2022,1314,1322,1303.5,1317.6,1031831,Voltas
11-04-2022,1322,1324.9,1298.3,1303.1,1200934,Voltas
12-04-2022,1300,1311.9,1268.1,1302.8,1346945,Voltas
13-04-2022,1308,1317.4,1288.7,1304.3,903271,Voltas
18-04-2022,1277.7,1286.9,1240.6,1247.3,1913872,Voltas
19-04-2022,1258,1271.5,1222.7,1245.5,769663,Voltas
20-04-2022,1244.8,1255.6,1224.6,1250.6,861417,Voltas
21-04-2022,1252.4,1270.1,1252,1266,1071430,Voltas
22-04-2022,1254.1,1271.5,1249,1252.1,876987,Voltas
25-04-2022,1245.5,1257.1,1230.5,1242.4,978292,Voltas
26-04-2022,1252,1265.4,1245,1262.6,548103,Voltas
27-04-2022,1256.9,1288,1250.2,1266.4,1559217,Voltas
28-04-2022,1276.3,1294,1268.6,1285.7,846958,Voltas
29-04-2022,1298.9,1299,1249,1261.6,1036182,Voltas
02-05-2022,1250,1266.6,1222.8,1231,820568,Voltas
04-05-2022,1239.8,1239.8,1136.3,1144.7,2780161,Voltas
05-05-2022,1158,1172.2,1144,1157.5,1575587,Voltas
06-05-2022,1096,1099.6,1045,1069.3,4279051,Voltas
09-05-2022,1060,1065.6,1030.2,1046.7,1597558,Voltas
10-05-2022,1020,1034.9,975.5,988.7,3890951,Voltas
11-05-2022,990,995,961.7,977.9,1828775,Voltas
12-05-2022,968,971.7,935,949.4,2387327,Voltas
13-05-2022,965.5,965.5,928.4,931.4,2439176,Voltas
16-05-2022,932.8,958.6,922.6,951.5,754343,Voltas
17-05-2022,955,993.9,951.1,988,1653820,Voltas
18-05-2022,993,1030,978.3,985.6,1950263,Voltas
19-05-2022,960.5,976,941,945.5,1069959,Voltas
20-05-2022,956.2,980.8,956.1,975.2,771890,Voltas
23-05-2022,987.1,1004.4,975.8,995.7,711795,Voltas
24-05-2022,999,1013.9,991.2,1011.6,995063,Voltas
25-05-2022,1019.8,1019.8,987.9,995.4,1302256,Voltas
26-05-2022,999,1003.7,980.4,995.9,1439924,Voltas
27-05-2022,1002,1025,993.7,1008.5,2936842,Voltas
30-05-2022,1013,1045,1012.3,1039.5,1269311,Voltas
31-05-2022,1040.5,1046.1,1013.9,1018.1,1389172,Voltas
01-06-2022,1008.6,1053.9,1008.6,1048.1,1344690,Voltas
02-06-2022,1052.7,1054.5,1038.3,1048.3,628184,Voltas
03-06-2022,1055,1059,1015,1017.4,935492,Voltas
06-06-2022,1017.4,1023.8,987.3,1012.5,2071173,Voltas
07-06-2022,1007.5,1008,975.6,999.6,1155472,Voltas
08-06-2022,1000.3,1003.6,973.4,991.2,840464,Voltas
09-06-2022,980.9,1004.8,958.9,999.6,866374,Voltas
10-06-2022,992,1001.7,979.7,992.6,676852,Voltas
13-06-2022,975.1,984.8,962.6,980.6,651834,Voltas
14-06-2022,979,990,971.1,986.5,891341,Voltas
15-06-2022,993,1004.4,989.5,994.8,1003208,Voltas
16-06-2022,1001,1009.8,951,955.5,1327668,Voltas
17-06-2022,945,964.9,933.6,955.3,985036,Voltas
20-06-2022,959,962.9,933.7,946,506347,Voltas
21-06-2022,945.1,982,945,980.4,621504,Voltas
22-06-2022,975,976.3,944.4,947.9,769151,Voltas
23-06-2022,947.9,970,946.1,967,445504,Voltas
24-06-2022,970.1,995,970.1,992.2,856644,Voltas
27-06-2022,998.1,1004.4,979.6,981.8,549920,Voltas
28-06-2022,970,989.8,960.1,976.2,992871,Voltas
29-06-2022,966,982.3,962.1,972.5,560774,Voltas
30-06-2022,971,984,965.1,972.4,1469049,Voltas
01-07-2022,949.8,969.7,938.1,956.5,1129398,Voltas
04-07-2022,962.8,973,946,965.7,965699,Voltas
05-07-2022,970,985.6,952.4,957.7,554040,Voltas
06-07-2022,957.7,980.2,953,976.1,1548896,Voltas
07-07-2022,982,988.8,966.1,972.3,1321316,Voltas
08-07-2022,980,984,965.6,968.7,605885,Voltas
11-07-2022,967,974.4,955.1,964.4,526504,Voltas
12-07-2022,965,971.8,953.9,956.9,545725,Voltas
13-07-2022,963,994,958.4,984,1220919,Voltas
14-07-2022,986.9,995.4,977.8,986.5,1093056,Voltas
15-07-2022,991,995,973,983,670764,Voltas
18-07-2022,992,1040,990.5,1034.7,3058816,Voltas
19-07-2022,1030,1055,1027.8,1052.9,1426312,Voltas
20-07-2022,1062.3,1065,1027.3,1029.7,562014,Voltas
21-07-2022,1021,1027.2,1003,1011.4,1544353,Voltas
22-07-2022,1012,1026,996.8,1001.8,798056,Voltas
25-07-2022,996.5,1005.7,988,999.7,519192,Voltas
26-07-2022,1003.4,1007,974.2,977.4,775518,Voltas
27-07-2022,973,973,932.5,969.1,2489605,Voltas
28-07-2022,978,985.9,967.5,970.5,1366114,Voltas
29-07-2022,973.6,1013.4,973,1004.8,1272713,Voltas
01-08-2022,1010,1011,991.3,999.3,1297725,Voltas
02-08-2022,1004.5,1005.4,989,999.6,1028956,Voltas
03-08-2022,970,990,958.5,982.2,4034577,Voltas
04-08-2022,983,1008,982.5,1000.2,1270775,Voltas
05-08-2022,1001,1006.8,970,973,1993658,Voltas
08-08-2022,970.7,990.7,968,982.3,923346,Voltas
10-08-2022,986,989.1,972.7,974,854456,Voltas
11-08-2022,980,999.5,977.6,989.6,1549710,Voltas
12-08-2022,995,1015,991.3,1007.4,2036111,Voltas
16-08-2022,1024,1037.6,1015.5,1020,1829450,Voltas
17-08-2022,1022,1035.9,1018.5,1027.7,985624,Voltas
18-08-2022,1030,1046.9,1024.3,1045.1,1163107,Voltas
19-08-2022,1046.1,1051.3,1009.6,1015.2,1265293,Voltas
22-08-2022,1010,1013,975,977.2,1080433,Voltas
23-08-2022,973,998,967.1,994.5,782477,Voltas
24-08-2022,991.1,1000,983,995.7,737677,Voltas
25-08-2022,1000,1015.8,991.5,995.4,761328,Voltas
26-08-2022,1004,1010,995,1007.2,536785,Voltas
29-08-2022,982.2,989.8,974.2,980.5,805591,Voltas
30-08-2022,987.8,1006.7,984.2,1001.2,688283,Voltas
01-09-2022,992,999.9,977.5,980,1349653,Voltas
02-09-2022,989,989,970,971.5,887624,Voltas
05-09-2022,971.1,990.6,971.1,987.3,796310,Voltas
06-09-2022,984.1,994,983.3,985.6,803122,Voltas
07-09-2022,980,988.5,975.3,980.7,825447,Voltas
08-09-2022,986,991.5,975,975.5,1220046,Voltas
09-09-2022,981,985,960.1,966.2,1308759,Voltas
13-09-2022,970,982.8,967.5,970.2,1873849,Voltas
14-09-2022,965,965,950.1,955.4,1404466,Voltas
15-09-2022,960,967.5,951.7,960.2,913099,Voltas
16-09-2022,960,960,882.6,912.9,2715707,Voltas
19-09-2022,918,919.9,895,899.3,1575244,Voltas
20-09-2022,904,922.8,904,910.2,1578826,Voltas
21-09-2022,909,924,901.7,904.4,1227816,Voltas
22-09-2022,903.8,905.9,889.3,897.8,1097995,Voltas
23-09-2022,900.5,909.7,888,900.8,1626446,Voltas
26-09-2022,896.7,896.7,868,882.4,1908668,Voltas
27-09-2022,886.9,907.8,885.7,904.3,1333677,Voltas
28-09-2022,900,912.9,895.1,900.8,851509,Voltas
29-09-2022,905.3,909.5,895.4,901.2,944566,Voltas
30-09-2022,900,910.7,880.2,906.5,1173265,Voltas
03-10-2022,909,910,887,893.2,1136230,Voltas
04-10-2022,905,927,901.1,925,1135815,Voltas
06-10-2022,929,936,918,922,1403635,Voltas
07-10-2022,921,927.2,905.6,910.4,475052,Voltas
10-10-2022,900,905.2,888,899.9,664753,Voltas
11-10-2022,900,901.8,870.6,873.6,1747694,Voltas
12-10-2022,878,878,859.4,874.3,1992108,Voltas
13-10-2022,870.7,876.6,863,873.9,431376,Voltas
14-10-2022,884,886,869.1,871.2,914438,Voltas
17-10-2022,872,875.2,857.4,869.7,605427,Voltas
18-10-2022,874,880.8,871.4,875,1165692,Voltas
19-10-2022,875.2,880.6,870.4,875.2,618344,Voltas
20-10-2022,870.5,873,858.3,869.2,771471,Voltas
21-10-2022,871.2,884.5,858.3,865.8,1046811,Voltas
25-10-2022,866.2,875.5,862.1,867.3,855653,Voltas
27-10-2022,875,876,868.1,874.3,442475,Voltas
28-10-2022,876,881.7,869.1,871.3,595829,Voltas
31-10-2022,874.8,878.9,859.4,876.2,1960573,Voltas
01-11-2022,880.6,910.5,877.1,909,1623970,Voltas
02-11-2022,894,928,888,909.3,3102411,Voltas
03-11-2022,909,910,859,861.3,3067654,Voltas
04-11-2022,861.9,865.9,835.2,845.3,2807836,Voltas
07-11-2022,848,852.2,827.3,834.6,1790614,Voltas
09-11-2022,836,843.8,835,836.6,960196,Voltas
10-11-2022,834.6,834.6,815.5,826.1,1240790,Voltas
11-11-2022,830.3,840,827,829.1,1554731,Voltas
14-11-2022,830,832,820.9,822.9,1195575,Voltas
15-11-2022,824.9,825,816.2,818.7,1208999,Voltas
16-11-2022,822,822.5,811.7,817.2,815618,Voltas
17-11-2022,815,829.6,812,824.4,1299792,Voltas
18-11-2022,828.5,828.5,807,810,1352789,Voltas
21-11-2022,810,813.9,803.6,810,887839,Voltas
22-11-2022,809.5,823,807,818,1021492,Voltas
23-11-2022,822,822,811.3,813.1,993033,Voltas
24-11-2022,814.9,819.8,812.1,818.8,1795690,Voltas
25-11-2022,822,831,817.1,829.4,1976090,Voltas
28-11-2022,829,844.8,825,839.4,2003831,Voltas
29-11-2022,842,843,824.1,825.9,904144,Voltas
30-11-2022,825.9,829.2,817.5,819.5,1252601,Voltas
01-12-2022,822.2,846.5,820,842.4,2199715,Voltas
02-12-2022,842,856.3,838.6,855.3,1438034,Voltas
05-12-2022,861,862.4,848.6,858.5,1045757,Voltas
06-12-2022,858.5,859.3,848.6,851.2,763196,Voltas
07-12-2022,852.5,857.6,840.6,847.9,611505,Voltas
08-12-2022,849,853,843.2,847.9,529232,Voltas
09-12-2022,849.1,850.2,828.1,833.6,1243683,Voltas
12-12-2022,836.1,842,824.4,841.2,536919,Voltas
13-12-2022,843.2,844,835.5,839.9,537656,Voltas
14-12-2022,842,853.5,839.8,850.8,776630,Voltas
15-12-2022,850,855.9,845,850.4,1015102,Voltas
16-12-2022,845.1,848.3,831,835.1,749560,Voltas
19-12-2022,835.2,838.7,829.2,836.3,483111,Voltas
20-12-2022,833,835,813.4,827.9,1205458,Voltas
21-12-2022,831,838,810.5,813.7,1158353,Voltas
22-12-2022,817,817,798.3,807.4,787550,Voltas
23-12-2022,800.8,803.4,775.2,777.8,980785,Voltas
26-12-2022,777.8,789.4,770,786.5,454783,Voltas
27-12-2022,790.5,799.1,785.3,797.8,469563,Voltas
28-12-2022,801.3,802.8,791.5,797.8,878587,Voltas
29-12-2022,796,803,788,800.5,625722,Voltas
30-12-2022,803.5,811.9,797,799.9,813045,Voltas
02-01-2023,799.9,804.4,794,802.7,319975,Voltas
03-01-2023,802.7,811.1,800.6,808.3,543688,Voltas
04-01-2023,808.5,810.4,796.5,805.9,939486,Voltas
05-01-2023,813.8,813.8,798.2,809.5,1361234,Voltas
06-01-2023,807.5,824.8,806.8,814.6,1375341,Voltas
09-01-2023,819,823.9,814,820.1,771070,Voltas
10-01-2023,820,827,811.5,826,601404,Voltas
11-01-2023,826,834,822.5,831,725055,Voltas
12-01-2023,831,832.8,805.7,809.3,954974,Voltas
13-01-2023,807.6,812.2,800.1,806.4,516864,Voltas
16-01-2023,808.8,811.6,804,805.5,314496,Voltas
17-01-2023,806.4,813.7,805.8,810,599833,Voltas
18-01-2023,810,811.8,800.7,802.2,1274164,Voltas
19-01-2023,802.2,803,785.4,789.6,1492350,Voltas
20-01-2023,790,791,778,780.1,1307972,Voltas
23-01-2023,782.8,782.8,769.1,776.8,1468342,Voltas
24-01-2023,778.9,783.5,776,778,1041066,Voltas
25-01-2023,777.9,777.9,751.8,756.6,1339618,Voltas
27-01-2023,759,761.4,737.2,745,1474004,Voltas
30-01-2023,747.9,778,744.9,775,2080883,Voltas
31-01-2023,778.5,806,777.2,802.7,1803266,Voltas
01-02-2023,803.5,816,784,794.6,1322816,Voltas
02-02-2023,794,824,790.6,821.6,1595844,Voltas
03-02-2023,825,826.4,808.8,813,1002242,Voltas
06-02-2023,809,829,805.1,826.7,661820,Voltas
07-02-2023,829,831.3,806.1,815.2,1587142,Voltas
08-02-2023,816,832.4,809.3,827.4,1072137,Voltas
09-02-2023,824.9,832,812,824.6,1093769,Voltas
10-02-2023,800,856.7,796,849.9,5082283,Voltas
13-02-2023,852.5,855.3,835.7,848.6,1260020,Voltas
14-02-2023,848,871.4,847,856.8,1978175,Voltas
15-02-2023,851.1,861.9,848.1,858.8,597974,Voltas
16-02-2023,860,868.9,853.8,862.9,1047536,Voltas
17-02-2023,858,863.8,849.1,855.1,497564,Voltas
20-02-2023,859.7,882.8,850.4,873.1,1472792,Voltas
21-02-2023,877.7,897.9,873.1,895.8,2183174,Voltas
22-02-2023,898.1,927.4,895.8,914.2,7876349,Voltas
23-02-2023,916.9,920,898.6,900.6,2114369,Voltas
24-02-2023,905.1,910.6,892.3,895.2,2287301,Voltas
27-02-2023,889,889.8,865.4,887.3,1436906,Voltas
28-02-2023,887,905.5,884,892,1929468,Voltas
01-03-2023,899,907.7,891.3,899.2,1462796,Voltas
02-03-2023,901,925,901,918.8,3006307,Voltas
03-03-2023,919.9,934,911.1,912.9,1804035,Voltas
06-03-2023,918.7,920.9,910,913.2,954615,Voltas
08-03-2023,907.5,916,886.5,909.7,1382635,Voltas
09-03-2023,913,917.1,888.5,891.1,1465770,Voltas
10-03-2023,886,898.4,880.4,893.6,762731,Voltas
13-03-2023,891.2,902.9,880.2,883.9,846317,Voltas
14-03-2023,882.4,890.7,861.9,863.5,1427931,Voltas
15-03-2023,874,891.9,871,873.8,1553772,Voltas
16-03-2023,873.7,884.4,863.2,880.6,737474,Voltas
17-03-2023,901.8,903.1,878.3,880.6,1358682,Voltas
20-03-2023,880.6,887,844,851,1001601,Voltas
21-03-2023,852.3,859.3,834.1,836.7,1556594,Voltas
22-03-2023,841.8,848.4,835.2,845.1,874627,Voltas
23-03-2023,844.8,847.7,831.2,833.1,726755,Voltas
24-03-2023,833,836.5,816.4,821.7,771881,Voltas
27-03-2023,822,829.5,812.6,823.1,551684,Voltas
28-03-2023,824.5,826.5,807.5,812.4,621964,Voltas
29-03-2023,812.4,817.2,805.5,811.6,934381,Voltas
31-03-2023,817,822,812.2,818.3,816550,Voltas
03-04-2023,823.5,825,817,823.2,489967,Voltas
05-04-2023,823.2,825.7,815.4,818.2,615779,Voltas
06-04-2023,818.1,832,816.8,830.7,838420,Voltas
10-04-2023,839,839.2,818.4,823.3,1252962,Voltas
11-04-2023,824.5,829.2,811.8,813.7,1056770,Voltas
12-04-2023,813.9,821.9,813.9,816.8,839156,Voltas
13-04-2023,816.8,824.6,813.4,823.5,725541,Voltas
17-04-2023,823.5,839.6,812.1,835.3,2055636,Voltas
18-04-2023,839,841,828.6,835.2,1098803,Voltas
19-04-2023,839,853.4,832.2,851.1,1743643,Voltas
20-04-2023,855,868.3,846.1,867.5,1550109,Voltas
21-04-2023,868.5,869.9,855,857,727956,Voltas
24-04-2023,857,863.5,845.3,848.1,780453,Voltas
25-04-2023,849.1,852,841.8,843.6,834942,Voltas
26-04-2023,845,866.8,845,854.6,1980399,Voltas
27-04-2023,830.5,847.2,805,808.4,4067448,Voltas
28-04-2023,806.8,806.8,762.8,799.1,5231996,Voltas
02-05-2023,796,809.9,793.1,801.6,1819490,Voltas
03-05-2023,802,818,798.6,809.9,1811010,Voltas
04-05-2023,813.6,814.9,795,801.9,1786337,Voltas
05-05-2023,801,809,795,798.5,1238885,Voltas
08-05-2023,799,807.7,798.5,803.4,589279,Voltas
09-05-2023,804.8,808.5,801.1,803.8,940654,Voltas
10-05-2023,806,808.5,798.7,807.5,1415592,Voltas
11-05-2023,809,816,805.6,813.6,886748,Voltas
12-05-2023,815.8,817,808,809.1,460176,Voltas
15-05-2023,809,814.4,805,810.4,380824,Voltas
16-05-2023,812,816,803.1,804.6,511123,Voltas
17-05-2023,807,808.1,795,803,763149,Voltas
18-05-2023,805,809.1,796.1,797.6,354925,Voltas
19-05-2023,801,801,785.9,797.3,864639,Voltas
22-05-2023,797,812,790.5,809.7,950899,Voltas
23-05-2023,809.7,813,804,805.8,401163,Voltas
24-05-2023,805.8,809,799.5,803.5,1950756,Voltas
25-05-2023,804,814,801.5,812.3,745354,Voltas
26-05-2023,815.1,818,809.2,814.6,446811,Voltas
29-05-2023,818,827.5,815,825.8,982588,Voltas
30-05-2023,826,831,819.1,821.9,610358,Voltas
31-05-2023,819.2,826.8,817,821.4,805009,Voltas
01-06-2023,820.1,832,819.1,825.4,804182,Voltas
02-06-2023,830,830.8,817.1,818.9,713546,Voltas
05-06-2023,822,826.4,821.1,823.3,356474,Voltas
06-06-2023,824,825,791.4,803.3,1881812,Voltas
07-06-2023,809,809,801.2,806.1,520388,Voltas
08-06-2023,811,811,801.6,805,958527,Voltas
09-06-2023,804.2,805.4,777,778,2202969,Voltas
12-06-2023,780.1,795.7,774.2,790.7,1935001,Voltas
13-06-2023,790.7,808,790,806.4,1116993,Voltas
14-06-2023,808,827,801,815.3,2311363,Voltas
15-06-2023,816,818.2,798,800.9,1006762,Voltas
16-06-2023,802,803.7,794.3,796.2,1078391,Voltas
19-06-2023,798,799.7,785.6,790.2,1144336,Voltas
20-06-2023,790,794.8,786.1,789.3,772917,Voltas
21-06-2023,790.3,794,783,786.9,1583443,Voltas
22-06-2023,786,789,778.6,782.1,1942087,Voltas
23-06-2023,768.2,777.5,748.5,750.5,4692817,Voltas
26-06-2023,753.2,759,747.6,757.7,1236917,Voltas
27-06-2023,760.9,767.8,757.9,761.1,1446118,Voltas
28-06-2023,763,766.7,758.8,762.7,1273148,Voltas
30-06-2023,760,764,756.1,759.8,1020924,Voltas
03-07-2023,765,769.5,759.8,762.6,1172805,Voltas
04-07-2023,765,766.2,757.1,759.1,2038341,Voltas
05-07-2023,762,769,754,766.7,1411230,Voltas
06-07-2023,766.7,772,763.1,768.9,758437,Voltas
07-07-2023,763,767.9,757,760.3,821832,Voltas
10-07-2023,760.3,762.5,753,758.1,545734,Voltas
11-07-2023,758.1,767.4,756.4,759.3,1237925,Voltas
12-07-2023,764,764.7,759,762.4,508835,Voltas
13-07-2023,762.4,764.4,746.3,748.9,1335577,Voltas
14-07-2023,750.3,755.3,745,754.7,1101003,Voltas
17-07-2023,755.2,767,752.4,764,936969,Voltas
18-07-2023,765.1,769,757.6,765.8,3655994,Voltas
19-07-2023,770.1,792.9,764.1,777.9,5316153,Voltas
20-07-2023,781,790.9,775.3,777.4,2151073,Voltas
21-07-2023,773,775.8,762.7,764.4,1015818,Voltas
24-07-2023,765,769.6,758.8,765.7,1070740,Voltas
25-07-2023,766,771.4,764.7,767.2,491539,Voltas
26-07-2023,769,769.6,763.3,765,528936,Voltas
27-07-2023,766,770,757,758.6,1100247,Voltas
28-07-2023,760,764.3,758.6,763.1,890328,Voltas
31-07-2023,765,782,761.5,780.1,1281701,Voltas
01-08-2023,782,800.5,780.3,797.4,2299859,Voltas
02-08-2023,798,805.3,792.1,801.2,2699801,Voltas
03-08-2023,801,810.9,795.1,799.6,1430725,Voltas
04-08-2023,803.8,821.6,799,819.3,2564538,Voltas
07-08-2023,823.8,829.3,819.1,826.4,1379529,Voltas
08-08-2023,828.9,828.9,810.6,816.1,850243,Voltas
09-08-2023,822.7,851.8,819.3,849.5,4647736,Voltas
10-08-2023,849.4,857.6,835.2,836.8,2587694,Voltas
11-08-2023,840,844.4,816.8,828.6,1397414,Voltas
14-08-2023,820.5,829.4,794.2,825.4,2279372,Voltas
16-08-2023,822,828.6,810.4,826.5,1402705,Voltas
17-08-2023,825,833,820.8,825.8,1102613,Voltas
18-08-2023,825.7,831.3,808,810,696312,Voltas
21-08-2023,810,813.7,800,808.1,964038,Voltas
22-08-2023,809.9,825,806.4,823,748032,Voltas
23-08-2023,824,840.9,823,836.4,1010288,Voltas
24-08-2023,838,841.1,830.1,833.4,453602,Voltas
25-08-2023,829.5,834.6,819,824.9,617248,Voltas
28-08-2023,824.9,830.6,823.6,827.5,742446,Voltas
29-08-2023,828.2,851.7,827.5,848.9,1766963,Voltas
30-08-2023,853.7,857.5,849.6,855.5,1232177,Voltas
31-08-2023,859,872,853.9,869.9,2053925,Voltas
01-09-2023,874,879.8,868.6,870.1,870560,Voltas
04-09-2023,875,875.8,864.6,866.3,813452,Voltas
05-09-2023,868,871,858.1,866.7,910247,Voltas
06-09-2023,890,908.5,882,896.6,5127245,Voltas
07-09-2023,900.9,900.9,887,896.1,733282,Voltas
08-09-2023,897.8,908.5,892.9,905,1253958,Voltas
11-09-2023,910,914.5,904.5,907.2,819842,Voltas
12-09-2023,909.2,913.8,873.8,875.4,1850062,Voltas
13-09-2023,875.4,890.7,869.3,887.5,640847,Voltas
14-09-2023,893.8,894,882.4,886.7,430469,Voltas
15-09-2023,889.5,906,887.1,894,961453,Voltas
18-09-2023,895,897,880,882.2,1062910,Voltas
20-09-2023,875,886,866.9,871.8,1071977,Voltas
21-09-2023,870,879.7,864,868.7,609935,Voltas
22-09-2023,868.4,872.3,851.3,865.6,596978,Voltas
25-09-2023,865,878.6,854.2,875.8,1502890,Voltas
26-09-2023,879,879.5,860.4,861.9,764661,Voltas
27-09-2023,861.5,872.3,857.7,871,453103,Voltas
28-09-2023,870.7,882.5,858.8,860.9,813873,Voltas
29-09-2023,863,870.2,860,863.3,1014532,Voltas
03-10-2023,861.9,880.2,861.1,874.1,868906,Voltas
04-10-2023,873,888,862.5,872.6,1357213,Voltas
05-10-2023,881.8,883.7,872.5,880.1,435857,Voltas
06-10-2023,883.9,888,879.5,885.1,460025,Voltas
09-10-2023,872,882,848.2,852.9,1129737,Voltas
10-10-2023,855,858.5,851.1,855.3,779331,Voltas
11-10-2023,856.2,870.9,856.2,862.7,507986,Voltas
12-10-2023,867,867,855.7,857,577682,Voltas
13-10-2023,854.1,855,839.1,845.5,951352,Voltas
16-10-2023,846.5,854.9,842,852.4,889834,Voltas
17-10-2023,854,857,847.3,851,390692,Voltas
18-10-2023,851,856.9,830.2,834.3,1210600,Voltas
19-10-2023,833.9,842.3,823.1,838.9,1016728,Voltas
20-10-2023,823.1,838.4,812.7,818.6,2857101,Voltas
23-10-2023,819,832.3,806.7,821.3,2096753,Voltas
25-10-2023,823.3,843.8,814.3,817.5,1072916,Voltas
26-10-2023,816.5,834,811.1,828.9,1495324,Voltas
27-10-2023,836.9,837,826.4,834.9,689843,Voltas
30-10-2023,838,840,820.4,834.6,802038,Voltas
31-10-2023,841,841.3,829.6,837.5,444814,Voltas
01-11-2023,837.5,839,828.1,830.3,347572,Voltas
02-11-2023,835.3,840,831.4,834.2,164448,Voltas
03-11-2023,835.7,840,832,835.7,408324,Voltas
06-11-2023,840,840,826.7,827.9,834165,Voltas
07-11-2023,827.9,829.9,811.3,813.4,1200203,Voltas
08-11-2023,820.3,825,816.1,820.2,724839,Voltas
09-11-2023,820.8,830.5,814.3,827.7,485510,Voltas
10-11-2023,826.8,833.5,818.6,829.9,448677,Voltas
13-11-2023,827,830.8,811.2,814,859220,Voltas
15-11-2023,819,831.4,813,824.5,857034,Voltas
16-11-2023,824.9,827.6,819.8,821.2,734559,Voltas
17-11-2023,822.9,832.2,818,825,744034,Voltas
20-11-2023,826.9,832.7,815.3,828.4,1464739,Voltas
21-11-2023,834.9,852.4,831.1,843.7,1332293,Voltas
22-11-2023,845.5,852.6,839.1,847.9,577309,Voltas
23-11-2023,849.7,852.4,834.1,835,693188,Voltas
24-11-2023,837.5,839.8,818.8,825,669289,Voltas
28-11-2023,825,825.7,818,820.5,1139966,Voltas
29-11-2023,823,827.2,819.4,820.4,1812824,Voltas
30-11-2023,821,829.4,811.2,828,2063628,Voltas
01-12-2023,828.2,841,828.2,835.5,1179786,Voltas
04-12-2023,844,848.5,830.6,837.9,995617,Voltas
05-12-2023,841.9,847,825.4,832.5,1388896,Voltas
06-12-2023,839,849.9,833.7,845.1,1717573,Voltas
07-12-2023,845.6,870,833.1,866.1,2356938,Voltas
08-12-2023,872,878.6,844.9,855.5,2817604,Voltas
11-12-2023,859.9,865.9,850.5,852.7,1333574,Voltas
12-12-2023,852.7,861.8,846.8,851.3,993904,Voltas
13-12-2023,854.9,856.8,841.5,852.4,1208554,Voltas
14-12-2023,856,861.4,849.4,852.8,1805824,Voltas
15-12-2023,856.9,869.9,854.9,859.9,1631125,Voltas
18-12-2023,860.9,872.5,857.7,868.8,1863543,Voltas
19-12-2023,871.4,904.5,868.4,897.1,4021526,Voltas
20-12-2023,908,957.2,908,928.1,11662400,Voltas
21-12-2023,927.6,948,917.6,942.7,3013363,Voltas
22-12-2023,950,954.5,943,947.6,1665456,Voltas
26-12-2023,950,968.5,948,966,2231517,Voltas
27-12-2023,966,992.8,965.4,985.2,2629166,Voltas
28-12-2023,992,992,965,971.6,1660995,Voltas
29-12-2023,972.3,985,969.8,978.4,1746196,Voltas
01-01-2024,979,982.4,972.5,978,764752,Voltas
02-01-2024,977.4,998,968,992.2,1525164,Voltas
03-01-2024,992.4,1000.2,983,986.9,1252415,Voltas
04-01-2024,986.9,1023,986.2,1014.1,2398169,Voltas
05-01-2024,1010,1013.2,998.3,1009.2,871685,Voltas
08-01-2024,1009.2,1011.4,985.2,990.1,1283342,Voltas
09-01-2024,994.3,1004.3,990.1,993.4,1497125,Voltas
10-01-2024,993,1025.8,990,1012.2,3880133,Voltas
11-01-2024,1015,1060,1012,1055.7,3915284,Voltas
12-01-2024,1055,1061.5,1047.4,1056.9,1135534,Voltas
15-01-2024,1056.9,1068.3,1044.6,1060.9,1480681,Voltas
16-01-2024,1059,1068.1,1047.4,1051.4,1406227,Voltas
17-01-2024,1035,1062,1032.7,1052.7,1388891,Voltas
18-01-2024,1050,1050,1015.9,1036.3,1646283,Voltas
19-01-2024,1043.5,1054.4,1038.1,1051.1,748309,Voltas
23-01-2024,1034.9,1036.2,992.5,1007.3,1513441,Voltas
24-01-2024,1007,1036.8,996.4,1031.8,1418343,Voltas
25-01-2024,1031.9,1033.5,996.1,1005.2,992236,Voltas
29-01-2024,1010,1043,1006.8,1040.4,1557213,Voltas
30-01-2024,1042,1057,1008.2,1016.9,2008069,Voltas
31-01-2024,1001,1101,990.1,1092.8,9851087,Voltas
01-02-2024,1091,1091,1040.1,1048.8,3878597,Voltas
02-02-2024,1055,1065,1046.4,1058.4,1496441,Voltas
05-02-2024,1059,1060,1013.2,1023.1,1750764,Voltas
06-02-2024,1028.2,1044.9,1015.6,1028.5,1008129,Voltas
07-02-2024,1037,1042.9,1020.2,1038.9,481658,Voltas
08-02-2024,1042,1070.5,1037.8,1064.7,1639793,Voltas
09-02-2024,1072.5,1074.8,1035.3,1057.3,1194907,Voltas
12-02-2024,1058.7,1085,1052.6,1075.4,2309419,Voltas
13-02-2024,1085,1105.5,1070.5,1100.2,1597979,Voltas
14-02-2024,1090,1103.3,1075,1086.1,892247,Voltas
15-02-2024,1088.9,1094.8,1070.8,1086.9,962590,Voltas
16-02-2024,1093,1095,1064.6,1075.1,943246,Voltas
19-02-2024,1075.1,1100,1071.4,1097.3,900446,Voltas
20-02-2024,1102,1113.4,1085.6,1105.8,1091062,Voltas
21-02-2024,1110,1117,1092.5,1107.1,1409303,Voltas
22-02-2024,1112.9,1112.9,1086.1,1098.5,1186275,Voltas
23-02-2024,1101,1107.1,1091,1095.1,762239,Voltas
26-02-2024,1099,1103.7,1066.6,1097.3,2415442,Voltas
27-02-2024,1097.3,1124.9,1084.9,1117.3,1815929,Voltas
28-02-2024,1128.2,1133.5,1103,1110.7,1446728,Voltas
29-02-2024,1112.6,1125.4,1086.2,1109.1,1394524,Voltas
01-03-2024,1116.8,1116.8,1064.5,1085.4,2092842,Voltas
04-03-2024,1104,1127,1096.4,1110.9,1327430,Voltas
05-03-2024,1107,1111.4,1067.1,1071.4,1934196,Voltas
06-03-2024,1076.3,1077.7,1043.4,1062,1443427,Voltas
07-03-2024,1062,1091.2,1062,1082.1,1715695,Voltas
11-03-2024,1096,1096,1063.4,1073.7,1705320,Voltas
12-03-2024,1070,1078.8,1049.5,1054,803495,Voltas
13-03-2024,1060,1068.5,1024,1042.5,1744305,Voltas
14-03-2024,1037.1,1077.4,1024.8,1073.7,1259950,Voltas
15-03-2024,1073.7,1073.7,1050.1,1065.4,891060,Voltas
18-03-2024,1067,1067.1,1036.7,1056.6,1479630,Voltas
19-03-2024,1056.9,1057.2,1032,1046.3,725350,Voltas
20-03-2024,1048.3,1055.7,1034.1,1047.9,508050,Voltas
21-03-2024,1050,1088.9,1050,1084,1377158,Voltas
22-03-2024,1090,1090,1061.7,1065,935122,Voltas
26-03-2024,1063,1116,1059.7,1101.1,1681188,Voltas
27-03-2024,1110,1110,1083.8,1092.9,1538888,Voltas
28-03-2024,1099,1116,1080.1,1103.6,1282825,Voltas
01-04-2024,1103.6,1155.7,1101.2,1151.6,2195111,Voltas
02-04-2024,1172.1,1214.8,1159,1190.4,4378945,Voltas
03-04-2024,1194.4,1224.8,1184,1220,1801659,Voltas
04-04-2024,1226,1229,1212.6,1218,745552,Voltas
05-04-2024,1217,1240.7,1216.1,1232.3,1994497,Voltas
08-04-2024,1310,1392,1304,1306.9,10761579,Voltas
09-04-2024,1315,1353.8,1303,1314.1,3312935,Voltas
10-04-2024,1324,1350,1294.6,1342.8,2766610,Voltas
12-04-2024,1339.8,1342.8,1303.6,1309.4,2271423,Voltas
15-04-2024,1300,1312,1279,1283.9,1840495,Voltas
16-04-2024,1276.7,1301.5,1272.4,1297.1,1261801,Voltas
18-04-2024,1305,1315,1285,1291.7,1245277,Voltas
19-04-2024,1277,1310.8,1272.4,1300.6,823264,Voltas
22-04-2024,1364,1395,1332.8,1383.2,8939049,Voltas
23-04-2024,1393,1406.7,1383.6,1395.7,2294024,Voltas
24-04-2024,1405.5,1423.5,1399.2,1414.2,2738926,Voltas
25-04-2024,1416,1436.9,1404.1,1427.4,1976954,Voltas
26-04-2024,1434,1461,1426.2,1454.8,1633241,Voltas
29-04-2024,1465,1477.4,1454,1467.7,1670290,Voltas
30-04-2024,1476.9,1481.7,1460.3,1474.8,1931803,Voltas
02-05-2024,1482,1500,1463,1482,1529682,Voltas
03-05-2024,1491.9,1501,1480,1491.5,1688779,Voltas
06-05-2024,1501.4,1502.3,1445,1447.2,1023497,Voltas
07-05-2024,1452.1,1462.5,1380,1389.2,2353647,Voltas
08-05-2024,1280,1333.6,1262,1318.8,9132726,Voltas
09-05-2024,1322,1322.4,1274.1,1276.1,1905942,Voltas
10-05-2024,1276.1,1300.6,1265.1,1287.6,3013310,Voltas
13-05-2024,1281.1,1312,1257.5,1301.9,2142147,Voltas
14-05-2024,1309.9,1328.5,1292.7,1304.2,1943532,Voltas
15-05-2024,1312,1317.3,1299.7,1303.5,621432,Voltas
16-05-2024,1305,1324.6,1298.4,1320.6,1232510,Voltas
17-05-2024,1324,1326,1285,1288.3,2672435,Voltas
21-05-2024,1296.7,1306,1287.9,1295.6,1199576,Voltas
22-05-2024,1300,1307,1287,1297.7,681190,Voltas
23-05-2024,1309,1351.8,1289.7,1347.5,2461035,Voltas
24-05-2024,1353,1382.5,1330.9,1371.6,1797112,Voltas
27-05-2024,1372.8,1437.9,1359.9,1411.2,3161477,Voltas
28-05-2024,1416.4,1429,1383.6,1389.9,914680,Voltas
29-05-2024,1390,1409.3,1372,1375.3,1288677,Voltas
30-05-2024,1374,1375.3,1345.7,1350.5,855382,Voltas
31-05-2024,1356,1386.8,1352.1,1359.7,1737939,Voltas
03-06-2024,1410,1426,1388,1406.3,1684565,Voltas
04-06-2024,1410,1412.4,1239.5,1359.3,986607,Voltas
05-06-2024,1361,1471.6,1345,1459.7,1930010,Voltas
06-06-2024,1466.9,1478.2,1440,1449.6,1186354,Voltas
07-06-2024,1446,1459.9,1405.3,1451.5,684903,Voltas
10-06-2024,1458,1468.5,1426,1461.2,2303558,Voltas
11-06-2024,1462,1476,1445.4,1460.8,1079454,Voltas
12-06-2024,1461.8,1472.9,1441.5,1447.3,1071432,Voltas
13-06-2024,1450,1492,1446.2,1482.7,2364100,Voltas
14-06-2024,1490,1512,1470.1,1498.5,1792373,Voltas
18-06-2024,1499.6,1550.7,1499.6,1536.2,2368835,Voltas
19-06-2024,1545.7,1560,1472.9,1477.8,2053603,Voltas
20-06-2024,1482.8,1504.5,1471,1484.1,1249993,Voltas
21-06-2024,1488,1501.5,1475.2,1487.2,1847089,Voltas
24-06-2024,1481,1528,1469.3,1512.6,2870856,Voltas
25-06-2024,1506.1,1524,1499.5,1504.5,856073,Voltas
26-06-2024,1500,1515.7,1491.5,1495.4,1579697,Voltas
27-06-2024,1498.6,1512,1482.3,1503.1,1004585,Voltas
28-06-2024,1490,1507.5,1468.7,1472.2,678142,Voltas
01-07-2024,1472.2,1488.9,1440,1444.3,856095,Voltas
02-07-2024,1446,1456,1416.5,1450.1,1255867,Voltas
03-07-2024,1459.7,1473.5,1446.6,1451.9,1022098,Voltas
04-07-2024,1456,1457,1437.5,1444.7,1024620,Voltas
05-07-2024,1440,1459,1440,1452.8,353725,Voltas
08-07-2024,1452.8,1479,1439.1,1459.7,1537206,Voltas
09-07-2024,1467,1481.6,1456,1469,1250984,Voltas
10-07-2024,1475,1490.9,1448.6,1485.1,831731,Voltas
11-07-2024,1485.1,1517,1481.2,1512.8,1212936,Voltas
12-07-2024,1522,1528.5,1503.2,1520,1401984,Voltas
15-07-2024,1520.1,1535.1,1515.1,1531,1231226,Voltas
16-07-2024,1529.2,1539.8,1514.9,1521.7,690677,Voltas
18-07-2024,1521.7,1525,1486.6,1493.3,949789,Voltas
19-07-2024,1492.5,1510,1470.1,1477.6,1413955,Voltas
22-07-2024,1470,1506.7,1421.2,1483.2,1780537,Voltas
23-07-2024,1486.6,1495.9,1433.9,1483.5,639411,Voltas
24-07-2024,1483.5,1518.9,1471.1,1499.3,1055665,Voltas
25-07-2024,1490,1495,1451,1461.6,817753,Voltas
26-07-2024,1464.9,1498.8,1461.6,1490.4,527572,Voltas
29-07-2024,1500,1533.4,1492.7,1516.2,1349590,Voltas
30-07-2024,1516.2,1559.9,1516.2,1539.7,1477725,Voltas
31-07-2024,1542,1552.3,1533.1,1537.6,623793,Voltas
01-08-2024,1540,1549.3,1520,1536.7,627964,Voltas
02-08-2024,1520,1531.3,1482,1490.8,532217,Voltas
05-08-2024,1475,1480,1433,1451.9,1259451,Voltas
06-08-2024,1455.9,1500,1455.2,1463.3,722961,Voltas
07-08-2024,1482,1486,1465.6,1469.8,710286,Voltas
08-08-2024,1470,1512.5,1421.9,1436,2671985,Voltas
09-08-2024,1444,1444,1418.6,1428.9,1007544,Voltas
12-08-2024,1500,1598,1463.2,1582.6,14020378,Voltas
13-08-2024,1582.6,1598.9,1568.8,1573.4,2001384,Voltas
14-08-2024,1580,1580.4,1546.5,1550.3,1440494,Voltas
16-08-2024,1570,1592,1526.9,1535.2,2624760,Voltas
19-08-2024,1553,1611.7,1548.1,1607.7,5251306,Voltas
20-08-2024,1621.6,1672,1592,1659.2,4524759,Voltas
21-08-2024,1655,1682.8,1650.7,1676,2331508,Voltas
22-08-2024,1676,1688.8,1666.1,1683.8,1913769,Voltas
23-08-2024,1680,1699,1670.1,1690.6,1487294,Voltas
26-08-2024,1690.1,1725,1684.3,1721.1,1964181,Voltas
27-08-2024,1718.3,1751.4,1715.6,1743.3,2743023,Voltas
28-08-2024,1745,1779.5,1723.2,1771.8,1373848,Voltas
29-08-2024,1771.8,1818.2,1752.1,1788.4,2791170,Voltas
30-08-2024,1785.5,1785.5,1733.9,1743.7,2770926,Voltas
02-09-2024,1754.8,1821.1,1750.6,1769.7,1553875,Voltas
03-09-2024,1777,1828.8,1774.1,1811,3184506,Voltas
04-09-2024,1790,1808,1776.8,1780.3,1456218,Voltas
05-09-2024,1789,1795,1778.6,1783.2,817264,Voltas
06-09-2024,1783.2,1790.8,1754.9,1778.7,1701203,Voltas
09-09-2024,1786,1825.2,1770,1818,1907669,Voltas
10-09-2024,1830,1837.9,1805.1,1830.1,1680438,Voltas
11-09-2024,1822.1,1846,1817.1,1828.7,1177262,Voltas
12-09-2024,1844,1856.9,1835.8,1853,829123,Voltas
13-09-2024,1864.5,1935,1856.1,1921.6,2355060,Voltas
16-09-2024,1930,1930,1907.5,1916,961982,Voltas
17-09-2024,1920,1924.9,1896.1,1904.1,890306,Voltas
18-09-2024,1908,1908,1883.1,1889.4,647579,Voltas
19-09-2024,1899,1935,1883,1929.2,1461840,Voltas
20-09-2024,1938.9,1944.9,1892.9,1928.4,2434135,Voltas
23-09-2024,1931,1932,1878.7,1882.5,1306087,Voltas
24-09-2024,1895,1918.2,1885.6,1914.4,1223016,Voltas
25-09-2024,1917,1921.7,1897.6,1910.9,802399,Voltas
26-09-2024,1910.1,1910.9,1840.3,1857.6,2756219,Voltas
27-09-2024,1866.9,1878,1841.9,1866.7,1172105,Voltas
30-09-2024,1862,1882.6,1836,1845.1,852278,Voltas
01-10-2024,1845,1864.7,1840,1854.6,963764,Voltas
03-10-2024,1834,1861.2,1823.3,1845.7,845958,Voltas
04-10-2024,1845.1,1863.7,1797.3,1809.6,1490213,Voltas
07-10-2024,1809,1818.5,1753,1757.2,1490593,Voltas
08-10-2024,1750,1806.5,1750,1800.9,1992816,Voltas
09-10-2024,1810,1814.6,1780.9,1786.5,627902,Voltas
10-10-2024,1795.5,1812.6,1765,1776.7,815772,Voltas
11-10-2024,1785.4,1797.6,1757.1,1789.5,667174,Voltas
14-10-2024,1796,1840,1766.2,1794.5,843634,Voltas
15-10-2024,1799.1,1816.8,1784.5,1811.1,1669006,Voltas
16-10-2024,1840.2,1902,1826.9,1881.3,4490374,Voltas
17-10-2024,1888.9,1889,1828,1834.6,1314829,Voltas
18-10-2024,1830,1870,1810,1865.3,1635928,Voltas
21-10-2024,1874.7,1878,1801.5,1814,1225404,Voltas
22-10-2024,1820,1840.5,1789.6,1794.7,984280,Voltas
23-10-2024,1793.8,1825,1772.1,1795.7,1025421,Voltas
24-10-2024,1800,1825.8,1771.1,1795.1,1165425,Voltas
25-10-2024,1803,1803,1738.9,1754.9,1313219,Voltas
28-10-2024,1752,1778.4,1728.6,1762.3,747662,Voltas
29-10-2024,1767,1775.5,1723,1770.6,1524171,Voltas
30-10-2024,1780,1783,1649.9,1697.9,5968136,Voltas
31-10-2024,1704.9,1704.9,1617.7,1649.5,2529685,Voltas
04-11-2024,1638.1,1675.5,1618.3,1665.1,1508628,Voltas
05-11-2024,1660.6,1704.1,1641.8,1694.7,1162365,Voltas
06-11-2024,1696.6,1749.5,1689.1,1737.9,901944,Voltas
07-11-2024,1739,1780.7,1734,1767,3509476,Voltas
08-11-2024,1775,1793,1751.1,1766,1710362,Voltas
11-11-2024,1768.8,1786,1738.1,1754.1,1301562,Voltas
12-11-2024,1760,1783.9,1690,1699.6,2230594,Voltas
13-11-2024,1700,1705,1671.9,1685.4,1383751,Voltas
14-11-2024,1697.5,1735.8,1685,1708.6,1787679,Voltas
18-11-2024,1720,1744,1689.7,1696,1849251,Voltas
19-11-2024,1709,1732.4,1672.1,1686.8,1830677,Voltas
21-11-2024,1697,1707.3,1660.3,1675.5,2403002,Voltas
22-11-2024,1675.5,1680.9,1647.7,1653.4,1776998,Voltas
25-11-2024,1698,1715.3,1622.1,1644.3,27795722,Voltas
26-11-2024,1670,1685.1,1642.4,1674.1,1734910,Voltas
27-11-2024,1670,1675,1642.2,1663.1,1253588,Voltas
28-11-2024,1663.1,1677.9,1637.1,1647.3,995375,Voltas
29-11-2024,1645.1,1666.9,1640.2,1658.3,972035,Voltas
02-12-2024,1667,1725,1656,1721.1,1145049,Voltas
03-12-2024,1721.4,1725.7,1680,1688.2,1171727,Voltas
04-12-2024,1690,1704.5,1676.6,1688.3,862542,Voltas
05-12-2024,1690,1692.4,1656.2,1667.9,652937,Voltas
06-12-2024,1669.9,1717.9,1663,1710.9,1190529,Voltas
09-12-2024,1714.1,1767,1713.5,1764.4,1382138,Voltas
10-12-2024,1761.1,1776,1754.5,1766.6,862810,Voltas
11-12-2024,1760,1805.6,1755,1797.2,1087805,Voltas
12-12-2024,1796.7,1807.3,1780,1787.7,1130165,Voltas
13-12-2024,1784.7,1813.9,1756,1807.5,819472,Voltas
16-12-2024,1820,1833,1802.1,1808.1,587602,Voltas
17-12-2024,1809.9,1811,1763.1,1769.7,644058,Voltas
18-12-2024,1761.4,1780.8,1737.4,1757,639538,Voltas
19-12-2024,1747,1758.7,1730.7,1738.3,680382,Voltas
20-12-2024,1739.6,1755,1679.2,1686.5,813116,Voltas
23-12-2024,1687.1,1709,1684.2,1695.6,649135,Voltas
24-12-2024,1700,1702.9,1668.6,1675,448485,Voltas
26-12-2024,1676.8,1716.8,1660.4,1711.3,702995,Voltas
27-12-2024,1711.4,1722.2,1701.2,1705.3,777445,Voltas
30-12-2024,1690.1,1800,1675,1771,3974159,Voltas
31-12-2024,1736.8,1808.8,1731.6,1790,1610537,Voltas
01-01-2025,1790,1833,1762.6,1827,831427,Voltas
02-01-2025,1831.8,1851.5,1815.2,1835.8,1236617,Voltas
03-01-2025,1830,1859.4,1813.1,1824.7,1036412,Voltas
06-01-2025,1826,1833.1,1767.8,1776,787457,Voltas
07-01-2025,1772,1805,1764.7,1779.7,895288,Voltas
08-01-2025,1774.1,1779.5,1707.3,1764.5,1193905,Voltas
09-01-2025,1755.1,1761.8,1721.4,1727.9,622759,Voltas
10-01-2025,1720.1,1731.4,1655,1663.5,668906,Voltas
13-01-2025,1645,1654,1577.2,1591.9,871019,Voltas
14-01-2025,1585.2,1652,1585.2,1637.7,864485,Voltas
15-01-2025,1635,1646.8,1604.5,1625.2,757277,Voltas
16-01-2025,1633.3,1699,1573.7,1587.6,1344773,Voltas
17-01-2025,1580.3,1615.6,1578.6,1597,1005199,Voltas
20-01-2025,1600,1600,1530.8,1546.4,1419203,Voltas
21-01-2025,1552,1558.9,1500.5,1504.4,722888,Voltas
22-01-2025,1503.7,1511.9,1465,1487.1,842352,Voltas
23-01-2025,1479,1532,1464.5,1497.7,1007459,Voltas
24-01-2025,1500,1500,1448.1,1456.6,1381920,Voltas
27-01-2025,1450,1452.3,1410,1418.8,736721,Voltas
28-01-2025,1415.2,1452.4,1405.7,1431,642824,Voltas
29-01-2025,1424.2,1483.6,1418.6,1474.1,454464,Voltas
30-01-2025,1430,1430,1262.4,1269.3,11456156,Voltas
31-01-2025,1269.3,1283.6,1239.1,1260.9,5032200,Voltas
03-02-2025,1315.1,1406.6,1276.7,1401.3,7208353,Voltas
04-02-2025,1421.3,1445,1371.1,1400.6,4017475,Voltas
05-02-2025,1400,1437.4,1388.4,1394.5,1625191,Voltas
06-02-2025,1400,1414.6,1344.8,1351.7,1870141,Voltas
07-02-2025,1330,1388,1322,1383.3,1597612,Voltas
10-02-2025,1383.3,1389.7,1353.6,1368.4,480296,Voltas
11-02-2025,1361.1,1365.5,1287,1292.7,1396393,Voltas
12-02-2025,1289.8,1312.6,1265,1299.2,1480614,Voltas
13-02-2025,1300,1306.8,1245.6,1248.6,2004213,Voltas
14-02-2025,1250,1264,1202.2,1213.9,1020091,Voltas
17-02-2025,1200,1245,1182.7,1241.6,987187,Voltas
18-02-2025,1242.5,1246,1202.9,1226.9,628523,Voltas
19-02-2025,1225,1289.6,1212.9,1284.1,1829398,Voltas
20-02-2025,1273,1291.1,1255.1,1279.2,1895350,Voltas
21-02-2025,1275,1299.8,1257.6,1269,1639291,Voltas
24-02-2025,1260,1291.9,1243.8,1277.2,1051867,Voltas
25-02-2025,1280,1301.6,1263.5,1277.7,1218753,Voltas
27-02-2025,1285.1,1321.8,1275,1312.7,2636482,Voltas
28-02-2025,1310,1335.6,1283.1,1320.1,8031830,Voltas
03-03-2025,1347.2,1380,1322.2,1366.2,5084713,Voltas
04-03-2025,1374.9,1425,1363.9,1409.6,4297483,Voltas
05-03-2025,1410,1417.8,1381.9,1387.8,2467014,Voltas
06-03-2025,1410,1421.6,1388.4,1406.3,1637524,Voltas
07-03-2025,1414.8,1418,1380,1405.5,1234800,Voltas
10-03-2025,1404,1434.8,1390.7,1397.8,1552435,Voltas
11-03-2025,1390,1418,1372,1406.1,1484093,Voltas
12-03-2025,1412.3,1452,1408.6,1445.5,2355735,Voltas
13-03-2025,1452,1463.9,1394.6,1402.6,1236849,Voltas
17-03-2025,1404.5,1460.8,1403,1459.5,1881080,Voltas
18-03-2025,1469,1481,1450.8,1467.4,1869320,Voltas
19-03-2025,1477,1531,1477,1495.2,2604431,Voltas
20-03-2025,1510.2,1510.2,1465.6,1469.9,1799802,Voltas
21-03-2025,1460,1464,1412,1429.5,3477300,Voltas
24-03-2025,1437.9,1456.7,1432.2,1449.1,1634298,Voltas
25-03-2025,1453,1454.5,1418,1422.1,1306047,Voltas
26-03-2025,1430,1436,1416.6,1428.7,1305728,Voltas
27-03-2025,1420,1435,1413.7,1423.4,1682189,Voltas
28-03-2025,1430,1469.8,1428,1458.7,2104275,Voltas
01-04-2025,1430,1430,1347.9,1352.1,3909338,Voltas
02-04-2025,1360,1364.4,1328,1344.8,2806215,Voltas
03-04-2025,1330,1357,1327.2,1352,1252993,Voltas
04-04-2025,1346,1351,1295,1298.1,1400431,Voltas
07-04-2025,1221.1,1306.9,1221.1,1295,1402866,Voltas
08-04-2025,1333,1334.8,1296.4,1320.7,726257,Voltas
09-04-2025,1311,1313.5,1274,1277.8,1599417,Voltas
11-04-2025,1300,1302,1277.4,1284.9,1739781,Voltas
15-04-2025,1310.3,1310.3,1277.2,1289.3,2110074,Voltas
16-04-2025,1292,1297.1,1274,1277.1,1650183,Voltas
17-04-2025,1280.1,1294.6,1263.1,1284.9,2003289,Voltas
21-04-2025,1288,1321,1283.8,1318,1963547,Voltas
22-04-2025,1320,1357.2,1302.5,1344.6,3045620,Voltas
23-04-2025,1354,1354,1286,1299,4051558,Voltas
24-04-2025,1309,1309,1274.5,1276,2359722,Voltas
25-04-2025,1281,1284.9,1223.2,1229.4,2212922,Voltas
28-04-2025,1230.1,1253.9,1230,1246.4,1884572,Voltas
29-04-2025,1251,1270.9,1245.4,1264.6,1139516,Voltas
30-04-2025,1260.1,1262,1224,1236.1,2072635,Voltas
02-05-2025,1232.4,1240,1200,1207.8,1898086,Voltas
05-05-2025,1219,1251,1214.9,1240.3,1633643,Voltas
06-05-2025,1242,1248.6,1222.5,1229.6,1012805,Voltas
07-05-2025,1202.5,1255.8,1202.5,1244,2149507,Voltas
08-05-2025,1288,1288,1212.1,1223.1,7440411,Voltas
09-05-2025,1190,1240,1190,1235.6,2021024,Voltas
12-05-2025,1262.9,1268.8,1251.4,1265.7,1877453,Voltas
13-05-2025,1267,1277.1,1255,1257.7,1671442,Voltas
14-05-2025,1260,1266.7,1237.2,1248.5,1201276,Voltas
15-05-2025,1250,1264.9,1249.4,1262.4,889877,Voltas
16-05-2025,1270,1270,1252.5,1261.4,1030398,Voltas
19-05-2025,1267.7,1281.9,1260,1270,1127571,Voltas
20-05-2025,1278,1278,1237.1,1239.4,1680536,Voltas
21-05-2025,1242,1271.8,1240.3,1268.6,1054213,Voltas
22-05-2025,1268,1276.8,1260.9,1272,1042997,Voltas
23-05-2025,1262,1276.7,1253.3,1260.3,1212681,Voltas
26-05-2025,1266,1268.4,1248.4,1253.8,1133427,Voltas
27-05-2025,1252,1269,1249.3,1261.7,695507,Voltas
28-05-2025,1260,1263.9,1252.4,1257.8,872186,Voltas
29-05-2025,1257.5,1273.5,1256.4,1262.1,979339,Voltas
30-05-2025,1260.4,1273,1255,1262.8,2725042,Voltas
02-06-2025,1260,1262.5,1244,1246,1068841,Voltas
03-06-2025,1248.1,1259.4,1224.4,1228.1,1436642,Voltas
04-06-2025,1230.1,1236.8,1225.1,1229.4,458790,Voltas
05-06-2025,1230,1251.9,1225.5,1247.5,1012011,Voltas
06-06-2025,1252.8,1274,1250,1271.1,973152,Voltas
09-06-2025,1274.8,1301,1274.5,1286.5,1637335,Voltas
10-06-2025,1295,1319.7,1271.5,1317.7,2445395,Voltas
11-06-2025,1327.7,1328,1297,1312.3,2233115,Voltas
12-06-2025,1312.3,1319.5,1282.2,1289.9,1234601,Voltas
13-06-2025,1262,1292.6,1262,1277.2,800998,Voltas
16-06-2025,1272.8,1316.7,1266.6,1313.6,1362428,Voltas
17-06-2025,1313.6,1322.5,1282.3,1294.2,2527321,Voltas
18-06-2025,1269.8,1294.7,1261.5,1291.5,2428626,Voltas
19-06-2025,1290,1296.7,1255,1261,1278610,Voltas
20-06-2025,1251.5,1312,1246.5,1293.9,1563026,Voltas
23-06-2025,1279.9,1304,1264.2,1294.2,1352440,Voltas
24-06-2025,1307,1329.9,1301.6,1306.2,1990620,Voltas
25-06-2025,1307.7,1316.9,1299.2,1311,1394524,Voltas
26-06-2025,1322.2,1340.9,1305,1317.1,2728104,Voltas
27-06-2025,1322.9,1329.7,1298,1305.3,4533397,Voltas
30-06-2025,1310,1320,1300,1314.1,1352048,Voltas
